{
    "format_version": "1.20.80",
    "minecraft:item": {
        "description": {
            "identifier": "xc:black_chest",
            "category": "Equipment",
            "menu_category": {
                "category": "equipment",
                "group": "itemGroup.name.chestplate"
            }
        },
        "components": {
            "minecraft:icon": {
                "textures": {
                    "default": "black_chest"
                }
            },
            "minecraft:creative_category": {
                "parent": "itemGroup.name.chestplate"
            },
            "minecraft:max_stack_size": 1,
            "minecraft:enchantable": {
                "value": 120,
                "slot": "armor_torso"
            },
            "minecraft:durability": {
                "max_durability": 5546,
                "damage_chance": {
                    "min": 30,
                    "max": 50
                }
            },
            "minecraft:knockback_resistance": {
                "protection": 0.25
            },
            "minecraft:mining_speed": 5,
            "minecraft:foil": false,
            "minecraft:hand_equipped": true,
            "minecraft:wearable": {
                "slot": "slot.armor.chest",
                "protection": 14
            },
            "minecraft:render_offsets": "chestplates",
            "minecraft:repairable": {
                "repair_items": [
                    {
                        "items": [
                            "minecraft:emerald"
                        ],
                        "repair_amount": 300
                    }
                ]
            },
            "minecraft:display_name": {}
        }
    }
}