{
    "format_version": "1.20.80",
    "minecraft:item": {
        "description": {
            "identifier": "xc:scout_helmet",
            "category": "Equipment",
            "menu_category": {
                "category": "equipment",
                "group": "itemGroup.name.helmet"
            }
        },
        "components": {
            "minecraft:icon": {
                "textures": {
                    "default": "scout_helmet"
                }
            },
            "minecraft:creative_category": {
                "parent": "itemGroup.name.helmet"
            },
            "minecraft:max_stack_size": 1,
            "minecraft:enchantable": {
                "value": 10,
                "slot": "armor_head"
            },
            "minecraft:durability": {
                "max_durability": 2946,
                "damage_chance": {
                    "min": 30,
                    "max": 50
                }
            },
            "minecraft:knockback_resistance": {
                "protection": 0
            },
            "minecraft:mining_speed": 5,
            "minecraft:foil": false,
            "minecraft:hand_equipped": true,
            "minecraft:wearable": {
                "slot": "slot.armor.head",
                "protection": 4
            },
            "minecraft:render_offsets": "helmets",
            "minecraft:repairable": {
                "repair_items": [
                    {
                        "items": [
                            "minecraft:emerald",
                            "xc:scout_helmet"
                        ],
                        "repair_amount": 10
                    }
                ]
            }
        }
    }
}