{
  "format_version": "1.20.80",
  "minecraft:item": {
    "description": {
      "identifier": "xc:villager_head",
      "category": "Equipment"
    },
    "components": {
      "minecraft:icon": {
        "textures": {
          "default": "Wvillager_head"
        }
      },
      "minecraft:creative_category": {
        "parent": "itemGroup.name.helmet"
      },
      "minecraft:max_stack_size": 1,
      "minecraft:enchantable": {
        "value": 100,
        "slot": "armor_head"
      },
      "minecraft:knockback_resistance": {
        "protection": 0.1
      },
      "minecraft:mining_speed": 5,
      "minecraft:foil": false,
      "minecraft:hand_equipped": true,
      "minecraft:wearable": {
        "slot": "slot.armor.head",
        "protection": 1
      },
      "minecraft:render_offsets": "helmets",
      "minecraft:repairable": {
        "repair_items": [
          {
            "items": [
              "minecraft:emerald"
            ],
            "repair_amount": 10
          }
        ]
      },
      "minecraft:display_name": {}
    }
  }
}
