{
    "format_version": "1.10.0",
    "animation_controllers": {
        "controller.animation.lz_items_attack": {
            "initial_state": "default",
            "states": {
                "default": {
                    "animations": [
                        "default"
                    ],
                    "transitions": [
                        {
                            "first_person_attack": "query.main_hand_item_use_duration > 0.0f && c.is_first_person"
                        },
                        {
                            "third_person_attack": "query.main_hand_item_use_duration > 0.0f && !c.is_first_person"
                        }
                    ]
                },
                "first_person_attack": {
                    "animations": [
                        "first_person_attack"
                    ],
                    "transitions": [
						{
							"default": "query.all_animations_finished == 1.0"
						}
                    ],
                    "blend_transition": 1.0
                },
                "third_person_attack": {
                    "animations": [
                        "third_person_attack"
                    ],
                    "transitions": [
						{
							"default": "query.all_animations_finished == 1.0"
						}
                    ],
                    "blend_transition": 1.0
                }
            }
        }
    }
}