{
	"format_version": "1.8.0",
	"animations": {
		"animation.lz_ayhys.third_person": {
			"loop": true,
			"animation_length": 4.5,
			"bones": {
				"rightitem": {
					"rotation": {
						"0.0": [90, 0, 0],
						"3.5": [90, 0, 0]
					},
					"position": [0.5, 5, 0.5]
				},
				"ayhysa": {
					"position": {
						"0.0": [0, 0, 0],
						"0.5": [0, 4.4, -33],
						"3.0": [0, 4.4, -33],
						"3.5": [0, 0, 0]
					}
				},
				"ayhysb": {
					"position": {
						"0.0": [0, 0, 0],
						"0.5": [-5.5, -1, -24],
						"3.0": [-5.5, -1, -24],
						"3.5": [0, 0, 0]
					}
				},
				"ayhysc": {
					"position": {
						"0.0": [0, 0, 0],
						"0.5": [0, 8.5, -23.5],
						"3.0": [0, 8.5, -23.5],
						"3.5": [0, 0, 0]
					}
				},
				"ayhysd": {
					"position": {
						"0.0": [0, 0, 0],
						"0.5": [7.2, 0, -23],
						"3.0": [7.2, 0, -23],
						"3.5": [0, 0, 0]
					}
				}
			}
		},
		"animation.lz_ayhys.first_person": {
			"loop": true,
			"animation_length": 4.5,
			"bones": {
				"rightitem": {
					"rotation": {
						"0.0": [90, 0, 0],
						"1.4": [67.5, 0, 0],
						"3.5": [90, 0, 0]
					},
					"position": {
						"0.0": [0.5, 5, 0.5],
						"1.4": [-2.5, 12, 1.5]
					}
				},
				"ayhysa": {
					"position": {
						"0.0": [0, 0, 0],
						"0.5": [0, 4.4, -33],
						"3.0": [0, 4.4, -33],
						"3.5": [0, 0, 0]
					}
				},
				"ayhysb": {
					"position": {
						"0.0": [0, 0, 0],
						"0.5": [-5.5, -1, -24],
						"3.0": [-5.5, -1, -24],
						"3.5": [0, 0, 0]
					}
				},
				"ayhysc": {
					"position": {
						"0.0": [0, 0, 0],
						"0.5": [0, 8.5, -23.5],
						"3.0": [0, 8.5, -23.5],
						"3.5": [0, 0, 0]
					}
				},
				"ayhysd": {
					"position": {
						"0.0": [0, 0, 0],
						"0.5": [7.2, 0, -23],
						"3.0": [7.2, 0, -23],
						"3.5": [0, 0, 0]
					}
				}
			}
		}
	}
}