{
	"format_version": "1.8.0",
	"animations": {
		"animation.ayhys.tc": {
			"loop": true,
			"animation_length": 99,
			"bones": {
				"body2": {
					"position": {
						"0.0": [0, 0, 0],
						"0.2": [0, 0, -34]
					}
				},
				"body3": {
					"position": {
						"0.0": [0, 0, 0],
						"0.3": [0, 0, 0],
						"0.4": [0, 0, -34]
					}
				},
				"body4": {
					"position": {
						"0.0": [0, 0, 0],
						"0.5": [0, 0, 0],
						"0.6": [0, 0, -34]
					}
				},
				"body5": {
					"position": {
						"0.0": [0, 0, 0],
						"0.7": [0, 0, 0],
						"0.8": [0, 0, -34]
					}
				},
				"body6": {
					"position": {
						"0.0": [0, 0, 0],
						"0.9": [0, 0, 0],
						"1.0": [0, 0, -34]
					}
				},
				"body7": {
					"position": {
						"0.0": [0, 0, 0],
						"1.1": [0, 0, 0],
						"1.2": [0, 0, -34]
					}
				},
				"body8": {
					"position": {
						"0.0": [0, 0, 0],
						"1.3": [0, 0, 0],
						"1.4": [0, 0, -34]
					}
				},
				"body9": {
					"position": {
						"0.0": [0, 0, 0],
						"1.5": [0, 0, 0],
						"1.6": [0, 0, -34]
					}
				},
				"body10": {
					"position": {
						"0.0": [0, 0, 0],
						"1.7": [0, 0, 0],
						"1.8": [0, 0, -34]
					}
				}
			}
		}
	}
}