{
	"format_version": "1.8.0",
	"animations": {
		"animation.him3.summon": {
			"animation_length": 29.5,
			"bones": {
				"rightArm": {
					"rotation": {
						"0.0": [0, 0, 5],
						"4.0": [0, 0, 80],
						"26.5": [0, 0, 80],
						"27.5": [0, 0, 5],
						"28.0": [-32.5, 0, 5],
						"29.5": [-32.5, 0, 5]
					}
				},
				"leftArm": {
					"rotation": {
						"0.0": [0, 0, -5],
						"4.0": [0, 0, -80],
						"26.5": [0, 0, -80],
						"27.5": [0, 0, -5],
						"28.0": [-45, 0, -5],
						"29.5": [-45, 0, -5]
					}
				},
				"rightLeg": {
					"rotation": {
						"0.0": [-5, 0, 5],
						"26.5": [-5, 0, 5],
						"28.0": [-12.5, 0, 5],
						"29.5": [-12.5, 0, 5]
					},
					"position": [0, 0, 0]
				},
				"rightLeg2": {
					"rotation": [5, 0, 0],
					"position": [0, 0, 0.16]
				},
				"leftLeg": {
					"rotation": {
						"0.0": [-5, 0, -5],
						"26.5": [-5, 0, -5],
						"28.0": [-75, 0, -5],
						"29.5": [-75, 0, -5]
					}
				},
				"leftLeg2": {
					"rotation": {
						"0.0": [5, 0, 0],
						"28.0": [10, 0, 0],
						"29.5": [10, 0, 0]
					},
					"position": {
						"0.0": [0, 0, 0.18],
						"28.0": [0, 0, 0.3],
						"29.5": [0, 0, 0.3]
					}
				},
				"waist": {
					"rotation": {
						"0.0": [0, 0, 0],
						"26.5": [0, 0, 0],
						"27.5": [10, 0, 0]
					},
					"position": {
						"0.0": [0, 0, 0],
						"4.0": [0, 120, 0],
						"4.5": [0, 118, 0],
						"5.5": [0, 125, 0],
						"6.5": [0, 118, 0],
						"7.5": [0, 125, 0],
						"8.5": [0, 118, 0],
						"9.5": [0, 125, 0],
						"10.5": [0, 118, 0],
						"11.5": [0, 125, 0],
						"12.5": [0, 118, 0],
						"13.5": [0, 125, 0],
						"14.5": [0, 118, 0],
						"15.5": [0, 125, 0],
						"16.5": [0, 118, 0],
						"17.5": [0, 125, 0],
						"18.5": [0, 118, 0],
						"19.5": [0, 125, 0],
						"20.5": [0, 118, 0],
						"21.5": [0, 125, 0],
						"22.5": [0, 118, 0],
						"23.5": [0, 125, 0],
						"24.5": [0, 118, 0],
						"25.5": [0, 125, 0],
						"26.5": [0, 118, 0],
						"27.5": [0, 125, 0],
						"28.0": [0, -5, 0],
						"29.5": [0, -5, 0]
					}
				},
				"body": {
					"rotation": {
						"0.0": [0, 0, 0],
						"27.5": [0, 0, 0],
						"28.0": [37.5, 0, 0],
						"29.5": [37.5, 0, 0]
					}
				},
				"head": {
					"rotation": [10, 0, 0]
				}
			}
		}
	}
}