{
	"format_version": "1.8.0",
	"animations": {
		"animation.him3.attack": {
			"animation_length": 0.475,
			"bones": {
				"body": {
					"rotation": {
						"0.0": [0, 7.5, 0],
						"0.475": [0, 7.5, 0]
					}
				},
				"rightArm": {
					"rotation": {
						"0.0": [0, 0, 0],
						"0.1667": [5, 0, 102.5],
						"0.2917": [-131.43138, -29.91193, 126.25529],
						"0.475": [0, 0, 0]
					}
				},
				"leftArm": {
					"rotation": {
						"0.0": [0, 0, 0],
						"0.1667": [5, 0, -5],
						"0.475": [0, 0, 0]
					}
				},
				"rightLeg": {
					"rotation": {
						"0.0": [0, 0, 0],
						"0.1667": [5, 0, 0]
					}
				},
				"leftLeg": {
					"rotation": {
						"0.0": [0, 0, 0],
						"0.1667": [-5, 0, 0]
					}
				}
			}
		},
		"animation.humanmodel.default": {
			"loop": true,
			"animation_length": 2.5,
			"bones": {
				"leftLeg": {
					"rotation": [-5, 0, -5]
				},
				"leftLeg2": {
					"rotation": [5, 0, 0],
					"position": [0, 0, 0.2]
				},
				"rightLeg": {
					"rotation": [-5, 0, 5]
				},
				"rightLeg2": {
					"rotation": [5, 0, 0],
					"position": [0, 0, 0.2]
				},
				"leftArm": {
					"rotation": {
						"0.0": [0, 0, -5],
						"1.25": [0, 0, -10],
						"2.5": [0, 0, -5]
					}
				},
				"rightArm": {
					"rotation": {
						"0.0": [0, 0, 5],
						"1.25": [0, 0, 10],
						"2.5": [0, 0, 5]
					}
				}
			}
		},
		"animation.him.run": {
			"loop": true,
			"animation_length": 1.0,
			"bones": {
				"leftArm": {
					"rotation": {
						"0.0": [0, 0, 0],
						"0.3333": [55, 0, 0],
						"0.6666": [-45, 0, 0],
						"1.0": [0, 0, 0]
					}
				},
				"leftArm2": {
					"rotation": [-2.5, 0, 0],
					"position": [0, 0, -0.1]
				},
				"rightArm": {
					"rotation": {
						"0.0": [0, 0, 0],
						"0.3333": [-55, 0, 0],
						"0.6666": [45, 0, 0],
						"1.0": [0, 0, 0]
					}
				},
				"rightLeg": {
					"rotation": {
						"0.0": [0, 0, 0],
						"0.3333": [45, 0, 0],
						"0.6666": [-55, 0, 0],
						"1.0": [0, 0, 0]
					}
				},
				"rightLeg2": {
					"rotation": [5, 0, 0]
				},
				"leftLeg": {
					"rotation": {
						"0.0": [0, 0, 0],
						"0.3333": [-55, 0, 0],
						"0.6666": [45, 0, 0],
						"1.0": [0, 0, 0]
					}
				},
				"leftLeg2": {
					"rotation": [5, 0, 0]
				},
				"waist": {
					"rotation": [20, 0, 0]
				},
				"head": {
					"rotation": [-20, 0, 0]
				},
				"hat": {
					"rotation": [0, 0, 0]
				}
			}
		}
	}
}