{
	"format_version" : "1.8.0",
	"animations" : {
		"animation.lz_iron_golem.flower" : {
			"loop" : true,
			"bones" : {
				"rightarm" : {
					"rotation" : [ "-45.8 + ((0.25 * math.abs(math.mod(variable.offer_flower_tick, 70) - 35) - 17.5) / 35)", 0.0, 0.0 ]
				}
			}
		},
		"animation.lz_iron_golem.move" : {
			"loop" : true,
			"bones" : {
				"rightarm" : {
					"rotation" : [ "7.4 - ((1.5 * math.abs(math.mod(query.modified_distance_moved, 13) - 6.5) - 3.25) / 3.25) * query.modified_move_speed * 0", 0.0, 0.0 ]
				},
				"leftarm" : {
					"rotation" : [ "7.4 - ((1.5 * math.abs(math.mod(query.modified_distance_moved, 13) - 6.5) - 3.25) / 3.25) * -query.modified_move_speed * 0", 0.0, 0.0 ]
				}
			}
		},
		"animation.lz_iron_golem.walk" : {
			"loop" : true,
			"bones" : {
				"body" : {
					"rotation" : [ 0.0, 0.0, "2.0 * (math.abs(math.mod(query.modified_distance_moved + 6, 13.0) - 6.5) - 3.25)" ]
				},
				"head" : {
					"rotation" : [ 0.0, 0.0, "2.0 * (math.abs(math.mod(query.modified_distance_moved + 6, 13.0) - 6.5) - 3.25)" ]
				},
				"leg0" : {
					"rotation" : [ "(math.cos(query.modified_distance_moved * 38.17) * 40.0)", 0.0, 0.0 ]
				},
				"leg1" : {
					"rotation" : [ "(math.cos(query.modified_distance_moved * 38.17 + 180) * 40.0)", 0.0, 0.0 ]
				},
				"leftarm" : {
					"rotation" : [ "(math.cos(query.modified_distance_moved * 38.17) * 20.0)", 0.0, 0.0 ]
				},
				"rightarm" : {
					"rotation" : [ "(math.cos(query.modified_distance_moved * 38.17 + 180) * 20.0)", 0.0, 0.0 ]
				}
			}
		}
	}
}
