{
	"format_version": "1.8.0",
	"animations": {
		"animation.joe.walk": {
			"loop": true,
			"animation_length": 0.625,
			"bones": {
				"body": {
					"position": {
						"0.0": [0, 0, 0],
						"0.25": [0, 5, -5],
						"0.625": [0, 0, 0]
					},
					"scale": {
						"0.0": [1, 0.95, 1],
						"0.25": [1, 1.05, 1],
						"0.625": [1, 1, 1]
					}
				},
				"righteye": {
					"position": {
						"0.0": [-0.4, 0, 0],
						"0.25": [0, 0, 0],
						"0.625": [-0.4, 0, 0]
					}
				},
				"lefteye": {
					"position": {
						"0.0": [0.4, 0, 0],
						"0.25": [0, 0, 0],
						"0.625": [0.4, 0, 0]
					}
				}
			}
		},
		"animation.joe.attack": {
			"loop": true,
			"animation_length": 0.79167,
			"bones": {
				"body": {
					"rotation": {
						"0.0": [0, 0, 0],
						"0.2917": [0, 0, 0],
						"0.4167": [45, 0, 0],
						"0.7917": [0, 0, 0]
					},
					"position": {
						"0.0": [0, 0, 0],
						"0.2917": [0, 0, 0],
						"0.4167": [0, 2, -10],
						"0.7917": [0, 0, 0]
					},
					"scale": {
						"0.0": [1, 1, 1],
						"0.2917": [6, 6, 6],
						"0.4167": [6, 6, 6],
						"0.7917": [1, 1, 1]
					}
				},
				"righteye": {
					"position": {
						"0.0": [0, 0, 0],
						"0.1667": [0, 0.2, 0],
						"0.2917": [0, 0, 1],
						"0.7917": [0, 0, 0]
					},
					"scale": {
						"0.0": [1, 1, 1],
						"0.1667": [0.7, 0.7, 0.7],
						"0.7917": [1, 1, 1]
					}
				},
				"lefteye": {
					"position": {
						"0.0": [0, 0, 0],
						"0.1667": [0, 0.2, 0],
						"0.2917": [0, 0, 2],
						"0.7917": [0, 0, 0]
					},
					"scale": {
						"0.0": [1, 1, 1],
						"0.1667": [0.7, 0.7, 0.7],
						"0.7917": [1, 1, 1]
					}
				}
			}
		},
		"animation.joe.default": {
			"loop": true,
			"animation_length": 1.25,
			"bones": {
				"body": {
					"scale": {
						"0.0": [1, 1, 1],
						"0.75": [1.05, 1.05, 1.05],
						"1.25": [1, 1, 1]
					}
				},
				"leftFin": {
					"rotation": {
						"0.0": [0, 0, 0],
						"0.5": [0, 0, 25],
						"0.5833": [0, 0, 14],
						"0.75": [0, 0, 0],
						"1.25": [0, 0, 0]
					},
					"position": {
						"0.0": [0, 0, 0],
						"1.25": [0, 0, 0]
					}
				},
				"rightFin": {
					"rotation": {
						"0.0": [0, 0, 0],
						"0.5": [0, 0, -25],
						"0.5833": [0, 0, -14],
						"0.75": [0, 0, 0],
						"1.25": [0, 0, 0]
					}
				},
				"righteye": {
					"position": {
						"0.0": [0, 0, 0],
						"0.75": [-1.35, 0, 0],
						"1.25": [0, 0, 0]
					},
					"scale": {
						"0.0": [1, 1, 1],
						"0.75": [0.6, 0.6, 0.6],
						"1.25": [1, 1, 1]
					}
				},
				"lefteye": {
					"position": {
						"0.0": [0, 0, 0],
						"0.75": [1.35, 0, 0],
						"1.25": [0, 0, 0]
					},
					"scale": {
						"0.0": [1, 1, 1],
						"0.75": [0.6, 0.6, 0.6],
						"1.25": [1, 1, 1]
					}
				}
			}
		}
	}
}