{
	"format_version": "1.8.0",
	"animations": {
		"animation.lz_zombie.run": {
			"loop": true,
			"animation_length": 0.75,
			"bones": {
				"waist": {
					"position": {
						"0.0": [0, -1, 0],
						"0.1875": [0, 0, 0],
						"0.375": [0, -1.5, 0],
						"0.5625": [0, 0, 0],
						"0.75": [0, -1, 0]
					}
				},
				"part_body": {
					"rotation": [20, 0, 0],
					"position": [0, 0, -2]
				},
				"leftLeg": {
					"rotation": {
						"0.0": {
							"post": [55, 0, 0],
							"lerp_mode": "catmullrom"
						},
						"0.375": {
							"post": [-60, 0, 0],
							"lerp_mode": "catmullrom"
						},
						"0.75": {
							"post": [55, 0, 0],
							"lerp_mode": "catmullrom"
						}
					},
					"position": {
						"0.0": {
							"post": [0, 0, 0],
							"lerp_mode": "catmullrom"
						},
						"0.1875": {
							"post": [0, -0.2, 0],
							"lerp_mode": "catmullrom"
						},
						"0.375": {
							"post": [0, -1.8, -0.6],
							"lerp_mode": "catmullrom"
						},
						"0.5625": {
							"post": [0, -0.2, 0],
							"lerp_mode": "catmullrom"
						},
						"0.75": {
							"post": [0, 0, 0],
							"lerp_mode": "catmullrom"
						}
					}
				},
				"leftLeg2": {
					"rotation": {
						"0.0": {
							"post": [15, 0, 0],
							"lerp_mode": "catmullrom"
						},
						"0.375": {
							"post": [45, 0, 0],
							"lerp_mode": "catmullrom"
						},
						"0.75": {
							"post": [15, 0, 0],
							"lerp_mode": "catmullrom"
						}
					},
					"position": {
						"0.0": {
							"post": [0, -0.49, -0.06],
							"lerp_mode": "catmullrom"
						},
						"0.375": {
							"post": [0, 0.4, -0.6],
							"lerp_mode": "catmullrom"
						},
						"0.75": {
							"post": [0, -0.49, -0.06],
							"lerp_mode": "catmullrom"
						}
					},
					"scale": [0.999, 1, 1]
				},
				"rightLeg": {
					"rotation": {
						"0.0": {
							"post": [-60, 0, 0],
							"lerp_mode": "catmullrom"
						},
						"0.375": {
							"post": [55, 0, 0],
							"lerp_mode": "catmullrom"
						},
						"0.75": {
							"post": [-60, 0, 0],
							"lerp_mode": "catmullrom"
						}
					},
					"position": {
						"0.0": {
							"post": [0, -1.8, -0.6],
							"lerp_mode": "catmullrom"
						},
						"0.1875": {
							"post": [0, -0.2, 0],
							"lerp_mode": "catmullrom"
						},
						"0.375": {
							"post": [0, 0, 0],
							"lerp_mode": "catmullrom"
						},
						"0.5625": {
							"post": [0, -0.2, 0],
							"lerp_mode": "catmullrom"
						},
						"0.75": {
							"post": [0, -1.8, -0.6],
							"lerp_mode": "catmullrom"
						}
					}
				},
				"rightLeg2": {
					"rotation": {
						"0.0": {
							"post": [45, 0, 0],
							"lerp_mode": "catmullrom"
						},
						"0.375": {
							"post": [15, 0, 0],
							"lerp_mode": "catmullrom"
						},
						"0.75": {
							"post": [45, 0, 0],
							"lerp_mode": "catmullrom"
						}
					},
					"position": {
						"0.0": {
							"post": [0, 0.4, -0.6],
							"lerp_mode": "catmullrom"
						},
						"0.375": {
							"post": [0, -0.49, -0.06],
							"lerp_mode": "catmullrom"
						},
						"0.75": {
							"post": [0, 0.4, -0.6],
							"lerp_mode": "catmullrom"
						}
					},
					"scale": [0.999, 1, 1]
				},
				"body": {
					"rotation": [10, 0, 0],
					"position": [0, 0.55, -1]
				},
				"leftArm": {
					"rotation": {
						"0.0": {
							"post": [-90, 0, 0],
							"lerp_mode": "catmullrom"
						},
						"0.375": {
							"post": [-80, 0, 0],
							"lerp_mode": "catmullrom"
						},
						"0.75": {
							"post": [-90, 0, 0],
							"lerp_mode": "catmullrom"
						}
					}
				},
				"leftArm2": {
					"rotation": {
						"0.0": {
							"post": [-20, 0, 0],
							"lerp_mode": "catmullrom"
						},
						"0.375": {
							"post": [-25, 0, 0],
							"lerp_mode": "catmullrom"
						},
						"0.75": {
							"post": [-20, 0, 0],
							"lerp_mode": "catmullrom"
						}
					},
					"position": {
						"0.0": {
							"post": [0, -1.3, 0.13],
							"lerp_mode": "catmullrom"
						},
						"0.375": {
							"post": [0, -1.1, 0.165],
							"lerp_mode": "catmullrom"
						},
						"0.75": {
							"post": [0, -1.3, 0.13],
							"lerp_mode": "catmullrom"
						}
					},
					"scale": [0.999, 1, 1]
				},
				"rightArm": {
					"rotation": {
						"0.0": {
							"post": [-90, 0, 0],
							"lerp_mode": "catmullrom"
						},
						"0.375": {
							"post": [-80, 0, 0],
							"lerp_mode": "catmullrom"
						},
						"0.75": {
							"post": [-90, 0, 0],
							"lerp_mode": "catmullrom"
						}
					}
				},
				"rightArm2": {
					"rotation": {
						"0.0": {
							"post": [-20, 0, 0],
							"lerp_mode": "catmullrom"
						},
						"0.375": {
							"post": [-25, 0, 0],
							"lerp_mode": "catmullrom"
						},
						"0.75": {
							"post": [-20, 0, 0],
							"lerp_mode": "catmullrom"
						}
					},
					"position": {
						"0.0": {
							"post": [0, -1.3, 0.13],
							"lerp_mode": "catmullrom"
						},
						"0.375": {
							"post": [0, -1.1, 0.165],
							"lerp_mode": "catmullrom"
						},
						"0.75": {
							"post": [0, -1.3, 0.13],
							"lerp_mode": "catmullrom"
						}
					},
					"scale": [0.999, 1, 1]
				},
				"eyebrow": {
					"rotation": [0, 0, 10],
					"position": [0, 0.15, 0]
				},
				"eyebrow2": {
					"rotation": [0, 0, -10],
					"position": [0, 0.15, 0]
				},
				"eye": {
					"position": [-0.1, 0.1, 0],
					"scale": [0.8, 0.8, 1]
				},
				"eye2": {
					"position": [0.1, 0.1, 0],
					"scale": [0.8, 0.8, 1]
				}
			}
		},
		"animation.lz_zombie.attack": {
			"loop": true,
			"animation_length": 1,
			"bones": {
				"waist": {
					"rotation": {
						"0.0": {
							"post": [0, 0, 0],
							"lerp_mode": "catmullrom"
						},
						"0.5833": {
							"post": [5, 0, 0],
							"lerp_mode": "catmullrom"
						},
						"1.0": {
							"post": [0, 0, 0],
							"lerp_mode": "catmullrom"
						}
					},
					"position": {
						"0.0": {
							"post": [0, 0, 0],
							"lerp_mode": "catmullrom"
						},
						"0.1667": {
							"post": [0, 0, 0],
							"lerp_mode": "catmullrom"
						},
						"0.5833": {
							"post": [0, -1.2, 0],
							"lerp_mode": "catmullrom"
						},
						"1.0": {
							"post": [0, 0, 0],
							"lerp_mode": "catmullrom"
						}
					}
				},
				"part_body": {
					"rotation": {
						"0.0": {
							"post": [0, 0, 0],
							"lerp_mode": "catmullrom"
						},
						"0.4167": {
							"post": [-10, 0, 0],
							"lerp_mode": "catmullrom"
						},
						"0.5833": {
							"post": [7.5, 0, 0],
							"lerp_mode": "catmullrom"
						},
						"1.0": {
							"post": [0, 0, 0],
							"lerp_mode": "catmullrom"
						}
					},
					"position": {
						"0.0": {
							"post": [0, 0, 0],
							"lerp_mode": "catmullrom"
						},
						"0.4167": {
							"post": [0, -0.2, 1],
							"lerp_mode": "catmullrom"
						},
						"0.5833": {
							"post": [0, 0.2, -1],
							"lerp_mode": "catmullrom"
						},
						"1.0": {
							"post": [0, 0, 0],
							"lerp_mode": "catmullrom"
						}
					}
				},
				"leftArm": {
					"rotation": {
						"0.0": {
							"post": [0, 0, 0],
							"lerp_mode": "catmullrom"
						},
						"0.4167": {
							"post": [-155, 0, 0],
							"lerp_mode": "catmullrom"
						},
						"0.5833": {
							"post": [-20, 0, 0],
							"lerp_mode": "catmullrom"
						},
						"1.0": {
							"post": [0, 0, 0],
							"lerp_mode": "catmullrom"
						}
					}
				},
				"rightArm": {
					"rotation": {
						"0.0": {
							"post": [0, 0, 0],
							"lerp_mode": "catmullrom"
						},
						"0.4167": {
							"post": [-155, 0, 0],
							"lerp_mode": "catmullrom"
						},
						"0.5833": {
							"post": [-20, 0, 0],
							"lerp_mode": "catmullrom"
						},
						"1.0": {
							"post": [0, 0, 0],
							"lerp_mode": "catmullrom"
						}
					}
				},
				"eyebrow": {
					"rotation": {
						"0.0": {
							"post": [0, 0, 0],
							"lerp_mode": "catmullrom"
						},
						"0.4167": {
							"post": [0, 0, 20],
							"lerp_mode": "catmullrom"
						},
						"1.0": {
							"post": [0, 0, 0],
							"lerp_mode": "catmullrom"
						}
					},
					"position": {
						"0.0": {
							"post": [0, 0, 0],
							"lerp_mode": "catmullrom"
						},
						"0.4167": {
							"post": [0, 0.25, 0],
							"lerp_mode": "catmullrom"
						},
						"1.0": {
							"post": [0, 0, 0],
							"lerp_mode": "catmullrom"
						}
					}
				},
				"eyebrow2": {
					"rotation": {
						"0.0": {
							"post": [0, 0, 0],
							"lerp_mode": "catmullrom"
						},
						"0.4167": {
							"post": [0, 0, -20],
							"lerp_mode": "catmullrom"
						},
						"1.0": {
							"post": [0, 0, 0],
							"lerp_mode": "catmullrom"
						}
					},
					"position": {
						"0.0": {
							"post": [0, 0, 0],
							"lerp_mode": "catmullrom"
						},
						"0.4167": {
							"post": [0, 0.25, 0],
							"lerp_mode": "catmullrom"
						},
						"1.0": {
							"post": [0, 0, 0],
							"lerp_mode": "catmullrom"
						}
					}
				},
				"eye": {
					"scale": {
						"0.0": {
							"post": [1, 1, 1],
							"lerp_mode": "catmullrom"
						},
						"0.4167": {
							"post": [0.7, 0.7, 1],
							"lerp_mode": "catmullrom"
						},
						"1.0": {
							"post": [1, 1, 1],
							"lerp_mode": "catmullrom"
						}
					}
				},
				"eye2": {
					"scale": {
						"0.0": {
							"post": [1, 1, 1],
							"lerp_mode": "catmullrom"
						},
						"0.4167": {
							"post": [0.7, 0.7, 1],
							"lerp_mode": "catmullrom"
						},
						"1.0": {
							"post": [1, 1, 1],
							"lerp_mode": "catmullrom"
						}
					}
				},
				"leftLeg": {
					"rotation": {
						"0.0": {
							"post": [0, 0, 0],
							"lerp_mode": "catmullrom"
						},
						"0.1667": {
							"post": [20, 0, 0],
							"lerp_mode": "catmullrom"
						},
						"0.5833": {
							"post": [20, 0, 0],
							"lerp_mode": "catmullrom"
						},
						"1.0": {
							"post": [0, 0, 0],
							"lerp_mode": "catmullrom"
						}
					}
				},
				"leftLeg2": {
					"rotation": {
						"0.0": {
							"post": [0, 0, 0],
							"lerp_mode": "catmullrom"
						},
						"0.1667": {
							"post": [15, 0, 0],
							"lerp_mode": "catmullrom"
						},
						"1.0": {
							"post": [0, 0, 0],
							"lerp_mode": "catmullrom"
						}
					},
					"position": {
						"0.0": {
							"post": [0, 0, 0],
							"lerp_mode": "catmullrom"
						},
						"0.1667": {
							"post": [0, -0.49, -0.06],
							"lerp_mode": "catmullrom"
						},
						"1.0": {
							"post": [0, 0, 0],
							"lerp_mode": "catmullrom"
						}
					},
					"scale": [0.999, 1, 1]
				},
				"rightLeg": {
					"rotation": {
						"0.0": {
							"post": [0, 0, 0],
							"lerp_mode": "catmullrom"
						},
						"0.1667": {
							"post": [-25, 0, 0],
							"lerp_mode": "catmullrom"
						},
						"0.5833": {
							"post": [-45, 0, 0],
							"lerp_mode": "catmullrom"
						},
						"1.0": {
							"post": [0, 0, 0],
							"lerp_mode": "catmullrom"
						}
					},
					"position": {
						"0.0": {
							"post": [0, 0, 0],
							"lerp_mode": "catmullrom"
						},
						"0.1667": {
							"post": [0, -0.6, -0.2],
							"lerp_mode": "catmullrom"
						},
						"1.0": {
							"post": [0, 0, 0],
							"lerp_mode": "catmullrom"
						}
					}
				},
				"rightLeg2": {
					"rotation": {
						"0.0": {
							"post": [0, 0, 0],
							"lerp_mode": "catmullrom"
						},
						"0.1667": {
							"post": [15, 0, 0],
							"lerp_mode": "catmullrom"
						},
						"0.5833": {
							"post": [45, 0, 0],
							"lerp_mode": "catmullrom"
						},
						"1.0": {
							"post": [0, 0, 0],
							"lerp_mode": "catmullrom"
						}
					},
					"position": {
						"0.0": {
							"post": [0, 0, 0],
							"lerp_mode": "catmullrom"
						},
						"0.1667": {
							"post": [0, -0.49, -0.06],
							"lerp_mode": "catmullrom"
						},
						"0.5833": {
							"post": [0, 0.4, -0.6],
							"lerp_mode": "catmullrom"
						},
						"1.0": {
							"post": [0, 0, 0],
							"lerp_mode": "catmullrom"
						}
					},
					"scale": [0.999, 1, 1]
				},
				"nose": {
					"rotation": {
						"0.0": [0, 0, 0],
						"0.4167": [-20, 0, 0],
						"0.5833": [0, 0, 0]
					}
				}
			}
		},
		"animation.lz_zombie.default": {
			"loop": true,
			"animation_length": 3,
			"bones": {
				"waist": {
					"position": [0, -1, 1]
				},
				"part_body": {
					"rotation": [10, 0, 0],
					"position": [0, -1, -1]
				},
				"leftArm": {
					"rotation": {
						"0.0": {
							"post": [-10, 0, -5],
							"lerp_mode": "catmullrom"
						},
						"1.5": {
							"post": [-10, 0, -10],
							"lerp_mode": "catmullrom"
						},
						"3.0": {
							"post": [-10, 0, -5],
							"lerp_mode": "catmullrom"
						}
					}
				},
				"rightArm": {
					"rotation": {
						"0.0": {
							"post": [-10, 0, 5],
							"lerp_mode": "catmullrom"
						},
						"1.5": {
							"post": [-10, 0, 10],
							"lerp_mode": "catmullrom"
						},
						"3.0": {
							"post": [-10, 0, 5],
							"lerp_mode": "catmullrom"
						}
					}
				},
				"leftLeg": {
					"rotation": [-27.5, -5, -10],
					"position": [0, -1, 0]
				},
				"leftLeg2": {
					"rotation": [45, 0, 0],
					"position": [0, 0.4, -0.6],
					"scale": [0.999, 1, 1]
				},
				"rightLeg": {
					"rotation": [-27.5, 5, 10],
					"position": [0, -1, 0]
				},
				"rightLeg2": {
					"rotation": [45, 0, 0],
					"position": [0, 0.4, -0.6],
					"scale": [0.999, 1, 1]
				}
			}
		}
	}
}