{
	"format_version": "1.8.0",
	"animations": {
		"animation.nc_food.third_person": {
			"loop": true,
			"override_previous_animation": true,
			"bones": {
				"waist_food": {
					"rotation": [140, 0, -180],
					"position": [0, -15, -5]
				},
				"head_food": {
					"rotation": [27.5, 0, 0]
				},
				"leftArm_food": {
					"rotation": [-42.5, 0, 32.5]
				},
				"rightArm_food": {
					"rotation": [-37.5, 0, 42.5]
				},
				"leftLeg_food": {
					"rotation": [-32.5, -22.5, -20],
					"position": [0, -1, 0]
				},
				"leftLeg_food2": {
					"rotation": [25, 0, 0],
					"position": [0, 0.05, 0.65]
				},
				"rightLeg_food": {
					"rotation": [-60, 80, 20],
					"position": [0, -1, 0]
				},
				"rightLeg_food2": {
					"rotation": [15, 0.5, 0.3],
					"position": [0, -0.4, 0.45]
				},
				"rightitem": {
					"position": [0, 24, 1]
				}
			}
		},
		"animation.nc_food.first_person": {
			"loop": true,
			"override_previous_animation": true,
			"bones": {
				"waist_food": {
					"rotation": [100.5, -60.5, -248],
					"position": [0, -17, 0]
				},
				"head_food": {
					"rotation": [27.5, 20, 0]
				},
				"leftArm_food": {
					"rotation": [-42.5, 0, -20]
				},
				"rightArm_food": {
					"rotation": [-37.5, 0, 42.5]
				},
				"leftLeg_food": {
					"rotation": [-32.5, -22.5, -20],
					"position": [0, -1, 0]
				},
				"leftLeg_food2": {
					"rotation": [25, 0, 0],
					"position": [0, 0.05, 0.65]
				},
				"rightLeg_food": {
					"rotation": [-60, 80, 20],
					"position": [0, -1, 0]
				},
				"rightLeg_food2": {
					"rotation": [15, 0.5, 0.3],
					"position": [0, -0.4, 0.45]
				},
				"rightitem": {
					"position": [0, 24, -3]
				}
			}
		}
	}
}