{
	"format_version": "1.8.0",
	"animations": {
		"animation.piglin_king.default": {
			"loop": true,
			"animation_length": 2.5,
			"bones": {
				"leftArm": {
					"relative_to": {
						"rotation": "entity"
					},
					"rotation": {
						"0.0": [0, 0, -10],
						"1.25": [0, 0, -15],
						"2.5": [0, 0, -10]
					},
					"position": [0, 0, 0]
				},
				"leftArm2": {
					"rotation": [0, 0, 10],
					"position": [-0.15, 0, 0]
				},
				"rightArm": {
					"rotation": [-215, 45, -85]
				},
				"rightArm2": {
					"rotation": [-22.5, 0, 0],
					"position": [0, 0, -0.3]
				},
				"leftLeg": {
					"rotation": [-7.5, 0, -5]
				},
				"leftLeg2": {
					"rotation": [15, 0, 0],
					"position": [0, -0.65, 0.7]
				},
				"rightLeg": {
					"rotation": [-7.5, 0, 5]
				},
				"rightLeg2": {
					"rotation": [15, 0, 0],
					"position": [0, -0.65, 0.7]
				},
				"leftear": {
					"rotation": {
						"1.25": [0, 0, 0],
						"1.5": [0, 0, -7.5],
						"1.75": [0, 0, 0]
					}
				},
				"rightear": {
					"rotation": {
						"1.25": [0, 0, 0],
						"1.5": [0, 0, 7.5],
						"1.75": [0, 0, 0]
					}
				}
			}
		},
		"animation.piglin_king.run": {
			"loop": true,
			"animation_length": 1,
			"bones": {
				"leftArm": {
					"rotation": {
						"0.0": [-35, -5, -10],
						"0.25": [-40, -15, 5],
						"0.5": [-32, -15, -0.5],
						"0.75": [-45, -20, 4],
						"1.0": [-35, -5, -10]
					},
					"position": [0, 0, 0]
				},
				"leftArm2": {
					"rotation": [0, 0, 10],
					"position": [-0.15, 0, 0]
				},
				"rightArm": {
					"rotation": [-215, 45, -85]
				},
				"rightArm2": {
					"rotation": [-22.5, 0, 0],
					"position": [0, 0, -0.3]
				},
				"leftLeg": {
					"rotation": {
						"0.0": [-47.5, 0, -5],
						"0.5": [32.5, 0, -5],
						"1.0": [-47.5, 0, -5]
					}
				},
				"leftLeg2": {
					"rotation": [15, 0, 0],
					"position": [0, -0.65, 0.7]
				},
				"rightLeg": {
					"rotation": {
						"0.0": [32.5, 0, 5],
						"0.5": [-42.5, 0, 5],
						"1.0": [32.5, 0, 5]
					}
				},
				"rightLeg2": {
					"rotation": [15, 0, 0],
					"position": [0, -0.65, 0.7]
				},
				"waist": {
					"rotation": {
						"0.0": [0, 0, -2.5],
						"0.5": [0, 0, 2.5],
						"1.0": [0, 0, -2.5]
					}
				},
				"body": {
					"rotation": [20, 0, 0]
				}
			}
		},
		"animation.piglin_king.attack": {
			"loop": true,
			"animation_length": 1.25,
			"bones": {
				"leftArm": {
					"relative_to": {
						"rotation": "entity"
					},
					"rotation": {
						"0.0": [0, 0, -10],
						"0.25": [-92.25961, 25.00856, 0.47889],
						"0.5": [-27.68187, 10.86452, 22.66811],
						"0.5833": [-1.79177, 3.05468, -10.74207],
						"1.0": [-1.79177, 3.05468, -15.74207],
						"1.25": [0, 0, -10]
					},
					"position": {
						"0.0": [0, 0, 0],
						"0.25": [-1, 0, -2],
						"0.5833": [0, 0, -1],
						"1.25": [0, 0, 0]
					}
				},
				"leftArm2": {
					"rotation": [0, 0, 10],
					"position": [-0.15, 0, 0]
				},
				"rightArm": {
					"rotation": {
						"0.0": [-215, 45, -85],
						"0.25": [-79.45844, -26.98123, -12.07231],
						"0.5": [-3.94534, -40.03649, 13.69534],
						"0.5833": [63.55466, -40.03649, 13.69534],
						"1.0": [0, 0, 12.5]
					}
				},
				"rightArm2": {
					"rotation": [-22.5, 0, 0],
					"position": [0, 0, -0.3]
				},
				"leftLeg": {
					"rotation": [-7.5, 0, -5]
				},
				"leftLeg2": {
					"rotation": [15, 0, 0],
					"position": [0, -0.65, 0.7]
				},
				"rightLeg": {
					"rotation": [-7.5, 0, 5]
				},
				"rightLeg2": {
					"rotation": [15, 0, 0],
					"position": [0, -0.65, 0.7]
				}
			}
		}
	}
}