{
	"format_version": "1.8.0",
	"animations": {
		"animation.szcy.px": {
			"loop": true,
			"bones": {
				"waist": {
					"rotation": [100, 0, 0],
					"position": [0, 0, 4]
				},
				"leftLeg": {
					"rotation": [-90, 0, 0]
				},
				"rightLeg": {
					"rotation": [-90, 0, 0]
				},
				"leftArm": {
					"rotation": [-100, 0, 0]
				},
				"rightArm": {
					"rotation": [-100, 0, 0]
				},
				"head": {
					"rotation": [-100, 0, 0],
					"position": [0, 3, 0]
				}
			}
		},
		"animation.szcy.px_move": {
			"loop": true,
			"animation_length": 0.5,
			"bones": {
				"waist": {
					"rotation": [100, 0, 0],
					"position": {
						"0.0": [0, 0, 4],
						"0.25": [0, 1, 4],
						"0.5": [0, 0, 4]
					}
				},
				"leftLeg": {
					"rotation": {
						"0.0": [-40, 0, 0],
						"0.25": [-120, 0, 0],
						"0.5": [-40, 0, 0]
					}
				},
				"rightLeg": {
					"rotation": {
						"0.0": [-120, 0, 0],
						"0.25": [-40, 0, 0],
						"0.5": [-120, 0, 0]
					}
				},
				"leftArm": {
					"rotation": {
						"0.0": [-150, 0, 0],
						"0.25": [-70, 0, 0],
						"0.5": [-150, 0, 0]
					}
				},
				"rightArm": {
					"rotation": {
						"0.0": [-70, 0, 0],
						"0.25": [-150, 0, 0],
						"0.5": [-70, 0, 0]
					}
				},
				"head": {
					"rotation": [-100, 0, 0],
					"position": [0, 3, 0]
				}
			}
		},
		"animation.player.d": {
			"loop": true,
			"animation_length": 0.75,
			"bones": {
				"body": {
					"rotation": [-20, 0, 0],
					"position": [0, -9, 6.5]
				},
				"head": {
					"rotation": [25, 0, 0]
				},
				"leftArm": {
					"rotation": [0, 0, -10]
				},
				"rightArm": {
					"rotation": {
						"0.0": [-32.15172, -20.43663, -29.0527],
						"0.3333": [-82.15172, -20.43663, -29.0527],
						"0.625": [-32.15172, -20.43663, -29.0527]
					}
				},
				"rightItem": {
					"rotation": {
						"0.0": [-137.5, -350, -160],
						"0.3333": [-177.45116, -345.00485, -159.7745],
						"0.625": [-137.5, -350, -160]
					},
					"position": {
						"0.0": [2, 1, -1],
						"0.3333": [2, -2, -4],
						"0.625": [2, 1, -1]
					}
				},
				"leftLeg": {
					"rotation": [-75, -25, 0],
					"position": [0, -8.5, 2]
				},
				"rightLeg": {
					"rotation": [-75, 25, 0],
					"position": [0, -8.5, 2]
				}
			}
		},
		"animation.player.shoot": {
			"loop": true,
			"animation_length": 0.35,
			"bones": {
				"leftArm": {
					"rotation": [-63.98886, 40.06778, 15.4087],
					"position": [0, 0, -1]
				},
				"rightArm": {
					"rotation": [-75.55336, -14.39668, 0.26038],
					"position": [1, 0, -1]
				},
				"rightItem": {
					"rotation": [-5, 0, 12.5],
					"position": [1, 0, 0]
				},
				"leftLeg": {
					"rotation": [15, 0, 0]
				},
				"rightLeg": {
					"rotation": [-15, 0, 0]
				}
			}
		},
		"animation.humanmodel.eat": {
			"loop": true,
			"animation_length": 0.25,
			"bones": {
				"rightArm": {
					"rotation": {
						"0.0": [-70.5, -30.5, -5.5],
						"0.125": [-60, -30.5, -5.5],
						"0.25": [-70.5, -30.5, -5.5]
					}
				},
				"rightArm2": {
					"rotation": [-20, 0, 0],
					"position": [0, -1.3, 0.1],
					"scale": [0.999, 1, 1]
				}
			}
		}
	}
}