{
	"format_version": "1.8.0",
	"animations": {
		"animation.lz_snake_blade.first_person": {
			"loop": true,
			"bones": {
				"bone": {
					"rotation": [61.2, 62.9, -44],
					"position": [2, 12, 5]
				}
			}
		},
		"animation.lz_snake_blade_lj.first_person": {
			"loop": true,
			"bones": {
				"bone2": {
					"rotation": [61.2, 62.9, -44],
					"position": [2, 12, 5]
				}
			}
		},
		"animation.lz_snake_blade.third_person": {
			"loop": true,
			"bones": {
				"bone": {
					"rotation": [42.5, 0, 0],
					"position": [0, 0, 4]
				},
				"bone2": {
					"rotation": [42.5, 0, 0],
					"position": [0, 0, 4]
				}
			}
		},
		"animation.player.snake_blade_jf": {
			"loop": true,
			"animation_length": 10,
			"bones": {
				"body": {
					"rotation": {
						"0.0": {
							"post": [0, 0, 0],
							"lerp_mode": "catmullrom"
						},
						"0.4583": {
							"post": [0, 0, 0],
							"lerp_mode": "catmullrom"
						},
						"0.625": {
							"post": [0, 0, 0],
							"lerp_mode": "catmullrom"
						},
						"1.0": {
							"post": [15, 0, 0],
							"lerp_mode": "catmullrom"
						},
						"9.0": {
							"post": [15, 0, 0],
							"lerp_mode": "catmullrom"
						},
						"10.0": {
							"post": [0, 0, 0],
							"lerp_mode": "catmullrom"
						}
					},
					"position": {
						"0.0": {
							"post": [0, 0, 0],
							"lerp_mode": "catmullrom"
						},
						"0.4583": {
							"post": [0, 0, 0],
							"lerp_mode": "catmullrom"
						},
						"0.625": {
							"post": [0, 0, 0],
							"lerp_mode": "catmullrom"
						},
						"1.0": {
							"post": [0, 0, -3],
							"lerp_mode": "catmullrom"
						},
						"9.0": {
							"post": [0, 0, -3],
							"lerp_mode": "catmullrom"
						},
						"10.0": {
							"post": [0, 0, 0],
							"lerp_mode": "catmullrom"
						}
					}
				},
				"leftArm": {
					"rotation": {
						"0.0": {
							"post": [0, 0, 0],
							"lerp_mode": "catmullrom"
						},
						"0.4583": {
							"post": [0, 0, -15],
							"lerp_mode": "catmullrom"
						},
						"0.625": {
							"post": [0, 0, -7.5],
							"lerp_mode": "catmullrom"
						},
						"1.0": {
							"post": [-26.15209, 27.73617, 14.70873],
							"lerp_mode": "catmullrom"
						},
						"9.0": {
							"post": [-26.15209, 27.73617, 14.70873],
							"lerp_mode": "catmullrom"
						},
						"10.0": {
							"post": [0, 0, 0],
							"lerp_mode": "catmullrom"
						}
					},
					"position": {
						"0.0": {
							"post": [0, 0, 0],
							"lerp_mode": "catmullrom"
						},
						"0.4583": {
							"post": [0.5, 0, 0],
							"lerp_mode": "catmullrom"
						},
						"0.625": {
							"post": [0.5, 0, 0],
							"lerp_mode": "catmullrom"
						},
						"1.0": {
							"post": [-1, 0, -3],
							"lerp_mode": "catmullrom"
						},
						"9.0": {
							"post": [-1, 0, -3],
							"lerp_mode": "catmullrom"
						},
						"10.0": {
							"post": [0, 0, 0],
							"lerp_mode": "catmullrom"
						}
					}
				},
				"rightArm": {
					"rotation": {
						"0.0": {
							"post": [0, 0, 0],
							"lerp_mode": "catmullrom"
						},
						"0.4583": {
							"post": [-120, 10.5, -6.5],
							"lerp_mode": "catmullrom"
						},
						"0.625": {
							"post": [-135, 20, -15],
							"lerp_mode": "catmullrom"
						},
						"1.0": {
							"post": [-24, -20, -25],
							"lerp_mode": "catmullrom"
						},
						"9.0": {
							"post": [-24, -20, -25],
							"lerp_mode": "catmullrom"
						},
						"10.0": {
							"post": [0, 0, 0],
							"lerp_mode": "catmullrom"
						}
					},
					"position": {
						"0.0": {
							"post": [0, 0, 0],
							"lerp_mode": "catmullrom"
						},
						"0.4583": {
							"post": [0, 0, -1],
							"lerp_mode": "catmullrom"
						},
						"0.625": {
							"post": [0, 0, -1],
							"lerp_mode": "catmullrom"
						},
						"1.0": {
							"post": [1, 0, -3],
							"lerp_mode": "catmullrom"
						},
						"9.0": {
							"post": [1, 0, -3],
							"lerp_mode": "catmullrom"
						},
						"10.0": {
							"post": [0, 0, 0],
							"lerp_mode": "catmullrom"
						}
					}
				},
				"rightItem": {
					"position": {
						"0.0": [0, 0, 0],
						"0.5": [0, 0, 0],
						"1.0": [1, -2, -1],
						"9.0": [1, -2, -1],
						"10.0": [0, 0, 0]
					}
				},
				"leftLeg": {
					"rotation": {
						"0.0": {
							"post": [0, 0, 0],
							"lerp_mode": "catmullrom"
						},
						"0.4583": {
							"post": [-10, 0, 0],
							"lerp_mode": "catmullrom"
						},
						"0.625": {
							"post": [-12.41066, 0.43753, -0.50664],
							"lerp_mode": "catmullrom"
						},
						"1.0": {
							"post": [-17.5, 0, 0],
							"lerp_mode": "catmullrom"
						},
						"9.0": {
							"post": [-17.5, 0, 0],
							"lerp_mode": "catmullrom"
						},
						"10.0": {
							"post": [0, 0, 0],
							"lerp_mode": "catmullrom"
						}
					},
					"position": {
						"0.0": {
							"post": [0, 0, 0],
							"lerp_mode": "catmullrom"
						},
						"0.4583": {
							"post": [0, -0.3, 0],
							"lerp_mode": "catmullrom"
						},
						"0.625": {
							"post": [0, -0.3, 0],
							"lerp_mode": "catmullrom"
						},
						"1.0": {
							"post": [0, 0, 0],
							"lerp_mode": "catmullrom"
						}
					}
				},
				"rightLeg": {
					"rotation": {
						"0.0": [0, 0, 0],
						"0.4583": {
							"pre": [20, 0, 0],
							"post": [20, 0, 0],
							"lerp_mode": "catmullrom"
						},
						"0.625": {
							"post": [17.5, 0, 0],
							"lerp_mode": "catmullrom"
						},
						"1.0": {
							"post": [27.5, 0, 0],
							"lerp_mode": "catmullrom"
						},
						"9.0": {
							"post": [27.5, 0, 0],
							"lerp_mode": "catmullrom"
						},
						"10.0": {
							"post": [0, 0, 0],
							"lerp_mode": "catmullrom"
						}
					},
					"position": {
						"0.0": [0, 0, 0],
						"0.4583": {
							"pre": [0, -0.5, 0.2],
							"post": [0, -0.5, 0.2],
							"lerp_mode": "catmullrom"
						},
						"0.625": {
							"post": [0, -0.5, 0.2],
							"lerp_mode": "catmullrom"
						},
						"1.0": {
							"post": [0, 0, 0],
							"lerp_mode": "catmullrom"
						},
						"9.0": {
							"post": [0, 0, 0],
							"lerp_mode": "catmullrom"
						},
						"10.0": {
							"post": [0, 0, 0],
							"lerp_mode": "catmullrom"
						}
					}
				}
			}
		},
		"animation.snake_blade_csm.rotate": {
			"loop": true,
			"bones": {
				"rotation": {
					"rotation": [0, 45, 0]
				}
			}
		},
		"animation.snake_blade_csm.rotate2": {
			"loop": true,
			"bones": {
				"rotation": {
					"rotation": [0, 90, 0]
				}
			}
		},
		"animation.snake_blade_csm.rotate3": {
			"loop": true,
			"bones": {
				"rotation": {
					"rotation": [0, 135, 0]
				}
			}
		},
		"animation.snake_blade_csm.rotate4": {
			"loop": true,
			"bones": {
				"rotation": {
					"rotation": [45, 0, 0],
					"position": [0, 30, 5]
				}
			}
		},
		"animation.lz_snake_blade.csm": {
			"loop": true,
			"animation_length": 0.25,
			"bones": {
				"blade_ys2": {
					"position": [0, 3, 13]
				},
				"blade_ys3": {
					"position": [0, 12, 3]
				},
				"blade_ys4": {
					"position": [0, 21, -7]
				},
				"blade_ys5": {
					"position": [0, 30, -17]
				},
				"blade_ys6": {
					"position": {
						"0.0": {
							"post": [0, 39, -27],
							"lerp_mode": "catmullrom"
						},
						"0.2083": {
							"post": [0, 39, -27],
							"lerp_mode": "catmullrom"
						},
						"0.25": {
							"post": [0, -6, 23],
							"lerp_mode": "catmullrom"
						}
					},
					"scale": {
						"0.0": [1, 1, 1],
						"0.2083": [0, 0, 0],
						"0.25": [1, 1, 1]
					}
				},
				"body": {
					"rotation": [40, 0, 0],
					"position": [0, 0, 25]
				},
				"csm": {
					"rotation": [45, 0, 0],
					"position": [0, 36, -37]
				},
				"csm2": {
					"rotation": {
						"0.0": {
							"post": [0, 0, 0],
							"lerp_mode": "catmullrom"
						},
						"0.25": {
							"post": [0, -720, 0],
							"lerp_mode": "catmullrom"
						}
					}
				},
				"csm3": {
					"rotation": [45, 0, 0],
					"position": [0, 5, 15.1]
				},
				"csm4": {
					"rotation": {
						"0.0": {
							"post": [0, 0, 0],
							"lerp_mode": "catmullrom"
						},
						"0.25": {
							"post": [0, -720, 0],
							"lerp_mode": "catmullrom"
						}
					}
				},
				"blade": {
					"position": {
						"0.0": {
							"post": [0, 0, 0],
							"lerp_mode": "catmullrom"
						},
						"0.25": {
							"post": [0, 9, -10],
							"lerp_mode": "catmullrom"
						}
					}
				}
			}
		},
		"animation.lz_snake_blade.attack": {
			"loop": true,
			"animation_length": 10,
			"bones": {
				"blade_ys": {
					"rotation": {
						"0.0": {
							"post": [0, 0, 0],
							"lerp_mode": "catmullrom"
						},
						"0.25": {
							"post": [0, 0, 0],
							"lerp_mode": "catmullrom"
						},
						"0.4167": {
							"post": [10, 0, 0],
							"lerp_mode": "catmullrom"
						},
						"0.625": {
							"post": [0, 0, 0],
							"lerp_mode": "catmullrom"
						},
						"0.8333": {
							"post": [12.5, 0, 0],
							"lerp_mode": "catmullrom"
						},
						"1.0833": {
							"post": [0, 0, 0],
							"lerp_mode": "catmullrom"
						},
						"1.4167": {
							"post": [5, 0, 0],
							"lerp_mode": "catmullrom"
						},
						"8.9167": {
							"post": [5, 0, 0],
							"lerp_mode": "catmullrom"
						},
						"10.0": {
							"post": [0, 0, 0],
							"lerp_mode": "catmullrom"
						}
					},
					"position": {
						"0.0": {
							"post": [0, 0, 0],
							"lerp_mode": "catmullrom"
						},
						"0.25": {
							"post": [0, 2, -2],
							"lerp_mode": "catmullrom"
						},
						"0.4167": {
							"post": [0, 3, -4],
							"lerp_mode": "catmullrom"
						},
						"0.625": {
							"post": [0, 4, -4],
							"lerp_mode": "catmullrom"
						},
						"0.8333": {
							"post": [0, 1, -3],
							"lerp_mode": "catmullrom"
						},
						"1.0833": {
							"post": [0, 0, 0],
							"lerp_mode": "catmullrom"
						},
						"1.4167": {
							"post": [0, 3, -4],
							"lerp_mode": "catmullrom"
						},
						"8.9167": {
							"post": [0, 3, -4],
							"lerp_mode": "catmullrom"
						},
						"10.0": {
							"post": [0, 0, 0],
							"lerp_mode": "catmullrom"
						}
					}
				},
				"sword_p": {
					"rotation": {
						"0.0": {
							"post": [0, 0, 0],
							"lerp_mode": "catmullrom"
						},
						"0.25": {
							"post": [0, 0, 0],
							"lerp_mode": "catmullrom"
						},
						"0.4167": {
							"post": [-10, 0, 0],
							"lerp_mode": "catmullrom"
						},
						"0.625": {
							"post": [-20, 0, 0],
							"lerp_mode": "catmullrom"
						},
						"0.8333": {
							"post": [-2.5, 0, 0],
							"lerp_mode": "catmullrom"
						},
						"1.0833": {
							"post": [0, 0, 0],
							"lerp_mode": "catmullrom"
						}
					},
					"position": {
						"0.0": {
							"post": [0, 0, 0],
							"lerp_mode": "catmullrom"
						},
						"0.625": {
							"post": [0, 0, 0],
							"lerp_mode": "catmullrom"
						},
						"0.8333": {
							"post": [0, 1, 0],
							"lerp_mode": "catmullrom"
						},
						"1.0833": {
							"post": [0, 0, 0],
							"lerp_mode": "catmullrom"
						}
					}
				},
				"1blade_ys": {
					"rotation": {
						"0.25": {
							"pre": [0, 0, 0],
							"post": [0, 0, 0],
							"lerp_mode": "catmullrom"
						},
						"0.4167": {
							"post": [-15, 0, 0],
							"lerp_mode": "catmullrom"
						},
						"0.625": {
							"post": [-25, 0, 0],
							"lerp_mode": "catmullrom"
						},
						"0.8333": {
							"post": [-7.5, 0, 0],
							"lerp_mode": "catmullrom"
						},
						"1.0833": {
							"post": [0, 0, 0],
							"lerp_mode": "catmullrom"
						},
						"1.4167": {
							"post": [7.5, 0, 0],
							"lerp_mode": "catmullrom"
						},
						"8.9167": {
							"post": [7.5, 0, 0],
							"lerp_mode": "catmullrom"
						},
						"10.0": {
							"post": [0, 0, 0],
							"lerp_mode": "catmullrom"
						}
					},
					"position": {
						"0.25": {
							"pre": [0, 1, -2],
							"post": [0, 1, -2],
							"lerp_mode": "catmullrom"
						},
						"0.4167": {
							"post": [0, 3, -1],
							"lerp_mode": "catmullrom"
						},
						"0.625": {
							"post": [0, 5, 0],
							"lerp_mode": "catmullrom"
						},
						"0.8333": {
							"post": [0, 3, -2],
							"lerp_mode": "catmullrom"
						},
						"1.0833": {
							"post": [0, 0, 0],
							"lerp_mode": "catmullrom"
						},
						"1.4167": {
							"post": [0, 8, -10],
							"lerp_mode": "catmullrom"
						},
						"1.625": {
							"post": [0, 17, -23],
							"lerp_mode": "catmullrom"
						},
						"8.9167": {
							"post": [0, 17, -23],
							"lerp_mode": "catmullrom"
						},
						"10.0": {
							"post": [0, 0, 0],
							"lerp_mode": "catmullrom"
						}
					},
					"scale": {
						"1.4167": {
							"pre": [1, 1, 1],
							"post": [1, 1, 1],
							"lerp_mode": "catmullrom"
						},
						"1.625": {
							"post": [0, 0, 0],
							"lerp_mode": "catmullrom"
						},
						"5.0": {
							"post": [0, 0, 0],
							"lerp_mode": "catmullrom"
						},
						"8.875": {
							"post": [0, 0, 0],
							"lerp_mode": "catmullrom"
						},
						"8.9167": {
							"post": [0, 0, 0],
							"lerp_mode": "catmullrom"
						},
						"10.0": {
							"post": [1, 1, 1],
							"lerp_mode": "catmullrom"
						}
					}
				},
				"blade3": {
					"rotation": {
						"0.0": {
							"post": [0, 0, 0],
							"lerp_mode": "catmullrom"
						},
						"0.25": {
							"post": [0, 0, 0],
							"lerp_mode": "catmullrom"
						},
						"0.4167": {
							"post": [12.65257, -1.13629, -0.41499],
							"lerp_mode": "catmullrom"
						},
						"0.625": {
							"post": [22.65257, -1.13629, -0.41499],
							"lerp_mode": "catmullrom"
						},
						"0.8333": {
							"post": [27.65257, -1.13629, -0.41499],
							"lerp_mode": "catmullrom"
						},
						"1.0833": {
							"post": [0, 0, 0],
							"lerp_mode": "catmullrom"
						}
					},
					"scale": 1
				},
				"1lj": {
					"rotation": {
						"0.0": {
							"post": [0, 0, 0],
							"lerp_mode": "catmullrom"
						},
						"0.25": {
							"post": [0, 0, 0],
							"lerp_mode": "catmullrom"
						},
						"0.4167": {
							"post": [7.5, 0, 0],
							"lerp_mode": "catmullrom"
						},
						"0.625": {
							"post": [12.5, 0, 0],
							"lerp_mode": "catmullrom"
						},
						"1.0833": {
							"post": [0, 0, 0],
							"lerp_mode": "catmullrom"
						}
					},
					"position": {
						"0.0": {
							"post": [0, 0, 0],
							"lerp_mode": "catmullrom"
						},
						"0.25": {
							"post": [0, 0, 0],
							"lerp_mode": "catmullrom"
						},
						"0.4167": {
							"post": [0, -1, 1],
							"lerp_mode": "catmullrom"
						},
						"0.625": {
							"post": [0, -1, 1],
							"lerp_mode": "catmullrom"
						},
						"1.0833": {
							"post": [0, 0, 0],
							"lerp_mode": "catmullrom"
						}
					}
				},
				"1blade_ys2": {
					"rotation": {
						"0.0": {
							"post": [0, 0, 0],
							"lerp_mode": "catmullrom"
						},
						"0.25": {
							"post": [0, 0, 0],
							"lerp_mode": "catmullrom"
						},
						"0.4167": {
							"post": [22.5, 0, 0],
							"lerp_mode": "catmullrom"
						},
						"0.625": {
							"post": [12.5, 0, 0],
							"lerp_mode": "catmullrom"
						},
						"0.8333": {
							"post": [22.5, 0, 0],
							"lerp_mode": "catmullrom"
						},
						"1.0833": {
							"post": [0, 0, 0],
							"lerp_mode": "catmullrom"
						},
						"8.9167": {
							"post": [0, 0, 0],
							"lerp_mode": "catmullrom"
						},
						"10.0": {
							"post": [0, 0, 0],
							"lerp_mode": "catmullrom"
						}
					},
					"position": {
						"0.0": {
							"post": [0, 0, 0],
							"lerp_mode": "catmullrom"
						},
						"0.25": {
							"post": [0, 1, -2],
							"lerp_mode": "catmullrom"
						},
						"0.4167": {
							"post": [0, -1, -3],
							"lerp_mode": "catmullrom"
						},
						"0.625": {
							"post": [0, -1, -3],
							"lerp_mode": "catmullrom"
						},
						"0.8333": {
							"post": [0, -2, -4],
							"lerp_mode": "catmullrom"
						},
						"1.0833": {
							"post": [0, 0, 0],
							"lerp_mode": "catmullrom"
						},
						"1.4167": {
							"post": [0, 1, -2],
							"lerp_mode": "catmullrom"
						},
						"8.9167": {
							"post": [0, 1, -2],
							"lerp_mode": "catmullrom"
						},
						"10.0": {
							"post": [0, 0, 0],
							"lerp_mode": "catmullrom"
						}
					}
				},
				"blade4": {
					"rotation": {
						"0.0": {
							"post": [0, 0, 0],
							"lerp_mode": "catmullrom"
						},
						"0.4167": {
							"post": [0, 0, 0],
							"lerp_mode": "catmullrom"
						},
						"0.625": {
							"post": [-7.5, 0, 0],
							"lerp_mode": "catmullrom"
						},
						"0.8333": {
							"post": [-5, 0, 0],
							"lerp_mode": "catmullrom"
						},
						"1.0833": {
							"post": [0, 0, 0],
							"lerp_mode": "catmullrom"
						}
					},
					"position": {
						"0.0": {
							"post": [0, 0, 0],
							"lerp_mode": "catmullrom"
						},
						"0.4167": {
							"post": [0, 0, 0],
							"lerp_mode": "catmullrom"
						},
						"0.625": {
							"post": [0, 1, 0],
							"lerp_mode": "catmullrom"
						},
						"0.8333": {
							"post": [0, 0, 0],
							"lerp_mode": "catmullrom"
						},
						"1.0833": {
							"post": [0, 0, 0],
							"lerp_mode": "catmullrom"
						}
					}
				},
				"blade_ys2": {
					"rotation": {
						"1.0833": {
							"pre": [0, 0, 0],
							"post": [0, 0, 0],
							"lerp_mode": "catmullrom"
						},
						"1.4167": {
							"post": [5, 0, 0],
							"lerp_mode": "catmullrom"
						},
						"10.0": {
							"post": [0, 0, 0],
							"lerp_mode": "catmullrom"
						}
					},
					"position": {
						"1.0833": {
							"pre": [0, 0, 0],
							"post": [0, 0, 0],
							"lerp_mode": "catmullrom"
						},
						"1.4167": {
							"post": [0, 10, -13],
							"lerp_mode": "catmullrom"
						},
						"1.625": {
							"post": [0, 10, -13],
							"lerp_mode": "catmullrom"
						},
						"1.8333": {
							"post": [0, 19, -24],
							"lerp_mode": "catmullrom"
						},
						"2.0417": {
							"post": [0, 10, -13],
							"lerp_mode": "catmullrom"
						},
						"2.25": {
							"post": [0, 19, -24],
							"lerp_mode": "catmullrom"
						},
						"2.4583": {
							"post": [0, 10, -13],
							"lerp_mode": "catmullrom"
						},
						"2.6667": {
							"post": [0, 19, -24],
							"lerp_mode": "catmullrom"
						},
						"2.875": {
							"post": [0, 10, -13],
							"lerp_mode": "catmullrom"
						},
						"3.0833": {
							"post": [0, 19, -24],
							"lerp_mode": "catmullrom"
						},
						"3.2917": {
							"post": [0, 10, -13],
							"lerp_mode": "catmullrom"
						},
						"3.5": {
							"post": [0, 19, -24],
							"lerp_mode": "catmullrom"
						},
						"3.7083": {
							"post": [0, 10, -13],
							"lerp_mode": "catmullrom"
						},
						"3.9167": {
							"post": [0, 19, -24],
							"lerp_mode": "catmullrom"
						},
						"4.125": {
							"post": [0, 10, -13],
							"lerp_mode": "catmullrom"
						},
						"4.3333": {
							"post": [0, 19, -24],
							"lerp_mode": "catmullrom"
						},
						"4.5417": {
							"post": [0, 10, -13],
							"lerp_mode": "catmullrom"
						},
						"4.75": {
							"post": [0, 19, -24],
							"lerp_mode": "catmullrom"
						},
						"4.9583": {
							"post": [0, 10, -13],
							"lerp_mode": "catmullrom"
						},
						"5.1667": {
							"post": [0, 19, -24],
							"lerp_mode": "catmullrom"
						},
						"5.375": {
							"post": [0, 10, -13],
							"lerp_mode": "catmullrom"
						},
						"5.5833": {
							"post": [0, 19, -24],
							"lerp_mode": "catmullrom"
						},
						"5.7917": {
							"post": [0, 10, -13],
							"lerp_mode": "catmullrom"
						},
						"6.0": {
							"post": [0, 19, -24],
							"lerp_mode": "catmullrom"
						},
						"6.2083": {
							"post": [0, 10, -13],
							"lerp_mode": "catmullrom"
						},
						"6.4167": {
							"post": [0, 19, -24],
							"lerp_mode": "catmullrom"
						},
						"6.625": {
							"post": [0, 10, -13],
							"lerp_mode": "catmullrom"
						},
						"6.8333": {
							"post": [0, 19, -24],
							"lerp_mode": "catmullrom"
						},
						"7.0417": {
							"post": [0, 10, -13],
							"lerp_mode": "catmullrom"
						},
						"7.25": {
							"post": [0, 19, -24],
							"lerp_mode": "catmullrom"
						},
						"7.4583": {
							"post": [0, 10, -13],
							"lerp_mode": "catmullrom"
						},
						"7.6667": {
							"post": [0, 19, -24],
							"lerp_mode": "catmullrom"
						},
						"7.875": {
							"post": [0, 10, -13],
							"lerp_mode": "catmullrom"
						},
						"8.0833": {
							"post": [0, 19, -24],
							"lerp_mode": "catmullrom"
						},
						"8.2917": {
							"post": [0, 10, -13],
							"lerp_mode": "catmullrom"
						},
						"8.5": {
							"post": [0, 19, -24],
							"lerp_mode": "catmullrom"
						},
						"8.7083": {
							"post": [0, 10, -13],
							"lerp_mode": "catmullrom"
						},
						"8.9167": {
							"post": [0, 19, -24],
							"lerp_mode": "catmullrom"
						},
						"10.0": {
							"post": [0, 0, 0],
							"lerp_mode": "catmullrom"
						}
					},
					"scale": {
						"1.0833": {
							"pre": [0, 0, 0],
							"post": [0, 0, 0],
							"lerp_mode": "catmullrom"
						},
						"1.125": {
							"post": [1, 1, 1],
							"lerp_mode": "catmullrom"
						},
						"8.9167": {
							"post": [1, 1, 1],
							"lerp_mode": "catmullrom"
						},
						"10.0": {
							"post": [0, 0, 0],
							"lerp_mode": "catmullrom"
						}
					}
				},
				"blade_ys3": {
					"position": {
						"1.625": {
							"pre": [0, 8, -9],
							"post": [0, 8, -9],
							"lerp_mode": "catmullrom"
						},
						"1.6667": {
							"post": [0, 8, -9],
							"lerp_mode": "catmullrom"
						},
						"1.8333": {
							"post": [0, -9, 9],
							"lerp_mode": "catmullrom"
						},
						"2.0417": {
							"post": [0, 8, -9],
							"lerp_mode": "catmullrom"
						},
						"2.0833": {
							"post": [0, 8, -9],
							"lerp_mode": "catmullrom"
						},
						"2.25": {
							"post": [0, -9, 9],
							"lerp_mode": "catmullrom"
						},
						"2.4583": {
							"post": [0, 8, -9],
							"lerp_mode": "catmullrom"
						},
						"2.5": {
							"post": [0, 8, -9],
							"lerp_mode": "catmullrom"
						},
						"2.6667": {
							"post": [0, -9, 9],
							"lerp_mode": "catmullrom"
						},
						"2.875": {
							"post": [0, 8, -9],
							"lerp_mode": "catmullrom"
						},
						"2.9167": {
							"post": [0, 8, -9],
							"lerp_mode": "catmullrom"
						},
						"3.0833": {
							"post": [0, -9, 9],
							"lerp_mode": "catmullrom"
						},
						"3.2917": {
							"post": [0, 8, -9],
							"lerp_mode": "catmullrom"
						},
						"3.3333": {
							"post": [0, 8, -9],
							"lerp_mode": "catmullrom"
						},
						"3.5": {
							"post": [0, -9, 9],
							"lerp_mode": "catmullrom"
						},
						"3.7083": {
							"post": [0, 8, -9],
							"lerp_mode": "catmullrom"
						},
						"3.75": {
							"post": [0, 8, -9],
							"lerp_mode": "catmullrom"
						},
						"3.9167": {
							"post": [0, -9, 9],
							"lerp_mode": "catmullrom"
						},
						"4.125": {
							"post": [0, 8, -9],
							"lerp_mode": "catmullrom"
						},
						"4.1667": {
							"post": [0, 8, -9],
							"lerp_mode": "catmullrom"
						},
						"4.3333": {
							"post": [0, -9, 9],
							"lerp_mode": "catmullrom"
						},
						"4.5417": {
							"post": [0, 8, -9],
							"lerp_mode": "catmullrom"
						},
						"4.5833": {
							"post": [0, 8, -9],
							"lerp_mode": "catmullrom"
						},
						"4.75": {
							"post": [0, -9, 9],
							"lerp_mode": "catmullrom"
						},
						"4.9583": {
							"post": [0, 8, -9],
							"lerp_mode": "catmullrom"
						},
						"5.0": {
							"post": [0, 8, -9],
							"lerp_mode": "catmullrom"
						},
						"5.1667": {
							"post": [0, -9, 9],
							"lerp_mode": "catmullrom"
						},
						"5.375": {
							"post": [0, 8, -9],
							"lerp_mode": "catmullrom"
						},
						"5.4167": {
							"post": [0, 8, -9],
							"lerp_mode": "catmullrom"
						},
						"5.5833": {
							"post": [0, -9, 9],
							"lerp_mode": "catmullrom"
						},
						"5.7917": {
							"post": [0, 8, -9],
							"lerp_mode": "catmullrom"
						},
						"5.8333": {
							"post": [0, 8, -9],
							"lerp_mode": "catmullrom"
						},
						"6.0": {
							"post": [0, -9, 9],
							"lerp_mode": "catmullrom"
						},
						"6.2083": {
							"post": [0, 8, -9],
							"lerp_mode": "catmullrom"
						},
						"6.25": {
							"post": [0, 8, -9],
							"lerp_mode": "catmullrom"
						},
						"6.4167": {
							"post": [0, -9, 9],
							"lerp_mode": "catmullrom"
						},
						"6.625": {
							"post": [0, 8, -9],
							"lerp_mode": "catmullrom"
						},
						"6.6667": {
							"post": [0, 8, -9],
							"lerp_mode": "catmullrom"
						},
						"6.8333": {
							"post": [0, -9, 9],
							"lerp_mode": "catmullrom"
						},
						"7.0417": {
							"post": [0, 8, -9],
							"lerp_mode": "catmullrom"
						},
						"7.0833": {
							"post": [0, 8, -9],
							"lerp_mode": "catmullrom"
						},
						"7.25": {
							"post": [0, -9, 9],
							"lerp_mode": "catmullrom"
						},
						"7.4583": {
							"post": [0, 8, -9],
							"lerp_mode": "catmullrom"
						},
						"7.5": {
							"post": [0, 8, -9],
							"lerp_mode": "catmullrom"
						},
						"7.6667": {
							"post": [0, -9, 9],
							"lerp_mode": "catmullrom"
						},
						"7.875": {
							"post": [0, 8, -9],
							"lerp_mode": "catmullrom"
						},
						"7.9167": {
							"post": [0, 8, -9],
							"lerp_mode": "catmullrom"
						},
						"8.0833": {
							"post": [0, -9, 9],
							"lerp_mode": "catmullrom"
						},
						"8.2917": {
							"post": [0, 8, -9],
							"lerp_mode": "catmullrom"
						},
						"8.3333": {
							"post": [0, 8, -9],
							"lerp_mode": "catmullrom"
						},
						"8.5": {
							"post": [0, -9, 9],
							"lerp_mode": "catmullrom"
						},
						"8.7083": {
							"post": [0, 8, -9],
							"lerp_mode": "catmullrom"
						},
						"8.75": {
							"post": [0, 8, -9],
							"lerp_mode": "catmullrom"
						},
						"8.9167": {
							"post": [0, -9, 9],
							"lerp_mode": "catmullrom"
						},
						"10.0": {
							"post": [0, 0, 0],
							"lerp_mode": "catmullrom"
						}
					},
					"scale": {
						"1.625": {
							"pre": [1, 1, 1],
							"post": [1, 1, 1],
							"lerp_mode": "catmullrom"
						},
						"1.6667": {
							"post": [0, 0, 0],
							"lerp_mode": "catmullrom"
						},
						"1.7917": {
							"post": [0, 0, 0],
							"lerp_mode": "catmullrom"
						},
						"1.8333": {
							"post": [1, 1, 1],
							"lerp_mode": "catmullrom"
						},
						"2.0417": {
							"post": [1, 1, 1],
							"lerp_mode": "catmullrom"
						},
						"2.0833": {
							"post": [0, 0, 0],
							"lerp_mode": "catmullrom"
						},
						"2.2083": {
							"post": [0, 0, 0],
							"lerp_mode": "catmullrom"
						},
						"2.25": {
							"post": [1, 1, 1],
							"lerp_mode": "catmullrom"
						},
						"2.4583": {
							"post": [1, 1, 1],
							"lerp_mode": "catmullrom"
						},
						"2.5": {
							"post": [0, 0, 0],
							"lerp_mode": "catmullrom"
						},
						"2.625": {
							"post": [0, 0, 0],
							"lerp_mode": "catmullrom"
						},
						"2.6667": {
							"post": [1, 1, 1],
							"lerp_mode": "catmullrom"
						},
						"2.875": {
							"post": [1, 1, 1],
							"lerp_mode": "catmullrom"
						},
						"2.9167": {
							"post": [0, 0, 0],
							"lerp_mode": "catmullrom"
						},
						"3.0417": {
							"post": [0, 0, 0],
							"lerp_mode": "catmullrom"
						},
						"3.0833": {
							"post": [1, 1, 1],
							"lerp_mode": "catmullrom"
						},
						"3.2917": {
							"post": [1, 1, 1],
							"lerp_mode": "catmullrom"
						},
						"3.3333": {
							"post": [0, 0, 0],
							"lerp_mode": "catmullrom"
						},
						"3.4583": {
							"post": [0, 0, 0],
							"lerp_mode": "catmullrom"
						},
						"3.5": {
							"post": [1, 1, 1],
							"lerp_mode": "catmullrom"
						},
						"3.7083": {
							"post": [1, 1, 1],
							"lerp_mode": "catmullrom"
						},
						"3.75": {
							"post": [0, 0, 0],
							"lerp_mode": "catmullrom"
						},
						"3.875": {
							"post": [0, 0, 0],
							"lerp_mode": "catmullrom"
						},
						"3.9167": {
							"post": [1, 1, 1],
							"lerp_mode": "catmullrom"
						},
						"4.125": {
							"post": [1, 1, 1],
							"lerp_mode": "catmullrom"
						},
						"4.1667": {
							"post": [0, 0, 0],
							"lerp_mode": "catmullrom"
						},
						"4.2917": {
							"post": [0, 0, 0],
							"lerp_mode": "catmullrom"
						},
						"4.3333": {
							"post": [1, 1, 1],
							"lerp_mode": "catmullrom"
						},
						"4.5417": {
							"post": [1, 1, 1],
							"lerp_mode": "catmullrom"
						},
						"4.5833": {
							"post": [0, 0, 0],
							"lerp_mode": "catmullrom"
						},
						"4.7083": {
							"post": [0, 0, 0],
							"lerp_mode": "catmullrom"
						},
						"4.75": {
							"post": [1, 1, 1],
							"lerp_mode": "catmullrom"
						},
						"4.9583": {
							"post": [1, 1, 1],
							"lerp_mode": "catmullrom"
						},
						"5.0": {
							"post": [0, 0, 0],
							"lerp_mode": "catmullrom"
						},
						"5.125": {
							"post": [0, 0, 0],
							"lerp_mode": "catmullrom"
						},
						"5.1667": {
							"post": [1, 1, 1],
							"lerp_mode": "catmullrom"
						},
						"5.375": {
							"post": [1, 1, 1],
							"lerp_mode": "catmullrom"
						},
						"5.4167": {
							"post": [0, 0, 0],
							"lerp_mode": "catmullrom"
						},
						"5.5417": {
							"post": [0, 0, 0],
							"lerp_mode": "catmullrom"
						},
						"5.5833": {
							"post": [1, 1, 1],
							"lerp_mode": "catmullrom"
						},
						"5.7917": {
							"post": [1, 1, 1],
							"lerp_mode": "catmullrom"
						},
						"5.8333": {
							"post": [0, 0, 0],
							"lerp_mode": "catmullrom"
						},
						"5.9583": {
							"post": [0, 0, 0],
							"lerp_mode": "catmullrom"
						},
						"6.0": {
							"post": [1, 1, 1],
							"lerp_mode": "catmullrom"
						},
						"6.2083": {
							"post": [1, 1, 1],
							"lerp_mode": "catmullrom"
						},
						"6.25": {
							"post": [0, 0, 0],
							"lerp_mode": "catmullrom"
						},
						"6.375": {
							"post": [0, 0, 0],
							"lerp_mode": "catmullrom"
						},
						"6.4167": {
							"post": [1, 1, 1],
							"lerp_mode": "catmullrom"
						},
						"6.625": {
							"post": [1, 1, 1],
							"lerp_mode": "catmullrom"
						},
						"6.6667": {
							"post": [0, 0, 0],
							"lerp_mode": "catmullrom"
						},
						"6.7917": {
							"post": [0, 0, 0],
							"lerp_mode": "catmullrom"
						},
						"6.8333": {
							"post": [1, 1, 1],
							"lerp_mode": "catmullrom"
						},
						"7.0417": {
							"post": [1, 1, 1],
							"lerp_mode": "catmullrom"
						},
						"7.0833": {
							"post": [0, 0, 0],
							"lerp_mode": "catmullrom"
						},
						"7.2083": {
							"post": [0, 0, 0],
							"lerp_mode": "catmullrom"
						},
						"7.25": {
							"post": [1, 1, 1],
							"lerp_mode": "catmullrom"
						},
						"7.4583": {
							"post": [1, 1, 1],
							"lerp_mode": "catmullrom"
						},
						"7.5": {
							"post": [0, 0, 0],
							"lerp_mode": "catmullrom"
						},
						"7.625": {
							"post": [0, 0, 0],
							"lerp_mode": "catmullrom"
						},
						"7.6667": {
							"post": [1, 1, 1],
							"lerp_mode": "catmullrom"
						},
						"7.875": {
							"post": [1, 1, 1],
							"lerp_mode": "catmullrom"
						},
						"7.9167": {
							"post": [0, 0, 0],
							"lerp_mode": "catmullrom"
						},
						"8.0417": {
							"post": [0, 0, 0],
							"lerp_mode": "catmullrom"
						},
						"8.0833": {
							"post": [1, 1, 1],
							"lerp_mode": "catmullrom"
						},
						"8.2917": {
							"post": [1, 1, 1],
							"lerp_mode": "catmullrom"
						},
						"8.3333": {
							"post": [0, 0, 0],
							"lerp_mode": "catmullrom"
						},
						"8.4583": {
							"post": [0, 0, 0],
							"lerp_mode": "catmullrom"
						},
						"8.5": {
							"post": [1, 1, 1],
							"lerp_mode": "catmullrom"
						},
						"8.7083": {
							"post": [1, 1, 1],
							"lerp_mode": "catmullrom"
						},
						"8.75": {
							"post": [0, 0, 0],
							"lerp_mode": "catmullrom"
						},
						"8.875": {
							"post": [0, 0, 0],
							"lerp_mode": "catmullrom"
						},
						"8.9167": {
							"post": [1, 1, 1],
							"lerp_mode": "catmullrom"
						},
						"10.0": {
							"post": [1, 1, 1],
							"lerp_mode": "catmullrom"
						}
					}
				},
				"csm": {
					"rotation": {
						"1.4167": {
							"pre": [-25, 0, 0],
							"post": [-25, 0, 0],
							"lerp_mode": "catmullrom"
						},
						"10.0": {
							"post": [-25, 0, 0],
							"lerp_mode": "catmullrom"
						}
					},
					"position": {
						"1.4167": {
							"pre": [0, 37, -45],
							"post": [0, 37, -45],
							"lerp_mode": "catmullrom"
						},
						"10.0": {
							"post": [0, 37, -45],
							"lerp_mode": "catmullrom"
						}
					},
					"scale": {
						"1.375": {
							"pre": [0, 0, 0],
							"post": [0, 0, 0],
							"lerp_mode": "catmullrom"
						},
						"1.4167": {
							"post": [30, 30, 1],
							"lerp_mode": "catmullrom"
						},
						"8.875": {
							"post": [30, 30, 1],
							"lerp_mode": "catmullrom"
						},
						"8.9167": {
							"post": [0, 0, 0],
							"lerp_mode": "catmullrom"
						},
						"10.0": {
							"post": [0, 0, 0],
							"lerp_mode": "catmullrom"
						}
					}
				},
				"csm2": {
					"rotation": {
						"0.0": [0, 0, 0],
						"10.0": [0, 0, -2520]
					}
				}
			}
		}
	}
}