{
	"format_version": "1.8.0",
	"animations": {
		"animation.steve.walk": {
			"loop": true,
			"animation_length": 1.5,
			"bones": {
				"leftArm": {
					"rotation": {
						"0.0": [0, 0, 0],
						"0.5": [35, 0, 0],
						"1.0": [-35, 0, 0],
						"1.5": [0, 0, 0]
					}
				},
				"leftArm2": {
					"rotation": [-2.5, 0, 0],
					"position": [0, 0, -0.1]
				},
				"rightArm": {
					"rotation": {
						"0.0": [0, 0, 0],
						"0.5": [-35, 0, 0],
						"1.0": [35, 0, 0],
						"1.5": [0, 0, 0]
					}
				},
				"rightArm2": {
					"rotation": [-2.5, 0, 0],
					"position": [0, 0, -0.1]
				},
				"rightLeg": {
					"rotation": {
						"0.0": [0, 0, 0],
						"0.5": [30, 0, 0],
						"1.0": [-30, 0, 0],
						"1.5": [0, 0, 0]
					}
				},
				"rightLeg2": {
					"rotation": [5, 0, 0]
				},
				"leftLeg": {
					"rotation": {
						"0.0": [0, 0, 0],
						"0.5": [-30, 0, 0],
						"1.0": [25, 0, 0],
						"1.5": [0, 0, 0]
					}
				},
				"leftLeg2": {
					"rotation": [5, 0, 0]
				}
			}
		},
		"animation.steve.attack": {
			"animation_length": 0.66,
			"bones": {
				"leftLeg": {
					"rotation": [-5, 0, -5]
				},
				"leftLeg2": {
					"rotation": [5, 0, 0],
					"position": [0, 0, 0.2]
				},
				"rightLeg": {
					"rotation": [-5, 0, 5]
				},
				"rightLeg2": {
					"rotation": [5, 0, 0],
					"position": [0, 0, 0.2]
				},
				"leftArm": {
					"rotation": {
						"0.0": [0, 0, -2],
						"0.1666": [52.5, 0, -29.5],
						"0.5": [-19.37006, 5.07855, -15.36728],
						"0.66": [0, 0, -2]
					}
				},
				"rightArm": {
					"rotation": {
						"0.0": [0, 0, 2],
						"0.1666": [-112.78977, -29.35712, 74.15499],
						"0.5": [16.21727, -6.16897, 47.92085],
						"0.66": [0, 0, 2]
					},
					"position": {
						"0.0": [0, 0, 0],
						"0.1666": [0, -1, 0],
						"0.66": [0, 0, 0]
					}
				}
			}
		},
		"animation.steve.run": {
			"loop": true,
			"animation_length": 0.8,
			"bones": {
				"waist": {
					"rotation": [15, 0, 0],
					"position": [0, -1, 0]
				},
				"body": {
					"position": {
						"0.0": [0, 0.3, 0],
						"0.4": [0, -0.3, 0],
						"0.8": [0, 0.3, 0]
					}
				},
				"leftLeg": {
					"rotation": {
						"0.0": [-60, 0, -2],
						"0.4": [60, 0, -2],
						"0.8": [-60, 0, -2]
					}
				},
				"leftLeg2": {
					"rotation": [10, 0, 0],
					"position": [0, -0.18, 0.35]
				},
				"rightLeg": {
					"rotation": {
						"0.0": [60, 0, 2],
						"0.4": [-60, 0, 2],
						"0.8": [60, 0, 2]
					}
				},
				"rightLeg2": {
					"rotation": [10, 0, 0],
					"position": [0, -0.18, 0.35]
				},
				"leftArm": {
					"rotation": {
						"0.0": [60, 5, 0],
						"0.4": [-60, -5, 0],
						"0.8": [60, 5, 0]
					}
				},
				"leftArm2": {
					"rotation": [0, 0, 0],
					"position": [0, 0, 0]
				},
				"rightArm": {
					"rotation": {
						"0.0": [-60, 5, 0],
						"0.4": [60, -5, 0],
						"0.8": [-60, 5, 0]
					}
				},
				"rightArm2": {
					"rotation": [0, 0, 0],
					"position": [0, 0, 0]
				},
				"head": {
					"rotation": {
						"0.0": [0, 10, 0],
						"0.4": [0, -10, 0],
						"0.8": [0, 10, 0]
					}
				}
			}
		}
	}
}