{
	"format_version": "1.8.0",
	"animations": {
		"animation.stone.tc": {
			"loop": true,
			"animation_length": 99,
			"bones": {
				"body": {
					"position": {
						"0.0": [0, 0, 0],
						"0.15": [0, 16, 0]
					}
				},
				"body2": {
					"position": {
						"0.0": [0, 0, 0],
						"0.30": [0, 0, 0],
						"0.45": [0, 15, 0]
					}
				},
				"body3": {
					"position": {
						"0.0": [0, 0, 0],
						"0.6": [0, 0, 0],
						"0.75": [0, 13, 0]
					}
				},
				"body4": {
					"position": {
						"0.0": [0, 0, 0],
						"0.9": [0, 0, 0],
						"1.05": [0, 11, 0]
					}
				}
			}
		}
	}
}