{
	"format_version": "1.8.0",
	"animations": {
		"animation.zeklm.run": {
			"loop": true,
			"animation_length": 0.3,
			"bones": {
				"LegBL": {
					"rotation": {
						"0.0": {
							"post": [-30, 0, 0],
							"lerp_mode": "catmullrom"
						},
						"0.15": {
							"post": [20, 0, 0],
							"lerp_mode": "catmullrom"
						},
						"0.3": {
							"post": [-30, 0, 0],
							"lerp_mode": "catmullrom"
						}
					}
				},
				"LegBR": {
					"rotation": {
						"0.0": {
							"post": [20, 0, 0],
							"lerp_mode": "catmullrom"
						},
						"0.15": {
							"post": [-30, 0, 0],
							"lerp_mode": "catmullrom"
						},
						"0.3": {
							"post": [20, 0, 0],
							"lerp_mode": "catmullrom"
						}
					}
				},
				"LegFL": {
					"rotation": {
						"0.0": {
							"post": [20, 0, 0],
							"lerp_mode": "catmullrom"
						},
						"0.15": {
							"post": [-30, 0, 0],
							"lerp_mode": "catmullrom"
						},
						"0.3": {
							"post": [20, 0, 0],
							"lerp_mode": "catmullrom"
						}
					}
				},
				"LegFR": {
					"rotation": {
						"0.0": {
							"post": [-30, 0, 0],
							"lerp_mode": "catmullrom"
						},
						"0.15": {
							"post": [20, 0, 0],
							"lerp_mode": "catmullrom"
						},
						"0.3": {
							"post": [-30, 0, 0],
							"lerp_mode": "catmullrom"
						}
					}
				}
			}
		}
	}
}