{
	"format_version": "1.8.0",
	"animations": {
		"animation.lz_zezf.first_person": {
			"loop": "hold_on_last_frame",
			"animation_length": 0.6,
			"bones": {
				"rightitem": {
					"rotation": [61.2, 62.9, -44],
					"position": [1, 10, 4],
					"scale": 1.3
				},
				"axe1": {
					"scale": {
						"0.0": [0, 0, 0],
						"0.4": [0, 0, 0],
						"0.6": [1, 1, 1]
					}
				},
				"axe2": {
					"scale": {
						"0.0": [0, 0, 0],
						"0.2": [1, 1, 1]
					}
				},
				"axe3": {
					"scale": {
						"0.0": [0, 0, 0],
						"0.2": [0, 0, 0],
						"0.4": [1, 1, 1]
					}
				}
			}
		},
		"animation.lz_zezf.third_person": {
			"loop": "hold_on_last_frame",
			"animation_length": 0.6,
			"bones": {
				"rightitem": {
					"rotation": [40, 0, 0],
					"position": [0, 0, 1]
				},
				"axe2": {
					"scale": {
						"0.0": [0, 0, 0],
						"0.2": [1, 1, 1]
					}
				},
				"axe3": {
					"scale": {
						"0.0": [0, 0, 0],
						"0.2": [0, 0, 0],
						"0.4": [1, 1, 1]
					}
				},
				"axe1": {
					"scale": {
						"0.0": [0, 0, 0],
						"0.4": [0, 0, 0],
						"0.6": [1, 1, 1]
					}
				}
			}
		}
	}
}