{
  "format_version": "1.8.0",
  "minecraft:attachable": {
    "description": {
      "identifier": "lz:alex_sfz",
      "materials": {
        "default": "phantom",
        "enchanted": "phantom"
      },
      "textures": {
        "default": "textures/entities/alex",
        "enchanted": "textures/misc/enchanted_item_glint"
      },
      "geometry": {
        "default": "geometry.humanmodel"
      },
      "scripts": {
        "parent_setup": "variable.helmet_layer_visible = 0.0;"
      },
      "render_controllers": [
        "controller.render.armor"
      ]
    }
  }
}