{
  "format_version": "1.12",
  "minecraft:recipe_shapeless": {
    "description": {
      "identifier": "recipes_9df5d37b"
    },
    "tags": [
      "crafting_table"
    ],
    "ingredients": [
      {
        "item": "minecraft:raw_gold_block",
        "data": 0
      },
      {
        "item": "minecraft:blaze_powder",
        "data": 0
      },
      {
        "item": "minecraft:blaze_powder",
        "data": 0
      },
      {
        "item": "minecraft:blaze_powder",
        "data": 0
      }
    ],
    "result": {
      "item": "minecraft:gold_block",
      "count": 1,
      "data": 0
    }
  }
}