{
  "format_version": "1.12",
  "minecraft:recipe_shapeless": {
    "description": {
      "identifier": "recipes_8e451175"
    },
    "tags": [
      "crafting_table"
    ],
    "ingredients": [
      {
        "item": "minecraft:potion",
        "data": 0
      },
      {
        "item": "minecraft:lapis_lazuli",
        "data": 0
      },
      {
        "item": "minecraft:lapis_lazuli",
        "data": 0
      },
      {
        "item": "minecraft:lapis_lazuli",
        "data": 0
      }
    ],
    "result": {
      "item": "minecraft:experience_bottle",
      "count": 1,
      "data": 0
    }
  }
}