{
  "format_version": "1.12",
  "minecraft:recipe_shapeless": {
    "description": {
      "identifier": "recipes_faa49e23"
    },
    "tags": [
      "crafting_table"
    ],
    "ingredients": [
      {
        "item": "minecraft:sapling",
        "data": 0
      },
      {
        "item": "minecraft:soul_sand",
        "data": 0
      },
      {
        "item": "minecraft:soul_soil",
        "data": 0
      }
    ],
    "result": {
      "item": "minecraft:deadbush",
      "count": 1,
      "data": 0
    }
  }
}