{
  "format_version": "1.12",
  "minecraft:recipe_shapeless": {
    "description": {
      "identifier": "recipes_28a96f27"
    },
    "tags": [
      "crafting_table"
    ],
    "ingredients": [
      {
        "item": "minecraft:raw_copper_block",
        "data": 0
      },
      {
        "item": "minecraft:blaze_powder",
        "data": 0
      },
      {
        "item": "minecraft:blaze_powder",
        "data": 0
      },
      {
        "item": "minecraft:blaze_powder",
        "data": 0
      }
    ],
    "result": {
      "item": "minecraft:copper_block",
      "count": 1,
      "data": 0
    }
  }
}