{
  "format_version": "1.12",
  "minecraft:recipe_shaped": {
    "description": {
      "identifier": "recipes_6135d05e"
    },
    "tags": [
      "crafting_table"
    ],
    "pattern": [
      "  A",
      "ABA",
      "C C"
    ],
    "key": {
      "A": {
        "item": "minecraft:diamond",
        "data": 0
      },
      "B": {
        "item": "minecraft:horsearmorleather",
        "data": 0
      },
      "C": {
        "item": "minecraft:diamond",
        "data": 0
      }
    },
    "result": {
      "item": "minecraft:horsearmordiamond",
      "count": 1,
      "data": 0
    }
  }
}