{
  "format_version": "1.12",
  "minecraft:recipe_shaped": {
    "description": {
      "identifier": "recipes_b9407bf3"
    },
    "tags": [
      "crafting_table"
    ],
    "pattern": [
      "AAA",
      "BAB",
      " C "
    ],
    "key": {
      "A": {
        "item": "minecraft:leather",
        "data": 0
      },
      "B": {
        "item": "minecraft:rabbit_hide",
        "data": 0
      },
      "C": {
        "item": "minecraft:tripwire_hook",
        "data": 0
      }
    },
    "result": {
      "item": "minecraft:saddle",
      "count": 1,
      "data": 0
    }
  }
}