{
  "format_version": "1.12",
  "minecraft:recipe_shaped": {
    "description": {
      "identifier": "recipes_1ca033dd"
    },
    "tags": [
      "crafting_table"
    ],
    "pattern": [
      " A ",
      "AAA",
      " B "
    ],
    "key": {
      "A": {
        "item": "minecraft:leaves2",
        "data": 0
      },
      "B": {
        "item": "minecraft:deadbush",
        "data": 0
      }
    },
    "result": {
      "item": "minecraft:sapling",
      "count": 1,
      "data": 4
    }
  }
}