{
  "format_version": "1.12",
  "minecraft:recipe_shaped": {
    "description": {
      "identifier": "recipes_6d666b1f"
    },
    "tags": [
      "crafting_table"
    ],
    "pattern": [
      "AB",
      "AB"
    ],
    "key": {
      "A": {
        "item": "minecraft:blaze_powder",
        "data": 0
      },
      "B": {
        "item": "minecraft:blaze_powder",
        "data": 0
      }
    },
    "result": {
      "item": "minecraft:blaze_rod",
      "count": 2,
      "data": 0
    }
  }
}