{
  "format_version": "1.12",
  "minecraft:recipe_shaped": {
    "description": {
      "identifier": "recipes_5214852e"
    },
    "tags": [
      "crafting_table"
    ],
    "pattern": [
      "  A",
      "BCA",
      "A A"
    ],
    "key": {
      "A": {
        "item": "minecraft:iron_ingot",
        "data": 0
      },
      "B": {
        "item": "minecraft:iron_ingot",
        "data": 0
      },
      "C": {
        "item": "minecraft:horsearmorleather",
        "data": 0
      }
    },
    "result": {
      "item": "minecraft:horsearmoriron",
      "count": 1,
      "data": 0
    }
  }
}