{
  "format_version": "1.12",
  "minecraft:recipe_shaped": {
    "description": {
      "identifier": "recipes_c4ca6765"
    },
    "tags": [
      "crafting_table"
    ],
    "pattern": [
      " AA",
      " BA",
      "C  "
    ],
    "key": {
      "A": {
        "item": "minecraft:prismarine_crystals",
        "data": 0
      },
      "B": {
        "item": "minecraft:heart_of_the_sea",
        "data": 0
      },
      "C": {
        "item": "minecraft:prismarine_shard",
        "data": 0
      }
    },
    "result": {
      "item": "minecraft:trident",
      "count": 1,
      "data": 0
    }
  }
}