{
  "format_version": "1.12",
  "minecraft:recipe_shaped": {
    "description": {
      "identifier": "recipes_415bd640"
    },
    "tags": [
      "crafting_table"
    ],
    "pattern": [
      "  A",
      " B ",
      "B  "
    ],
    "key": {
      "A": {
        "item": "minecraft:lead",
        "data": 0
      },
      "B": {
        "item": "minecraft:emptymap",
        "data": 0
      }
    },
    "result": {
      "item": "minecraft:name_tag",
      "count": 1,
      "data": 0
    }
  }
}