{
  "format_version": "1.12",
  "minecraft:recipe_shapeless": {
    "description": {
      "identifier": "recipes_e4d37508"
    },
    "tags": [
      "crafting_table"
    ],
    "ingredients": [
      {
        "item": "minecraft:raw_gold",
        "data": 0
      },
      {
        "item": "minecraft:raw_gold",
        "data": 0
      },
      {
        "item": "minecraft:raw_gold",
        "data": 0
      },
      {
        "item": "minecraft:blaze_powder",
        "data": 0
      }
    ],
    "result": {
      "item": "minecraft:gold_ingot",
      "count": 3,
      "data": 0
    }
  }
}