{
  "format_version": "1.12",
  "minecraft:recipe_shapeless": {
    "description": {
      "identifier": "recipes_93ddbec0"
    },
    "tags": [
      "crafting_table"
    ],
    "ingredients": [
      {
        "item": "minecraft:sweet_berries",
        "data": 0
      },
      {
        "item": "minecraft:glowstone_dust",
        "data": 0
      },
      {
        "item": "minecraft:glowstone_dust",
        "data": 0
      },
      {
        "item": "minecraft:glowstone_dust",
        "data": 0
      }
    ],
    "result": {
      "item": "minecraft:glow_berries",
      "count": 1,
      "data": 0
    }
  }
}