{
  "format_version": "1.12",
  "minecraft:recipe_shapeless": {
    "description": {
      "identifier": "recipes_62742d11"
    },
    "tags": [
      "crafting_table"
    ],
    "ingredients": [
      {
        "item": "minecraft:gravel",
        "data": 0
      },
      {
        "item": "minecraft:gravel",
        "data": 0
      },
      {
        "item": "minecraft:gravel",
        "data": 0
      }
    ],
    "result": {
      "item": "minecraft:flint",
      "count": 1,
      "data": 0
    }
  }
}