{
  "format_version": "1.20.80",
  "minecraft:item": {
    "description": {
      "identifier": "lz:jy",
      "menu_category": {
        "category": "equipment",
        "group": "itemGroup.name.sword"
      }
    },
    "components": {
      "minecraft:icon": {
        "textures": {
          "default": "lz_jy"
        }
      },
      "minecraft:max_stack_size": 1,
      "minecraft:hand_equipped": true,
      "minecraft:allow_off_hand": true,
      "minecraft:foil": false,
      "minecraft:durability": {
        "max_durability": 99999,
        "damage_chance": {
          "min": 1,
          "max": 1
        }
      },
      "minecraft:repairable": {
        "repair_items": [
          {
            "items": ["minecraft:bedrock"],
            "repair_amount": 500
          },
          {
            "items": ["lz:jy"],
            "repair_amount": "context.other->query.remaining_durability + 0.2 * context.other->query.max_durability"
          }
        ]
      },
      "minecraft:mining_speed": 1,
      "minecraft:damage": 5,
      "minecraft:enchantable": {
        "value": 114,
        "slot": "sword"
      },
      "minecraft:can_destroy_in_creative": true,
      "minecraft:weapon": {
        "on_hurt_entity": {
          "event": "sweep_special"
        }
      },
      "minecraft:on_use": {
        "on_use": {
          "event": "on_use_event"
        }
      },
      "minecraft:display_name": {
        "value": "§5Bedrock"
      },
      "minecraft:cooldown": {
        "category": "jy",
        "duration": 15
      },
      "minecraft:tags": {
        "tags": [
          "minecraft:is_sword",
          "minecraft:is_tool"
        ]
      }
    },
    "events": {
      "sweep_special": {
        "sequence": [
          {
            "run_command": {
              "command": [
                "effect @s resistance 10 4 true"
              ]
            },
            "damage": {
              "type": "durability",
              "amount": 0
            }
          }
        ]
      },
      "on_use_event": {
        "sequence": [
          {
            "run_command": {
              "command": [
                "effect @s strength 10 4 true"
              ]
            }
          }
        ]
      }
    }
  }
}
