{
  "format_version": "1.20.80",
  "minecraft:item": {
    "description": {
      "identifier": "lz:cztk",
      "menu_category": {
        "category": "equipment",
        "group": "itemGroup.name.helmet"
      }
    },
    "components": {
      "minecraft:icon": {
        "textures": {
          "default": "villager_helmet"
        }
      },
      "minecraft:creative_category": {
        "parent": "itemGroup.name.helmet"
      },
      "minecraft:max_stack_size": 1,
      "minecraft:enchantable": {
        "value": 100,
        "slot": "armor_head"
      },
      "minecraft:durability": {
        "max_durability": 800,
        "damage_chance": {
          "min": 60,
          "max": 100
        }
      },
      "minecraft:knockback_resistance": {
        "protection": 0.2
      },
      "minecraft:mining_speed": 5,
      "minecraft:foil": false,
      "minecraft:hand_equipped": true,
      "minecraft:wearable": {
        "slot": "slot.armor.head"
      },
      "minecraft:repairable": {
        "repair_items": [
          {
            "items": [
              "minecraft:iron_ingot"
            ],
            "repair_amount": 200
          }
        ]
      },
      "minecraft:armor": {
        "protection": 4
      },
      "minecraft:display_name": {
        "value": "Villager Scout Helmet"
      }
    }
  }
}
