{
  "format_version": "1.20.80",
  "minecraft:item": {
    "description": {
      "identifier": "lz:diamond_helmet_shadow",
      "menu_category": {
        "category": "equipment",
        "group": "itemGroup.name.helmet"
      }
    },
    "components": {
      "minecraft:icon": {
        "textures": {
          "default": "diamond_helmet_shadow"
        }
      },
      "minecraft:max_stack_size": 1,
      "minecraft:enchantable": {
        "value": 114,
        "slot": "armor_head"
      },
      "minecraft:durability": {
        "max_durability": 6600,
        "damage_chance": {
          "min": 60,
          "max": 100
        }
      },
      "minecraft:knockback_resistance": {
        "protection": 0.6
      },
      "minecraft:mining_speed": 5,
      "minecraft:foil": false,
      "minecraft:hand_equipped": true,
      "minecraft:wearable": {
        "slot": "slot.armor.head",
        "protection": 27
      },
      "minecraft:repairable": {
        "repair_items": [
          {
            "items": [
              "lz:shadowobsidian"
            ],
            "repair_amount": 2600
          }
        ]
      },
      "minecraft:display_name": {
        "value": "§0Obsidian §bDiamond Helmet"
      }
    }
  }
}
