{
  "format_version": "1.20.80",
  "minecraft:item": {
    "description": {
      "identifier": "lz:error_sword",
      "menu_category": {
        "category": "equipment",
        "group": "itemGroup.name.sword"
      }
    },
    "components": {
      "minecraft:icon": {
        "textures": {
          "default": "error_sword"
        }
      },
      "minecraft:creative_category": {
        "parent": "itemGroup.name.sword"
      },
      "minecraft:max_stack_size": 1,
      "minecraft:hand_equipped": true,
      "minecraft:allow_off_hand": true,
      "minecraft:foil": false,
      "minecraft:durability": {
        "max_durability": 21474,
        "damage_chance": {
          "min": 60,
          "max": 100
        }
      },
      "minecraft:repairable": {
        "repair_items": [
          {
            "items": [
              "air"
            ],
            "repair_amount": 2
          },
          {
            "items": [
              "lz:error_sword"
            ],
            "repair_amount": "context.other->query.remaining_durability + 0.2 * context.other->query.max_durability"
          }
        ]
      },
      "minecraft:mining_speed": 1,
      "minecraft:damage": 50,
      "minecraft:enchantable": {
        "value": 114,
        "slot": "sword"
      },
      "minecraft:can_destroy_in_creative": true,
      "minecraft:weapon": {
        "on_hurt_entity": {
          "event": "sweep_special"
        },
        "on_not_hurt_entity": {
          "event": "hurt"
        },
        "on_hit_block": {
          "event": "hurt"
        }
      },
      "minecraft:on_use": {
        "on_use": {
          "event": "on_use_event"
        }
      },
      "minecraft:display_name": {
        "value": "§kERROR"
      },
      "minecraft:cooldown": {
        "category": "errorsword",
        "duration": 5
      },
      "minecraft:tags": {
        "tags": [
          "minecraft:is_katana",
          "minecraft:is_tool"
        ]
      }
    },
    "events": {
      "sweep_special": {
        "sequence": [
          {
            "run_command": {
              "command": [""]
            },
            "damage": {
              "type": "durability",
              "amount": 0
            }
          }
        ]
      },
      "on_use_event": {
        "sequence": [
          {
            "run_command": {
              "command": ["execute @s ~~~ execute @a[r=16] ~~~ playsound sound.error @s ~~~ 100 1 100"]
            },
            "shoot": {
              "projectile": "lz:error_cs",
              "launch_power": 0.5
            },
            "damage": {
              "type": "durability",
              "amount": 0
            }
          }
        ]
      }
    }
  }
}
