{
  "format_version": "1.20.80",
  "minecraft:item": {
    "description": {
      "identifier": "lz:jxzszr",
      "menu_category": {
        "category": "equipment",
        "group": "itemGroup.name.sword"
      }
    },
    "components": {
      "minecraft:icon": {
        "textures": {
          "default": "lz_jxzr"
        }
      },
      "minecraft:creative_category": {
        "parent": "itemGroup.name.sword"
      },
      "minecraft:max_stack_size": 1,
      "minecraft:hand_equipped": true,
      "minecraft:allow_off_hand": true,
      "minecraft:foil": false,
      "minecraft:durability": {
        "max_durability": 5000,
        "damage_chance": {
          "min": 60,
          "max": 100
        }
      },
      "minecraft:repairable": {
        "repair_items": [
          {
            "items": [
              "minecraft:gold_block"
            ],
            "repair_amount": 500
          },
          {
            "items": [
              "lz:jxzszr"
            ],
            "repair_amount": "context.other->query.remaining_durability + 0.2 * context.other->query.max_durability"
          }
        ]
      },
      "minecraft:mining_speed": 2,
      "minecraft:damage": 50,
      "minecraft:enchantable": {
        "value": 99,
        "slot": "sword"
      },
      "minecraft:can_destroy_in_creative": true,
      "minecraft:weapon": {
        "on_hurt_entity": {
          "event": "sweep_special"
        },
        "on_not_hurt_entity": {
          "event": "hurt"
        },
        "on_hit_block": {
          "event": "hurt"
        }
      },
      "minecraft:on_use": {
        "on_use": {
          "event": "on_use_event"
        }
      },
      "minecraft:display_name": {
        "value": "§eGolden §uLegendary Sword"
      },
      "minecraft:cooldown": {
        "category": "zszr",
        "duration": 5
      },
      "minecraft:tags": {
        "tags": [
          "minecraft:is_scythe",
          "minecraft:is_tool"
        ]
      }
    },
    "events": {
      "sweep_special": {
        "sequence": [
          {
            "run_command": {
              "command": [
                "tag @s add zszr2",
                "playsound attack.b @a[r=8] ~ ~ ~ 100 1 100",
                "execute @s ~~~ particle lz:zszrjq ^^1.5^1.55",
                "execute @s ~~~ damage @e[type=!item,type=!xp_orb,tag=!zszr2,type=!boat,type=!armor_stand,r=3.5] 36 entity_attack entity @s",
                "tag @s remove zszr2"
              ]
            },
            "damage": {
              "type": "durability",
              "amount": 1
            }
          }
        ]
      },
      "on_use_event": {
        "sequence": [
          {
            "run_command": {
              "command": [
                "tag @s add zszr",
                "playanimation @s [type=xc:steve2] animation.stevefn.attack",
                "execute @s ~~~ damage @e[type=!item,type=!xp_orb,tag=!zszr,r=5] 60 entity_attack entity @s",
                "tag @s remove zszr"
              ],
              "target": "self"
            }
          },
          {
            "damage": {
              "type": "magic",
              "amount": 1,
              "target": "self"
            }
          }
        ]
      },
      "hurt": {
        "damage": {
          "type": "magic",
          "amount": 1,
          "target": "self"
        }
      }
    }
  }
}
