{
  "format_version": "1.20.80",
  "minecraft:item": {
    "description": {
      "identifier": "lz:potatoqz",
      "menu_category": {
        "category": "equipment",
        "group": "itemGroup.name.sword"
      }
    },
    "components": {
      "minecraft:icon": {
        "textures": {
          "default": "potatoqz"
        }
      },
      "minecraft:creative_category": {
        "parent": "itemGroup.name.sword"
      },
      "minecraft:max_stack_size": 1,
      "minecraft:hand_equipped": true,
      "minecraft:allow_off_hand": true,
      "minecraft:foil": false,
      "minecraft:durability": {
        "max_durability": 3676,
        "damage_chance": {
          "min": 60,
          "max": 100
        }
      },
      "minecraft:repairable": {
        "repair_items": [
          {
            "items": [
              "minecraft:potato"
            ],
            "repair_amount": "context.other->query.remaining_durability + 0.2 * context.other->query.max_durability"
          },
          {
            "items": [
              "lz:potatoqz"
            ],
            "repair_amount": "context.other->query.remaining_durability + 0.2 * context.other->query.max_durability"
          }
        ]
      },
      "minecraft:mining_speed": 1,
      "minecraft:damage": 14,
      "minecraft:enchantable": {
        "value": 99,
        "slot": "sword"
      },
      "minecraft:can_destroy_in_creative": true,
      "minecraft:weapon": {
        "on_hurt_entity": {
          "event": "sweep_special"
        },
        "on_not_hurt_entity": {
          "event": "hurt"
        },
        "on_hit_block": {
          "event": "hurt"
        }
      },
      "minecraft:on_use": {
        "on_use": {
          "event": "on_use_event"
        }
      },
      "minecraft:display_name": {
        "value": "§ePotato §6Staff"
      },
      "minecraft:cooldown": {
        "category": "potatoqz",
        "duration": 0
      },
      "minecraft:tags": {
        "tags": [
          "minecraft:is_sword",
          "minecraft:is_tool"
        ]
      }
    },
    "events": {
      "sweep_special": {
        "sequence": [
          {
            "run_command": {
              "command": [
                ""
              ]
            },
            "damage": {
              "type": "durability",
              "amount": 0
            }
          }
        ]
      },
      "on_use_event": {
        "sequence": [
          {
            "run_command": {
              "command": [
                "playsound random.pop @a[r=16] ~ ~ ~ 100 0.6 100"
              ]
            },
            "shoot": {
              "projectile": "lz:potato",
              "launch_power": 0.6
            },
            "damage": {
              "type": "durability",
              "amount": 0
            }
          }
        ]
      }
    }
  }
}
