{
  "format_version": "1.20.80",
  "minecraft:item": {
    "description": {
      "identifier": "lz:shadowobsidian",
      "menu_category": {
        "category": "equipment",
        "group": "itemGroup.name.sword"
      }
    },
    "components": {
      "minecraft:icon": {
        "textures": {
          "default": "shadow_obsidian"
        }
      },
      "minecraft:max_stack_size": 1,
      "minecraft:hand_equipped": true,
      "minecraft:allow_off_hand": true,
      "minecraft:foil": false,
      "minecraft:durability": {
        "max_durability": 5000,
        "damage_chance": {
          "min": 60,
          "max": 100
        }
      },
      "minecraft:repairable": {
        "repair_items": [
          {
            "items": ["minecraft:obsidian"],
            "repair_amount": 500
          },
          {
            "items": ["lz:shadowobsidian"],
            "repair_amount": "context.other->query.remaining_durability + 0.2 * context.other->query.max_durability"
          }
        ]
      },
      "minecraft:mining_speed": 1,
      "minecraft:damage": 17,
      "minecraft:enchantable": {
        "value": 114,
        "slot": "sword"
      },
      "minecraft:can_destroy_in_creative": true,
      "minecraft:weapon": {
        "on_hurt_entity": {
          "event": "sweep_special"
        }
      },
      "minecraft:on_use": {
        "on_use": {
          "event": "on_use_event"
        }
      },
      "minecraft:display_name": {
        "value": "§8Shadow Obsidian"
      },
      "minecraft:cooldown": {
        "category": "shadow_obsidian",
        "duration": 2.5
      },
      "minecraft:tags": {
        "tags": [
          "minecraft:is_sword",
          "minecraft:is_tool"
        ]
      }
    },
    "events": {
      "sweep_special": {
        "sequence": [
          {
            "run_command": {
              "command": [
                "function obsidianattack"
              ]
            },
            "damage": {
              "type": "durability",
              "amount": 1
            }
          }
        ]
      },
      "on_use_event": {
        "sequence": [
          {
            "run_command": {
              "command": [
                "tag @s add ay",
                "execute @p[tag=ay] ~~~ playsound random.anvil_land @a[r=16] ~ ~ ~ 100 0.6 100"
              ]
            },
            "shoot": {
              "projectile": "lz:shadow_obsidian2",
              "launch_power": 0.5
            },
            "damage": {
              "type": "durability",
              "amount": 0
            }
          }
        ]
      }
    }
  }
}
