{
  "format_version": "1.20.80",
  "minecraft:item": {
    "description": {
      "identifier": "lz:warden_huge_axe",
      "menu_category": {
        "category": "equipment",
        "group": "itemGroup.name.sword"
      }
    },
    "components": {
      "minecraft:icon": {
        "textures": {
          "default": "warden_huge_axe"
        }
      },
      "minecraft:creative_category": {
        "parent": "itemGroup.name.sword"
      },
      "minecraft:max_stack_size": 1,
      "minecraft:hand_equipped": true,
      "minecraft:allow_off_hand": true,
      "minecraft:foil": false,
      "minecraft:durability": {
        "max_durability": 5000,
        "damage_chance": {
          "min": 60,
          "max": 100
        }
      },
      "minecraft:repairable": {
        "repair_items": [
          {
            "items": [
              "lz:dark_netherite"
            ],
            "repair_amount": 1200
          },
          {
            "items": [
              "lz:warden_huge_axe"
            ],
            "repair_amount": "context.other->query.remaining_durability + 0.2 * context.other->query.max_durability"
          }
        ]
      },
      "minecraft:damage": 48,
      "minecraft:enchantable": {
        "value": 114,
        "slot": "sword"
      },
      "minecraft:can_destroy_in_creative": true,
      "minecraft:weapon": {
        "on_hurt_entity": {
          "event": "sweep_special"
        },
        "on_not_hurt_entity": {
          "event": "hurt"
        },
        "on_hit_block": {
          "event": "hurt"
        }
      },
      "minecraft:on_use": {
        "on_use": {
          "event": "on_use_event"
        }
      },
      "minecraft:display_name": {
        "value": "§bWarden Axe"
      },
      "minecraft:cooldown": {
        "category": "warden_huge_axe",
        "duration": 10
      },
      "minecraft:tags": {
        "tags": [
          "minecraft:is_scythe",
          "minecraft:is_tool"
        ]
      }
    },
    "events": {
      "sweep_special": {
        "sequence": [
          {
            "run_command": {
              "command": [
                "playsound attack.b @a[r=32] ~ ~ ~ 100 1 100",
                "execute @s ~~~ particle lz:zszrjq ^^1.5^1.5",
                "playsound mob.warden.attack @a[r=32] ~ ~ ~ 100 1 100"
              ]
            },
            "damage": {
              "type": "durability",
              "amount": 1
            }
          }
        ]
      },
      "on_use_event": {
        "sequence": [
          {
            "run_command": {
              "command": [
                "tag @s add warden_axe",
                "effect @e[type=!item,type=!xp_orb,tag=!warden_axe,r=10] slowness 2 255 true",
                "effect @e[type=!item,type=!xp_orb,tag=!warden_axe,r=10] blindness 10 255 true",
                "tag @s remove warden_axe",
                "execute @s ~~~ execute @a[r=16] ~~~ playsound mob.warden.roar @s ~ ~ ~ 100 0.8 100",
                "effect @s speed 10 1 true",
                "effect @s strength 10 0 true",
                "fog @s push minecraft:fog_soulsand_valley a",
                "tag @s add warden_axe_fog"
              ],
              "target": "self"
            }
          },
          {
            "damage": {
              "type": "magic",
              "amount": 1,
              "target": "self"
            }
          }
        ]
      },
      "hurt": {
        "damage": {
          "type": "magic",
          "amount": 1,
          "target": "self"
        }
      }
    }
  }
}
