{
  "format_version": "1.20.80",
  "minecraft:item": {
    "description": {
      "identifier": "lz:xhly_cmqsj",
      "menu_category": {
        "category": "equipment",
        "group": "itemGroup.name.sword"
      }
    },
    "components": {
      "minecraft:icon": {
        "textures": {
          "default": "xhly_cmqsj"
        }
      },
      "minecraft:creative_category": {
        "parent": "itemGroup.name.sword"
      },
      "minecraft:max_stack_size": 1,
      "minecraft:hand_equipped": true,
      "minecraft:allow_off_hand": true,
      "minecraft:foil": false,
      "minecraft:durability": {
        "max_durability": 5000,
        "damage_chance": {
          "min": 60,
          "max": 100
        }
      },
      "minecraft:repairable": {
        "repair_items": [
          {
            "items": [
              "lz:red_diamond"
            ],
            "repair_amount": 600
          },
          {
            "items": [
              "lz:xhly_cmqsj"
            ],
            "repair_amount": "context.other->query.remaining_durability + 0.2 * context.other->query.max_durability"
          }
        ]
      },
      "minecraft:damage": 60,
      "minecraft:enchantable": {
        "value": 114,
        "slot": "sword"
      },
      "minecraft:can_destroy_in_creative": true,
      "minecraft:weapon": {
        "on_hurt_entity": {
          "event": "sweep_special"
        },
        "on_not_hurt_entity": {
          "event": "hurt"
        },
        "on_hit_block": {
          "event": "hurt"
        }
      },
      "minecraft:on_use": {
        "on_use": {
          "event": "on_use_event"
        }
      },
      "minecraft:display_name": {
        "value": "§6Creator Sword Incinerate"
      },
      "minecraft:cooldown": {
        "category": "xhly3",
        "duration": 10
      },
      "minecraft:tags": {
        "tags": [
          "minecraft:is_katana",
          "minecraft:is_tool"
        ]
      }
    },
    "events": {
      "sweep_special": {
        "sequence": [
          {
            "run_command": {
              "command": [
                "playsound attack.a @a[r=8] ~ ~ ~ 100 1 100",
                "execute @s ~~~ particle lz:redjq ^^1.5^1.55"
              ]
            },
            "damage": {
              "type": "durability",
              "amount": 1
            }
          }
        ]
      },
      "on_use_event": {
        "sequence": [
          {
            "run_command": {
              "command": [
                "function parry",
                "tag @s add xhzj",
                "execute @s ~~~ damage @e[type=!item,type=!xp_orb,tag=!xhzj,r=4] 45 fire entity @s",
                "effect @e[type=!item,type=!xp_orb,tag=!xhzj,r=4] wither 5 5 true",
                "effect @e[type=!item,type=!xp_orb,tag=!xhzj,r=4] slowness 1 3 true",
                "tag @s remove xhzj",
                "particle lz:slow_fire ^^1^2",
                "particle lz:slow_fire ^^1^-2",
                "particle lz:slow_fire ^2^1^",
                "particle lz:slow_fire ^-2^1^"
              ],
              "target": "self"
            }
          },
          {
            "damage": {
              "type": "magic",
              "amount": 1,
              "target": "self"
            }
          }
        ]
      },
      "hurt": {
        "damage": {
          "type": "magic",
          "amount": 1,
          "target": "self"
        }
      }
    }
  }
}
