{
  "format_version": "1.13.0",
  "minecraft:entity": {
    "description": {
      "is_spawnable": true,
      "is_summonable": true,
      "is_experimental":false,
      "identifier": "lz:lower_player",
      "runtime_identifier": "minecraft:pillager",
	  "scripts": {
		"animate": [
		  "parry",
		  "angry",
		  "drink"
        ]
      },
      "animations": {
        "parry": "controller.animation.parry",
        "angry": "controller.animation.angry",
        "drink": "animation.drink"
	  }
    },
     "component_groups": {
         	   "q": {
	   
	   
	  "minecraft:mark_variant":{
		"value":9
		}
	   
	   },
      "minecraft:melee_mode": {
        "minecraft:attack": {
          "damage": {
			"range_min": 3,
			"range_max": 5
		  }
		},
		"minecraft:attack": {
        "effect_name": "",
        "effect_duration": 0,
        "damage": 4
      },
        "minecraft:behavior.delayed_attack": {
         "priority": 1,
        "track_target": true,
        "speed_multiplier": 1.25,
        "delay_the_blow": 0.0,
        "attack_duration": 0.0,
        "hit_delay_pct": 0.0,
        "reach_multiplier": 3.5
      }
     },
      "minecraft:tp": {
        "minecraft:behavior.avoid_mob_type": {
          "priority": 0.01,
          "entity_types": [
            {
              "filters": {
                "test": "is_family",
                "subject": "other",
                "value": "player"
              },
              "max_dist": 32,
              "walk_speed_multiplier": 2.2,
              "sprint_speed_multiplier": 32.8
            }
          ]
        }
     },
      
      "minecraft:end": {
        "minecraft:shooter": {
            "type": "arrow",
          "def": "minecraft:ender_pearl"
        },
        "minecraft:equipment": {
          "table": "loot_tables/items/air.json"
        },
		"minecraft:is_charged": {
        },
        "minecraft:behavior.ranged_attack": {
          "priority": 1,
          "attack_interval_min": 0.9,
          "attack_interval_max": 2,
          "burst_shots": 1,
          "burst_interval": 1,
          "attack_radius": 32
        }
      },
	  
	  "minecraft:full_health": {
        "minecraft:variant": {
          "value": 0
        },
      "minecraft:health": {
        "value": {
        "range_min": 20,
        "range_max": 240
      }
    },
      "minecraft:equipment": {
        "table": "loot_tables/items/lowerplayer.json"
      },
        "minecraft:movement": {
          "max": 0.45,
          "value": 0.35
        },
        "minecraft:follow_range": {
          "value": 64
        },
        "minecraft:behavior.hurt_by_target": {
          "priority": 2,
          "entity_types": {
            "filters": { "test": "is_family", "subject": "other", "operator": "!=", "value": "creeper" }
          }
        },
      
	    "minecraft:target_nearby_sensor": {
          "inside_range": 5.0,
          "outside_range": 6.0,
          "on_inside_range": {
            "event": "minecraft:switch_to_melee",
            "target": "self"
          },
          "on_outside_range": {
            "event": "minecraft:switch_to_ranged",
            "target": "self"
          }
        },
        "minecraft:movement.basic": {
        },
        "minecraft:can_climb": {
        },
		"minecraft:behavior.move_towards_target": {
          "priority": 2,
          "speed_multiplier": 0.9,
          "within_radius": 32
        },
        "minecraft:behavior.random_stroll": {
          "priority": 6,
          "speed_multiplier": 0.6,
          "xz_dist": 16
        }
      }
    },
        "components": {
      "minecraft:experience_reward": {
        "on_death": "query.last_hit_by_player ? 20 + (query.equipment_count * Math.Random(5,9)) : 0"
      },
	  "minecraft:environment_sensor":{
	  "triggers": [
	  {
        "filters": {
          "all_of": [
		  {
		   "test": "has_damage",
		   "subject": "self",
		    "operator": "equals",
		     "value": "fatal" 
		     }
          ]
        },
        "event": "q"
      }
	  ]
	  },
        "minecraft:behavior.defend_village_target": {
          "priority": 1
        },
        "minecraft:dweller": {
          "dwelling_type": "village",
          "dweller_role": "defender",
          "update_interval_base": 60,
          "update_interval_variant": 40,
          "can_find_poi": false,
          "can_migrate": true,
          "first_founding_reward": 0
        },
      "minecraft:nameable": {
        "always_show": true,
        "allow_name_tag_renaming": false,
        "alwaysShow": false,
        "allowNameTagRenaming": false
      },
      "minecraft:behavior.nearest_attackable_target": {
        "priority": 2,
        "within_radius": 64,
        "reselect_targets": true,
        "entity_types": [
          {
            "filters": {
              "any_of": [
                {
                        "test": "is_family",
                        "subject": "other",
                        "value": "monster"
                },
                {
                        "test": "is_family",
                        "subject": "other",
                        "value": "villager"
                },
                {
                        "test": "is_family",
                        "subject": "other",
                        "value": "player"
                },
                {
                        "test": "is_family",
                        "subject": "other",
                        "value": "irongolem"
                },
                {
                        "test": "is_family",
                        "subject": "other",
                        "value": "herobrine"
                }
              ]
            },
            "max_dist": 64
          }
        ],
        "must_see": true,
        "must_see_forget_duration": 17.0
      },
      "minecraft:behavior.stay_while_sitting": {
        "priority": 3
      },
	  "minecraft:behavior.move_to_land":{
	  "speed_multiplier": 1.2,
	  "search_range":64,
	  "search_height":16,
	  "search_count":10,
	  "goal_radius":0.5
	  },
      "minecraft:type_family": {
        "family": [ "player", "mob" ]
      },
        "minecraft:scale": {
          "value":1.0
        },
        "minecraft:loot": {
        "table": "loot_tables/entities/lowerplayer.json"
      },
        "minecraft:movement": {
          "max": 0.45,
          "value": 0.35
        },
        "minecraft:behavior.float":{
    "priority": 0
        },
        "minecraft:behavior.charge_held_item": {
        "priority": 3,
        "items": [
          "minecraft:arrow"
        ]
      },
      "minecraft:collision_box": {
        "width": 0.5,
        "height": 1.95
      },
      "minecraft:behavior.find_mount":{
        "priority": 0,
        "within_radius": 16,
        "avoid_water": true,
        "start_delay": 0,
        "target_needed": false,
        "mount_distance": 2.0
      },
      "minecraft:movement.basic": {
      },
      "minecraft:navigation.walk": {
        "is_amphibious": true,
        "can_pass_doors": true,
        "can_open_doors": true,
        "avoid_water": true,
        "avoid_portals": true,
        "can_path_over_water": true
      },
      "minecraft:annotation.open_door": {
      },
      "minecraft:jump.static": {
      },
      "minecraft:can_climb": {
      },
      "minecraft:able": {
        "total_supply": 15,
        "suffocate_time": 0,
        "breathes_air": true,
        "breathes_water": false
      },
      "minecraft:behavior.random_stroll": {
        "priority": 8,
        "speed_multiplier": 1
      },
      "minecraft:behavior.look_at_player": {
        "priority": 7,
        "look_distance": 6,
        "probability": 0.02
      },
      "minecraft:behavior.random_look_around": {
        "priority": 7
      },
      "minecraft:behavior.hurt_by_target": {
        "priority": 1
      },
      "minecraft:physics": {
      },
      "minecraft:pushable": {
        "is_pushable": true,
        "is_pushable_by_piston": true
      }
    },
        "events": {
                    "q": {
        "remove": {
          "component_groups": [
            "a","b"
          ]
        },
        "add": {
          "component_groups": [
            "q"
          ]
        }
      },
	  "minecraft:entity_spawned": {
        "add": {
          "component_groups": [
            "minecraft:full_health"
          ]
        }
      },
      "minecraft:switch_to_melee": {
        "remove": {
          "component_groups": [
            "minecraft:end"
          ]
        },
        "add": {
          "component_groups": [
            "minecraft:melee_mode"
          ]
        }
      },
      "minecraft:tp": {
        "remove": {
          "component_groups": [
            "minecraft:melee_mode"
          ]
        },
        "add": {
          "component_groups": [
            "minecraft:behavior.avoid_mob_type"
          ]
        }
      },
      "minecraft:switch_to_ranged": {
        "remove": {
          "component_groups": [
            "minecraft:melee_mode"
          ]
        },     
        "randomize": [
          {
            "weight": 35,
            "add": {
              "component_groups": [
                "minecraft:end"
              ]
            }
          }
        ]
      }
    }
  }
}