{
  "format_version": "1.13.0",
  "minecraft:entity": {
    "description": {
      "is_spawnable": true,
      "is_summonable": true,
      "is_experimental":false,
      "identifier": "lz:red_shirt_zombie",
      "runtime_identifier": "minecraft:pillager"
    },
    "component_groups": {
     "minecraft:items": {
	    "minecraft:health": {
          "value": {
          "range_min": 80,
          "range_max": 150
          }
        }
      }
    },
     "components": {
      "minecraft:loot": {
        "table": "loot_tables/entities/zombie.json"
      },
      "minecraft:equipment": {
        "table": "loot_tables/items/red_shirt_zombie.json"
      },
      "minecraft:experience_reward": {
        "on_death": "query.last_hit_by_player ? 12 + (query.equipment_count * Math.Random(1,3)) : 0"
      },
      "minecraft:behavior.random_stroll": {
        "priority": 4
      },
      "minecraft:behavior.hurt_by_target": {
        "reselect_targets": true,
        "priority": 2,
        "entity_types": {
          "filters": {
            "all_of": [
              {
                "test": "is_family",
                "subject": "other",
                "operator": "!=",
                "value": "inanimate"
              }
            ]
          }
        }
      },
      "minecraft:behavior.melee_attack": {
        "priority": 4,
        "target_dist": 1.2,
        "speed_multiplier": 2.0,
        "track_target": true
      },
      "minecraft:hurt_on_condition": {
        "damage_conditions": [
          {
            "filters": { "test": "in_lava", "subject": "self", "operator": "==", "value": true },
            "cause": "lava",
            "damage_per_tick": 4
          }
        ]
      },
      "minecraft:underwater_movement": {
        "value": 0.15
      },
      "minecraft:behavior.find_mount":{
        "priority": 0,
        "within_radius": 16,
        "avoid_water": true,
        "start_delay": 0,
        "target_needed": false,
        "mount_distance": 2.0
      },
      "minecraft:navigation.walk": {
        "is_amphibious": true,
        "avoid_water": true,
        "avoid_portals": true,
        "can_path_over_water": true
      },
      "minecraft:able": {
        "total_supply": 15,
        "suffocate_time": 0,
        "breathes_air": true,
        "breathes_water": false
      },
      "minecraft:knockback_resistance": {
        "value": 0.2,
        "max": 0.2
      },
      "minecraft:collision_box": {
        "width": 0.6,
        "height": 1.95
      },
      "minecraft:attack": {
        "damage": 6
      },
      "minecraft:movement": {
        "value": 0.2,
        "max": 0.2
      },
      "minecraft:fall_damage": {
        "value": 0
      },
      "minecraft:follow_range": {
        "value": 48
      },
      "minecraft:movement.basic": {},
      "minecraft:jump.static": {},
      "minecraft:can_climb": {},
      "minecraft:scale": {
        "value": 1
      },
      "minecraft:nameable": {
        "always_show": true,
        "allow_name_tag_renaming": false
      },
      "minecraft:behavior.nearest_attackable_target": {
        "speed_multiplier": 1,
        "entity_types": [
          {
            "filters": {
              "any_of": [
                {
                 "test": "is_family", "subject": "other",
                  "value": "player" 
                },
                {
                 "test": "is_family", "subject": "other",
                  "value": "villager" 
                 },
                {
                 "test": "is_family", "subject": "other",
                  "value": "irongolem" 
                 }
              ]
            },
            "max_dist": 64
          },
          {
            "filters": {
              "any_of": [
                { "test": "is_family", "subject": "other", "value": "villager" },
                { "test": "is_family", "subject": "other", "value": "wandering_trader" }
              ]
            },
            "max_dist": 60.0,
            "must_see": false
          }
        ],
        "within_radius": 60,
        "must_see": true,
        "must_reach": true
      },
      "minecraft:behavior.look_at_player": {
        "priority": 6,
        "look_distance": 8
      },
      "minecraft:behavior.random_look_around": {
        "priority": 4
      },
      "minecraft:type_family": {
        "family": [ "herobrine", "undead", "monster", "mob" ]
      },
      "minecraft:physics": {}
    },
    "events": {
	  "minecraft:entity_spawned": {
        "add": {
          "component_groups": [
            "minecraft:items"
          ]
        }
      }
    }
  }
}