{
  "format_version": "1.13.0",
  "minecraft:entity": {
    "description": {
      "identifier": "lz:fire",
      "is_spawnable": false,
      "is_summonable": true,
      "is_experimental": false,
      "runtime_identifier": "minecraft:snowball",
      "scripts": {
		"animate": [
		"attack",
		"die"
		]
      },
      "animations": {
      "attack": "animation.fire",
      "die": "animation.xhly_die"
      }
    },
    "components": {
      "minecraft:collision_box": {
        "width": 0.0,
        "height": 0.0
      },
      "minecraft:projectile": {
        "on_hit": {
        "definition_event": {
        "affect_target": true,
        "event_trigger": {
        "event": "",
             "target": "self"
                    }
                }
            },
        "power": 0.0,
        "gravity": 0.0,
        "angle_offset": 0.0
      },
	    "minecraft:physics": {
      },
      "minecraft:pushable": {
        "is_pushable": false,
        "is_pushable_by_piston": false
      }
    },
    "events": {
      "lz:fire": {
        "run_command": {
          "command": ["execute @s ~~~ damage @e[tag=!xhly,type=!item,type=!xp_orb,type=!lz:fire,r=2] 35 magic entity @p[tag=xhly]","execute @e[type=lz:fire,c=1] ~~~ particle minecraft:mobflame_single"],
                "target": "self"
            }
        }
     }
  }
}