{
  "mob.warrior_golem.say": {
    "category": " neutral",
    "sounds": [
      "sounds/mob/warrior_golem/say"
    ]
  },
  "sound.attack.xmjg": {
    "sounds": [
      {
        "name": "sounds/xmjg"
      }
    ]
  },
  "sound.hys": {
    "sounds": [
      {
        "name": "sounds/hys"
      }
    ]
  },
  "sound.x": {
    "sounds": [
      {
        "name": "sounds/x"
      }
    ]
  },
  "sound.cjpg": {
    "sounds": [
      {
        "name": "sounds/cjpg"
      }
    ]
  },
  "sound.hyjszh": {
    "sounds": [
      {
        "name": "sounds/hyjszh"
      }
    ]
  },
  "sound.jbgz": {
    "sounds": [
      {
        "name": "sounds/jbgz"
      }
    ]
  },
  "sound.jy": {
    "sounds": [
      {
        "name": "sounds/jy"
      }
    ]
  },
  "sound.attack.xmwq": {
    "sounds": [
      {
        "name": "sounds/xmwq"
      }
    ]
  },
  "mob.warrior_golem.death": {
    "category": " neutral",
    "sounds": [
      "sounds/mob/warrior_golem/death"
    ]
  },
    "sound.cmsw": {
      "sounds": [
        {
          "name": "sounds/cmsw/cmsw1"
        },
        {
          "name": "sounds/cmsw/cmsw2"
        },
        {
          "name": "sounds/cmsw/cmsw3"
        }
      ]
    },
    "sound.kyhb": {
      "sounds": [
        {
          "name": "sounds/kyhb/kyhb"
        },
        {
          "name": "sounds/kyhb/kyhb2"
        },
        {
          "name": "sounds/kyhb/kyhb3"
        },
        {
          "name": "sounds/kyhb/kyhb4"
        },
        {
          "name": "sounds/kyhb/kyhb5"
        },
        {
          "name": "sounds/kyhb/kyhb6"
        },
        {
          "name": "sounds/kyhb/kyhb7"
      }
    ]
  },
    "sound.steve": {
      "sounds": [
        {
          "name": "sounds/steve/steve"
        },
        {
          "name": "sounds/steve/steve1"
        },
        {
          "name": "sounds/steve/steve2"
        },
        {
          "name": "sounds/steve/steve3"
        },
        {
          "name": "sounds/steve/steve4"
        },
        {
          "name": "sounds/steve/steve5"
        },
        {
          "name": "sounds/steve/steve6"
        },
        {
          "name": "sounds/steve/steve7"
        },
        {
          "name": "sounds/steve/steve8"
      }
    ]
  },
    "sound.grave": {
      "sounds": [
        {
          "name": "sounds/grave/grave"
        },
        {
          "name": "sounds/grave/grave2"
        },
        {
          "name": "sounds/grave/grave3"
        },
        {
          "name": "sounds/grave/grave4"
        },
        {
          "name": "sounds/grave/grave5"
        },
        {
          "name": "sounds/grave/grave6"
        },
        {
          "name": "sounds/grave/grave7"
        },
        {
          "name": "sounds/grave/grave8"
        },
        {
          "name": "sounds/grave/grave9"
        },
        {
          "name": "sounds/grave/grave10"
      }
    ]
  },
    "sound.cmw": {
      "sounds": [
        {
          "name": "sounds/cmw/cmw"
        },
        {
          "name": "sounds/cmw/cmw2"
        },
        {
          "name": "sounds/cmw/cmw1"
        },
        {
          "name": "sounds/cmw/cmw4"
        },
        {
          "name": "sounds/cmw/cmw3"
      }
    ]
  },
  "mob.hyjs.say": {
    "category": "hostile",
    "sounds": [
      "sounds/mob/zombie/say1",
      {
        "name": "sounds/mob/zombie/say2",
        "load_on_low_memory": true
      },
      "sounds/mob/zombie/say3",
      "sound/hyjs"
    ]
  },
  "mob.warrior_golem.throw": {
    "category": " neutral",
    "sounds": [
      "sounds/mob/warrior_golem/throw"
    ]
  },
  "mob.warrior_golem.hurt": {
    "category": " neutral",
    "sounds": [
      "sounds/mob/warrior_golem/hurt"
    ]
  }
}