{
	"format_version": "1.16.0",
	"minecraft:entity": {
		"description": {
			"identifier": "xc:lf",
			"is_spawnable": false,
			"is_summonable": true,
			"is_experimental": false,
			"runtime_identifier": "arrow"
		},
        "component_groups": {
            "from_explosion": {
              "minecraft:explode": {
                "fuse_length": {
                "range_min": 3.1,
                "range_max": 3.5
          },
          "fuse_lit": true,
          "power": 4,
          "causes_fire": false
        }
      }
    },
		"components": {
            "minecraft:collision_box": {
                "width": 0.48,
                "height": 0.48
            },
			"minecraft:projectile": {
				"on_hit": {
					"impact_damage": {
			"damage": 0,
			"knockback": true,
			"semi_random_diff_damage": true 
		},
		"definition_event": {
      "affect_projectile": true,
      "event_trigger": {
            "event": "fire",
            "target": "self"
      }

     },
     "catch_fire": {
        "fire_affected_by_griefing": true
      },
					"remove_on_hit": { }
				},
				"power": 1.6,
				"gravity": 0.005,
				"inertia": 1,
				"anchor": 2,
				"offset": [
					0,
					0,
					0
				],
				"semi_random_diff_damage": false,
				"reflect_on_hurt": false,
				"hit_sound": "mob.blaze.shoot",
				"liquid_inertia": 0.1,
				"catch_fire": true,
				"multiple_targets": false
			},
            "minecraft:explode": {
                "fuse_length": 3,
                "fuse_lit": true,
                "power": 2,
                "causes_fire": false
            },
			"minecraft:physics": {
				"has_collision": true
			}
		},
		"events": {
			"fire": {
				"run_command": {
	"command": [
		 "summon xc:xtnt"
		]
	}
   },
    "from_explosion": {
      "add": {
        "component_groups": [
          "from_explosion"
        ]
      }
    }
  }
 }
}
