{
  "format_version": "1.8.0",
  "minecraft:client_entity": {
    "description": {
      "identifier": "xc:fmhszjtkl",
      "materials": { 
      "default": "phantom",
      "charged": "charged_creeper"
      },
      "textures": { 
      "default": "textures/entities/hszjtkl1",
      "charged": "textures/entities/zjtklfm"
      },
      "geometry": { 
      "default": "geometry.zjkl",
      "charged": "geometry.fmzjkl"
      },
      "scripts": {
        "pre_animation": [
          "variable.tcos0 = (Math.cos(query.modified_distance_moved * 38.17) * query.modified_move_speed / variable.gliding_speed_value) * 57.3;",
          "variable.swelling_scale1 = (Math.pow(Math.clamp(query.swell_amount, 0.0, 1.0), 4.0) * 0.4 + 1.0) * variable.wobble;",
          "variable.swelling_scale2 = (Math.pow(Math.clamp(query.swell_amount, 0.0, 1.0), 4.0) * 0.1 + 1.0) / variable.wobble;",
          "variable.leg_rot = Math.cos(query.modified_distance_moved * 38.17326) * 80.22 * query.modified_move_speed;",
          "variable.flash = Math.mod(Math.Round(query.swell_amount * 10.0), 2.0);"
        ]
      },
      "animations": {
        "move": "animation.zjkl.move",
        "roar": "animation.zjkl.smash",
        "flower": "animation.iron_golem.flower",
        "attack.rotations": "animation.zjkl.attack"
      },
      "animation_controllers": [
        { "look_at_target": "controller.animation.boss.look_at_target" },
        { "move": "controller.animation.boss.move" },
        { "roar": "controller.animation.boss.roar" },
        { "flower": "controller.animation.boss.flower" },
        { "powered": "controller.animation.boss.powered" },
        { "zombie_attack_bare_hand": "controller.animation.boss.attack" }
      ],
      "particle_effects": {
        "regeneration": "mc:regeneration"
      },
          "render_controllers": [ "controller.render.creeper", "controller.render.creeper_armor" ],
      "enable_attachables": true,
      "spawn_egg": {
        "texture": "egg_hszjtkl"
      }
    }
  }
}