{
  "format_version": "1.8.0",
  "minecraft:client_entity": {
    "description": {
      "identifier": "xc:panda",
      "materials": { "default": "parrot" },
      "textures": { "default": "textures/entities/xc_panda" },
      "geometry": { "default": "geometry.xcpanda" },
      "scripts": {
        "scale": "0.9375"
      },
      "animations": {
        "move": "animation.panda.move",
        "roar": "animation.panda.xms",
        "flower": "animation.iron_golem.flower",
        "attack.rotations": "animation.panda.attack"
      },
      "animation_controllers": [
        { "look_at_target": "controller.animation.boss.look_at_target" },
        { "move": "controller.animation.boss.move" },
        { "roar": "controller.animation.boss.roar" },
        { "flower": "controller.animation.boss.flower" },
        { "powered": "controller.animation.boss.powered" },
        { "zombie_attack_bare_hand": "controller.animation.boss.attack" }
      ],
      "particle_effects": {
        "regeneration": "mc:regeneration"
      },
      "render_controllers": [ "controller.render.default" ],
      "enable_attachables": true,
      "spawn_egg": {
        "texture": "egg_panda"
      }
    }
  }
}