{
	"format_version": "1.10.0",
	"particle_effect": {
		"description": {
			"identifier": "xc:dg",
			"basic_render_parameters": {
				"material": "particles_blend",
				"texture": "textures/custom/dg"
			}
		},
		"components": {
			"minecraft:emitter_rate_instant": {
				"num_particles": 1
			},
			"minecraft:emitter_lifetime_looping": {
				"active_time": 1
			},
			"minecraft:emitter_shape_point": {
				"offset": [0, 0.3, 0]
			},
			"minecraft:particle_lifetime_expression": {
				"max_lifetime": 0.1
			},
			"minecraft:particle_initial_spin": {
				"rotation": "variable.particle_random_3*360",
				"rotation_rate": 1
			},
			"minecraft:particle_initial_speed": 0,
			"minecraft:particle_motion_dynamic": {},
			"minecraft:particle_appearance_billboard": {
				"size": [3, 3],
				"facing_camera_mode": "rotate_xyz",
				"uv": {
					"texture_width": 64,
					"texture_height": 64,
					"uv": [0, 0],
					"uv_size": [64, 64]
				}
			},
			"minecraft:particle_appearance_tinting": {
				"color": {
					"interpolant": "variable.particle_random_1",
					"gradient": {
						"0.0": "#70FFFFFF",
						"0.73": "#8CFFFBAA"
					}
				}
			}
		}
	}
}