{
	"format_version": "1.10.0",
	"particle_effect": {
		"description": {
			"identifier": "xc:hg",
			"basic_render_parameters": {
				"material": "particles_alpha",
				"texture": "textures/custom/hg"
			}
		},
		"components": {
			"minecraft:emitter_rate_instant": {
				"num_particles": 200
			},
			"minecraft:emitter_lifetime_expression": {
				"activation_expression": 5
			},
			"minecraft:emitter_shape_point": {
				"direction": ["Math.random(-0.75, 0.75)", "Math.random(-0.75, 0.75)", "Math.random(-0.75, 0.75)"]
			},
			"minecraft:particle_lifetime_expression": {
				"max_lifetime": "Math.random(0.1, 0.6)"
			},
			"minecraft:particle_initial_speed": "Math.random(7, 11.0)",
			"minecraft:particle_motion_dynamic": {
				"linear_drag_coefficient": 6,
				"rotation_acceleration": "variable.particle_age * -360.0"
			},
			"minecraft:particle_appearance_billboard": {
				"size": [0.2, 0.2],
				"facing_camera_mode": "lookat_xyz",
				"uv": {
					"texture_width": 4,
					"texture_height": 4,
					"uv": [0, 0],
					"uv_size": [4, 4]
				}
			},
			"minecraft:particle_appearance_lighting": {},
			"minecraft:particle_appearance_tinting": {
				"color": ["Math.clamp(-0.5 * variable.particle_age + 1, 0, 1)", "Math.clamp(-0.5 * variable.particle_age + 1, 0, 1)", "Math.clamp(-0.5 * variable.particle_age + 1, 0, 1)", "Math.clamp(-math.pow(variable.particle_age * 1.3, 2.15) + 1.0, 0, 1)"]
			}
		}
	}
}