{
	"format_version": "1.10.0",
	"particle_effect": {
		"description": {
			"identifier": "xc:jq",
			"basic_render_parameters": {
				"material": "particles_alpha",
				"texture": "textures/particle/particles"
			}
		},
		"components": {
			"minecraft:emitter_rate_instant": {
				"num_particles": 600
			},
			"minecraft:emitter_lifetime_looping": {
				"active_time": 0.5
			},
			"minecraft:emitter_shape_point": {
				"offset": ["math.cos(variable.particle_random_2 * 180) * (4-variable.particle_random_1)", 0, "math.sin(variable.particle_random_2 * 180) * (-4+variable.particle_random_1)"]
			},
			"minecraft:particle_lifetime_expression": {
				"max_lifetime": "4 / Math.Random(1, 5) + 0.2"
			},
			"minecraft:particle_initial_speed": 30,
			"minecraft:particle_motion_dynamic": {
				"linear_drag_coefficient": 16
			},
			"minecraft:particle_appearance_billboard": {
				"size": ["variable.particle_random_1 * variable.particle_random_2 * 0.3 + 0.1", "variable.particle_random_1 * variable.particle_random_2 * 0.3 + 0.1"],
				"facing_camera_mode": "lookat_xyz",
				"uv": {
					"texture_width": 128,
					"texture_height": 128,
					"flipbook": {
						"base_UV": [56, 0],
						"size_UV": [8, 8],
						"step_UV": [-8, 0],
						"frames_per_second": 8,
						"max_frame": 8
					}
				}
			},
			"minecraft:particle_motion_collision": {
				"collision_drag": 10,
				"coefficient_of_restitution": 0.1,
				"collision_radius": 0.1
			},
			"minecraft:particle_appearance_lighting": {},
			"minecraft:particle_appearance_tinting": {
				"color": {
					"interpolant": "v.particle_age / v.particle_lifetime",
					"gradient": {
						"0.0": "#63CCE5FF",
						"1.3": "#A645B3B4",
						"2.5": "#BF3FB0B3",
						"3.8": "#8F4AD4FF",
						"5.0": "#FF20827A"
					}
				}
			}
		}
	}
}