{
	"format_version": "1.10.0",
	"particle_effect": {
		"description": {
			"identifier": "jshs",
			"basic_render_parameters": {
				"material": "particles_alpha",
				"texture": "textures/custom/jshs"
			}
		},
		"components": {
			"minecraft:emitter_rate_instant": {
				"num_particles": 1
			},
			"minecraft:emitter_lifetime_once": {
				"active_time": 1
			},
			"minecraft:emitter_shape_sphere": {
				"radius": 0.025,
				"direction": "outwards"
			},
			"minecraft:particle_lifetime_expression": {
				"max_lifetime": 0.4
			},
			"minecraft:particle_initial_speed": 0,
			"minecraft:particle_motion_dynamic": {},
			"minecraft:particle_appearance_billboard": {
				"size": [2, 1],
				"facing_camera_mode": "lookat_xyz",
				"uv": {
					"texture_width": 256,
					"texture_height": 8,
					"flipbook": {
						"base_UV": [0, 0],
						"size_UV": [32, 8],
						"step_UV": [32, 0],
						"frames_per_second": 8,
						"max_frame": 8,
						"stretch_to_lifetime": true
					}
				}
			}
		}
	}
}