{
	"format_version": "1.10.0",
	"particle_effect": {
		"description": {
			"identifier": "xc:hssd",
			"basic_render_parameters": {
				"material": "particles_blend",
				"texture": "textures/particle/particles"
			}
		},
		"components": {
			"minecraft:emitter_rate_steady": {
				"spawn_rate": 600,
				"max_particles": 600
			},
			"minecraft:emitter_lifetime_looping": {
				"active_time": 1
			},
			"minecraft:emitter_shape_box": {
				"offset": ["math.sin(variable.emitter_age*360)*0.5", 1, "math.cos(variable.emitter_age*360)*0.5"],
				"half_dimensions": [1, 0, 1],
				"direction": "outwards"
			},
			"minecraft:particle_lifetime_expression": {
				"max_lifetime": 1
			},
			"minecraft:particle_initial_spin": {
				"rotation": "variable.particle_random_3*360"
			},
			"minecraft:particle_initial_speed": 50,
			"minecraft:particle_motion_dynamic": {
				"linear_acceleration": [1, 0, 1],
				"linear_drag_coefficient": 10
			},
			"minecraft:particle_appearance_billboard": {
				"size": ["0.3+variable.particle_random_1/10", "0.3+variable.particle_random_1/10"],
				"facing_camera_mode": "rotate_xyz",
				"uv": {
					"texture_width": 128,
					"texture_height": 128,
					"flipbook": {
						"base_UV": [5, 32],
						"size_UV": [8, 8],
						"step_UV": [1, 0],
						"frames_per_second": 32,
						"max_frame": 16,
						"stretch_to_lifetime": true,
						"loop": true
					}
				}
			},
			"minecraft:particle_appearance_tinting": {
				"color": {
					"interpolant": "variable.particle_random_1",
					"gradient": {
						"0.22": "#80FFFF18",
						"1.35": "#FFFFFF11"
					}
				}
			}
		}
	}
}