{
	"format_version": "1.10.0",
	"particle_effect": {
		"description": {
			"identifier": "xc:jd",
			"basic_render_parameters": {
				"material": "particles_blend",
				"texture": "textures/particle/particles"
			}
		},
		"components": {
			"minecraft:emitter_rate_steady": {
				"spawn_rate": 1000,
				"max_particles": 1000
			},
			"minecraft:emitter_lifetime_looping": {
				"active_time": 1
			},
			"minecraft:emitter_shape_box": {
				"offset": ["math.sin(variable.emitter_age*360)*1.5", "variable.particle_age*0", "math.cos(variable.emitter_age*360)*1.5"],
				"half_dimensions": [0.1, 1, 0.1],
				"direction": "outwards"
			},
			"minecraft:particle_lifetime_expression": {
				"max_lifetime": 1
			},
			"minecraft:particle_initial_spin": {
				"rotation": "variable.particle_random_3*360",
				"rotation_rate": 1000
			},
			"minecraft:particle_initial_speed": 29,
			"minecraft:particle_motion_dynamic": {
				"linear_acceleration": [1, 40, 1],
				"linear_drag_coefficient": 10
			},
			"minecraft:particle_appearance_billboard": {
				"size": ["0.05+variable.particle_random_1/15", "0.1+variable.particle_random_1/15"],
				"facing_camera_mode": "rotate_xyz",
				"uv": {
					"texture_width": 128,
					"texture_height": 128,
					"flipbook": {
						"base_UV": [0, 120],
						"size_UV": [16, 16],
						"step_UV": [8, 0],
						"frames_per_second": 32,
						"max_frame": 8,
						"stretch_to_lifetime": true,
						"loop": true
					}
				}
			},
			"minecraft:particle_appearance_tinting": {
				"color": {
					"interpolant": "variable.particle_random_1",
					"gradient": {
						"0.0": "#42FFFFFF",
						"0.45": "#73ABFFFF",
						"0.81": "#5961E5E3",
						"1.35": "#5E00EBFF"
					}
				}
			}
		}
	}
}