{
	"format_version": "1.10.0",
	"particle_effect": {
		"description": {
			"identifier": "xc:ldlz",
			"basic_render_parameters": {
				"material": "particles_alpha",
				"texture": "textures/particle/particles"
			}
		},
		"components": {
			"minecraft:emitter_initialization": {
				"creation_expression": "variable.size = 0.03;variable.lifetime = 2.2;"
			},
			"minecraft:emitter_rate_steady": {
				"spawn_rate": 2000,
				"max_particles": 2000
			},
			"minecraft:emitter_lifetime_looping": {
				"active_time": 3
			},
			"minecraft:emitter_shape_point": {
				"offset": ["math.sin(variable.emitter_age*70-90)*2", 3, "math.cos(variable.emitter_age*70-90)*2"]
			},
			"minecraft:particle_lifetime_expression": {
				"max_lifetime": "variable.particle_random_1*variable.lifetime"
			},
			"minecraft:particle_initial_speed": 10,
			"minecraft:particle_motion_dynamic": {
				"linear_acceleration": ["(variable.particle_random_3-0.5)", -1, "(variable.particle_random_4-0.5)"]
			},
			"minecraft:particle_appearance_billboard": {
				"size": ["variable.size*(variable.particle_random_1*variable.lifetime-variable.particle_age)", "variable.size*(variable.particle_random_1*variable.lifetime-variable.particle_age)"],
				"facing_camera_mode": "rotate_xyz",
				"uv": {
					"texture_width": 128,
					"texture_height": 128,
					"uv": [40, 80],
					"uv_size": [8, 8]
				}
			},
			"minecraft:particle_appearance_tinting": {
				"color": {
					"interpolant": "v.particle_age / v.particle_lifetime",
					"gradient": {
						"0.0": "#FFCBF4FF",
						"0.3": "#FF5AE0FF",
						"1.26": "#FF00EEFF",
						"1.83": "#FF00C1FF",
						"2.31": "#FF11DEFF",
						"3.0": "#FF75DAFF"
					}
				}
			}
		}
	}
}