{
	"format_version": "1.10.0",
	"particle_effect": {
		"description": {
			"identifier": "xc:ljf",
			"basic_render_parameters": {
				"material": "particles_blend",
				"texture": "textures/particle/particles"
			}
		},
		"components": {
			"minecraft:emitter_rate_steady": {
				"spawn_rate": 1000,
				"max_particles": 1000
			},
			"minecraft:emitter_lifetime_looping": {
				"active_time": 1
			},
			"minecraft:emitter_shape_point": {
				"offset": ["math.sin(variable.emitter_age*380)*1", "variable.particle_age*15", "math.cos(variable.emitter_age*380)*1"]
			},
			"minecraft:particle_lifetime_expression": {
				"max_lifetime": 1
			},
			"minecraft:particle_initial_spin": {
				"rotation": "variable.particle_random_3*360"
			},
			"minecraft:particle_initial_speed": 10,
			"minecraft:particle_motion_dynamic": {
				"linear_acceleration": [0, 400, 0],
				"linear_drag_coefficient": 10
			},
			"minecraft:particle_appearance_billboard": {
				"size": ["0.7+variable.particle_random_1/2", "0.7+variable.particle_random_1/2"],
				"facing_camera_mode": "rotate_xyz",
				"uv": {
					"texture_width": 128,
					"texture_height": 128,
					"flipbook": {
						"base_UV": [0, 80],
						"size_UV": [8, 8],
						"step_UV": [8, 0],
						"frames_per_second": 32,
						"max_frame": 16,
						"stretch_to_lifetime": true,
						"loop": true
					}
				}
			},
			"minecraft:particle_appearance_tinting": {
				"color": {
					"interpolant": "variable.particle_random_1",
					"gradient": {
						"0.0": "#85FFFFFF",
						"1.35": "#FF00EBFF"
					}
				}
			}
		}
	}
}