{
	"format_version": "1.10.0",
	"particle_effect": {
		"description": {
			"identifier": "xc:mb",
			"basic_render_parameters": {
				"material": "particles_blend",
				"texture": "textures/custom/sd"
			}
		},
		"components": {
			"minecraft:emitter_rate_instant": {
				"num_particles": 100
			},
			"minecraft:emitter_lifetime_looping": {
				"active_time": 1,
				"sleep_time": 1
			},
			"minecraft:emitter_shape_point": {
				"offset": ["math.sin(variable.emitter_age*360)*0.5", "variable.particle_age*2", "math.cos(variable.emitter_age*360)*0.5"]
			},
			"minecraft:particle_lifetime_expression": {
				"max_lifetime": 0.3
			},
			"minecraft:particle_initial_spin": {
				"rotation": "variable.particle_random_3*100",
				"rotation_rate": 3
			},
			"minecraft:particle_initial_speed": 20,
			"minecraft:particle_motion_dynamic": {
				"linear_acceleration": ["math.sin(variable.emitter_age*360)*1.5", 29, "math.cos(variable.emitter_age*360)*1.5"],
				"linear_drag_coefficient": 10
			},
			"minecraft:particle_appearance_billboard": {
				"size": ["0.5+variable.particle_random_1/100", "0.5+variable.particle_random_1/100"],
				"facing_camera_mode": "rotate_xyz",
				"uv": {
					"texture_width": 512,
					"texture_height": 64,
					"flipbook": {
						"base_UV": [0, 0],
						"size_UV": [64, 64],
						"step_UV": [65, 0],
						"frames_per_second": 32,
						"max_frame": 8,
						"stretch_to_lifetime": true,
						"loop": true
					}
				}
			},
			"minecraft:particle_appearance_tinting": {
				"color": {
					"interpolant": "variable.particle_random_1",
					"gradient": {
						"0.0": "#42FFFFFF",
						"0.45": "#800EEFEF",
						"0.81": "#5961E5E3",
						"1.35": "#5E00FFE9"
					}
				}
			}
		}
	}
}