{
	"format_version": "1.10.0",
	"particle_effect": {
		"description": {
			"identifier": "snowstorm:rainbow",
			"basic_render_parameters": {
				"material": "particles_alpha",
				"texture": "textures/custom/dow"
			}
		},
		"curves": {
			"variable.rainbow": {
				"type": "catmull_rom",
				"input": "variable.particle_random_2",
				"horizontal_range": 1,
				"nodes": [1, 0, 1, 1.18]
			},
			"variable.psize": {
				"type": "catmull_rom",
				"input": "variable.particle_age",
				"horizontal_range": "variable.particle_lifetime",
				"nodes": [0, 0, 1, 0, 0]
			}
		},
		"components": {
			"minecraft:emitter_initialization": {
				"creation_expression": "variable.radius = 2.5;"
			},
			"minecraft:emitter_rate_steady": {
				"spawn_rate": 1000,
				"max_particles": 1000
			},
			"minecraft:emitter_lifetime_looping": {
				"active_time": 10
			},
			"minecraft:emitter_shape_point": {
				"offset": ["math.cos(variable.emitter_age * 180) * (2.5-variable.particle_random_2)", "math.sin(variable.emitter_age * 180) * (2.5-variable.particle_random_2)", 0]
			},
			"minecraft:particle_lifetime_expression": {
				"max_lifetime": 1.5
			},
			"minecraft:particle_initial_speed": 0,
			"minecraft:particle_motion_dynamic": {
				"linear_acceleration": [0, 6, 0.5]
			},
			"minecraft:particle_appearance_billboard": {
				"size": [0.4, 0.4],
				"facing_camera_mode": "rotate_xyz",
				"uv": {
					"texture_width": 16,
					"texture_height": 512,
					"flipbook": {
						"base_UV": [0, 0],
						"size_UV": [16, 16],
						"step_UV": [0, 16],
						"frames_per_second": 15,
						"max_frame": 32
					}
				}
			}
		}
	}
}