{
	"format_version": "1.10.0",
	"particle_effect": {
		"description": {
			"identifier": "xc:gdhh",
			"basic_render_parameters": {
				"material": "particles_alpha",
				"texture": "textures/custom/death"
			}
		},
		"components": {
			"minecraft:emitter_rate_steady": {
				"spawn_rate": 100,
				"max_particles": 300
			},
			"minecraft:emitter_lifetime_looping": {
				"active_time": 1
			},
			"minecraft:emitter_shape_disc": {
				"offset": [0, 0.4, 0],
				"radius": 1.2,
				"direction": ["Math.random(-1.16, 1.16)", "Math.random(0.16, 1.16)", "Math.random(-1.16, 1.16)"]
			},
			"minecraft:particle_lifetime_expression": {
				"max_lifetime": "Math.random(3, 3.4)"
			},
			"minecraft:particle_initial_speed": 5,
			"minecraft:particle_motion_dynamic": {
				"linear_acceleration": ["Math.random(-1.16, 1.16)", "Math.random(-0.16, 1.16)", "Math.random(-1.16, 1.16)"],
				"linear_drag_coefficient": 1
			},
			"minecraft:particle_appearance_billboard": {
				"size": [0.4, 0.4],
				"facing_camera_mode": "lookat_xyz",
				"uv": {
					"texture_width": 16,
					"texture_height": 176,
					"flipbook": {
						"base_UV": [0, 0],
						"size_UV": [16, 16],
						"step_UV": [0, 16],
						"max_frame": 32,
						"stretch_to_lifetime": true
					}
				}
			},
			"minecraft:particle_appearance_lighting": {}
		}
	}
}