{
	"format_version": "1.10.0",
	"particle_effect": {
		"description": {
			"identifier": "xc:gd",
			"basic_render_parameters": {
				"material": "particles_alpha",
				"texture": "textures/particle/particles"
			}
		},
		"components": {
			"minecraft:emitter_initialization": {
				"creation_expression": "variable.size = 0.03;variable.lifetime = 2.2;"
			},
			"minecraft:emitter_rate_steady": {
				"spawn_rate": 2000,
				"max_particles": 2000
			},
			"minecraft:emitter_lifetime_looping": {
				"active_time": 1
			},
			"minecraft:emitter_shape_point": {
				"offset": ["math.sin(variable.emitter_age*380)*1", 1.3, "math.cos(variable.emitter_age*380)*1"]
			},
			"minecraft:particle_lifetime_expression": {
				"max_lifetime": 0.5
			},
			"minecraft:particle_initial_speed": 4,
			"minecraft:particle_motion_dynamic": {
				"linear_acceleration": [0, -4, 0],
				"linear_drag_coefficient": 6
			},
			"minecraft:particle_appearance_billboard": {
				"size": [0.08, 0.08],
				"facing_camera_mode": "rotate_xyz",
				"uv": {
					"texture_width": 128,
					"texture_height": 128,
					"flipbook": {
						"base_UV": [56, 80],
						"size_UV": [8, 8],
						"step_UV": [16, 0],
						"frames_per_second": 8,
						"max_frame": 8
					}
				}
			},
			"minecraft:particle_appearance_tinting": {
				"color": ["variable.particle_random_1 * 0.6 + 0.1", "variable.particle_random_1 * 0.6 + 0.1", "variable.particle_random_1 * 0.6 + 0.1", "variable.particle_random_1 * 1"]
			}
		}
	}
}