{
	"format_version": "1.10.0",
	"particle_effect": {
		"description": {
			"identifier": "xc:xk",
			"basic_render_parameters": {
				"material": "particles_alpha",
				"texture": "textures/blocks/wool_colored_white"
			}
		},
		"components": {
			"minecraft:emitter_rate_steady": {
				"spawn_rate": 1000,
				"max_particles": 100000
			},
			"minecraft:emitter_lifetime_looping": {
				"active_time": 1
			},
			"minecraft:emitter_shape_point": {
				"offset": ["(-1*math.sin(180*variable.emitter_age))*Math.sin(18*math.ceil(20*variable.particle_random_2))+(-1*math.cos(180*variable.emitter_age)*2+2)*Math.cos(18*math.ceil(20*variable.particle_random_2))", 0, "(-1*math.sin(180*variable.emitter_age))*Math.cos(18*math.ceil(20*variable.particle_random_2))-(-1*math.cos(180*variable.emitter_age)*2+2)*Math.sin(18*math.ceil(20*variable.particle_random_2))"]
			},
			"minecraft:particle_lifetime_expression": {
				"max_lifetime": 0.4
			},
			"minecraft:particle_initial_speed": 0,
			"minecraft:particle_motion_dynamic": {},
			"minecraft:particle_appearance_billboard": {
				"size": [0.2, 0.2],
				"facing_camera_mode": "rotate_xyz",
				"uv": {
					"texture_width": 16,
					"texture_height": 16,
					"uv": [0, 0],
					"uv_size": [1, 1]
				}
			}
		}
	}
}