{
	"format_version": "1.10.0",
	"particle_effect": {
		"description": {
			"identifier": "xc:fj",
			"basic_render_parameters": {
				"material": "particles_alpha",
				"texture": "textures/particle/particles"
			}
		},
		"components": {
			"minecraft:emitter_rate_steady": {
				"spawn_rate": 2000,
				"max_particles": 2000
			},
			"minecraft:emitter_lifetime_looping": {
				"active_time": 0.5
			},
			"minecraft:emitter_shape_point": {
				"offset": ["math.cos(variable.particle_random_2 * 360) * (4-variable.particle_random_1)", 5, "math.sin(variable.particle_random_2 * 360) * (-4+variable.particle_random_1)"]
			},
			"minecraft:particle_lifetime_expression": {
				"max_lifetime": "4 / Math.Random(1, 5) + 2"
			},
			"minecraft:particle_initial_speed": 300,
			"minecraft:particle_motion_dynamic": {
				"linear_acceleration": ["variable.particle_random_1 * variable.particle_random_2 * 2 + 0.1", 24, "variable.particle_random_1 * variable.particle_random_2 * -0.3 + 0.1"],
				"linear_drag_coefficient": 16
			},
			"minecraft:particle_appearance_billboard": {
				"size": ["variable.particle_random_1 * variable.particle_random_2 * 0.3 + 0.1", "variable.particle_random_1 * variable.particle_random_2 * 0.3 + 0.1"],
				"facing_camera_mode": "lookat_xyz",
				"uv": {
					"texture_width": 128,
					"texture_height": 128,
					"flipbook": {
						"base_UV": [56, 0],
						"size_UV": [8, 8],
						"step_UV": [-8, 0],
						"frames_per_second": 8,
						"max_frame": 8
					}
				}
			},
			"minecraft:particle_motion_collision": {
				"collision_drag": 10,
				"coefficient_of_restitution": 0.1,
				"collision_radius": 0.1
			},
			"minecraft:particle_appearance_tinting": {
				"color": {
					"interpolant": "v.particle_age / v.particle_lifetime",
					"gradient": {
						"0.0": "#63BDDEFF",
						"0.28": "#FF0489FF",
						"0.52": "#FF3DFEFF",
						"0.76": "#FF0076FF",
						"1.0": "#BF009AFF",
						"1.28": "#FF02408F",
						"1.6": "#FF0366FF",
						"2.0": "#FF017BFF"
					}
				}
			}
		}
	}
}