{
	"format_version": "1.10.0",
	"particle_effect": {
		"description": {
			"identifier": "xc:jdtx4",
			"basic_render_parameters": {
				"material": "particles_alpha",
				"texture": "textures/particle/particles"
			}
		},
		"components": {
			"minecraft:emitter_rate_steady": {
				"spawn_rate": 100000,
				"max_particles": 150
			},
			"minecraft:emitter_lifetime_looping": {
				"sleep_time": 5
			},
			"minecraft:emitter_shape_point": {},
			"minecraft:particle_lifetime_expression": {
				"max_lifetime": 0.67
			},
			"minecraft:particle_initial_spin": {
				"rotation": "variable.particle_random_7*360",
				"rotation_rate": 2
			},
			"minecraft:particle_initial_speed": 9,
			"minecraft:particle_motion_dynamic": {
				"linear_drag_coefficient": 1
			},
			"minecraft:particle_appearance_billboard": {
				"size": ["0.07+variable.particle_random_1/6", "0.07+variable.particle_random_1/6"],
				"facing_camera_mode": "rotate_xyz",
				"uv": {
					"texture_width": 128,
					"texture_height": 128,
					"flipbook": {
						"base_UV": ["math.floor(variable.particle_random_2*8)*8", 72],
						"size_UV": [8, 8],
						"step_UV": [0, 0]
					}
				}
			},
			"minecraft:particle_motion_collision": {
				"collision_drag": 10
			},
			"minecraft:particle_appearance_lighting": {},
			"minecraft:particle_appearance_tinting": {
				"color": ["variable.particle_random_4", "variable.particle_random_2", "variable.particle_random_2", "variable.particle_random_2"]
			}
		}
	}
}