{
	"format_version": "1.10.0",
	"particle_effect": {
		"description": {
			"identifier": "xc:bssd",
			"basic_render_parameters": {
				"material": "particles_alpha",
				"texture": "textures/particle/particles"
			}
		},
		"components": {
			"minecraft:emitter_rate_instant": {
				"num_particles": 500
			},
			"minecraft:emitter_lifetime_looping": {
				"active_time": 5
			},
			"minecraft:emitter_shape_box": {
				"offset": [0, 1, 0],
				"half_dimensions": [0.7, 0, 0.7],
				"direction": ["Math.random(-1, 1)", "0.20-Math.random(0, 1)", "Math.random(-1, 1)"]
			},
			"minecraft:particle_lifetime_expression": {
				"max_lifetime": 2
			},
			"minecraft:particle_initial_spin": {
				"rotation": "variable.particle_random_3*360"
			},
			"minecraft:particle_initial_speed": 10,
			"minecraft:particle_motion_dynamic": {
				"linear_drag_coefficient": 2
			},
			"minecraft:particle_appearance_billboard": {
				"size": ["0.07+variable.particle_random_1/6", "0.07+variable.particle_random_1/6"],
				"facing_camera_mode": "rotate_xyz",
				"uv": {
					"texture_width": 128,
					"texture_height": 128,
					"uv": ["math.floor(variable.particle_random_2*8)*8", 72],
					"uv_size": [8, 8]
				}
			},
			"minecraft:particle_motion_collision": {
				"collision_drag": 10,
				"collision_radius": 0.1
			},
			"minecraft:particle_appearance_tinting": {
				"color": {
					"interpolant": "variable.particle_random_1",
					"gradient": {
						"0.0": "#FFFF5050",
						"0.49": "#FFFFFFFF",
						"1.0": "#FFFF3C3C"
					}
				}
			}
		}
	}
}