{
	"format_version": "1.10.0",
	"particle_effect": {
		"description": {
			"identifier": "xc:bslys",
			"basic_render_parameters": {
				"material": "particles_alpha",
				"texture": "textures/particle/particles"
			}
		},
		"components": {
			"minecraft:emitter_rate_steady": {
				"spawn_rate": 500,
				"max_particles": 500
			},
			"minecraft:emitter_lifetime_looping": {
				"active_time": 1
			},
			"minecraft:emitter_shape_box": {
				"offset": [0, 0.1, 0],
				"half_dimensions": [1, 0, 1],
				"direction": ["math.sin(variable.particle_random_2 * 360) * (-1-variable.particle_random_1)", 0, "math.cos(variable.particle_random_2 * 360) * (1+variable.particle_random_1)"]
			},
			"minecraft:particle_lifetime_expression": {
				"max_lifetime": 1
			},
			"minecraft:particle_initial_spin": {
				"rotation": "variable.particle_random_3*360"
			},
			"minecraft:particle_initial_speed": 10,
			"minecraft:particle_motion_dynamic": {
				"linear_acceleration": [0, 1, 0]
			},
			"minecraft:particle_appearance_billboard": {
				"size": ["0.07+variable.particle_random_1/10", "0.07+variable.particle_random_1/10"],
				"facing_camera_mode": "rotate_xyz",
				"uv": {
					"texture_width": 128,
					"texture_height": 128,
					"uv": ["math.floor(variable.particle_random_2*8)*8", 72],
					"uv_size": [8, 8]
				}
			},
			"minecraft:particle_motion_collision": {
				"collision_drag": 0,
				"collision_radius": 0.1
			},
			"minecraft:particle_appearance_tinting": {
				"color": [1, 1, 1, 1]
			}
		}
	}
}