{
	"format_version": "1.10.0",
	"particle_effect": {
		"description": {
			"identifier": "xc:hyb",
			"basic_render_parameters": {
				"material": "particles_alpha",
				"texture": "textures/particle/particles"
			}
		},
		"components": {
			"minecraft:emitter_rate_steady": {
				"spawn_rate": 1000,
				"max_particles": 1000
			},
			"minecraft:emitter_lifetime_looping": {
				"active_time": 0.5
			},
			"minecraft:emitter_shape_box": {
				"offset": ["math.sin(variable.particle_random_2 * 360) * (-0.5-variable.particle_random_1)", 0.1, "math.cos(variable.particle_random_2 * 360) * (0.5+variable.particle_random_1)"],
				"half_dimensions": [0.5, 0, 0.5],
				"direction": "outwards"
			},
			"minecraft:particle_lifetime_expression": {
				"max_lifetime": "4 / Math.Random(1, 5) + 0.5"
			},
			"minecraft:particle_initial_speed": 29,
			"minecraft:particle_motion_dynamic": {
				"linear_acceleration": ["math.sin(variable.particle_random_2 * 360) * (-3-variable.particle_random_1)", 0, "math.cos(variable.particle_random_2 * 360) * (3+variable.particle_random_1)"],
				"linear_drag_coefficient": 10
			},
			"minecraft:particle_appearance_billboard": {
				"size": ["variable.particle_random_1 * variable.particle_random_2 * 0.1 + 0.1", "variable.particle_random_1 * variable.particle_random_2 * 0.1 + 0.1"],
				"facing_camera_mode": "lookat_xyz",
				"uv": {
					"texture_width": 128,
					"texture_height": 128,
					"flipbook": {
						"base_UV": [0, 24],
						"size_UV": [8, 8],
						"step_UV": [0, 0],
						"frames_per_second": 8,
						"max_frame": 8,
						"stretch_to_lifetime": true
					}
				}
			},
			"minecraft:particle_motion_collision": {
				"collision_drag": 10,
				"coefficient_of_restitution": 0.1,
				"collision_radius": 0.1
			},
			"minecraft:particle_appearance_tinting": {
				"color": [1, 1, 1, 1]
			}
		}
	}
}