{
	"format_version": "1.10.0",
	"particle_effect": {
		"description": {
			"identifier": "xc:hq",
			"basic_render_parameters": {
				"material": "particles_alpha",
				"texture": "textures/particle/particles"
			}
		},
		"components": {
			"minecraft:emitter_rate_instant": {
				"num_particles": 2000
			},
			"minecraft:emitter_lifetime_looping": {
				"active_time": 1.5
			},
			"minecraft:emitter_shape_sphere": {
				"offset": [0, 1.5, 0],
				"radius": 2,
				"direction": "outwards"
			},
			"minecraft:particle_lifetime_expression": {
				"max_lifetime": "4 / Math.Random(1, 5) + 0.5"
			},
			"minecraft:particle_initial_speed": 70,
			"minecraft:particle_motion_dynamic": {
				"linear_drag_coefficient": 20
			},
			"minecraft:particle_appearance_billboard": {
				"size": ["variable.particle_random_1 * variable.particle_random_2 * 0.1 + 0.1", "variable.particle_random_1 * variable.particle_random_2 * 0.1 + 0.1"],
				"facing_camera_mode": "lookat_xyz",
				"uv": {
					"texture_width": 128,
					"texture_height": 128,
					"flipbook": {
						"base_UV": [0, 24],
						"size_UV": [8, 8],
						"step_UV": [0, 0],
						"frames_per_second": 8,
						"max_frame": 8,
						"stretch_to_lifetime": true
					}
				}
			},
			"minecraft:particle_motion_collision": {
				"collision_drag": 10,
				"coefficient_of_restitution": 0.1,
				"collision_radius": 0.1
			},
			"minecraft:particle_appearance_tinting": {
				"color": ["variable.particle_random_1 * 0.6 + 0.1", "variable.particle_random_1 * 0.6 + 0.1", "variable.particle_random_1 * 0.6 + 0.1", "variable.particle_random_1 * 1"]
			}
		}
	}
}