{
	"format_version": "1.10.0",
	"particle_effect": {
		"description": {
			"identifier": "xc:hhlz",
			"basic_render_parameters": {
				"material": "particles_alpha",
				"texture": "textures/custom/www"
			}
		},
		"components": {
			"minecraft:emitter_rate_steady": {
				"spawn_rate": 200,
				"max_particles": 200
			},
			"minecraft:emitter_lifetime_expression": {
				"activation_expression": 1,
				"expiration_expression": 1
			},
			"minecraft:emitter_shape_point": {
				"direction": ["Math.random(-2.16, 2.16)", "Math.random(-2.16, 2.16)", "Math.random(-2.16, 2.16)"]
			},
			"minecraft:particle_lifetime_expression": {
				"max_lifetime": "2 / math.random(1.0, 5.0)"
			},
			"minecraft:particle_initial_speed": 2,
			"minecraft:particle_motion_dynamic": {},
			"minecraft:particle_appearance_billboard": {
				"size": ["variable.particle_random_3 * 0.25 + 0.25", "variable.particle_random_3 * 0.25 + 0.25"],
				"facing_camera_mode": "lookat_xyz",
				"uv": {
					"texture_width": 64,
					"texture_height": 16,
					"flipbook": {
						"base_UV": [0, 0],
						"size_UV": [16, 16],
						"step_UV": [16, 0],
						"frames_per_second": 8,
						"max_frame": 8,
						"stretch_to_lifetime": true
					}
				}
			},
			"minecraft:particle_motion_collision": {
				"collision_radius": 0.01
			},
			"minecraft:particle_appearance_lighting": {},
			"minecraft:particle_appearance_tinting": {
				"color": [1, 1, 1, 1]
			}
		}
	}
}