{
	"format_version": "1.10.0",
	"particle_effect": {
		"description": {
			"identifier": "xc:zsyh",
			"basic_render_parameters": {
				"material": "particles_alpha",
				"texture": "textures/particle/particles"
			}
		},
		"components": {
			"minecraft:emitter_local_space": {
				"position": true,
				"rotation": true
			},
			"minecraft:emitter_rate_steady": {
				"spawn_rate": 1000,
				"max_particles": 1000
			},
			"minecraft:emitter_lifetime_looping": {
				"active_time": 1
			},
			"minecraft:emitter_shape_sphere": {
				"radius": 2,
				"direction": ["Math.random(-0.75, 0.75)", "Math.random(-0.75, 0.75)", "Math.random(-0.75, 0.75)"]
			},
			"minecraft:particle_lifetime_expression": {
				"max_lifetime": "4 / Math.Random(1, 5) + 0.1"
			},
			"minecraft:particle_initial_speed": 4,
			"minecraft:particle_motion_dynamic": {},
			"minecraft:particle_appearance_billboard": {
				"size": ["variable.particle_random_1 * variable.particle_random_2 * 0.6 + 0.1", "variable.particle_random_1 * variable.particle_random_2 * 0.6 + 0.1"],
				"facing_camera_mode": "lookat_xyz",
				"uv": {
					"texture_width": 128,
					"texture_height": 128,
					"flipbook": {
						"base_UV": [56, 72],
						"size_UV": [8, 8],
						"step_UV": [-8, 0],
						"frames_per_second": 8,
						"max_frame": 8,
						"stretch_to_lifetime": true
					}
				}
			},
			"minecraft:particle_motion_collision": {
				"collision_drag": 10,
				"coefficient_of_restitution": 0.1,
				"collision_radius": 0.1
			},
			"minecraft:particle_appearance_lighting": {},
			"minecraft:particle_appearance_tinting": {
				"color": {
					"interpolant": "v.particle_age / v.particle_lifetime",
					"gradient": {
						"0.0": "#B55D2C96",
						"1.2": "#DED96BED",
						"2.5": "#FF9E6DFF",
						"5.0": "#BFCEA7FF"
					}
				}
			}
		}
	}
}