{
	"format_version": "1.10.0",
	"particle_effect": {
		"description": {
			"identifier": "xc:lg",
			"basic_render_parameters": {
				"material": "particles_blend",
				"texture": "textures/particle/lg"
			}
		},
		"components": {
			"minecraft:emitter_rate_instant": {
				"num_particles": 10
			},
			"minecraft:emitter_lifetime_once": {
				"active_time": 0.3
			},
			"minecraft:emitter_shape_box": {
				"offset": [0, 1, 0],
				"half_dimensions": [0, 1.5, 0],
				"direction": "outwards"
			},
			"minecraft:particle_lifetime_expression": {
				"max_lifetime": "4 / Math.random(1, 5) + 0.1"
			},
			"minecraft:particle_motion_parametric": {
				"direction": [0, 2, 0]
			},
			"minecraft:particle_appearance_billboard": {
				"size": ["variable.particle_random_1 * variable.particle_random_2 * 0.1 + 0.1", "variable.particle_random_1 * variable.particle_random_2 * 0.1 + 0.1"],
				"facing_camera_mode": "rotate_xyz",
				"uv": {
					"texture_width": 128,
					"texture_height": 128,
					"flipbook": {
						"base_UV": [56, 0],
						"size_UV": [8, 8],
						"step_UV": [-8, 0],
						"frames_per_second": 8,
						"max_frame": 8,
						"stretch_to_lifetime": true
					}
				}
			},
			"minecraft:particle_appearance_tinting": {
				"color": [1, 1, 1, 1]
			}
		}
	}
}