{
    "pools": [
    {
        "rolls": 100,
      "entries": [
                {
          "type": "item",
          "name": "lz:blue_villager_knight_helmet",
          "weight": 1,
          "functions": [
            {
              "function": "looting_enchant",
              "count": {
                "min": 0,
                "max": 5
              }
            },
            {
              "function": "enchant_random_gear",
              "chance": 1.0
            }
          ]
        },
                {
          "type": "item",
          "name": "lz:blue_villager_knight_chestplate:",
          "weight": 1,
          "functions": [
            {
              "function": "looting_enchant",
              "count": {
                "min": 0,
                "max": 5
              }
            },
            {
              "function": "enchant_random_gear",
              "chance": 1.0
            }
          ]
        },
        {
          "type": "item",
          "name": "lz:villager_knight_leggings",
          "weight": 1,
          "functions": [
            {
              "function": "looting_enchant",
              "count": {
                "min": 0,
                "max": 5
              }
            },
            {
              "function": "enchant_random_gear",
              "chance": 1.0
            }
          ]
        },
        {
          "type": "item",
          "name": "lz:villager_knight_boots",
          "weight": 1,
          "functions": [
            {
              "function": "looting_enchant",
              "count": {
                "min": 0,
                "max": 5
              }
            },
            {
              "function": "enchant_random_gear",
              "chance": 1.0
            }
          ]
        },
        {
          "type": "item",
          "name": "lz:cmqsj",
          "weight": 1,
          "functions": [
            {
              "function": "looting_enchant",
              "count": {
                "min": 0,
                "max": 5
              }
            },
            {
              "function": "enchant_random_gear",
              "chance": 1.0
            }
          ]
        }
      ]
    }
  ]  
}