{
    "pools": [
    {
        "rolls": 100,
      "entries": [
                {
          "type": "item",
          "name": "lz:mfzsxj",
          "weight": 1,
          "functions": [
            {
              "function": "looting_enchant",
              "count": {
                "min": 0,
                "max": 5
              }
            },
            {
              "function": "enchant_random_gear",
              "chance": 1.0
            }
          ]
        },
                {
          "type": "item",
          "name": "lz:mfzstk",
          "weight": 1,
          "functions": [
            {
              "function": "looting_enchant",
              "count": {
                "min": 0,
                "max": 5
              }
            },
            {
              "function": "enchant_random_gear",
              "chance": 1.0
            }
          ]
        },
        {
          "type": "item",
          "name": "minecraft:diamond_sword",
          "weight": 1,
          "functions": [
            {
              "function": "looting_enchant",
              "count": {
                "min": 0,
                "max": 5
              }
            },
            {
              "function": "enchant_random_gear",
              "chance": 1.0
            }
          ]
        }
      ]
    }
  ]  
}