{
    "format_version": "1.10.0",
    "animation_controllers": {
        "controller.animation.obsidiandumbbell": {
            "initial_state": "default",
            "states": {
                "default": {
                    "animations": [
                        "rotation"
                    ],
                    "transitions": [
                        {

                            "rotation": "query.ground_speed > 0"
                        }
                    ],
                    "blend_transition": 0.2
                },
                "rotation": {
                    "animations": [
                        "rotation"
                    ],
                    "transitions": [
                        {
                            "default": "query.ground_speed <= 0"
                        }
                    ],
                    "blend_transition": 0.3
                }
            }
        }
    }
}