{
    "format_version": "1.10.0",
    "animation_controllers": {
        "controller.animation.steve2": {
            "initial_state": "default",
            "states": {
                "default": {
                    "animations": [
                        "default"
                    ],
                    "transitions": [
                        {
                            "attack": "variable.attack_time>0 && Math.round(Math.random(0,2)) == 0"
                        },
                        {
                            "attack2": "variable.attack_time>0 && Math.round(Math.random(0,2)) == 1"
                        },
                        {
                            "attack3": "variable.attack_time>0 && Math.round(Math.random(0,2)) == 2"
                        },
                        {

                            "run": "query.ground_speed > 0.1"
                        }
                    ],
                    "blend_transition": 0.2
                },
                "run": {
                    "animations": [
                        "run"
                    ],
                    "transitions": [
                        {
                            "attack": "variable.attack_time>0 && Math.round(Math.random(0,1)) == 0"
                        },
                        {
                            "attack2": "variable.attack_time>0 && Math.round(Math.random(0,1)) == 1"
                        },
                        {
                            "attack3": "variable.attack_time>0 && Math.round(Math.random(0,2)) == 2"
                        },
                        {
                            "default": "query.ground_speed <= 0"
                        }
                    ],
                    "blend_transition": 0.3
                },
                "attack": {
                    "animations": [
                        "attack"
                    ],
                    "transitions": [
						{
							"default": "query.all_animations_finished == 1.0"
						}
                    ],
                    "blend_transition": 0.3
                },
                "attack2": {
                    "animations": [
                        "attack2"
                    ],
                    "transitions": [
						{
							"default": "query.all_animations_finished == 1.0"
						}
                    ],
                    "blend_transition": 0.3
                },
                "attack3": {
                    "animations": [
                        "attack3"
                    ],
                    "transitions": [
						{
							"default": "query.all_animations_finished == 1.0"
						}
                    ],
                    "blend_transition": 0.3
                }
            }
        }
    }
}