{
	"format_version": "1.10.0",
	"particle_effect": {
		"description": {
			"identifier": "xc:hei",
			"basic_render_parameters": {
				"material": "particles_alpha",
				"texture": "textures/particle/particles"
			}
		},
		"components": {
			"minecraft:emitter_rate_instant": {
				"num_particles": 600
			},
			"minecraft:emitter_lifetime_looping": {
				"active_time": 0.5
			},
			"minecraft:emitter_shape_box": {
				"half_dimensions": [1, 2, 1],
				"direction": "inwards"
			},
			"minecraft:particle_lifetime_expression": {
				"max_lifetime": 1
			},
			"minecraft:particle_initial_spin": {
				"rotation": 360,
				"rotation_rate": 100
			},
			"minecraft:particle_initial_speed": 10,
			"minecraft:particle_motion_dynamic": {
				"linear_drag_coefficient": 5
			},
			"minecraft:particle_appearance_billboard": {
				"size": [0.05, 0.05],
				"facing_camera_mode": "lookat_xyz",
				"uv": {
					"texture_width": 128,
					"texture_height": 128,
					"flipbook": {
						"base_UV": [56, 0],
						"size_UV": [8, 8],
						"step_UV": [-8, 0],
						"frames_per_second": 8,
						"max_frame": 8
					}
				}
			},
			"minecraft:particle_motion_collision": {
				"collision_drag": 10,
				"coefficient_of_restitution": 0.1,
				"collision_radius": 0.1
			},
			"minecraft:particle_appearance_lighting": {},
			"minecraft:particle_appearance_tinting": {
				"color": {
					"interpolant": "v.particle_age / v.particle_lifetime",
					"gradient": {
						"0.0": "#63121111",
						"1.3": "#A6232323",
						"2.5": "#BF4D4D4D",
						"3.8": "#8F000000",
						"5.0": "#FF000000"
					}
				}
			}
		}
	}
}