{
  "format_version": "1.8.0",
  "render_controllers": {
    "controller.render.red_golem_enchant": {
      "geometry": "Geometry.default",
      "materials": [ { "*": "Material.default" } ],
      "textures": [ "Texture.default" ],
      "overlay_color": {
        "r": "(Math.sin(query.life_time * 250.0) + 1.0) * 0.1",
        "g": "(Math.sin(query.life_time * 250.0) + 1.0) * 0.1",
        "b": "(Math.sin(query.life_time * 250.0) + 1.0) * 0.2",
        "a": "0.5"
      },
      "uv_anim": {
        "offset": [ "variable.u", "variable.v" ],
        "scale": [ 1.0, 1.0 ]
      }
    }
  }
}
