{
  "format_version": "1.8.0",
  "render_controllers": {
    "controller.render.klm": {
      "arrays": {
        "textures": {
          "Array.skins": [ "Texture.default" ]
        }
      },
      "part_visibility": [
        { "Saddle": false },
        { "Bit*": false },
        { "Bridle": false },
        { "Reins*" : false },
        { "Bag*" : false },
        { "MuleEar*" : false}
      ],
      "geometry": "Geometry.default",
      "materials": [
        { "*": "Material.default" }
      ],
      "textures": [ "Array.skins[query.variant]" ]
    }
  }
}
