{
	"format_version": "1.12.0",
	"minecraft:geometry": [
		{
			"description": {
				"identifier": "geometry.herobrine7",
				"texture_width": 64,
				"texture_height": 64,
				"visible_bounds_width": 4,
				"visible_bounds_height": 3,
				"visible_bounds_offset": [0, 1.5, 0]
			},
			"bones": [
				{
					"name": "body",
					"pivot": [0, 24, 0],
					"cubes": [
						{"origin": [-4, 12, -2], "size": [8, 12, 4], "uv": [16, 16]}
					]
				},
				{
					"name": "head",
					"parent": "body",
					"pivot": [0, 24, 0],
					"cubes": [
						{"origin": [-4, 24, -4], "size": [8, 8, 8], "uv": [0, 0]}
					]
				},
				{
					"name": "leftarm",
					"parent": "body",
					"pivot": [5, 22, 0],
					"cubes": [
						{"origin": [4, 17, -2], "size": [4, 7, 4], "uv": [32, 47]}
					]
				},
				{
					"name": "bone8",
					"parent": "leftarm",
					"pivot": [6, 17, 0],
					"cubes": [
						{"origin": [4, 12, -2], "size": [4, 5, 4], "uv": [32, 55]}
					]
				},
				{
					"name": "bone18",
					"parent": "bone8",
					"pivot": [6, 17, 0]
				},
				{
					"name": "hys2",
					"parent": "bone18",
					"pivot": [6, 18, 0]
				},
				{
					"name": "hyszz2",
					"parent": "hys2",
					"pivot": [8, 15, -3],
					"rotation": [-15, 0, 15],
					"cubes": [
						{"origin": [6, 2, -5], "size": [4, 14, 4], "inflate": -0.5, "uv": [0, 32]}
					]
				},
				{
					"name": "hyszz4",
					"parent": "hys2",
					"pivot": [8, 15, -3],
					"rotation": [-15, 0, 15],
					"cubes": [
						{"origin": [6, 2, -5], "size": [4, 14, 4], "inflate": -0.5, "uv": [0, 32]}
					]
				},
				{
					"name": "hyszz8",
					"parent": "hys2",
					"pivot": [8, 15, -3],
					"rotation": [-15, 0, 15],
					"cubes": [
						{"origin": [6, 2, -5], "size": [4, 14, 4], "inflate": -0.5, "uv": [0, 32]}
					]
				},
				{
					"name": "hyszz9",
					"parent": "hys2",
					"pivot": [8, 15, -3],
					"rotation": [-15, 0, 15],
					"cubes": [
						{"origin": [6, 2, -5], "size": [4, 14, 4], "inflate": -0.5, "uv": [0, 32]}
					]
				},
				{
					"name": "hys3",
					"parent": "bone18",
					"pivot": [6, 18, 0]
				},
				{
					"name": "hyszz3",
					"parent": "hys3",
					"pivot": [8, 15, -3],
					"rotation": [-10, -10, -15],
					"cubes": [
						{"origin": [6, 2, -5], "size": [4, 14, 4], "inflate": -0.5, "uv": [0, 32]}
					]
				},
				{
					"name": "hyszz5",
					"parent": "hys3",
					"pivot": [8, 15, -3],
					"rotation": [-10, -10, -15],
					"cubes": [
						{"origin": [6, 2, -5], "size": [4, 14, 4], "inflate": -0.5, "uv": [0, 32]}
					]
				},
				{
					"name": "hyszz6",
					"parent": "hys3",
					"pivot": [8, 15, -3],
					"rotation": [-10, -10, -15],
					"cubes": [
						{"origin": [6, 2, -5], "size": [4, 14, 4], "inflate": -0.5, "uv": [0, 32]}
					]
				},
				{
					"name": "hyszz7",
					"parent": "hys3",
					"pivot": [8, 15, -3],
					"rotation": [-10, -10, -15],
					"cubes": [
						{"origin": [6, 2, -5], "size": [4, 14, 4], "inflate": -0.5, "uv": [0, 32]}
					]
				},
				{
					"name": "hys",
					"parent": "bone18",
					"pivot": [6, 17, 0]
				},
				{
					"name": "hyszz",
					"parent": "hys",
					"pivot": [8, 16, -3],
					"rotation": [15, 0, 0],
					"cubes": [
						{"origin": [6, 3, -5], "size": [4, 14, 4], "inflate": -0.5, "uv": [0, 32]}
					]
				},
				{
					"name": "hyszz10",
					"parent": "hys",
					"pivot": [8, 16, -3],
					"rotation": [15, 0, 0],
					"cubes": [
						{"origin": [6, 3, -5], "size": [4, 14, 4], "inflate": -0.5, "uv": [0, 32]}
					]
				},
				{
					"name": "hyszz11",
					"parent": "hys",
					"pivot": [8, 16, -3],
					"rotation": [15, 0, 0],
					"cubes": [
						{"origin": [6, 3, -5], "size": [4, 14, 4], "inflate": -0.5, "uv": [0, 32]}
					]
				},
				{
					"name": "hyszz12",
					"parent": "hys",
					"pivot": [8, 16, -3],
					"rotation": [15, 0, 0],
					"cubes": [
						{"origin": [6, 3, -5], "size": [4, 14, 4], "inflate": -0.5, "uv": [0, 32]}
					]
				},
				{
					"name": "rightarm",
					"parent": "body",
					"pivot": [-5, 22, 0],
					"mirror": true,
					"cubes": [
						{"origin": [-8, 17, -2], "size": [4, 7, 4], "uv": [40, 16], "mirror": false}
					]
				},
				{
					"name": "bone30",
					"parent": "rightarm",
					"pivot": [-6, 17, 0],
					"cubes": [
						{"origin": [-8, 12, -2], "size": [4, 5, 4], "uv": [40, 24]}
					]
				},
				{
					"name": "wqh",
					"parent": "bone30",
					"pivot": [-6, 17, 0]
				},
				{
					"name": "hysw",
					"parent": "wqh",
					"pivot": [-6, 17, 0],
					"cubes": [
						{"origin": [-9, 4, -3], "size": [4, 11, 4], "inflate": -0.5, "uv": [0, 32]}
					]
				},
				{
					"name": "hysw2",
					"parent": "wqh",
					"pivot": [-6, 17, 0],
					"cubes": [
						{"origin": [-9, 4, -3], "size": [4, 11, 4], "inflate": -0.5, "uv": [0, 32]}
					]
				},
				{
					"name": "hysw3",
					"parent": "wqh",
					"pivot": [-6, 17, 0],
					"cubes": [
						{"origin": [-9, 4, -3], "size": [4, 11, 4], "inflate": -0.5, "uv": [0, 32]}
					]
				},
				{
					"name": "hysw4",
					"parent": "wqh",
					"pivot": [-6, 17, 0],
					"cubes": [
						{"origin": [-9, 4, -3], "size": [4, 11, 4], "inflate": -0.5, "uv": [0, 32]}
					]
				},
				{
					"name": "hysw5",
					"parent": "wqh",
					"pivot": [-6, 17, 0],
					"cubes": [
						{"origin": [-9, 4, -3], "size": [4, 11, 4], "inflate": -0.5, "uv": [0, 32]}
					]
				},
				{
					"name": "hysw6",
					"parent": "wqh",
					"pivot": [-6, 17, 0],
					"cubes": [
						{"origin": [-9, 4, -3], "size": [4, 11, 4], "inflate": -0.5, "uv": [0, 32]}
					]
				},
				{
					"name": "hysw7",
					"parent": "wqh",
					"pivot": [-6, 17, 0],
					"cubes": [
						{"origin": [-9, 4, -3], "size": [4, 11, 4], "inflate": -0.5, "uv": [0, 32]}
					]
				},
				{
					"name": "hysw8",
					"parent": "wqh",
					"pivot": [-6, 17, 0],
					"cubes": [
						{"origin": [-9, 4, -3], "size": [4, 11, 4], "inflate": -0.5, "uv": [0, 32]}
					]
				},
				{
					"name": "hysw9",
					"parent": "wqh",
					"pivot": [-6, 17, 0],
					"cubes": [
						{"origin": [-9, 4, -3], "size": [4, 11, 4], "inflate": -0.5, "uv": [0, 32]}
					]
				},
				{
					"name": "hysw10",
					"parent": "wqh",
					"pivot": [-6, 17, 0],
					"cubes": [
						{"origin": [-9, 4, -3], "size": [4, 11, 4], "inflate": -0.5, "uv": [0, 32]}
					]
				},
				{
					"name": "hysw11",
					"parent": "wqh",
					"pivot": [-6, 17, 0],
					"cubes": [
						{"origin": [-9, 4, -3], "size": [4, 11, 4], "inflate": -0.5, "uv": [0, 32]}
					]
				},
				{
					"name": "hysw12",
					"parent": "wqh",
					"pivot": [-6, 17, 0],
					"cubes": [
						{"origin": [-9, 4, -3], "size": [4, 11, 4], "inflate": -0.5, "uv": [0, 32]}
					]
				},
				{
					"name": "hysw13",
					"parent": "wqh",
					"pivot": [-6, 17, 0],
					"cubes": [
						{"origin": [-9, 4, -3], "size": [4, 11, 4], "inflate": -0.5, "uv": [0, 32]}
					]
				},
				{
					"name": "hysw14",
					"parent": "wqh",
					"pivot": [-6, 17, 0],
					"cubes": [
						{"origin": [-9, 4, -3], "size": [4, 11, 4], "inflate": -0.5, "uv": [0, 32]}
					]
				},
				{
					"name": "hysw15",
					"parent": "wqh",
					"pivot": [-6, 17, 0],
					"cubes": [
						{"origin": [-9, 4, -3], "size": [4, 11, 4], "inflate": -0.5, "uv": [0, 32]}
					]
				},
				{
					"name": "leftleg",
					"parent": "body",
					"pivot": [1.9, 12, 0],
					"cubes": [
						{"origin": [-0.05, 6, -2], "size": [4, 6, 4], "uv": [0, 16], "mirror": true}
					]
				},
				{
					"name": "bone10",
					"parent": "leftleg",
					"pivot": [2, 6, 0],
					"cubes": [
						{"origin": [-0.05, 0, -2], "size": [4, 6, 4], "uv": [16, 48], "mirror": true}
					]
				},
				{
					"name": "rightleg",
					"parent": "body",
					"pivot": [-1.9, 12, 0],
					"mirror": true,
					"cubes": [
						{"origin": [-4.05, 6, -2], "size": [4, 6, 4], "uv": [0, 16], "mirror": false}
					]
				},
				{
					"name": "bone9",
					"parent": "rightleg",
					"pivot": [-2, 6, 0],
					"cubes": [
						{"origin": [-4.05, 0, -2], "size": [4, 6, 4], "uv": [16, 48]}
					]
				}
			]
		}
	]
}