{
	"format_version": "1.12.0",
	"minecraft:geometry": [
		{
			"description": {
				"identifier": "geometry.steve",
				"texture_width": 64,
				"texture_height": 64,
				"visible_bounds_width": 3,
				"visible_bounds_height": 4,
				"visible_bounds_offset": [0, 1, 0]
			},
			"bones": [
				{
					"name": "body",
					"pivot": [0, 24, 0],
					"cubes": [
						{"origin": [-4, 12, -2], "size": [8, 12, 4], "uv": [16, 16]}
					]
				},
				{
					"name": "bodyArmor",
					"parent": "body",
					"pivot": [0, 24, 0]
				},
				{
					"name": "belt",
					"parent": "body",
					"pivot": [0, 24, 0]
				},
				{
					"name": "head",
					"parent": "body",
					"pivot": [0, 24, 0],
					"cubes": [
						{"origin": [-4, 24, -4], "size": [8, 8, 8], "uv": [0, 0]}
					]
				},
				{
					"name": "bone2",
					"parent": "head",
					"pivot": [0, 0, 0]
				},
				{
					"name": "rightArm",
					"parent": "body",
					"pivot": [-5, 22, 0],
					"cubes": [
						{"origin": [-8, 17, -2], "size": [4, 7, 4], "uv": [32, 48], "mirror": true}
					]
				},
				{
					"name": "rightItem",
					"parent": "rightArm",
					"pivot": [-6, 15, 1]
				},
				{
					"name": "bone5",
					"parent": "rightItem",
					"pivot": [-6, 15, 1],
					"cubes": [
						{"origin": [-8, 12, -2], "size": [4, 5, 4], "pivot": [0, 16, -4], "rotation": [0, 0, 0], "uv": [48, 55], "mirror": true}
					]
				},
				{
					"name": "leftArm",
					"parent": "body",
					"pivot": [5, 22, 0],
					"mirror": true,
					"cubes": [
						{"origin": [4, 17, -2], "size": [4, 7, 4], "uv": [40, 16]}
					]
				},
				{
					"name": "bone3",
					"parent": "leftArm",
					"pivot": [6, 17, 1],
					"cubes": [
						{"origin": [4, 12, -2], "size": [4, 5, 4], "uv": [40, 34]}
					]
				},
				{
					"name": "leftitem",
					"parent": "bone3",
					"pivot": [6, 15, 0]
				},
				{
					"name": "waist",
					"parent": "body",
					"pivot": [0, 12, 0]
				},
				{
					"name": "helmet",
					"parent": "body",
					"pivot": [0, 25, 0]
				},
				{
					"name": "rightLeg",
					"pivot": [-1.9, 12, 0],
					"cubes": [
						{"origin": [-4, 5, -2], "size": [4, 7, 4], "uv": [16, 48]}
					]
				},
				{
					"name": "bone4",
					"parent": "rightLeg",
					"pivot": [-2, 5, 0],
					"cubes": [
						{"origin": [-4, 0, -2], "size": [4, 5, 4], "uv": [0, 55]}
					]
				},
				{
					"name": "rightLegging",
					"parent": "rightLeg",
					"pivot": [-1.9, 12, 0]
				},
				{
					"name": "rightBoot",
					"parent": "rightLeg",
					"pivot": [-1.9, 12, 0]
				},
				{
					"name": "rightSock",
					"parent": "rightLeg",
					"pivot": [-1.9, 12, 0]
				},
				{
					"name": "leftLeg",
					"pivot": [1.9, 12, 0],
					"mirror": true,
					"cubes": [
						{"origin": [0, 5, -2], "size": [4, 7, 4], "uv": [0, 16]}
					]
				},
				{
					"name": "leftLegging",
					"parent": "leftLeg",
					"pivot": [1.9, 12, 0],
					"mirror": true
				},
				{
					"name": "leftBoot",
					"parent": "leftLeg",
					"pivot": [1.9, 12, 0],
					"mirror": true
				},
				{
					"name": "leftSock",
					"parent": "leftLeg",
					"pivot": [1.9, 12, 0],
					"mirror": true
				},
				{
					"name": "bone6",
					"parent": "leftLeg",
					"pivot": [2, 5, 0],
					"cubes": [
						{"origin": [0, 0, -2], "size": [4, 5, 4], "uv": [0, 35]}
					]
				}
			]
		}
	]
}