{
	"format_version": "1.10.0",
	"geometry.villagerfl": {
		"texturewidth": 64,
		"textureheight": 64,
		"visible_bounds_width": 2,
		"visible_bounds_height": 3,
		"visible_bounds_offset": [0, 1.5, 0],
		"bones": [
			{
				"name": "head",
				"pivot": [0, 24, 0],
				"cubes": [
					{"origin": [-4, 24, -4], "size": [8, 10, 8], "uv": [0, 0]}
				]
			},
			{
				"name": "nose",
				"parent": "head",
				"pivot": [0, 26, 0],
				"cubes": [
					{"origin": [-1, 23, -6], "size": [2, 4, 2], "uv": [24, 0]}
				]
			},
			{
				"name": "bone",
				"parent": "head",
				"pivot": [0, 24, 0],
				"cubes": [
					{"origin": [0, 28, -4.1], "size": [3, 1, 0], "uv": [0, 18]}
				]
			},
			{
				"name": "bone4",
				"parent": "head",
				"pivot": [0, 24, 0],
				"cubes": [
					{"origin": [-3, 28, -4.1], "size": [3, 1, 0], "uv": [0, 18]}
				]
			},
			{
				"name": "bone6",
				"parent": "head",
				"pivot": [0, 23, 0],
				"cubes": [
					{"origin": [-2, 27, -4.02], "size": [1, 1, 0], "uv": [12, 21]}
				]
			},
			{
				"name": "bone7",
				"parent": "head",
				"pivot": [0, 23, 0],
				"cubes": [
					{"origin": [1, 27, -4.02], "size": [1, 1, 0], "uv": [14, 21]}
				]
			},
			{
				"name": "bone5",
				"parent": "head",
				"pivot": [0, 23, 0],
				"cubes": [
					{"origin": [-3, 27, -4.01], "size": [2, 1, 0], "uv": [12, 18]},
					{"origin": [1, 27, -4.01], "size": [2, 1, 0], "uv": [12, 18]}
				]
			},
			{
				"name": "bone2",
				"parent": "head",
				"pivot": [0, 24, 0],
				"cubes": [
					{"origin": [-3, 26, -4.1], "size": [2, 1, 0], "uv": [9, 15]}
				]
			},
			{
				"name": "bone3",
				"parent": "head",
				"pivot": [0, 24, 0],
				"cubes": [
					{"origin": [1, 26, -4.1], "size": [2, 1, 0], "uv": [13, 15]}
				]
			},
			{
				"name": "body",
				"pivot": [0, 0, 0],
				"cubes": [
					{"origin": [-4, 12, -2], "size": [8, 12, 4], "uv": [18, 22]}
				]
			},
			{
				"name": "arms",
				"pivot": [0, 22, 0],
				"rotation": [-45, 0, 0],
				"cubes": [
					{"origin": [-4, 16, -2], "size": [8, 4, 4], "uv": [40, 38]},
					{"origin": [-6, 15, -3], "size": [12, 5, 5], "uv": [30, 54]},
					{"origin": [-8, 16, -2], "size": [4, 8, 4], "uv": [44, 22]},
					{"origin": [4, 16, -2], "size": [4, 8, 4], "uv": [44, 22]}
				]
			},
			{
				"name": "leg0",
				"pivot": [-2, 12, 0],
				"cubes": [
					{"origin": [-4, 0, -2], "size": [4, 12, 4], "uv": [0, 22]}
				]
			},
			{
				"name": "leg1",
				"pivot": [2, 12, 0],
				"cubes": [
					{"origin": [0, 0, -2], "size": [4, 12, 4], "uv": [0, 22]}
				]
			}
		]
	}
}