{
	"format_version": "1.12.0",
	"minecraft:geometry": [
		{
			"description": {
				"identifier": "geometry.red",
				"texture_width": 79,
				"texture_height": 79,
				"visible_bounds_width": 3,
				"visible_bounds_height": 4,
				"visible_bounds_offset": [0, 1, 0]
			},
			"bones": [
				{
					"name": "body",
					"pivot": [0, 24, 0],
					"cubes": [
						{"origin": [-4, 12, -2], "size": [8, 12, 4], "uv": [16, 16]},
						{"origin": [-4, 13, -2], "size": [8, 11, 4], "inflate": 0.1, "uv": [16, 18]}
					]
				},
				{
					"name": "bodyArmor",
					"parent": "body",
					"pivot": [0, 24, 0]
				},
				{
					"name": "belt",
					"parent": "body",
					"pivot": [0, 24, 0]
				},
				{
					"name": "head",
					"parent": "body",
					"pivot": [0, 24, 0],
					"cubes": [
						{"origin": [-4, 24, -4], "size": [8, 10.6, 8], "uv": [0, 2]}
					]
				},
				{
					"name": "bone2",
					"parent": "head",
					"pivot": [0, 0, 0],
					"cubes": [
						{"origin": [-1, 23, -6], "size": [2, 4, 2], "uv": [24, 2]}
					]
				},
				{
					"name": "rightArm",
					"parent": "body",
					"pivot": [-5, 22, 0],
					"cubes": [
						{"origin": [-8, 17, -2], "size": [4, 7, 4], "uv": [40, 18]}
					]
				},
				{
					"name": "rightItem",
					"parent": "rightArm",
					"pivot": [-6, 15, 1]
				},
				{
					"name": "bone5",
					"parent": "rightItem",
					"pivot": [-6, 15, 1],
					"cubes": [
						{"origin": [-6, 12, 8], "size": [4, 5, 4], "pivot": [0, 16, 4], "rotation": [-180, -90, 180], "uv": [32, 57]}
					]
				},
				{
					"name": "leftArm",
					"parent": "body",
					"pivot": [5, 22, 0],
					"mirror": true,
					"cubes": [
						{"origin": [4, 17, -2], "size": [4, 7, 4], "uv": [40, 18]}
					]
				},
				{
					"name": "bone3",
					"parent": "leftArm",
					"pivot": [6, 17, 1],
					"cubes": [
						{"origin": [4, 12, -2], "size": [4, 5, 4], "uv": [32, 57]}
					]
				},
				{
					"name": "leftitem",
					"parent": "bone3",
					"pivot": [6, 15, 0]
				},
				{
					"name": "waist",
					"parent": "body",
					"pivot": [0, 12, 0]
				},
				{
					"name": "helmet",
					"parent": "body",
					"pivot": [0, 25, 0]
				},
				{
					"name": "rightLeg",
					"pivot": [-1.9, 12, 0],
					"cubes": [
						{"origin": [-3.9, 5, -2], "size": [4, 7, 4], "uv": [16, 50]}
					]
				},
				{
					"name": "bone4",
					"parent": "rightLeg",
					"pivot": [-11, 5, 0],
					"cubes": [
						{"origin": [-3.9, 0, -2], "size": [4, 5, 4], "uv": [16, 57]}
					]
				},
				{
					"name": "rightLegging",
					"parent": "rightLeg",
					"pivot": [-1.9, 12, 0]
				},
				{
					"name": "rightBoot",
					"parent": "rightLeg",
					"pivot": [-1.9, 12, 0]
				},
				{
					"name": "rightSock",
					"parent": "rightLeg",
					"pivot": [-1.9, 12, 0]
				},
				{
					"name": "leftLeg",
					"pivot": [1.9, 12, 0],
					"mirror": true,
					"cubes": [
						{"origin": [-0.1, 5, -2], "size": [4, 7, 4], "uv": [16, 50]}
					]
				},
				{
					"name": "leftLegging",
					"parent": "leftLeg",
					"pivot": [1.9, 12, 0],
					"mirror": true
				},
				{
					"name": "leftBoot",
					"parent": "leftLeg",
					"pivot": [1.9, 12, 0],
					"mirror": true
				},
				{
					"name": "leftSock",
					"parent": "leftLeg",
					"pivot": [1.9, 12, 0],
					"mirror": true
				},
				{
					"name": "bone6",
					"parent": "leftLeg",
					"pivot": [2, 5, 0],
					"cubes": [
						{"origin": [-0.1, 0, -2], "size": [4, 5, 4], "uv": [16, 57]}
					]
				},
				{
					"name": "cape",
					"parent": "leftLeg",
					"pivot": [1.9, 12, 0],
					"cubes": [
						{"origin": [-5, 6, 6], "size": [10, 16, 1], "pivot": [1.9, 12, 0], "rotation": [22.5, 0, 0], "uv": [57, 62]}
					]
				}
			]
		}
	]
}