{
	"format_version": "1.12.0",
	"minecraft:geometry": [
		{
			"description": {
				"identifier": "geometry.stevefn",
				"texture_width": 64,
				"texture_height": 64,
				"visible_bounds_width": 4,
				"visible_bounds_height": 4,
				"visible_bounds_offset": [0, 1, 0]
			},
			"bones": [
				{
					"name": "Steve",
					"pivot": [0, 0, 0]
				},
				{
					"name": "body",
					"parent": "Steve",
					"pivot": [0, 24, 0],
					"cubes": [
						{"origin": [-4, 12, -2], "size": [8, 12, 4], "uv": [16, 16]}
					]
				},
				{
					"name": "head",
					"parent": "body",
					"pivot": [0, 24, 0],
					"cubes": [
						{"origin": [-4, 24, -4], "size": [8, 8, 8], "uv": [0, 0]}
					]
				},
				{
					"name": "bone",
					"parent": "head",
					"pivot": [0, 24, 0],
					"cubes": [
						{"origin": [-3, 28, -4.0109], "size": [2, 1, 0], "uv": [2, 2]}
					]
				},
				{
					"name": "bone5",
					"parent": "head",
					"pivot": [0, 24, 0],
					"cubes": [
						{"origin": [-3, 28, -4.015], "size": [2, 1, 0.1], "uv": [2, 0]}
					]
				},
				{
					"name": "bone2",
					"parent": "head",
					"pivot": [0, 23, 0],
					"cubes": [
						{"origin": [1, 28, -4.0109], "size": [2, 1, 0], "uv": [2, 5]}
					]
				},
				{
					"name": "bone6",
					"parent": "head",
					"pivot": [0, 24, 0],
					"cubes": [
						{"origin": [1, 28, -4.015], "size": [2, 1, 0], "uv": [2, 3]}
					]
				},
				{
					"name": "bone3",
					"parent": "head",
					"pivot": [-4, 23, 0],
					"cubes": [
						{"origin": [-2, 27, -4.005], "size": [1, 1, 0], "uv": [2, 1]}
					]
				},
				{
					"name": "bone4",
					"parent": "head",
					"pivot": [0, 23, 0],
					"cubes": [
						{"origin": [1, 27, -4.005], "size": [1, 1, 0], "uv": [2, 4]}
					]
				},
				{
					"name": "bone7",
					"parent": "head",
					"pivot": [0, 23, 0],
					"cubes": [
						{"origin": [1, 27, -4.001], "size": [2, 1, 0], "uv": [2, 6]}
					]
				},
				{
					"name": "bone11",
					"parent": "head",
					"pivot": [0, 23, 0],
					"cubes": [
						{"origin": [-3, 27, -4.001], "size": [2, 1, 0], "uv": [2, 7]}
					]
				},
				{
					"name": "leftarm",
					"parent": "body",
					"pivot": [5, 22, 0],
					"cubes": [
						{"origin": [4, 17, -2], "size": [4, 7, 4], "uv": [32, 48]}
					]
				},
				{
					"name": "bone8",
					"parent": "leftarm",
					"pivot": [6, 17, 0],
					"cubes": [
						{"origin": [4, 12, -2], "size": [4, 5, 4], "uv": [48, 55]}
					]
				},
				{
					"name": "leftitem",
					"parent": "bone8",
					"pivot": [6, 15, 0]
				},
				{
					"name": "rightarm",
					"parent": "body",
					"pivot": [-5, 22, 0],
					"mirror": true,
					"cubes": [
						{"origin": [-8, 17, -2], "size": [4, 7, 4], "uv": [40, 16], "mirror": false}
					]
				},
				{
					"name": "bone30",
					"parent": "rightarm",
					"pivot": [-6, 17, 0],
					"cubes": [
						{"origin": [-8, 12, -2], "size": [4, 5, 4], "uv": [40, 32]}
					]
				},
				{
					"name": "rightitem",
					"parent": "bone30",
					"pivot": [-6, 15, 0]
				},
				{
					"name": "rightleg",
					"parent": "Steve",
					"pivot": [-1.9, 12, 0],
					"mirror": true,
					"cubes": [
						{"origin": [-4.05, 6, -2], "size": [4, 6, 4], "uv": [0, 16], "mirror": false}
					]
				},
				{
					"name": "bone9",
					"parent": "rightleg",
					"pivot": [-2, 6, 0],
					"cubes": [
						{"origin": [-4.05, 0, -2], "size": [4, 6, 4], "uv": [0, 34]}
					]
				},
				{
					"name": "leftleg",
					"parent": "Steve",
					"pivot": [1.9, 12, 0],
					"cubes": [
						{"origin": [-0.05, 6, -2], "size": [4, 6, 4], "uv": [0, 16], "mirror": true}
					]
				},
				{
					"name": "bone10",
					"parent": "leftleg",
					"pivot": [2, 6, 0],
					"cubes": [
						{"origin": [-0.05, 0, -2], "size": [4, 6, 4], "uv": [0, 54], "mirror": true}
					]
				}
			]
		}
	]
}