{
	"format_version": "1.12.0",
	"minecraft:geometry": [
		{
			"description": {
				"identifier": "geometry.hystk",
				"texture_width": 158,
				"texture_height": 154,
				"visible_bounds_width": 3,
				"visible_bounds_height": 3,
				"visible_bounds_offset": [0, 1.5, 0]
			},
			"bones": [
				{
					"name": "waist",
					"pivot": [0, 11, 0]
				},
				{
					"name": "body",
					"parent": "waist",
					"pivot": [0, 24, 0]
				},
				{
					"name": "head",
					"parent": "body",
					"pivot": [0, 24, 0],
					"cubes": [
						{"origin": [-5, 31, -3], "size": [1, 1, 1], "uv": [30, 87]},
						{"origin": [-5, 30, -3], "size": [1, 1, 1], "uv": [26, 88]},
						{"origin": [-5, 30, -4], "size": [1, 1, 1], "uv": [30, 88]},
						{"origin": [-5, 30, -5], "size": [1, 1, 1], "uv": [40, 88]},
						{"origin": [-5, 29, -5], "size": [1, 1, 1], "uv": [40, 97]},
						{"origin": [-5, 32, -2], "size": [1, 1, 1], "uv": [40, 69]},
						{"origin": [-5, 32, 0], "size": [1, 1, 1], "uv": [40, 59]},
						{"origin": [-5, 32, 1], "size": [1, 1, 1], "uv": [40, 55]},
						{"origin": [-5, 32, 2], "size": [1, 1, 1], "uv": [40, 49]},
						{"origin": [-5, 31, 2], "size": [1, 1, 1], "uv": [5, 88]},
						{"origin": [-5, 31, 1], "size": [1, 1, 1], "uv": [10, 88]},
						{"origin": [-5, 32, 3], "size": [1, 1, 1], "uv": [40, 44]},
						{"origin": [-5, 31, 3], "size": [1, 1, 1], "uv": [0, 87]},
						{"origin": [-5, 30, 3], "size": [1, 1, 1], "uv": [0, 93]},
						{"origin": [-5, 29, 3], "size": [1, 1, 1], "uv": [0, 97]},
						{"origin": [-5, 27, 3], "size": [1, 1, 1], "uv": [0, 102]},
						{"origin": [-5, 28, 3], "size": [1, 1, 1], "uv": [0, 102]},
						{"origin": [-5, 27, 2], "size": [1, 1, 1], "uv": [5, 103]},
						{"origin": [-5, 28, -1], "size": [1, 1, 1], "uv": [20, 98]},
						{"origin": [-5, 28, -2], "size": [1, 1, 1], "uv": [25, 98]},
						{"origin": [-5, 28, -3], "size": [1, 1, 1], "uv": [30, 97]},
						{"origin": [-5, 28, -4], "size": [1, 1, 1], "uv": [35, 97]},
						{"origin": [-5, 28, -5], "size": [1, 1, 1], "uv": [35, 97]},
						{"origin": [-5, 30, 0], "size": [1, 1, 1], "uv": [15, 93]},
						{"origin": [-5, 30, -2], "size": [1, 1, 1], "uv": [25, 93]},
						{"origin": [-5, 29, -2], "size": [1, 1, 1], "uv": [25, 93]},
						{"origin": [-5, 29, -3], "size": [1, 1, 1], "uv": [31, 93]},
						{"origin": [-5, 29, -4], "size": [1, 1, 1], "uv": [25, 93]},
						{"origin": [-5, 30, -1], "size": [1, 1, 1], "uv": [20, 93]},
						{"origin": [-5, 29, -1], "size": [1, 1, 1], "uv": [20, 93]},
						{"origin": [-5, 31, 0], "size": [1, 1, 1], "uv": [15, 89]},
						{"origin": [-5, 31, -1], "size": [1, 1, 1], "uv": [19, 89]},
						{"origin": [-5, 31, -2], "size": [1, 1, 1], "uv": [25, 88]},
						{"origin": [-5, 27, 1], "size": [1, 1, 1], "uv": [10, 102]},
						{"origin": [-5, 27, 0], "size": [1, 1, 1], "uv": [15, 102]},
						{"origin": [-4, 32, 4], "size": [1, 1, 1], "uv": [45, 44]},
						{"origin": [-5, 32, 4], "size": [1, 1, 1], "uv": [153, 83]},
						{"origin": [-5, 31, 4], "size": [1, 1, 1], "uv": [154, 88]},
						{"origin": [-5, 29, 4], "size": [1, 1, 1], "uv": [154, 98]},
						{"origin": [-5, 28, 4], "size": [1, 1, 1], "uv": [154, 102]},
						{"origin": [-5, 27, 4], "size": [1, 1, 1], "uv": [154, 102]},
						{"origin": [-4, 28, 4], "size": [1, 1, 1], "uv": [148, 102]},
						{"origin": [-4, 27, 4], "size": [1, 1, 1], "uv": [148, 102]},
						{"origin": [-3, 27, 4], "size": [1, 1, 1], "uv": [143, 101]},
						{"origin": [-4, 29, 4], "size": [1, 1, 1], "uv": [148, 98]},
						{"origin": [-4, 30, 4], "size": [1, 1, 1], "uv": [148, 93]},
						{"origin": [-4, 31, 4], "size": [1, 1, 1], "uv": [148, 88]},
						{"origin": [-3, 31, 4], "size": [1, 1, 1], "uv": [144, 88]},
						{"origin": [-2, 31, 4], "size": [1, 1, 1], "uv": [144, 88]},
						{"origin": [-1, 31, 4], "size": [1, 1, 1], "uv": [144, 88]},
						{"origin": [2, 31, 4], "size": [1, 1, 1], "uv": [127, 87]},
						{"origin": [2, 30, 4], "size": [1, 1, 1], "uv": [129, 93]},
						{"origin": [1, 27, 4], "size": [1, 1, 1], "uv": [129, 98]},
						{"origin": [2, 28, 4], "size": [1, 1, 1], "uv": [129, 103]},
						{"origin": [2, 27, 4], "size": [1, 1, 1], "uv": [129, 107]},
						{"origin": [3, 27, 4], "size": [1, 1, 1], "uv": [129, 107]},
						{"origin": [1, 31, 4], "size": [1, 1, 1], "uv": [134, 88]},
						{"origin": [1, 30, 4], "size": [1, 1, 1], "uv": [133, 93]},
						{"origin": [1, 28, 4], "size": [1, 1, 1], "uv": [134, 98]},
						{"origin": [-3, 30, 4], "size": [1, 1, 1], "uv": [133, 103]},
						{"origin": [2, 29, 4], "size": [1, 1, 1], "uv": [133, 107]},
						{"origin": [2, 26, 4], "size": [1, 1, 1], "uv": [134, 104]},
						{"origin": [1, 26, 4], "size": [1, 1, 1], "uv": [134, 104]},
						{"origin": [0, 26, 4], "size": [1, 1, 1], "uv": [134, 104]},
						{"origin": [0, 27, 4], "size": [1, 1, 1], "uv": [138, 102]},
						{"origin": [0, 31, 4], "size": [1, 1, 1], "uv": [134, 89]},
						{"origin": [0, 30, 4], "size": [1, 1, 1], "uv": [133, 94]},
						{"origin": [0, 28, 4], "size": [1, 1, 1], "uv": [134, 98]},
						{"origin": [-3, 29, 4], "size": [1, 1, 1], "uv": [144, 97]},
						{"origin": [0, 29, 4], "size": [1, 1, 1], "uv": [144, 102]},
						{"origin": [1, 29, 4], "size": [1, 1, 1], "uv": [144, 102]},
						{"origin": [-3, 26, 4], "size": [1, 1, 1], "uv": [144, 107]},
						{"origin": [-3, 28, 4], "size": [1, 1, 1], "uv": [144, 93]},
						{"origin": [3, 30, 4], "size": [1, 1, 1], "uv": [124, 93]},
						{"origin": [3, 29, 4], "size": [1, 1, 1], "uv": [123, 98]},
						{"origin": [3, 28, 4], "size": [1, 1, 1], "uv": [124, 103]},
						{"origin": [-4, 26, 4], "size": [1, 1, 1], "uv": [149, 108]},
						{"origin": [-5, 26, 4], "size": [1, 1, 1], "uv": [154, 108]},
						{"origin": [-5, 30, 4], "size": [1, 1, 1], "uv": [154, 93]},
						{"origin": [-3, 32, 4], "size": [1, 1, 1], "uv": [49, 45]},
						{"origin": [-2, 32, 4], "size": [1, 1, 1], "uv": [56, 45]},
						{"origin": [-1, 32, 4], "size": [1, 1, 1], "uv": [59, 46]},
						{"origin": [0, 32, 4], "size": [1, 1, 1], "uv": [65, 45]},
						{"origin": [1, 32, 4], "size": [1, 1, 1], "uv": [70, 45]},
						{"origin": [-5, 32, -1], "size": [1, 1, 1], "uv": [40, 63]},
						{"origin": [-5, 32, -3], "size": [1, 1, 1], "uv": [40, 73]},
						{"origin": [-3, 32, -4], "size": [1, 1, 1], "uv": [50, 74]},
						{"origin": [-3, 32, -3], "size": [1, 1, 1], "uv": [49, 69]},
						{"origin": [-2, 32, -3], "size": [1, 1, 1], "uv": [50, 74]},
						{"origin": [-2, 32, -2], "size": [1, 1, 1], "uv": [49, 68]},
						{"origin": [-2, 32, -1], "size": [1, 1, 1], "uv": [50, 65]},
						{"origin": [-2, 32, 0], "size": [1, 1, 1], "uv": [49, 61]},
						{"origin": [-2, 32, 1], "size": [1, 1, 1], "uv": [50, 55]},
						{"origin": [0, 32, 1], "size": [1, 1, 1], "uv": [58, 55]},
						{"origin": [-1, 32, 2], "size": [1, 1, 1], "uv": [60, 55]},
						{"origin": [1, 32, 1], "size": [1, 1, 1], "uv": [64, 55]},
						{"origin": [1, 32, 2], "size": [1, 1, 1], "uv": [64, 55]},
						{"origin": [0, 32, 2], "size": [1, 1, 1], "uv": [64, 55]},
						{"origin": [-2, 32, 2], "size": [1, 1, 1], "uv": [64, 55]},
						{"origin": [-1, 32, 1], "size": [1, 1, 1], "uv": [55, 55]},
						{"origin": [-1, 32, -3], "size": [1, 1, 1], "uv": [55, 70]},
						{"origin": [-1, 32, -2], "size": [1, 1, 1], "uv": [55, 65]},
						{"origin": [-1, 32, -1], "size": [1, 1, 1], "uv": [55, 61]},
						{"origin": [-1, 32, 0], "size": [1, 1, 1], "uv": [55, 60]},
						{"origin": [0, 32, 0], "size": [1, 1, 1], "uv": [60, 60]},
						{"origin": [0, 32, -3], "size": [1, 1, 1], "uv": [61, 66]},
						{"origin": [1, 32, -3], "size": [1, 1, 1], "uv": [59, 74]},
						{"origin": [-4, 32, -3], "size": [1, 1, 1], "uv": [45, 68]},
						{"origin": [-4, 32, -2], "size": [1, 1, 1], "uv": [45, 69]},
						{"origin": [-4, 32, -1], "size": [1, 1, 1], "uv": [45, 59]},
						{"origin": [-4, 32, 0], "size": [1, 1, 1], "uv": [45, 61]},
						{"origin": [-4, 32, 1], "size": [1, 1, 1], "uv": [44, 49]},
						{"origin": [-4, 32, 2], "size": [1, 1, 1], "uv": [44, 49]},
						{"origin": [-3, 32, 3], "size": [1, 1, 1], "uv": [44, 49]},
						{"origin": [-3, 32, 1], "size": [1, 1, 1], "uv": [50, 59]},
						{"origin": [-3, 32, 2], "size": [1, 1, 1], "uv": [50, 59]},
						{"origin": [-3, 32, -2], "size": [1, 1, 1], "uv": [50, 69]},
						{"origin": [-3, 32, -1], "size": [1, 1, 1], "uv": [50, 69]},
						{"origin": [-3, 32, 0], "size": [1, 1, 1], "uv": [50, 69]},
						{"origin": [-2, 32, 3], "size": [1, 1, 1], "uv": [44, 49]},
						{"origin": [-1, 32, 3], "size": [1, 1, 1], "uv": [55, 49]},
						{"origin": [0, 32, 3], "size": [1, 1, 1], "uv": [59, 50]},
						{"origin": [1, 32, 3], "size": [1, 1, 1], "uv": [64, 50]},
						{"origin": [-4, 32, 3], "size": [1, 1, 1], "uv": [44, 49]},
						{"origin": [-2, 32, -4], "size": [1, 1, 1], "uv": [49, 89]},
						{"origin": [-1, 32, -4], "size": [1, 1, 1], "uv": [54, 74]},
						{"origin": [0, 32, -4], "size": [1, 1, 1], "uv": [59, 74]},
						{"origin": [1, 32, -4], "size": [1, 1, 1], "uv": [70, 51]},
						{"origin": [-3, 32, -5], "size": [1, 1, 1], "uv": [45, 83]},
						{"origin": [-2, 32, -5], "size": [1, 1, 1], "uv": [50, 83]},
						{"origin": [-1, 32, -5], "size": [1, 1, 1], "uv": [55, 84]},
						{"origin": [1, 32, -5], "size": [1, 1, 1], "uv": [64, 83]},
						{"origin": [2, 32, -5], "size": [1, 1, 1], "uv": [70, 83]},
						{"origin": [2, 31, -5], "size": [1, 1, 1], "uv": [70, 83]},
						{"origin": [3, 32, -4], "size": [1, 1, 1], "uv": [69, 74]},
						{"origin": [3, 32, -3], "size": [1, 1, 1], "uv": [69, 73]},
						{"origin": [2, 32, -3], "size": [1, 1, 1], "uv": [65, 69]},
						{"origin": [2, 32, -2], "size": [1, 1, 1], "uv": [64, 69]},
						{"origin": [1, 32, -2], "size": [1, 1, 1], "uv": [60, 68]},
						{"origin": [1, 32, -1], "size": [1, 1, 1], "uv": [60, 64]},
						{"origin": [1, 32, 0], "size": [1, 1, 1], "uv": [60, 60]},
						{"origin": [0, 32, -2], "size": [1, 1, 1], "uv": [60, 68]},
						{"origin": [0, 32, -1], "size": [1, 1, 1], "uv": [60, 68]},
						{"origin": [2, 32, -1], "size": [1, 1, 1], "uv": [65, 64]},
						{"origin": [2, 32, 0], "size": [1, 1, 1], "uv": [65, 59]},
						{"origin": [2, 32, 1], "size": [1, 1, 1], "uv": [64, 55]},
						{"origin": [2, 32, 3], "size": [1, 1, 1], "uv": [64, 50]},
						{"origin": [2, 32, 4], "size": [1, 1, 1], "uv": [69, 45]},
						{"origin": [3, 32, 0], "size": [1, 1, 1], "uv": [69, 59]},
						{"origin": [3, 32, 1], "size": [1, 1, 1], "uv": [70, 55]},
						{"origin": [3, 32, 2], "size": [1, 1, 1], "uv": [70, 55]},
						{"origin": [2, 32, 2], "size": [1, 1, 1], "uv": [70, 55]},
						{"origin": [4, 30, 4], "size": [1, 1, 1], "uv": [119, 91]},
						{"origin": [4, 29, 4], "size": [1, 1, 1], "uv": [119, 98]},
						{"origin": [4, 28, 4], "size": [1, 1, 1], "uv": [119, 103]},
						{"origin": [4, 27, 4], "size": [1, 1, 1], "uv": [119, 108]},
						{"origin": [4, 26, 4], "size": [1, 1, 1], "uv": [124, 107]},
						{"origin": [3, 26, 4], "size": [1, 1, 1], "uv": [124, 107]},
						{"origin": [2, 25, 4], "size": [1, 1, 1], "uv": [128, 113]},
						{"origin": [1, 25, 4], "size": [1, 1, 1], "uv": [133, 113]},
						{"origin": [0, 25, 4], "size": [1, 1, 1], "uv": [138, 113]},
						{"origin": [-4, 25, 4], "size": [1, 1, 1], "uv": [144, 113]},
						{"origin": [3, 32, -1], "size": [1, 1, 1], "uv": [70, 64]},
						{"origin": [3, 32, -2], "size": [1, 1, 1], "uv": [70, 65]},
						{"origin": [2, 32, -4], "size": [1, 1, 1], "uv": [64, 73]},
						{"origin": [3, 32, -5], "size": [1, 1, 1], "uv": [74, 83]},
						{"origin": [4, 32, -5], "size": [1, 1, 1], "uv": [80, 83]},
						{"origin": [4, 32, -4], "size": [1, 1, 1], "uv": [80, 83]},
						{"origin": [4, 32, -3], "size": [1, 1, 1], "uv": [85, 83]},
						{"origin": [4, 32, -2], "size": [1, 1, 1], "uv": [89, 82]},
						{"origin": [4, 32, -1], "size": [1, 1, 1], "uv": [94, 83]},
						{"origin": [4, 32, 0], "size": [1, 1, 1], "uv": [99, 83]},
						{"origin": [4, 31, -5], "size": [1, 1, 1], "uv": [79, 88]},
						{"origin": [4, 31, -4], "size": [1, 1, 1], "uv": [83, 87]},
						{"origin": [4, 31, -3], "size": [1, 1, 1], "uv": [83, 87]},
						{"origin": [4, 30, -3], "size": [1, 1, 1], "uv": [85, 94]},
						{"origin": [4, 29, -3], "size": [1, 1, 1], "uv": [90, 91]},
						{"origin": [4, 29, -2], "size": [1, 1, 1], "uv": [93, 93]},
						{"origin": [4, 30, -2], "size": [1, 1, 1], "uv": [89, 94]},
						{"origin": [4, 30, -1], "size": [1, 1, 1], "uv": [94, 93]},
						{"origin": [4, 29, -1], "size": [1, 1, 1], "uv": [94, 93]},
						{"origin": [4, 30, 0], "size": [1, 1, 1], "uv": [99, 92]},
						{"origin": [4, 29, 0], "size": [1, 1, 1], "uv": [99, 98]},
						{"origin": [4, 28, -1], "size": [1, 1, 1], "uv": [94, 99]},
						{"origin": [4, 28, -2], "size": [1, 1, 1], "uv": [89, 97]},
						{"origin": [4, 28, -3], "size": [1, 1, 1], "uv": [83, 97]},
						{"origin": [4, 30, 1], "size": [1, 1, 1], "uv": [104, 92]},
						{"origin": [4, 30, 2], "size": [1, 1, 1], "uv": [109, 93]},
						{"origin": [4, 29, 2], "size": [1, 1, 1], "uv": [109, 98]},
						{"origin": [4, 28, 2], "size": [1, 1, 1], "uv": [109, 98]},
						{"origin": [4, 29, 1], "size": [1, 1, 1], "uv": [104, 98]},
						{"origin": [4, 28, 0], "size": [1, 1, 1], "uv": [104, 98]},
						{"origin": [4, 28, 1], "size": [1, 1, 1], "uv": [108, 98]},
						{"origin": [4, 30, 3], "size": [1, 1, 1], "uv": [114, 92]},
						{"origin": [4, 29, 3], "size": [1, 1, 1], "uv": [115, 98]},
						{"origin": [4, 27, 3], "size": [1, 1, 1], "uv": [114, 102]},
						{"origin": [4, 28, 3], "size": [1, 1, 1], "uv": [114, 102]},
						{"origin": [4, 27, 2], "size": [1, 1, 1], "uv": [109, 102]},
						{"origin": [4, 27, 1], "size": [1, 1, 1], "uv": [104, 103]},
						{"origin": [4, 27, 0], "size": [1, 1, 1], "uv": [99, 103]},
						{"origin": [4, 31, -2], "size": [1, 1, 1], "uv": [90, 88]},
						{"origin": [4, 31, -1], "size": [1, 1, 1], "uv": [94, 87]},
						{"origin": [4, 31, 0], "size": [1, 1, 1], "uv": [100, 88]},
						{"origin": [4, 31, 1], "size": [1, 1, 1], "uv": [104, 88]},
						{"origin": [4, 31, 2], "size": [1, 1, 1], "uv": [109, 87]},
						{"origin": [4, 32, 2], "size": [1, 1, 1], "uv": [108, 83]},
						{"origin": [4, 32, 1], "size": [1, 1, 1], "uv": [105, 83]},
						{"origin": [4, 30, -5], "size": [1, 1, 1], "uv": [79, 92]},
						{"origin": [4, 30, -4], "size": [1, 1, 1], "uv": [90, 94]},
						{"origin": [4, 29, -4], "size": [1, 1, 1], "uv": [90, 94]},
						{"origin": [4, 29, -5], "size": [1, 1, 1], "uv": [81, 98]},
						{"origin": [4, 28, -5], "size": [1, 1, 1], "uv": [100, 98]},
						{"origin": [4, 28, -4], "size": [1, 1, 1], "uv": [80, 98]},
						{"origin": [3, 31, -5], "size": [1, 1, 1], "uv": [74, 89]},
						{"origin": [3, 30, -5], "size": [1, 1, 1], "uv": [74, 93]},
						{"origin": [3, 29, -5], "size": [1, 1, 1], "uv": [79, 99]},
						{"origin": [-3, 31, -5], "size": [1, 1, 1], "uv": [45, 88]},
						{"origin": [-3, 30, -5], "size": [1, 1, 1], "uv": [45, 93]},
						{"origin": [-2, 30, -5], "size": [1, 1, 1], "uv": [50, 93]},
						{"origin": [-1, 30, -5], "size": [1, 1, 1], "uv": [55, 93]},
						{"origin": [-1, 29, -5], "size": [1, 1, 1], "uv": [55, 98]},
						{"origin": [0, 29, -5], "size": [1, 1, 1], "uv": [60, 97]},
						{"origin": [-1, 28, -5], "size": [1, 1, 1], "uv": [55, 102]},
						{"origin": [0, 30, -5], "size": [1, 1, 1], "uv": [59, 93]},
						{"origin": [1, 30, -5], "size": [1, 1, 1], "uv": [65, 93]},
						{"origin": [-2, 31, -5], "size": [1, 1, 1], "uv": [50, 88]},
						{"origin": [-1, 31, -5], "size": [1, 1, 1], "uv": [55, 88]},
						{"origin": [1, 31, -5], "size": [1, 1, 1], "uv": [65, 88]},
						{"origin": [-4, 30, -5], "size": [1, 1, 1], "uv": [40, 92]},
						{"origin": [-4, 29, -5], "size": [1, 1, 1], "uv": [40, 97]}
					]
				},
				{
					"name": "rightArm",
					"parent": "body",
					"pivot": [-5, 21, 0]
				},
				{
					"name": "rightItem",
					"parent": "rightArm",
					"pivot": [-6, 14, 1]
				},
				{
					"name": "leftArm",
					"parent": "body",
					"pivot": [5, 21, 0],
					"mirror": true
				},
				{
					"name": "rightLeg",
					"parent": "body",
					"pivot": [-1.9, 11, 0]
				},
				{
					"name": "leftLeg",
					"parent": "body",
					"pivot": [1.9, 11, 0],
					"mirror": true
				}
			]
		}
	]
}