{
	"format_version": "1.12.0",
	"minecraft:geometry": [
		{
			"description": {
				"identifier": "geometry.klm",
				"texture_width": 128,
				"texture_height": 128,
				"visible_bounds_width": 4,
				"visible_bounds_height": 3.5,
				"visible_bounds_offset": [0, 1.25, 0]
			},
			"bones": [
				{
					"name": "body",
					"pivot": [0, 13, 9]
				},
				{
					"name": "Neck",
					"parent": "body",
					"pivot": [0, 20, -10],
					"rotation": [30, 0, 0],
					"cubes": [
						{"origin": [-2.05, 15.8, -12], "size": [4, 14, 8], "uv": [0, 12]}
					],
					"locators": {
						"lead": [0, 17, -8]
					}
				},
				{
					"name": "B",
					"parent": "body",
					"pivot": [0, 13, 9],
					"cubes": [
						{"origin": [-5, 11, -10], "size": [10, 10, 24], "uv": [0, 34]}
					]
				},
				{
					"name": "TailA",
					"parent": "body",
					"pivot": [0, 21, 14],
					"rotation": [-65, 0, 0],
					"cubes": [
						{"origin": [-1, 20, 14], "size": [2, 2, 3], "uv": [44, 0]}
					]
				},
				{
					"name": "head",
					"parent": "body",
					"pivot": [0, 29, -9]
				},
				{
					"name": "h",
					"parent": "head",
					"pivot": [0, 20, -10],
					"rotation": [30, 0, 0],
					"cubes": [
						{"origin": [-2.5, 25, -11.5], "size": [5, 5, 7], "uv": [0, 0]}
					]
				},
				{
					"name": "UMouth",
					"parent": "head",
					"pivot": [0, 20.05, -10],
					"cubes": [
						{"origin": [-2, 35.563, -7.79323], "size": [4, 3, 6], "pivot": [0, 8.513, 9.20677], "rotation": [32.5, 0, 0], "uv": [24, 18]}
					]
				},
				{
					"name": "LMouth",
					"parent": "head",
					"pivot": [0, 20, -10],
					"cubes": [
						{"origin": [-2, 25, -16.5], "size": [4, 2, 5], "uv": [24, 27]}
					]
				},
				{
					"name": "leg4",
					"pivot": [-3.5, 16, -8]
				},
				{
					"name": "Leg4A",
					"parent": "leg4",
					"pivot": [-4, 15, -8],
					"cubes": [
						{"origin": [-5.1, 8, -10.1], "size": [3, 8, 4], "uv": [60, 29]}
					]
				},
				{
					"name": "Leg4B",
					"parent": "leg4",
					"pivot": [-4, 8, -8],
					"cubes": [
						{"origin": [-5.1, 3, -9.6], "size": [3, 5, 3], "uv": [60, 41]}
					]
				},
				{
					"name": "Leg4C",
					"parent": "Leg4B",
					"pivot": [-4, 8, -8],
					"cubes": [
						{"origin": [-5.6, -0.1, -10.1], "size": [4, 3, 4], "uv": [60, 51]}
					]
				},
				{
					"name": "leg3",
					"pivot": [3.5, 16, -8]
				},
				{
					"name": "Leg3A",
					"parent": "leg3",
					"pivot": [4, 15, -8],
					"cubes": [
						{"origin": [2.1, 8, -10.1], "size": [3, 8, 4], "uv": [44, 29]}
					]
				},
				{
					"name": "Leg3B",
					"parent": "leg3",
					"pivot": [4, 8, -8],
					"cubes": [
						{"origin": [2.1, 3, -9.6], "size": [3, 5, 3], "uv": [44, 41]}
					]
				},
				{
					"name": "Leg3C",
					"parent": "Leg3B",
					"pivot": [4, 8, -8],
					"cubes": [
						{"origin": [1.6, -0.1, -10.1], "size": [4, 3, 4], "uv": [44, 51]}
					]
				},
				{
					"name": "leg2",
					"pivot": [-3.5, 17, 11]
				},
				{
					"name": "Leg2A",
					"parent": "leg2",
					"pivot": [-4, 15, 11],
					"cubes": [
						{"origin": [-5.5, 8, 8.5], "size": [4, 9, 5], "uv": [96, 29]}
					]
				},
				{
					"name": "Leg2B",
					"parent": "leg2",
					"pivot": [-4, 8, 11],
					"cubes": [
						{"origin": [-5, 3, 9.5], "size": [3, 5, 3], "uv": [96, 43]}
					]
				},
				{
					"name": "Leg2C",
					"parent": "Leg2B",
					"pivot": [-4, 8, 11],
					"cubes": [
						{"origin": [-5.5, -0.1, 9], "size": [4, 3, 4], "uv": [96, 51]}
					]
				},
				{
					"name": "leg1",
					"pivot": [3.5, 17, 11]
				},
				{
					"name": "Leg1A",
					"parent": "leg1",
					"pivot": [4, 15, 11],
					"cubes": [
						{"origin": [1.5, 8, 8.5], "size": [4, 9, 5], "uv": [78, 29]}
					]
				},
				{
					"name": "Leg1B",
					"parent": "leg1",
					"pivot": [4, 8, 11],
					"cubes": [
						{"origin": [2, 3, 9.5], "size": [3, 5, 3], "uv": [78, 43]}
					]
				},
				{
					"name": "Leg1C",
					"parent": "Leg1B",
					"pivot": [4, 8, 11],
					"cubes": [
						{"origin": [1.5, -0.1, 9], "size": [4, 3, 4], "uv": [78, 51]}
					]
				}
			]
		}
	]
}