{
	"format_version": "1.12.0",
	"minecraft:geometry": [
		{
			"description": {
				"identifier": "geometry.armoredbrine",
				"texture_width": 64,
				"texture_height": 64,
				"visible_bounds_width": 4,
				"visible_bounds_height": 3,
				"visible_bounds_offset": [0, 1.5, 0]
			},
			"bones": [
				{
					"name": "body",
					"pivot": [0, 24, 0],
					"cubes": [
						{"origin": [-4, 12, -2], "size": [8, 12, 4], "uv": [16, 16]}
					]
				},
				{
					"name": "sh",
					"parent": "body",
					"pivot": [7, 4, 2],
					"rotation": [-160.26919, 36.92873, 171.04108]
				},
				{
					"name": "shenh",
					"parent": "sh",
					"pivot": [7, 4, 2],
					"cubes": [
						{"origin": [9, 14, 1], "size": [3, 6, 3], "inflate": -0.7, "uv": [0, 42]}
					]
				},
				{
					"name": "shenh2",
					"parent": "sh",
					"pivot": [7, 4, 2],
					"cubes": [
						{"origin": [9, 14, 1], "size": [3, 6, 3], "inflate": -0.7, "uv": [0, 42]}
					]
				},
				{
					"name": "shenh3",
					"parent": "sh",
					"pivot": [7, 4, 2],
					"cubes": [
						{"origin": [9, 14, 1], "size": [3, 6, 3], "inflate": -0.7, "uv": [0, 42]}
					]
				},
				{
					"name": "shenh4",
					"parent": "sh",
					"pivot": [7, 4, 2],
					"cubes": [
						{"origin": [9, 14, 1], "size": [3, 6, 3], "inflate": -0.7, "uv": [0, 42]}
					]
				},
				{
					"name": "shenh5",
					"parent": "sh",
					"pivot": [7, 4, 2],
					"cubes": [
						{"origin": [9, 14, 1], "size": [3, 6, 3], "inflate": -0.7, "uv": [0, 42]}
					]
				},
				{
					"name": "shenh6",
					"parent": "sh",
					"pivot": [7, 4, 2],
					"cubes": [
						{"origin": [9, 14, 1], "size": [3, 6, 3], "inflate": -0.7, "uv": [0, 42]}
					]
				},
				{
					"name": "shenh7",
					"parent": "sh",
					"pivot": [7, 4, 2],
					"cubes": [
						{"origin": [9, 14, 1], "size": [3, 6, 3], "inflate": -0.7, "uv": [0, 42]}
					]
				},
				{
					"name": "sh2",
					"parent": "body",
					"pivot": [0, 0, 0],
					"rotation": [89.13954, 24.9313, 15.37658]
				},
				{
					"name": "shen2",
					"parent": "sh2",
					"pivot": [6.37874, -4.86537, 7.97119],
					"cubes": [
						{"origin": [-6.62126, -3.86537, 16.97119], "size": [3, 17, 3], "inflate": -0.5, "uv": [48, 44]}
					]
				},
				{
					"name": "shen3",
					"parent": "sh2",
					"pivot": [6.37874, -4.86537, 7.97119],
					"cubes": [
						{"origin": [-6.62126, -3.86537, 16.97119], "size": [3, 17, 3], "inflate": -0.5, "uv": [48, 44]}
					]
				},
				{
					"name": "shen4",
					"parent": "sh2",
					"pivot": [6.37874, -4.86537, 7.97119],
					"cubes": [
						{"origin": [-6.62126, -3.86537, 16.97119], "size": [3, 17, 3], "inflate": -0.5, "uv": [48, 44]}
					]
				},
				{
					"name": "shen5",
					"parent": "sh2",
					"pivot": [6.37874, -4.86537, 7.97119],
					"cubes": [
						{"origin": [-6.62126, -3.86537, 16.97119], "size": [3, 17, 3], "inflate": -0.5, "uv": [48, 44]}
					]
				},
				{
					"name": "shen6",
					"parent": "sh2",
					"pivot": [6.37874, -4.86537, 7.97119],
					"cubes": [
						{"origin": [-6.62126, -3.86537, 16.97119], "size": [3, 17, 3], "inflate": -0.5, "uv": [48, 44]}
					]
				},
				{
					"name": "shen7",
					"parent": "sh2",
					"pivot": [6.37874, -4.86537, 7.97119],
					"cubes": [
						{"origin": [-6.62126, -3.86537, 16.97119], "size": [3, 17, 3], "inflate": -0.5, "uv": [48, 44]}
					]
				},
				{
					"name": "shen8",
					"parent": "sh2",
					"pivot": [6.37874, -4.86537, 7.97119],
					"cubes": [
						{"origin": [-6.62126, -3.86537, 16.97119], "size": [3, 17, 3], "inflate": -0.5, "uv": [48, 44]}
					]
				},
				{
					"name": "sh3",
					"parent": "body",
					"pivot": [0, 0, 0],
					"rotation": [127.73372, -10.75555, 66.70819],
					"cubes": [
						{"origin": [-16.62126, -5.86537, 0.97119], "size": [3, 10, 3], "inflate": -0.5, "uv": [0, 32]}
					]
				},
				{
					"name": "sh4",
					"parent": "body",
					"pivot": [0, 0, 0],
					"rotation": [96.63743, -20.99438, 35.6841]
				},
				{
					"name": "hysx1",
					"parent": "sh4",
					"pivot": [0, 0, 0],
					"cubes": [
						{"origin": [-9.62126, -11.86537, 15.97119], "size": [3, 17, 3], "inflate": -0.5, "uv": [48, 44]}
					]
				},
				{
					"name": "hysx2",
					"parent": "sh4",
					"pivot": [0, 0, 0],
					"cubes": [
						{"origin": [-9.62126, -11.86537, 15.97119], "size": [3, 17, 3], "inflate": -0.5, "uv": [48, 44]}
					]
				},
				{
					"name": "hysx3",
					"parent": "sh4",
					"pivot": [0, 0, 0],
					"cubes": [
						{"origin": [-9.62126, -11.86537, 15.97119], "size": [3, 17, 3], "inflate": -0.5, "uv": [48, 44]}
					]
				},
				{
					"name": "hysx4",
					"parent": "sh4",
					"pivot": [0, 0, 0],
					"cubes": [
						{"origin": [-9.62126, -11.86537, 15.97119], "size": [3, 17, 3], "inflate": -0.5, "uv": [48, 44]}
					]
				},
				{
					"name": "hysx5",
					"parent": "sh4",
					"pivot": [0, 0, 0],
					"cubes": [
						{"origin": [-9.62126, -11.86537, 15.97119], "size": [3, 17, 3], "inflate": -0.5, "uv": [48, 44]}
					]
				},
				{
					"name": "hysx6",
					"parent": "sh4",
					"pivot": [0, 0, 0],
					"cubes": [
						{"origin": [-9.62126, -11.86537, 15.97119], "size": [3, 17, 3], "inflate": -0.5, "uv": [48, 44]}
					]
				},
				{
					"name": "hysx7",
					"parent": "sh4",
					"pivot": [0, 0, 0],
					"cubes": [
						{"origin": [-9.62126, -11.86537, 15.97119], "size": [3, 17, 3], "inflate": -0.5, "uv": [48, 44]}
					]
				},
				{
					"name": "head",
					"parent": "body",
					"pivot": [0, 24, 0],
					"cubes": [
						{"origin": [-4, 24, -4], "size": [8, 8, 8], "uv": [0, 0]}
					]
				},
				{
					"name": "bone7",
					"parent": "head",
					"pivot": [0, 24, 0]
				},
				{
					"name": "bone",
					"parent": "bone7",
					"pivot": [-4, 31, -4],
					"rotation": [65, 45, 0],
					"cubes": [
						{"origin": [-5.29289, 30.21824, -5.20514], "size": [3, 6, 3], "inflate": -0.5, "uv": [0, 55]}
					]
				},
				{
					"name": "bone2",
					"parent": "bone7",
					"pivot": [-4, 30, -5],
					"rotation": [65, 45, 0],
					"cubes": [
						{"origin": [-6, 29, -5], "size": [3, 6, 3], "inflate": -0.5, "uv": [0, 55]}
					]
				},
				{
					"name": "bone3",
					"parent": "bone7",
					"pivot": [-4, 30, -5],
					"rotation": [65, 45, 0],
					"cubes": [
						{"origin": [-6, 29, -5], "size": [3, 6, 3], "inflate": -0.5, "uv": [0, 55]}
					]
				},
				{
					"name": "bone4",
					"parent": "bone7",
					"pivot": [-4, 30, -5],
					"rotation": [65, 45, 0],
					"cubes": [
						{"origin": [-6, 29, -5], "size": [3, 6, 3], "inflate": -0.5, "uv": [0, 55]}
					]
				},
				{
					"name": "bone5",
					"parent": "bone7",
					"pivot": [-4, 30, -5],
					"rotation": [65, 45, 0],
					"cubes": [
						{"origin": [-6, 29, -5], "size": [3, 6, 3], "inflate": -0.5, "uv": [0, 55]}
					]
				},
				{
					"name": "bone6",
					"parent": "bone7",
					"pivot": [-4, 30, -5],
					"rotation": [65, 45, 0],
					"cubes": [
						{"origin": [-6, 29, -5], "size": [3, 6, 3], "inflate": -0.5, "uv": [0, 55]}
					]
				},
				{
					"name": "bone11",
					"parent": "head",
					"pivot": [0, 24, 0]
				},
				{
					"name": "bone12",
					"parent": "bone11",
					"pivot": [1, 32, -1],
					"rotation": [44.79332, -29.51275, -7.76922],
					"cubes": [
						{"origin": [-0.60103, 31.4081, -2.79551], "size": [3, 7, 3], "inflate": -0.5, "uv": [0, 45]}
					]
				},
				{
					"name": "bone13",
					"parent": "bone11",
					"pivot": [1, 32, -1],
					"rotation": [44.79332, -29.51275, -7.76922],
					"cubes": [
						{"origin": [-0.60103, 31.4081, -2.79551], "size": [3, 7, 3], "inflate": -0.5, "uv": [0, 44]}
					]
				},
				{
					"name": "bone14",
					"parent": "bone11",
					"pivot": [1, 32, -1],
					"rotation": [44.79332, -29.51275, -7.76922],
					"cubes": [
						{"origin": [-0.60103, 31.4081, -2.79551], "size": [3, 7, 3], "inflate": -0.5, "uv": [0, 44]}
					]
				},
				{
					"name": "bone15",
					"parent": "bone11",
					"pivot": [1, 32, -1],
					"rotation": [44.79332, -29.51275, -7.76922],
					"cubes": [
						{"origin": [-0.60103, 31.4081, -2.79551], "size": [3, 7, 3], "inflate": -0.5, "uv": [0, 44]}
					]
				},
				{
					"name": "bone16",
					"parent": "bone11",
					"pivot": [1, 32, -1],
					"rotation": [44.79332, -29.51275, -7.76922],
					"cubes": [
						{"origin": [-0.60103, 31.4081, -2.79551], "size": [3, 7, 3], "inflate": -0.5, "uv": [0, 44]}
					]
				},
				{
					"name": "bone17",
					"parent": "bone11",
					"pivot": [1, 32, -1],
					"rotation": [44.79332, -29.51275, -7.76922],
					"cubes": [
						{"origin": [-0.60103, 31.4081, -2.79551], "size": [3, 7, 3], "inflate": -0.5, "uv": [0, 44]}
					]
				},
				{
					"name": "leftarm",
					"parent": "body",
					"pivot": [5, 22, 0],
					"cubes": [
						{"origin": [4, 17, -2], "size": [4, 7, 4], "uv": [32, 48]}
					]
				},
				{
					"name": "bone8",
					"parent": "leftarm",
					"pivot": [6, 17, 0],
					"cubes": [
						{"origin": [4, 12, -2], "size": [4, 5, 4], "uv": [40, 24]}
					]
				},
				{
					"name": "bone18",
					"parent": "bone8",
					"pivot": [6, 17, 0]
				},
				{
					"name": "hys2",
					"parent": "bone18",
					"pivot": [6, 18, 0]
				},
				{
					"name": "hyszz2",
					"parent": "hys2",
					"pivot": [8, 15, -3],
					"rotation": [-15, 0, 15],
					"cubes": [
						{"origin": [6, 2, -5], "size": [4, 14, 4], "inflate": -0.5, "uv": [0, 32]}
					]
				},
				{
					"name": "hyszz4",
					"parent": "hys2",
					"pivot": [8, 15, -3],
					"rotation": [-15, 0, 15],
					"cubes": [
						{"origin": [6, 2, -5], "size": [4, 14, 4], "inflate": -0.5, "uv": [0, 32]}
					]
				},
				{
					"name": "hyszz8",
					"parent": "hys2",
					"pivot": [8, 15, -3],
					"rotation": [-15, 0, 15],
					"cubes": [
						{"origin": [6, 2, -5], "size": [4, 14, 4], "inflate": -0.5, "uv": [0, 32]}
					]
				},
				{
					"name": "hyszz9",
					"parent": "hys2",
					"pivot": [8, 15, -3],
					"rotation": [-15, 0, 15],
					"cubes": [
						{"origin": [6, 2, -5], "size": [4, 14, 4], "inflate": -0.5, "uv": [0, 32]}
					]
				},
				{
					"name": "hys3",
					"parent": "bone18",
					"pivot": [6, 18, 0]
				},
				{
					"name": "hyszz3",
					"parent": "hys3",
					"pivot": [8, 15, -3],
					"rotation": [-10, -10, -15],
					"cubes": [
						{"origin": [6, 2, -5], "size": [4, 14, 4], "inflate": -0.5, "uv": [0, 32]}
					]
				},
				{
					"name": "hyszz5",
					"parent": "hys3",
					"pivot": [8, 15, -3],
					"rotation": [-10, -10, -15],
					"cubes": [
						{"origin": [6, 2, -5], "size": [4, 14, 4], "inflate": -0.5, "uv": [0, 32]}
					]
				},
				{
					"name": "hyszz6",
					"parent": "hys3",
					"pivot": [8, 15, -3],
					"rotation": [-10, -10, -15],
					"cubes": [
						{"origin": [6, 2, -5], "size": [4, 14, 4], "inflate": -0.5, "uv": [0, 32]}
					]
				},
				{
					"name": "hyszz7",
					"parent": "hys3",
					"pivot": [8, 15, -3],
					"rotation": [-10, -10, -15],
					"cubes": [
						{"origin": [6, 2, -5], "size": [4, 14, 4], "inflate": -0.5, "uv": [0, 32]}
					]
				},
				{
					"name": "hys",
					"parent": "bone18",
					"pivot": [6, 17, 0]
				},
				{
					"name": "hyszz",
					"parent": "hys",
					"pivot": [8, 16, -3],
					"rotation": [15, 0, 0],
					"cubes": [
						{"origin": [6, 3, -5], "size": [4, 14, 4], "inflate": -0.5, "uv": [0, 32]}
					]
				},
				{
					"name": "hyszz10",
					"parent": "hys",
					"pivot": [8, 16, -3],
					"rotation": [15, 0, 0],
					"cubes": [
						{"origin": [6, 3, -5], "size": [4, 14, 4], "inflate": -0.5, "uv": [0, 32]}
					]
				},
				{
					"name": "hyszz11",
					"parent": "hys",
					"pivot": [8, 16, -3],
					"rotation": [15, 0, 0],
					"cubes": [
						{"origin": [6, 3, -5], "size": [4, 14, 4], "inflate": -0.5, "uv": [0, 32]}
					]
				},
				{
					"name": "hyszz12",
					"parent": "hys",
					"pivot": [8, 16, -3],
					"rotation": [15, 0, 0],
					"cubes": [
						{"origin": [6, 3, -5], "size": [4, 14, 4], "inflate": -0.5, "uv": [0, 32]}
					]
				},
				{
					"name": "rightarm",
					"parent": "body",
					"pivot": [-5, 22, 0],
					"mirror": true,
					"cubes": [
						{"origin": [-8, 17, -2], "size": [4, 7, 4], "uv": [40, 16], "mirror": false}
					]
				},
				{
					"name": "bone30",
					"parent": "rightarm",
					"pivot": [-6, 17, 0],
					"cubes": [
						{"origin": [-8, 12, -2], "size": [4, 5, 4], "uv": [40, 24]}
					]
				},
				{
					"name": "wqh",
					"parent": "bone30",
					"pivot": [-6, 17, 0]
				},
				{
					"name": "hysw",
					"parent": "wqh",
					"pivot": [-6, 17, 0],
					"cubes": [
						{"origin": [-9, 4, -3], "size": [4, 11, 4], "inflate": -0.5, "uv": [0, 32]}
					]
				},
				{
					"name": "hysw2",
					"parent": "wqh",
					"pivot": [-6, 17, 0],
					"cubes": [
						{"origin": [-9, 4, -3], "size": [4, 11, 4], "inflate": -0.5, "uv": [0, 32]}
					]
				},
				{
					"name": "hysw3",
					"parent": "wqh",
					"pivot": [-6, 17, 0],
					"cubes": [
						{"origin": [-9, 4, -3], "size": [4, 11, 4], "inflate": -0.5, "uv": [0, 32]}
					]
				},
				{
					"name": "hysw4",
					"parent": "wqh",
					"pivot": [-6, 17, 0],
					"cubes": [
						{"origin": [-9, 4, -3], "size": [4, 11, 4], "inflate": -0.5, "uv": [0, 32]}
					]
				},
				{
					"name": "hysw5",
					"parent": "wqh",
					"pivot": [-6, 17, 0],
					"cubes": [
						{"origin": [-9, 4, -3], "size": [4, 11, 4], "inflate": -0.5, "uv": [0, 32]}
					]
				},
				{
					"name": "hysw6",
					"parent": "wqh",
					"pivot": [-6, 17, 0],
					"cubes": [
						{"origin": [-9, 4, -3], "size": [4, 11, 4], "inflate": -0.5, "uv": [0, 32]}
					]
				},
				{
					"name": "hysw7",
					"parent": "wqh",
					"pivot": [-6, 17, 0],
					"cubes": [
						{"origin": [-9, 4, -3], "size": [4, 11, 4], "inflate": -0.5, "uv": [0, 32]}
					]
				},
				{
					"name": "hysw8",
					"parent": "wqh",
					"pivot": [-6, 17, 0],
					"cubes": [
						{"origin": [-9, 4, -3], "size": [4, 11, 4], "inflate": -0.5, "uv": [0, 32]}
					]
				},
				{
					"name": "hysw9",
					"parent": "wqh",
					"pivot": [-6, 17, 0],
					"cubes": [
						{"origin": [-9, 4, -3], "size": [4, 11, 4], "inflate": -0.5, "uv": [0, 32]}
					]
				},
				{
					"name": "hysw10",
					"parent": "wqh",
					"pivot": [-6, 17, 0],
					"cubes": [
						{"origin": [-9, 4, -3], "size": [4, 11, 4], "inflate": -0.5, "uv": [0, 32]}
					]
				},
				{
					"name": "hysw11",
					"parent": "wqh",
					"pivot": [-6, 17, 0],
					"cubes": [
						{"origin": [-9, 4, -3], "size": [4, 11, 4], "inflate": -0.5, "uv": [0, 32]}
					]
				},
				{
					"name": "hysw12",
					"parent": "wqh",
					"pivot": [-6, 17, 0],
					"cubes": [
						{"origin": [-9, 4, -3], "size": [4, 11, 4], "inflate": -0.5, "uv": [0, 32]}
					]
				},
				{
					"name": "hysw13",
					"parent": "wqh",
					"pivot": [-6, 17, 0],
					"cubes": [
						{"origin": [-9, 4, -3], "size": [4, 11, 4], "inflate": -0.5, "uv": [0, 32]}
					]
				},
				{
					"name": "hysw14",
					"parent": "wqh",
					"pivot": [-6, 17, 0],
					"cubes": [
						{"origin": [-9, 4, -3], "size": [4, 11, 4], "inflate": -0.5, "uv": [0, 32]}
					]
				},
				{
					"name": "hysw15",
					"parent": "wqh",
					"pivot": [-6, 17, 0],
					"cubes": [
						{"origin": [-9, 4, -3], "size": [4, 11, 4], "inflate": -0.5, "uv": [0, 32]}
					]
				},
				{
					"name": "jh",
					"parent": "rightarm",
					"pivot": [-7, 24, -1],
					"rotation": [52.9955, 33.82584, -22.76048]
				},
				{
					"name": "hyj",
					"parent": "jh",
					"pivot": [-7, 24, -1],
					"cubes": [
						{"origin": [-10, 15, -3], "size": [3, 16, 3], "inflate": -0.5, "uv": [48, 45]}
					]
				},
				{
					"name": "hyj2",
					"parent": "jh",
					"pivot": [-7, 24, -1],
					"cubes": [
						{"origin": [-10, 15, -3], "size": [3, 16, 3], "inflate": -0.5, "uv": [48, 45]}
					]
				},
				{
					"name": "hyj3",
					"parent": "jh",
					"pivot": [-7, 24, -1],
					"cubes": [
						{"origin": [-10, 15, -3], "size": [3, 16, 3], "inflate": -0.5, "uv": [48, 45]}
					]
				},
				{
					"name": "hyj4",
					"parent": "jh",
					"pivot": [-7, 24, -1],
					"cubes": [
						{"origin": [-10, 15, -3], "size": [3, 16, 3], "inflate": -0.5, "uv": [48, 45]}
					]
				},
				{
					"name": "hyj5",
					"parent": "jh",
					"pivot": [-7, 24, -1],
					"cubes": [
						{"origin": [-10, 15, -3], "size": [3, 16, 3], "inflate": -0.5, "uv": [48, 45]}
					]
				},
				{
					"name": "hyj6",
					"parent": "jh",
					"pivot": [-7, 24, -1],
					"cubes": [
						{"origin": [-10, 15, -3], "size": [3, 16, 3], "inflate": -0.5, "uv": [48, 45]}
					]
				},
				{
					"name": "hyj7",
					"parent": "jh",
					"pivot": [-7, 24, -1],
					"cubes": [
						{"origin": [-10, 15, -3], "size": [3, 16, 3], "inflate": -0.5, "uv": [48, 45]}
					]
				},
				{
					"name": "hyj8",
					"parent": "jh",
					"pivot": [-7, 24, -1],
					"cubes": [
						{"origin": [-10, 15, -3], "size": [3, 16, 3], "inflate": -0.5, "uv": [48, 45]}
					]
				},
				{
					"name": "hyj9",
					"parent": "jh",
					"pivot": [-7, 24, -1],
					"cubes": [
						{"origin": [-10, 15, -3], "size": [3, 16, 3], "inflate": -0.5, "uv": [48, 45]}
					]
				},
				{
					"name": "hyj10",
					"parent": "jh",
					"pivot": [-7, 24, -1],
					"cubes": [
						{"origin": [-10, 15, -3], "size": [3, 16, 3], "inflate": -0.5, "uv": [48, 45]}
					]
				},
				{
					"name": "jh2",
					"parent": "rightarm",
					"pivot": [-8, 24, -1],
					"rotation": [90, 12.5, 0]
				},
				{
					"name": "hysj2",
					"parent": "jh2",
					"pivot": [-8, 24, -1],
					"cubes": [
						{"origin": [-9, 16, -4], "size": [3, 16, 3], "inflate": -0.5, "uv": [48, 45]}
					]
				},
				{
					"name": "hysj3",
					"parent": "jh2",
					"pivot": [-8, 24, -1],
					"cubes": [
						{"origin": [-9, 16, -4], "size": [3, 16, 3], "inflate": -0.5, "uv": [48, 45]}
					]
				},
				{
					"name": "hysj4",
					"parent": "jh2",
					"pivot": [-8, 24, -1],
					"cubes": [
						{"origin": [-9, 16, -4], "size": [3, 16, 3], "inflate": -0.5, "uv": [48, 45]}
					]
				},
				{
					"name": "hysj5",
					"parent": "jh2",
					"pivot": [-8, 24, -1],
					"cubes": [
						{"origin": [-9, 16, -4], "size": [3, 16, 3], "inflate": -0.5, "uv": [48, 45]}
					]
				},
				{
					"name": "hysj6",
					"parent": "jh2",
					"pivot": [-8, 24, -1],
					"cubes": [
						{"origin": [-9, 16, -4], "size": [3, 16, 3], "inflate": -0.5, "uv": [48, 45]}
					]
				},
				{
					"name": "hysj7",
					"parent": "jh2",
					"pivot": [-8, 24, -1],
					"cubes": [
						{"origin": [-9, 16, -4], "size": [3, 16, 3], "inflate": -0.5, "uv": [48, 45]}
					]
				},
				{
					"name": "hysj8",
					"parent": "jh2",
					"pivot": [-8, 24, -1],
					"cubes": [
						{"origin": [-9, 16, -4], "size": [3, 16, 3], "inflate": -0.5, "uv": [48, 45]}
					]
				},
				{
					"name": "hysj9",
					"parent": "jh2",
					"pivot": [-8, 24, -1],
					"cubes": [
						{"origin": [-9, 16, -4], "size": [3, 16, 3], "inflate": -0.5, "uv": [48, 45]}
					]
				},
				{
					"name": "hysj10",
					"parent": "jh2",
					"pivot": [-8, 24, -1],
					"cubes": [
						{"origin": [-9, 16, -4], "size": [3, 16, 3], "inflate": -0.5, "uv": [48, 45]}
					]
				},
				{
					"name": "hysj11",
					"parent": "jh2",
					"pivot": [-8, 24, -1],
					"cubes": [
						{"origin": [-9, 16, -4], "size": [3, 16, 3], "inflate": -0.5, "uv": [48, 45]}
					]
				},
				{
					"name": "hysj12",
					"parent": "jh2",
					"pivot": [-8, 24, -1],
					"cubes": [
						{"origin": [-9, 16, -4], "size": [3, 16, 3], "inflate": -0.5, "uv": [48, 45]}
					]
				},
				{
					"name": "leftleg",
					"parent": "body",
					"pivot": [1.9, 12, 0],
					"cubes": [
						{"origin": [0.05, 6, -2], "size": [4, 6, 4], "uv": [0, 16]}
					]
				},
				{
					"name": "bone10",
					"parent": "leftleg",
					"pivot": [2, 6, 0],
					"cubes": [
						{"origin": [0.05, 0, -2], "size": [4, 6, 4], "uv": [16, 48]}
					]
				},
				{
					"name": "rightleg",
					"parent": "body",
					"pivot": [-1.9, 12, 0],
					"mirror": true,
					"cubes": [
						{"origin": [-4.05, 6, -2], "size": [4, 6, 4], "uv": [0, 16], "mirror": false}
					]
				},
				{
					"name": "bone9",
					"parent": "rightleg",
					"pivot": [-2, 6, 0],
					"cubes": [
						{"origin": [-4.05, 0, -2], "size": [4, 6, 4], "uv": [16, 48]}
					]
				}
			]
		}
	]
}