{
	"format_version": "1.12.0",
	"minecraft:geometry": [
		{
			"description": {
				"identifier": "geometry.tklzs",
				"texture_width": 128,
				"texture_height": 128,
				"visible_bounds_width": 4,
				"visible_bounds_height": 5,
				"visible_bounds_offset": [0, 1.5, 0]
			},
			"bones": [
				{
					"name": "waist",
					"pivot": [0, -1, 0]
				},
				{
					"name": "leg0",
					"parent": "waist",
					"pivot": [-4, 12, 0],
					"rotation": [-25, 0, 0],
					"cubes": [
						{"origin": [-7.5, 6, -3], "size": [6, 9, 5], "uv": [37, 0]}
					]
				},
				{
					"name": "bone",
					"parent": "leg0",
					"pivot": [-4, 6, 0],
					"rotation": [25, 0, 0],
					"cubes": [
						{"origin": [-7.5, -1, -3], "size": [6, 7, 5], "uv": [37, 9]}
					]
				},
				{
					"name": "bone6",
					"parent": "leg0",
					"pivot": [-4, 12, 0],
					"cubes": [
						{"origin": [-6.5, 4, -2], "size": [4, 7, 3], "uv": [63, 47]}
					]
				},
				{
					"name": "leg1",
					"parent": "waist",
					"pivot": [5, 12, 0],
					"rotation": [-25, 0, 0],
					"mirror": true,
					"cubes": [
						{"origin": [1.5, 6, -3], "size": [6, 9, 5], "uv": [60, 0]}
					]
				},
				{
					"name": "bone2",
					"parent": "leg1",
					"pivot": [4, 6, 0],
					"rotation": [25, 0, 0],
					"cubes": [
						{"origin": [1.5, -1, -3], "size": [6, 7, 5], "uv": [60, 9], "mirror": true}
					]
				},
				{
					"name": "bone7",
					"parent": "leg1",
					"pivot": [5, 12, 0],
					"cubes": [
						{"origin": [2.5, 4, -2], "size": [4, 7, 3], "uv": [63, 64]}
					]
				},
				{
					"name": "tk",
					"parent": "waist",
					"pivot": [0, 15, 0]
				},
				{
					"name": "t",
					"parent": "tk",
					"pivot": [0, 15, 0],
					"cubes": [
						{"origin": [-8, 15, -10], "size": [16, 16, 16], "inflate": -5, "uv": [0, 96]}
					]
				},
				{
					"name": "t2",
					"parent": "tk",
					"pivot": [0, 15, 0],
					"cubes": [
						{"origin": [-8, 15, -10], "size": [16, 16, 16], "inflate": -5, "uv": [0, 96]}
					]
				},
				{
					"name": "t3",
					"parent": "tk",
					"pivot": [0, 15, 0],
					"cubes": [
						{"origin": [-8, 15, -10], "size": [16, 16, 16], "inflate": -5, "uv": [0, 96]}
					]
				},
				{
					"name": "t4",
					"parent": "tk",
					"pivot": [0, 15, 0],
					"cubes": [
						{"origin": [-8, 15, -10], "size": [16, 16, 16], "inflate": -5, "uv": [0, 96]}
					]
				},
				{
					"name": "t5",
					"parent": "tk",
					"pivot": [0, 15, 0],
					"cubes": [
						{"origin": [-8, 15, -10], "size": [16, 16, 16], "inflate": -5, "uv": [64, 96]}
					]
				},
				{
					"name": "body",
					"parent": "tk",
					"pivot": [0, 15, 0],
					"rotation": [20, 0, 0],
					"cubes": [
						{"origin": [-9, 20, -6], "size": [18, 12, 11], "uv": [0, 40]},
						{"origin": [-4.5, 15, -3], "size": [9, 5, 6], "inflate": 0.5, "uv": [0, 70]}
					]
				},
				{
					"name": "bone5",
					"parent": "body",
					"pivot": [0, 15, -3],
					"rotation": [-15, 0, 0]
				},
				{
					"name": "head",
					"parent": "bone5",
					"pivot": [0, 30, -5],
					"cubes": [
						{"origin": [-4, 33, -10.5], "size": [8, 9, 8], "uv": [0, 0]},
						{"origin": [-1, 31, -12.5], "size": [2, 4, 2], "uv": [24, 0]}
					]
				},
				{
					"name": "bone4",
					"parent": "bone5",
					"pivot": [0, 30, -5],
					"cubes": [
						{"origin": [-3, 32, -4], "size": [6, 5, 1], "uv": [30, 42]}
					]
				},
				{
					"name": "bone3",
					"parent": "bone5",
					"pivot": [0, 30, -5],
					"cubes": [
						{"origin": [-4, 32, -10.5], "size": [8, 1, 8], "uv": [0, 0]}
					]
				},
				{
					"name": "arm0",
					"parent": "body",
					"pivot": [-10, 30, 0],
					"rotation": [0, 0, 10],
					"cubes": [
						{"origin": [-13, 24.5, -3], "size": [4, 8, 6], "uv": [60, 21]}
					]
				},
				{
					"name": "arm1",
					"parent": "arm0",
					"pivot": [-11, 24.5, 0],
					"cubes": [
						{"origin": [-12.5, 16.5, 0], "size": [3, 8, 1], "uv": [120, 85]},
						{"origin": [-12.5, 16.5, -1], "size": [3, 8, 1], "uv": [120, 85]}
					]
				},
				{
					"name": "arm2",
					"parent": "arm0",
					"pivot": [-11, 24, 0],
					"rotation": [-10, 0, 0],
					"cubes": [
						{"origin": [-13, 17.5, -3], "size": [4, 7, 6], "inflate": 0.1, "uv": [60, 28]}
					]
				},
				{
					"name": "arm3",
					"parent": "arm2",
					"pivot": [-11, 17.5, 0],
					"cubes": [
						{"origin": [-12.5, 10.5, 0], "size": [3, 7, 1], "uv": [120, 85]},
						{"origin": [-12.5, 10.5, -1], "size": [3, 7, 1], "uv": [120, 85]}
					]
				},
				{
					"name": "arm4",
					"parent": "arm2",
					"pivot": [-11, 17, 0],
					"rotation": [-10, 0, 0],
					"cubes": [
						{"origin": [-13, 10.5, -3], "size": [4, 7, 6], "uv": [60, 35]}
					]
				},
				{
					"name": "arm5",
					"parent": "arm4",
					"pivot": [-11, 10.5, 0],
					"cubes": [
						{"origin": [-12.5, 3.5, 0], "size": [3, 7, 1], "uv": [120, 85]},
						{"origin": [-12.5, 3.5, -1], "size": [3, 7, 1], "uv": [120, 85]}
					]
				},
				{
					"name": "arm6",
					"parent": "arm4",
					"pivot": [-11, 10, 0],
					"rotation": [-10, 0, 0],
					"cubes": [
						{"origin": [-13, 2.5, -3], "size": [4, 8, 6], "inflate": 0.1, "uv": [84, 43]}
					]
				},
				{
					"name": "arm7",
					"parent": "body",
					"pivot": [10, 30, 0],
					"rotation": [0, 0, -10],
					"cubes": [
						{"origin": [9, 24.5, -3], "size": [4, 8, 6], "uv": [60, 58]}
					]
				},
				{
					"name": "arm8",
					"parent": "arm7",
					"pivot": [11, 24.5, 0],
					"cubes": [
						{"origin": [9.5, 16.5, 0], "size": [3, 8, 1], "uv": [120, 85], "mirror": true},
						{"origin": [9.5, 16.5, -1], "size": [3, 8, 1], "uv": [120, 85], "mirror": true}
					]
				},
				{
					"name": "arm9",
					"parent": "arm7",
					"pivot": [11, 24, 0],
					"rotation": [-10, 0, 0],
					"cubes": [
						{"origin": [9, 17.5, -3], "size": [4, 7, 6], "inflate": 0.1, "uv": [60, 66]}
					]
				},
				{
					"name": "arm10",
					"parent": "arm9",
					"pivot": [11, 17.5, 0],
					"cubes": [
						{"origin": [9.5, 10.5, 0], "size": [3, 7, 1], "uv": [120, 84], "mirror": true},
						{"origin": [9.5, 10.5, -1], "size": [3, 7, 1], "uv": [120, 85], "mirror": true}
					]
				},
				{
					"name": "arm11",
					"parent": "arm9",
					"pivot": [11, 17, 0],
					"rotation": [-10, 0, 0],
					"cubes": [
						{"origin": [9, 10.5, -3], "size": [4, 7, 6], "uv": [60, 73]}
					]
				},
				{
					"name": "arm12",
					"parent": "arm11",
					"pivot": [11, 10.5, 0],
					"cubes": [
						{"origin": [9.5, 3.5, 0], "size": [3, 7, 1], "uv": [120, 85], "mirror": true},
						{"origin": [9.5, 3.5, -1], "size": [3, 7, 1], "uv": [120, 85], "mirror": true}
					]
				},
				{
					"name": "arm13",
					"parent": "arm11",
					"pivot": [11, 10, 0],
					"rotation": [-10, 0, 0],
					"cubes": [
						{"origin": [9, 2.5, -3], "size": [4, 8, 6], "inflate": 0.1, "uv": [84, 80]}
					]
				}
			]
		}
	]
}