{
	"format_version": "1.12.0",
	"minecraft:geometry": [
		{
			"description": {
				"identifier": "geometry.fmzjkl",
				"texture_width": 128,
				"texture_height": 128,
				"visible_bounds_width": 3,
				"visible_bounds_height": 5,
				"visible_bounds_offset": [0, 1.5, 0]
			},
			"bones": [
				{
					"name": "waist",
					"pivot": [0, 0, 0]
				},
				{
					"name": "leg0",
					"parent": "waist",
					"pivot": [-4, 13, 0],
					"cubes": [
						{"origin": [-7.7, 6.9, -3.1], "size": [6.4, 9.3, 5.2], "uv": [37, 0]}
					]
				},
				{
					"name": "bone",
					"parent": "leg0",
					"pivot": [-4, 7, 0],
					"cubes": [
						{"origin": [-7.7, -0.1, -3.1], "size": [6.4, 7.3, 5.2], "uv": [37, 9]}
					]
				},
				{
					"name": "leg1",
					"parent": "waist",
					"pivot": [5, 13, 0],
					"mirror": true,
					"cubes": [
						{"origin": [1.3, 6.9, -3.1], "size": [6.4, 9.3, 5.2], "uv": [60, 0]}
					]
				},
				{
					"name": "bone2",
					"parent": "leg1",
					"pivot": [4, 7, 0],
					"cubes": [
						{"origin": [1.3, -0.1, -3.1], "size": [6.4, 7.3, 5.2], "uv": [60, 9], "mirror": true}
					]
				},
				{
					"name": "body",
					"parent": "waist",
					"pivot": [0, 16, 0],
					"cubes": [
						{"origin": [-9.2, 20.9, -6.1], "size": [18.4, 12.3, 11.2], "uv": [0, 40]},
						{"origin": [-4.7, 15.9, -3.1], "size": [9.4, 5.3, 6.2], "inflate": 0.5, "uv": [0, 70]}
					]
				},
				{
					"name": "bone9",
					"parent": "body",
					"pivot": [0, 16, 0]
				},
				{
					"name": "head",
					"parent": "bone9",
					"pivot": [0, 31, -2],
					"cubes": [
						{"origin": [-4.2, 33.9, -7.6], "size": [8.4, 9.3, 8.2], "uv": [0, 0]},
						{"origin": [-1.2, 31.9, -9.6], "size": [2.4, 4.3, 2.2], "uv": [24, 0]}
					]
				},
				{
					"name": "bone4",
					"parent": "bone9",
					"pivot": [0, 31, -2],
					"cubes": [
						{"origin": [-3.2, 32.9, -1.1], "size": [6.4, 5.3, 1.2], "uv": [30, 42]}
					]
				},
				{
					"name": "bone3",
					"parent": "bone9",
					"pivot": [0, 31, -2],
					"cubes": [
						{"origin": [-4.2, 32.9, -7.6], "size": [8.4, 1.3, 8.2], "uv": [0, 0]}
					]
				},
				{
					"name": "arm0",
					"parent": "body",
					"pivot": [-10, 31, 0],
					"cubes": [
						{"origin": [-13.2, 25.4, -3.1], "size": [4.4, 8.3, 6.2], "uv": [60, 21]}
					]
				},
				{
					"name": "arm1",
					"parent": "arm0",
					"pivot": [-11, 25.5, 0],
					"cubes": [
						{"origin": [-12.7, 17.4, -0.1], "size": [3.4, 8.3, 1.2], "uv": [120, 84]},
						{"origin": [-12.7, 17.4, -1.1], "size": [3.4, 8.3, 1.2], "uv": [120, 85]}
					]
				},
				{
					"name": "arm2",
					"parent": "arm0",
					"pivot": [-11, 25, 0],
					"cubes": [
						{"origin": [-13.2, 18.4, -3.1], "size": [4.4, 7.3, 6.2], "inflate": 0.1, "uv": [60, 28]}
					]
				},
				{
					"name": "arm3",
					"parent": "arm2",
					"pivot": [-11, 18.5, 0],
					"cubes": [
						{"origin": [-12.7, 11.4, -0.1], "size": [3.4, 7.3, 1.2], "uv": [120, 86]},
						{"origin": [-12.7, 11.4, -1.1], "size": [3.4, 7.3, 1.2], "uv": [120, 86]}
					]
				},
				{
					"name": "arm4",
					"parent": "arm2",
					"pivot": [-11, 18, 0],
					"cubes": [
						{"origin": [-13.2, 11.4, -3.1], "size": [4.4, 7.3, 6.2], "uv": [60, 35]}
					]
				},
				{
					"name": "arm5",
					"parent": "arm4",
					"pivot": [-11, 11.5, 0],
					"cubes": [
						{"origin": [-12.7, 4.4, -0.1], "size": [3.4, 7.3, 1.2], "uv": [120, 86]},
						{"origin": [-12.7, 4.4, -1.1], "size": [3.4, 7.3, 1.2], "uv": [120, 86]}
					]
				},
				{
					"name": "arm6",
					"parent": "arm4",
					"pivot": [-11, 11, 0],
					"cubes": [
						{"origin": [-13.2, 3.4, -3.1], "size": [4.4, 8.3, 6.2], "inflate": 0.1, "uv": [84, 43]}
					]
				},
				{
					"name": "arm7",
					"parent": "body",
					"pivot": [10, 31, 0],
					"cubes": [
						{"origin": [8.8, 25.4, -3.1], "size": [4.4, 8.3, 6.2], "uv": [60, 58]}
					]
				},
				{
					"name": "arm8",
					"parent": "arm7",
					"pivot": [11, 25.5, 0],
					"cubes": [
						{"origin": [9.3, 17.4, -0.1], "size": [3.4, 8.3, 1.2], "uv": [120, 85], "mirror": true},
						{"origin": [9.3, 17.4, -1.1], "size": [3.4, 8.3, 1.2], "uv": [120, 85], "mirror": true}
					]
				},
				{
					"name": "arm9",
					"parent": "arm7",
					"pivot": [11, 25, 0],
					"cubes": [
						{"origin": [8.8, 18.4, -3.1], "size": [4.4, 7.3, 6.2], "inflate": 0.1, "uv": [60, 66]}
					]
				},
				{
					"name": "arm10",
					"parent": "arm9",
					"pivot": [11, 18.5, 0],
					"cubes": [
						{"origin": [9.3, 11.4, -0.1], "size": [3.4, 7.3, 1.2], "uv": [120, 86], "mirror": true},
						{"origin": [9.3, 11.4, -1.1], "size": [3.4, 7.3, 1.2], "uv": [120, 86], "mirror": true}
					]
				},
				{
					"name": "arm11",
					"parent": "arm9",
					"pivot": [11, 18, 0],
					"cubes": [
						{"origin": [8.8, 11.4, -3.18], "size": [4.4, 7.3, 6.34], "uv": [61, 74]}
					]
				},
				{
					"name": "arm12",
					"parent": "arm11",
					"pivot": [11, 11.5, 0],
					"cubes": [
						{"origin": [9.3, 4.4, -0.1], "size": [3.4, 7.3, 1.2], "uv": [120, 86], "mirror": true},
						{"origin": [9.3, 4.4, -1.1], "size": [3.4, 7.3, 1.2], "uv": [120, 86], "mirror": true}
					]
				},
				{
					"name": "arm13",
					"parent": "arm11",
					"pivot": [11, 11, 0],
					"cubes": [
						{"origin": [8.8, 3.4, -3.1], "size": [4.4, 8.3, 6.2], "inflate": 0.1, "uv": [84, 80]}
					]
				}
			]
		}
	]
}