{
	"format_version": "1.12.0",
	"minecraft:geometry": [
		{
			"description": {
				"identifier": "geometry.jscq",
				"texture_width": 79,
				"texture_height": 79,
				"visible_bounds_width": 3,
				"visible_bounds_height": 4,
				"visible_bounds_offset": [0, 1, 0]
			},
			"bones": [
				{
					"name": "body",
					"pivot": [0, 23, -4],
					"rotation": [20, 0, 0],
					"cubes": [
						{"origin": [-4, 11, -6], "size": [8, 12, 4], "uv": [16, 18], "mirror": true}
					]
				},
				{
					"name": "bodyArmor",
					"parent": "body",
					"pivot": [0, 23, -4]
				},
				{
					"name": "belt",
					"parent": "body",
					"pivot": [0, 23, -4]
				},
				{
					"name": "head",
					"parent": "body",
					"pivot": [0, 23, -4],
					"rotation": [0, 0, 20],
					"cubes": [
						{"origin": [-4, 23, -8], "size": [8, 10.6, 8], "uv": [0, 0], "mirror": true}
					]
				},
				{
					"name": "bone2",
					"parent": "head",
					"pivot": [0, -1, -4],
					"cubes": [
						{"origin": [-1, 22, -10], "size": [2, 4, 2], "uv": [24, 0], "mirror": true}
					]
				},
				{
					"name": "rightArm",
					"parent": "body",
					"pivot": [-5, 21, -4],
					"rotation": [-25, 0, 0],
					"cubes": [
						{"origin": [-8, 16, -6], "size": [4, 7, 4], "uv": [40, 18], "mirror": true}
					]
				},
				{
					"name": "rightItem",
					"parent": "rightArm",
					"pivot": [-6, 14, -3]
				},
				{
					"name": "bone5",
					"parent": "rightItem",
					"pivot": [-6, 14, -3],
					"cubes": [
						{"origin": [-8, 11, -6], "size": [4, 5, 4], "uv": [32, 57], "mirror": true}
					]
				},
				{
					"name": "leftArm",
					"parent": "body",
					"pivot": [5, 21, -4],
					"rotation": [-22.5, 0, 0],
					"mirror": true,
					"cubes": [
						{"origin": [4, 16, -6], "size": [4, 7, 4], "uv": [40, 18]}
					]
				},
				{
					"name": "bone3",
					"parent": "leftArm",
					"pivot": [6, 16, -3],
					"cubes": [
						{"origin": [4, 11, -6], "size": [4, 5, 4], "uv": [32, 57], "mirror": true}
					]
				},
				{
					"name": "leftitem",
					"parent": "bone3",
					"pivot": [6, 14, -4]
				},
				{
					"name": "waist",
					"parent": "body",
					"pivot": [0, 11, -4]
				},
				{
					"name": "helmet",
					"parent": "body",
					"pivot": [0, 24, -4]
				},
				{
					"name": "rightLeg",
					"pivot": [-1.9, 12, 0],
					"cubes": [
						{"origin": [-3.9, 5, -2], "size": [4, 7, 4], "uv": [16, 50]}
					]
				},
				{
					"name": "bone4",
					"parent": "rightLeg",
					"pivot": [-11, 5, 0],
					"cubes": [
						{"origin": [-3.9, 0, -2], "size": [4, 5, 4], "uv": [16, 57]}
					]
				},
				{
					"name": "rightLegging",
					"parent": "rightLeg",
					"pivot": [-1.9, 12, 0]
				},
				{
					"name": "rightBoot",
					"parent": "rightLeg",
					"pivot": [-1.9, 12, 0]
				},
				{
					"name": "rightSock",
					"parent": "rightLeg",
					"pivot": [-1.9, 12, 0]
				},
				{
					"name": "leftLeg",
					"pivot": [1.9, 12, 0],
					"mirror": true,
					"cubes": [
						{"origin": [-0.1, 5, -2], "size": [4, 7, 4], "uv": [16, 50]}
					]
				},
				{
					"name": "leftLegging",
					"parent": "leftLeg",
					"pivot": [1.9, 12, 0],
					"mirror": true
				},
				{
					"name": "leftBoot",
					"parent": "leftLeg",
					"pivot": [1.9, 12, 0],
					"mirror": true
				},
				{
					"name": "leftSock",
					"parent": "leftLeg",
					"pivot": [1.9, 12, 0],
					"mirror": true
				},
				{
					"name": "bone6",
					"parent": "leftLeg",
					"pivot": [2, 5, 0],
					"cubes": [
						{"origin": [-0.1, 0, -2], "size": [4, 5, 4], "uv": [16, 57]}
					]
				},
				{
					"name": "cape",
					"parent": "leftLeg",
					"pivot": [1.9, 12, 0]
				}
			]
		}
	]
}