{
	"format_version": "1.12.0",
	"minecraft:geometry": [
		{
			"description": {
				"identifier": "geometry.king",
				"texture_width": 256,
				"texture_height": 256,
				"visible_bounds_width": 4,
				"visible_bounds_height": 4,
				"visible_bounds_offset": [0, 1, 0]
			},
			"bones": [
				{
					"name": "body",
					"pivot": [0, 24, 0],
					"cubes": [
						{"origin": [-4, 12, -2], "size": [8, 12, 4], "uv": [18, 22]}
					]
				},
				{
					"name": "head",
					"parent": "body",
					"pivot": [0, 24, 0],
					"cubes": [
						{"origin": [-4, 24, -4], "size": [8, 10.6, 8], "uv": [0, 0]}
					]
				},
				{
					"name": "nose",
					"parent": "head",
					"pivot": [0, 26, 0],
					"cubes": [
						{"origin": [-1, 23, -6], "size": [2, 4, 2], "uv": [24, 0]}
					]
				},
				{
					"name": "bone14",
					"parent": "head",
					"pivot": [0, 24, 0],
					"cubes": [
						{"origin": [1, 27.2, 4.01], "size": [1, 1, 0], "pivot": [0, 24, 0], "rotation": [0, 180, 0], "uv": [1, 42]}
					]
				},
				{
					"name": "bone15",
					"parent": "head",
					"pivot": [3, 24, 0],
					"cubes": [
						{"origin": [4, 27.2, 4.01], "size": [1, 1, 0], "pivot": [3, 24, 0], "rotation": [0, 180, 0], "uv": [1, 42]}
					]
				},
				{
					"name": "bone16",
					"parent": "head",
					"pivot": [3, 26, 0],
					"cubes": [
						{"origin": [2, 28.2, 4.02], "size": [3, 2, 0], "pivot": [3, 26, 0], "rotation": [0, 180, 0], "uv": [0, 40]}
					]
				},
				{
					"name": "bone17",
					"parent": "head",
					"pivot": [-3, 26, 0],
					"cubes": [
						{"origin": [7, 28.2, 4.02], "size": [3, 2, 0], "pivot": [3, 26, 0], "rotation": [0, 180, 0], "uv": [8, 40]}
					]
				},
				{
					"name": "leftarm",
					"parent": "body",
					"pivot": [5, 22, 0],
					"cubes": [
						{"origin": [4, 18, -2], "size": [4, 6, 4], "uv": [40, 46], "mirror": true}
					]
				},
				{
					"name": "bone2",
					"parent": "leftarm",
					"pivot": [6, 17, 0]
				},
				{
					"name": "bone5",
					"parent": "bone2",
					"pivot": [6, 17, 0],
					"cubes": [
						{"origin": [4, 12, -2], "size": [4, 6, 4], "uv": [40, 70], "mirror": true}
					]
				},
				{
					"name": "rightarm",
					"parent": "body",
					"pivot": [-5, 22, 0],
					"cubes": [
						{"origin": [-8, 18, -2], "size": [4, 6, 4], "uv": [40, 46]}
					]
				},
				{
					"name": "bone",
					"parent": "rightarm",
					"pivot": [-6, 17, 0],
					"cubes": [
						{"origin": [-8, 12, -2], "size": [4, 6, 4], "uv": [40, 70]}
					]
				},
				{
					"name": "bone10",
					"parent": "bone",
					"pivot": [-6, 16, 8]
				},
				{
					"name": "bone9",
					"parent": "bone10",
					"pivot": [-6, 9, 8],
					"rotation": [0, 0, -180],
					"cubes": [
						{"origin": [-6.5, 3, 7], "size": [1, 1, 1], "pivot": [-6, 9, 8], "rotation": [-45, 0, 0], "uv": [25, 250]},
						{"origin": [-6.75, 2, 6], "size": [1.5, 1, 1], "pivot": [-6, 9, 8], "rotation": [-45, 0, 0], "uv": [39, 236]},
						{"origin": [-6.75, 0, 4], "size": [1.5, 1, 1], "pivot": [-6, 9, 8], "rotation": [-45, 0, 0], "uv": [63, 212]},
						{"origin": [-6.75, -1, 3], "size": [1.5, 1, 1], "pivot": [-6, 9, 8], "rotation": [-45, 0, 0], "uv": [76, 200]},
						{"origin": [-6.75, -2, 2], "size": [1.5, 1, 1], "pivot": [-6, 9, 8], "rotation": [-45, 0, 0], "uv": [85, 190]},
						{"origin": [-6.75, -3, 1], "size": [1.5, 1, 1], "pivot": [-6, 9, 8], "rotation": [-45, 0, 0], "uv": [99, 181]},
						{"origin": [-6.75, -4, 0], "size": [1.5, 1, 1], "pivot": [-6, 9, 8], "rotation": [-45, 0, 0], "uv": [108, 168]},
						{"origin": [-6.75, 1, 5], "size": [1.5, 1, 1], "pivot": [-6, 9, 8], "rotation": [-45, 0, 0], "uv": [52, 228]},
						{"origin": [-6.5, 3, 6], "size": [1, 1, 1], "pivot": [-6, 9, 8], "rotation": [-45, 0, 0], "uv": [26, 238]},
						{"origin": [-6.5, 1, 6], "size": [1, 1, 1], "pivot": [-6, 9, 8], "rotation": [-45, 0, 0], "uv": [49, 240]},
						{"origin": [-6.5, 1, 4], "size": [1, 1, 1], "pivot": [-6, 9, 8], "rotation": [-45, 0, 0], "uv": [50, 218]},
						{"origin": [-6.5, -1, 4], "size": [1, 1, 1], "pivot": [-6, 9, 8], "rotation": [-45, 0, 0], "uv": [73, 215]},
						{"origin": [-6.5, -1, 2], "size": [1, 1, 1], "pivot": [-6, 9, 8], "rotation": [-45, 0, 0], "uv": [74, 191]},
						{"origin": [-6.5, -3, 2], "size": [1, 1, 1], "pivot": [-6, 9, 8], "rotation": [-45, 0, 0], "uv": [99, 189]},
						{"origin": [-6.5, -3, 0], "size": [1, 1, 1], "pivot": [-6, 9, 8], "rotation": [-45, 0, 0], "uv": [97, 164]},
						{"origin": [-6.5, -5, 0], "size": [1, 1, 1], "pivot": [-6, 9, 8], "rotation": [-45, 0, 0], "uv": [122, 167]},
						{"origin": [-6.5, 2, 7], "size": [1, 1, 1], "pivot": [-6, 9, 8], "rotation": [-45, 0, 0], "uv": [37, 247]},
						{"origin": [-6.5, 2, 5], "size": [1, 1, 1], "pivot": [-6, 9, 8], "rotation": [-45, 0, 0], "uv": [39, 226]},
						{"origin": [-6.5, 0, 5], "size": [1, 1, 1], "pivot": [-6, 9, 8], "rotation": [-45, 0, 0], "uv": [61, 225]},
						{"origin": [-6.5, 0, 3], "size": [1, 1, 1], "pivot": [-6, 9, 8], "rotation": [-45, 0, 0], "uv": [63, 206]},
						{"origin": [-6.5, -2, 3], "size": [1, 1, 1], "pivot": [-6, 9, 8], "rotation": [-45, 0, 0], "uv": [86, 202]},
						{"origin": [-6.5, -2, 1], "size": [1, 1, 1], "pivot": [-6, 9, 8], "rotation": [-45, 0, 0], "uv": [86, 182]},
						{"origin": [-6.5, -4, 1], "size": [1, 1, 1], "pivot": [-6, 9, 8], "rotation": [-45, 0, 0], "uv": [109, 180]},
						{"origin": [-6.5, -4, -1], "size": [1, 1, 1], "pivot": [-6, 9, 8], "rotation": [-45, 0, 0], "uv": [108, 157]}
					]
				},
				{
					"name": "bone11",
					"parent": "bone10",
					"pivot": [-6, 9, 8],
					"rotation": [0, 0, -180],
					"cubes": [
						{"origin": [-6.5, 3, 7], "size": [1, 1, 1], "pivot": [-6, 9, 8], "rotation": [-45, 0, 0], "uv": [25, 250]},
						{"origin": [-6.75, 2, 6], "size": [1.5, 1, 1], "pivot": [-6, 9, 8], "rotation": [-45, 0, 0], "uv": [39, 236]},
						{"origin": [-6.75, 0, 4], "size": [1.5, 1, 1], "pivot": [-6, 9, 8], "rotation": [-45, 0, 0], "uv": [63, 212]},
						{"origin": [-6.75, -1, 3], "size": [1.5, 1, 1], "pivot": [-6, 9, 8], "rotation": [-45, 0, 0], "uv": [76, 200]},
						{"origin": [-6.75, -2, 2], "size": [1.5, 1, 1], "pivot": [-6, 9, 8], "rotation": [-45, 0, 0], "uv": [85, 190]},
						{"origin": [-6.75, -3, 1], "size": [1.5, 1, 1], "pivot": [-6, 9, 8], "rotation": [-45, 0, 0], "uv": [99, 181]},
						{"origin": [-6.75, -4, 0], "size": [1.5, 1, 1], "pivot": [-6, 9, 8], "rotation": [-45, 0, 0], "uv": [108, 168]},
						{"origin": [-6.75, 1, 5], "size": [1.5, 1, 1], "pivot": [-6, 9, 8], "rotation": [-45, 0, 0], "uv": [52, 228]},
						{"origin": [-6.5, 3, 6], "size": [1, 1, 1], "pivot": [-6, 9, 8], "rotation": [-45, 0, 0], "uv": [26, 238]},
						{"origin": [-6.5, 1, 6], "size": [1, 1, 1], "pivot": [-6, 9, 8], "rotation": [-45, 0, 0], "uv": [49, 240]},
						{"origin": [-6.5, 1, 4], "size": [1, 1, 1], "pivot": [-6, 9, 8], "rotation": [-45, 0, 0], "uv": [50, 218]},
						{"origin": [-6.5, -1, 4], "size": [1, 1, 1], "pivot": [-6, 9, 8], "rotation": [-45, 0, 0], "uv": [73, 215]},
						{"origin": [-6.5, -1, 2], "size": [1, 1, 1], "pivot": [-6, 9, 8], "rotation": [-45, 0, 0], "uv": [74, 191]},
						{"origin": [-6.5, -3, 2], "size": [1, 1, 1], "pivot": [-6, 9, 8], "rotation": [-45, 0, 0], "uv": [99, 189]},
						{"origin": [-6.5, -3, 0], "size": [1, 1, 1], "pivot": [-6, 9, 8], "rotation": [-45, 0, 0], "uv": [97, 164]},
						{"origin": [-6.5, -5, 0], "size": [1, 1, 1], "pivot": [-6, 9, 8], "rotation": [-45, 0, 0], "uv": [122, 167]},
						{"origin": [-6.5, 2, 7], "size": [1, 1, 1], "pivot": [-6, 9, 8], "rotation": [-45, 0, 0], "uv": [37, 247]},
						{"origin": [-6.5, 2, 5], "size": [1, 1, 1], "pivot": [-6, 9, 8], "rotation": [-45, 0, 0], "uv": [39, 226]},
						{"origin": [-6.5, 0, 5], "size": [1, 1, 1], "pivot": [-6, 9, 8], "rotation": [-45, 0, 0], "uv": [61, 225]},
						{"origin": [-6.5, 0, 3], "size": [1, 1, 1], "pivot": [-6, 9, 8], "rotation": [-45, 0, 0], "uv": [63, 206]},
						{"origin": [-6.5, -2, 3], "size": [1, 1, 1], "pivot": [-6, 9, 8], "rotation": [-45, 0, 0], "uv": [86, 202]},
						{"origin": [-6.5, -2, 1], "size": [1, 1, 1], "pivot": [-6, 9, 8], "rotation": [-45, 0, 0], "uv": [86, 182]},
						{"origin": [-6.5, -4, 1], "size": [1, 1, 1], "pivot": [-6, 9, 8], "rotation": [-45, 0, 0], "uv": [109, 180]},
						{"origin": [-6.5, -4, -1], "size": [1, 1, 1], "pivot": [-6, 9, 8], "rotation": [-45, 0, 0], "uv": [108, 157]}
					]
				},
				{
					"name": "bone12",
					"parent": "bone10",
					"pivot": [-6, 9, 8],
					"rotation": [0, 0, -180],
					"cubes": [
						{"origin": [-6.5, 3, 7], "size": [1, 1, 1], "pivot": [-6, 9, 8], "rotation": [-45, 0, 0], "uv": [25, 250]},
						{"origin": [-6.75, 2, 6], "size": [1.5, 1, 1], "pivot": [-6, 9, 8], "rotation": [-45, 0, 0], "uv": [39, 236]},
						{"origin": [-6.75, 0, 4], "size": [1.5, 1, 1], "pivot": [-6, 9, 8], "rotation": [-45, 0, 0], "uv": [63, 212]},
						{"origin": [-6.75, -1, 3], "size": [1.5, 1, 1], "pivot": [-6, 9, 8], "rotation": [-45, 0, 0], "uv": [76, 200]},
						{"origin": [-6.75, -2, 2], "size": [1.5, 1, 1], "pivot": [-6, 9, 8], "rotation": [-45, 0, 0], "uv": [85, 190]},
						{"origin": [-6.75, -3, 1], "size": [1.5, 1, 1], "pivot": [-6, 9, 8], "rotation": [-45, 0, 0], "uv": [99, 181]},
						{"origin": [-6.75, -4, 0], "size": [1.5, 1, 1], "pivot": [-6, 9, 8], "rotation": [-45, 0, 0], "uv": [108, 168]},
						{"origin": [-6.75, 1, 5], "size": [1.5, 1, 1], "pivot": [-6, 9, 8], "rotation": [-45, 0, 0], "uv": [52, 228]},
						{"origin": [-6.5, 3, 6], "size": [1, 1, 1], "pivot": [-6, 9, 8], "rotation": [-45, 0, 0], "uv": [26, 238]},
						{"origin": [-6.5, 1, 6], "size": [1, 1, 1], "pivot": [-6, 9, 8], "rotation": [-45, 0, 0], "uv": [49, 240]},
						{"origin": [-6.5, 1, 4], "size": [1, 1, 1], "pivot": [-6, 9, 8], "rotation": [-45, 0, 0], "uv": [50, 218]},
						{"origin": [-6.5, -1, 4], "size": [1, 1, 1], "pivot": [-6, 9, 8], "rotation": [-45, 0, 0], "uv": [73, 215]},
						{"origin": [-6.5, -1, 2], "size": [1, 1, 1], "pivot": [-6, 9, 8], "rotation": [-45, 0, 0], "uv": [74, 191]},
						{"origin": [-6.5, -3, 2], "size": [1, 1, 1], "pivot": [-6, 9, 8], "rotation": [-45, 0, 0], "uv": [99, 189]},
						{"origin": [-6.5, -3, 0], "size": [1, 1, 1], "pivot": [-6, 9, 8], "rotation": [-45, 0, 0], "uv": [97, 164]},
						{"origin": [-6.5, -5, 0], "size": [1, 1, 1], "pivot": [-6, 9, 8], "rotation": [-45, 0, 0], "uv": [122, 167]},
						{"origin": [-6.5, 2, 7], "size": [1, 1, 1], "pivot": [-6, 9, 8], "rotation": [-45, 0, 0], "uv": [37, 247]},
						{"origin": [-6.5, 2, 5], "size": [1, 1, 1], "pivot": [-6, 9, 8], "rotation": [-45, 0, 0], "uv": [39, 226]},
						{"origin": [-6.5, 0, 5], "size": [1, 1, 1], "pivot": [-6, 9, 8], "rotation": [-45, 0, 0], "uv": [61, 225]},
						{"origin": [-6.5, 0, 3], "size": [1, 1, 1], "pivot": [-6, 9, 8], "rotation": [-45, 0, 0], "uv": [63, 206]},
						{"origin": [-6.5, -2, 3], "size": [1, 1, 1], "pivot": [-6, 9, 8], "rotation": [-45, 0, 0], "uv": [86, 202]},
						{"origin": [-6.5, -2, 1], "size": [1, 1, 1], "pivot": [-6, 9, 8], "rotation": [-45, 0, 0], "uv": [86, 182]},
						{"origin": [-6.5, -4, 1], "size": [1, 1, 1], "pivot": [-6, 9, 8], "rotation": [-45, 0, 0], "uv": [109, 180]},
						{"origin": [-6.5, -4, -1], "size": [1, 1, 1], "pivot": [-6, 9, 8], "rotation": [-45, 0, 0], "uv": [108, 157]}
					]
				},
				{
					"name": "bone13",
					"parent": "bone10",
					"pivot": [-6, 9, 8],
					"rotation": [0, 0, -180],
					"cubes": [
						{"origin": [-6.5, 3, 7], "size": [1, 1, 1], "pivot": [-6, 9, 8], "rotation": [-45, 0, 0], "uv": [25, 250]},
						{"origin": [-6.75, 2, 6], "size": [1.5, 1, 1], "pivot": [-6, 9, 8], "rotation": [-45, 0, 0], "uv": [39, 236]},
						{"origin": [-6.75, 0, 4], "size": [1.5, 1, 1], "pivot": [-6, 9, 8], "rotation": [-45, 0, 0], "uv": [63, 212]},
						{"origin": [-6.75, -1, 3], "size": [1.5, 1, 1], "pivot": [-6, 9, 8], "rotation": [-45, 0, 0], "uv": [76, 200]},
						{"origin": [-6.75, -2, 2], "size": [1.5, 1, 1], "pivot": [-6, 9, 8], "rotation": [-45, 0, 0], "uv": [85, 190]},
						{"origin": [-6.75, -3, 1], "size": [1.5, 1, 1], "pivot": [-6, 9, 8], "rotation": [-45, 0, 0], "uv": [99, 181]},
						{"origin": [-6.75, -4, 0], "size": [1.5, 1, 1], "pivot": [-6, 9, 8], "rotation": [-45, 0, 0], "uv": [108, 168]},
						{"origin": [-6.75, 1, 5], "size": [1.5, 1, 1], "pivot": [-6, 9, 8], "rotation": [-45, 0, 0], "uv": [52, 228]},
						{"origin": [-6.5, 3, 6], "size": [1, 1, 1], "pivot": [-6, 9, 8], "rotation": [-45, 0, 0], "uv": [26, 238]},
						{"origin": [-6.5, 1, 6], "size": [1, 1, 1], "pivot": [-6, 9, 8], "rotation": [-45, 0, 0], "uv": [49, 240]},
						{"origin": [-6.5, 1, 4], "size": [1, 1, 1], "pivot": [-6, 9, 8], "rotation": [-45, 0, 0], "uv": [50, 218]},
						{"origin": [-6.5, -1, 4], "size": [1, 1, 1], "pivot": [-6, 9, 8], "rotation": [-45, 0, 0], "uv": [73, 215]},
						{"origin": [-6.5, -1, 2], "size": [1, 1, 1], "pivot": [-6, 9, 8], "rotation": [-45, 0, 0], "uv": [74, 191]},
						{"origin": [-6.5, -3, 2], "size": [1, 1, 1], "pivot": [-6, 9, 8], "rotation": [-45, 0, 0], "uv": [99, 189]},
						{"origin": [-6.5, -3, 0], "size": [1, 1, 1], "pivot": [-6, 9, 8], "rotation": [-45, 0, 0], "uv": [97, 164]},
						{"origin": [-6.5, -5, 0], "size": [1, 1, 1], "pivot": [-6, 9, 8], "rotation": [-45, 0, 0], "uv": [122, 167]},
						{"origin": [-6.5, 2, 7], "size": [1, 1, 1], "pivot": [-6, 9, 8], "rotation": [-45, 0, 0], "uv": [37, 247]},
						{"origin": [-6.5, 2, 5], "size": [1, 1, 1], "pivot": [-6, 9, 8], "rotation": [-45, 0, 0], "uv": [39, 226]},
						{"origin": [-6.5, 0, 5], "size": [1, 1, 1], "pivot": [-6, 9, 8], "rotation": [-45, 0, 0], "uv": [61, 225]},
						{"origin": [-6.5, 0, 3], "size": [1, 1, 1], "pivot": [-6, 9, 8], "rotation": [-45, 0, 0], "uv": [63, 206]},
						{"origin": [-6.5, -2, 3], "size": [1, 1, 1], "pivot": [-6, 9, 8], "rotation": [-45, 0, 0], "uv": [86, 202]},
						{"origin": [-6.5, -2, 1], "size": [1, 1, 1], "pivot": [-6, 9, 8], "rotation": [-45, 0, 0], "uv": [86, 182]},
						{"origin": [-6.5, -4, 1], "size": [1, 1, 1], "pivot": [-6, 9, 8], "rotation": [-45, 0, 0], "uv": [109, 180]},
						{"origin": [-6.5, -4, -1], "size": [1, 1, 1], "pivot": [-6, 9, 8], "rotation": [-45, 0, 0], "uv": [108, 157]}
					]
				},
				{
					"name": "bone8",
					"parent": "bone10",
					"pivot": [-6, 9, 8],
					"rotation": [0, 0, -180],
					"cubes": [
						{"origin": [-6.5, 3, 7], "size": [1, 1, 1], "pivot": [-6, 9, 8], "rotation": [-45, 0, 0], "uv": [25, 250]},
						{"origin": [-6.75, 2, 6], "size": [1.5, 1, 1], "pivot": [-6, 9, 8], "rotation": [-45, 0, 0], "uv": [39, 236]},
						{"origin": [-6.75, 0, 4], "size": [1.5, 1, 1], "pivot": [-6, 9, 8], "rotation": [-45, 0, 0], "uv": [63, 212]},
						{"origin": [-6.75, -1, 3], "size": [1.5, 1, 1], "pivot": [-6, 9, 8], "rotation": [-45, 0, 0], "uv": [76, 200]},
						{"origin": [-6.75, -2, 2], "size": [1.5, 1, 1], "pivot": [-6, 9, 8], "rotation": [-45, 0, 0], "uv": [85, 190]},
						{"origin": [-6.75, -3, 1], "size": [1.5, 1, 1], "pivot": [-6, 9, 8], "rotation": [-45, 0, 0], "uv": [99, 181]},
						{"origin": [-6.75, -4, 0], "size": [1.5, 1, 1], "pivot": [-6, 9, 8], "rotation": [-45, 0, 0], "uv": [108, 168]},
						{"origin": [-6.75, 1, 5], "size": [1.5, 1, 1], "pivot": [-6, 9, 8], "rotation": [-45, 0, 0], "uv": [52, 228]},
						{"origin": [-6.5, 3, 6], "size": [1, 1, 1], "pivot": [-6, 9, 8], "rotation": [-45, 0, 0], "uv": [26, 238]},
						{"origin": [-6.5, 1, 6], "size": [1, 1, 1], "pivot": [-6, 9, 8], "rotation": [-45, 0, 0], "uv": [49, 240]},
						{"origin": [-6.5, 1, 4], "size": [1, 1, 1], "pivot": [-6, 9, 8], "rotation": [-45, 0, 0], "uv": [50, 218]},
						{"origin": [-6.5, -1, 4], "size": [1, 1, 1], "pivot": [-6, 9, 8], "rotation": [-45, 0, 0], "uv": [73, 215]},
						{"origin": [-6.5, -1, 2], "size": [1, 1, 1], "pivot": [-6, 9, 8], "rotation": [-45, 0, 0], "uv": [74, 191]},
						{"origin": [-6.5, -3, 2], "size": [1, 1, 1], "pivot": [-6, 9, 8], "rotation": [-45, 0, 0], "uv": [99, 189]},
						{"origin": [-6.5, -3, 0], "size": [1, 1, 1], "pivot": [-6, 9, 8], "rotation": [-45, 0, 0], "uv": [97, 164]},
						{"origin": [-6.5, -5, 0], "size": [1, 1, 1], "pivot": [-6, 9, 8], "rotation": [-45, 0, 0], "uv": [122, 167]},
						{"origin": [-6.5, 2, 7], "size": [1, 1, 1], "pivot": [-6, 9, 8], "rotation": [-45, 0, 0], "uv": [37, 247]},
						{"origin": [-6.5, 2, 5], "size": [1, 1, 1], "pivot": [-6, 9, 8], "rotation": [-45, 0, 0], "uv": [39, 226]},
						{"origin": [-6.5, 0, 5], "size": [1, 1, 1], "pivot": [-6, 9, 8], "rotation": [-45, 0, 0], "uv": [61, 225]},
						{"origin": [-6.5, 0, 3], "size": [1, 1, 1], "pivot": [-6, 9, 8], "rotation": [-45, 0, 0], "uv": [63, 206]},
						{"origin": [-6.5, -2, 3], "size": [1, 1, 1], "pivot": [-6, 9, 8], "rotation": [-45, 0, 0], "uv": [86, 202]},
						{"origin": [-6.5, -2, 1], "size": [1, 1, 1], "pivot": [-6, 9, 8], "rotation": [-45, 0, 0], "uv": [86, 182]},
						{"origin": [-6.5, -4, 1], "size": [1, 1, 1], "pivot": [-6, 9, 8], "rotation": [-45, 0, 0], "uv": [109, 180]},
						{"origin": [-6.5, -4, -1], "size": [1, 1, 1], "pivot": [-6, 9, 8], "rotation": [-45, 0, 0], "uv": [108, 157]}
					]
				},
				{
					"name": "bone7",
					"parent": "bone10",
					"pivot": [-6, 9, 8],
					"rotation": [0, 0, -180],
					"cubes": [
						{"origin": [-6.5, 3, 7], "size": [1, 1, 1], "pivot": [-6, 9, 8], "rotation": [-45, 0, 0], "uv": [25, 250]},
						{"origin": [-6.75, 2, 6], "size": [1.5, 1, 1], "pivot": [-6, 9, 8], "rotation": [-45, 0, 0], "uv": [39, 236]},
						{"origin": [-6.75, 0, 4], "size": [1.5, 1, 1], "pivot": [-6, 9, 8], "rotation": [-45, 0, 0], "uv": [63, 212]},
						{"origin": [-6.75, -1, 3], "size": [1.5, 1, 1], "pivot": [-6, 9, 8], "rotation": [-45, 0, 0], "uv": [76, 200]},
						{"origin": [-6.75, -2, 2], "size": [1.5, 1, 1], "pivot": [-6, 9, 8], "rotation": [-45, 0, 0], "uv": [85, 190]},
						{"origin": [-6.75, -3, 1], "size": [1.5, 1, 1], "pivot": [-6, 9, 8], "rotation": [-45, 0, 0], "uv": [99, 181]},
						{"origin": [-6.75, -4, 0], "size": [1.5, 1, 1], "pivot": [-6, 9, 8], "rotation": [-45, 0, 0], "uv": [108, 168]},
						{"origin": [-6.75, 1, 5], "size": [1.5, 1, 1], "pivot": [-6, 9, 8], "rotation": [-45, 0, 0], "uv": [52, 228]},
						{"origin": [-6.5, 3, 6], "size": [1, 1, 1], "pivot": [-6, 9, 8], "rotation": [-45, 0, 0], "uv": [26, 238]},
						{"origin": [-6.5, 1, 6], "size": [1, 1, 1], "pivot": [-6, 9, 8], "rotation": [-45, 0, 0], "uv": [49, 240]},
						{"origin": [-6.5, 1, 4], "size": [1, 1, 1], "pivot": [-6, 9, 8], "rotation": [-45, 0, 0], "uv": [50, 218]},
						{"origin": [-6.5, -1, 4], "size": [1, 1, 1], "pivot": [-6, 9, 8], "rotation": [-45, 0, 0], "uv": [73, 215]},
						{"origin": [-6.5, -1, 2], "size": [1, 1, 1], "pivot": [-6, 9, 8], "rotation": [-45, 0, 0], "uv": [74, 191]},
						{"origin": [-6.5, -3, 2], "size": [1, 1, 1], "pivot": [-6, 9, 8], "rotation": [-45, 0, 0], "uv": [99, 189]},
						{"origin": [-6.5, -3, 0], "size": [1, 1, 1], "pivot": [-6, 9, 8], "rotation": [-45, 0, 0], "uv": [97, 164]},
						{"origin": [-6.5, -5, 0], "size": [1, 1, 1], "pivot": [-6, 9, 8], "rotation": [-45, 0, 0], "uv": [122, 167]},
						{"origin": [-6.5, 2, 7], "size": [1, 1, 1], "pivot": [-6, 9, 8], "rotation": [-45, 0, 0], "uv": [37, 247]},
						{"origin": [-6.5, 2, 5], "size": [1, 1, 1], "pivot": [-6, 9, 8], "rotation": [-45, 0, 0], "uv": [39, 226]},
						{"origin": [-6.5, 0, 5], "size": [1, 1, 1], "pivot": [-6, 9, 8], "rotation": [-45, 0, 0], "uv": [61, 225]},
						{"origin": [-6.5, 0, 3], "size": [1, 1, 1], "pivot": [-6, 9, 8], "rotation": [-45, 0, 0], "uv": [63, 206]},
						{"origin": [-6.5, -2, 3], "size": [1, 1, 1], "pivot": [-6, 9, 8], "rotation": [-45, 0, 0], "uv": [86, 202]},
						{"origin": [-6.5, -2, 1], "size": [1, 1, 1], "pivot": [-6, 9, 8], "rotation": [-45, 0, 0], "uv": [86, 182]},
						{"origin": [-6.5, -4, 1], "size": [1, 1, 1], "pivot": [-6, 9, 8], "rotation": [-45, 0, 0], "uv": [109, 180]},
						{"origin": [-6.5, -4, -1], "size": [1, 1, 1], "pivot": [-6, 9, 8], "rotation": [-45, 0, 0], "uv": [108, 157]}
					]
				},
				{
					"name": "bone6",
					"parent": "bone10",
					"pivot": [-6, 9, 8],
					"rotation": [0, 0, -180],
					"cubes": [
						{"origin": [-6.5, 3, 7], "size": [1, 1, 1], "pivot": [-6, 9, 8], "rotation": [-45, 0, 0], "uv": [25, 250]},
						{"origin": [-6.75, 2, 6], "size": [1.5, 1, 1], "pivot": [-6, 9, 8], "rotation": [-45, 0, 0], "uv": [39, 236]},
						{"origin": [-6.75, 0, 4], "size": [1.5, 1, 1], "pivot": [-6, 9, 8], "rotation": [-45, 0, 0], "uv": [63, 212]},
						{"origin": [-6.75, -1, 3], "size": [1.5, 1, 1], "pivot": [-6, 9, 8], "rotation": [-45, 0, 0], "uv": [76, 200]},
						{"origin": [-6.75, -2, 2], "size": [1.5, 1, 1], "pivot": [-6, 9, 8], "rotation": [-45, 0, 0], "uv": [85, 190]},
						{"origin": [-6.75, -3, 1], "size": [1.5, 1, 1], "pivot": [-6, 9, 8], "rotation": [-45, 0, 0], "uv": [99, 181]},
						{"origin": [-6.75, -5, -1], "size": [1.5, 1, 1], "pivot": [-6, 9, 8], "rotation": [-45, 0, 0], "uv": [121, 154]},
						{"origin": [-6.75, -6, 0], "size": [1.5, 1, 1], "pivot": [-6, 9, 8], "rotation": [-45, 0, 0], "uv": [129, 168]},
						{"origin": [-6.75, -7, -1], "size": [1.5, 1, 1], "pivot": [-6, 9, 8], "rotation": [-45, 0, 0], "uv": [145, 155]},
						{"origin": [-6.75, -5, -2], "size": [1.5, 1, 1], "pivot": [-6, 9, 8], "rotation": [-45, 0, 0], "uv": [119, 143]},
						{"origin": [-6.75, -4, -2], "size": [1.5, 1, 1], "pivot": [-6, 9, 8], "rotation": [-45, 0, 0], "uv": [106, 142]},
						{"origin": [-6.75, -4, -4], "size": [1.5, 1, 1], "pivot": [-6, 9, 8], "rotation": [-45, 0, 0], "uv": [108, 121]},
						{"origin": [-6.75, -3, -3], "size": [1.5, 1, 1], "pivot": [-6, 9, 8], "rotation": [-45, 0, 0], "uv": [95, 132]},
						{"origin": [-6.75, -1, -4], "size": [1.5, 1, 1], "pivot": [-6, 9, 8], "rotation": [-45, 0, 0], "uv": [75, 121]},
						{"origin": [-6.75, -2, -5], "size": [1.5, 1, 1], "pivot": [-6, 9, 8], "rotation": [-45, 0, 0], "uv": [85, 107]},
						{"origin": [-6.75, -3, -6], "size": [1.5, 1, 1], "pivot": [-6, 9, 8], "rotation": [-45, 0, 0], "uv": [99, 97]},
						{"origin": [-6.75, -3, -7], "size": [1.5, 1, 1], "pivot": [-6, 9, 8], "rotation": [-45, 0, 0], "uv": [98, 88]},
						{"origin": [-6.75, -4, -7], "size": [1.5, 1, 1], "pivot": [-6, 9, 8], "rotation": [-45, 0, 0], "uv": [110, 86]},
						{"origin": [-6.75, -4, -8], "size": [1.5, 1, 1], "pivot": [-6, 9, 8], "rotation": [-45, 0, 0], "uv": [109, 75]},
						{"origin": [-6.75, -5, -9], "size": [1.5, 1, 1], "pivot": [-6, 9, 8], "rotation": [-45, 0, 0], "uv": [120, 65]},
						{"origin": [-6.75, -6, -10], "size": [1.5, 1, 1], "pivot": [-6, 9, 8], "rotation": [-45, 0, 0], "uv": [129, 51]},
						{"origin": [-6.75, -7, -11], "size": [1.5, 1, 1], "pivot": [-6, 9, 8], "rotation": [-45, 0, 0], "uv": [142, 40]},
						{"origin": [-6.75, -8, -11], "size": [1.5, 1, 1], "pivot": [-6, 9, 8], "rotation": [-45, 0, 0], "uv": [155, 42]},
						{"origin": [-6.75, -8, -12], "size": [1.5, 1, 1], "pivot": [-6, 9, 8], "rotation": [-45, 0, 0], "uv": [156, 28]},
						{"origin": [-6.75, -9, -12], "size": [1.5, 1, 1], "pivot": [-6, 9, 8], "rotation": [-45, 0, 0], "uv": [168, 30]},
						{"origin": [-6.75, -4, -3], "size": [1.5, 1, 1], "pivot": [-6, 9, 8], "rotation": [-45, 0, 0], "uv": [108, 132]},
						{"origin": [-6.75, -5, -3], "size": [1.5, 1, 1], "pivot": [-6, 9, 8], "rotation": [-45, 0, 0], "uv": [120, 133]},
						{"origin": [-6.7, -3, -2], "size": [1.4, 1, 1], "pivot": [-6, 9, 8], "rotation": [-45, 0, 0], "uv": [99, 142]},
						{"origin": [-6.7, -6, -1], "size": [1.4, 1, 1], "pivot": [-6, 9, 8], "rotation": [-45, 0, 0], "uv": [131, 154]},
						{"origin": [-6.7, -7, 0], "size": [1.4, 1, 1], "pivot": [-6, 9, 8], "rotation": [-45, 0, 0], "uv": [144, 168]},
						{"origin": [-6.7, -5, -4], "size": [1.4, 1, 1], "pivot": [-6, 9, 8], "rotation": [-45, 0, 0], "uv": [120, 122]},
						{"origin": [-6.7, -11, -2], "size": [1.4, 1, 1], "pivot": [-6, 9, 8], "rotation": [-45, 0, 0], "uv": [193, 143]},
						{"origin": [-6.7, -10, -1], "size": [1.4, 1, 1], "pivot": [-6, 9, 8], "rotation": [-45, 0, 0], "uv": [179, 155]},
						{"origin": [-6.7, -10, 0], "size": [1.4, 1, 1], "pivot": [-6, 9, 8], "rotation": [-45, 0, 0], "uv": [177, 166]},
						{"origin": [-6.7, -9, 1], "size": [1.4, 1, 1], "pivot": [-6, 9, 8], "rotation": [-45, 0, 0], "uv": [167, 182]},
						{"origin": [-6.7, -7, 2], "size": [1.4, 1, 1], "pivot": [-6, 9, 8], "rotation": [-45, 0, 0], "uv": [143, 192]},
						{"origin": [-6.65, -2, -2], "size": [1.3, 1, 1], "pivot": [-6, 9, 8], "rotation": [-45, 0, 0], "uv": [88, 144]},
						{"origin": [-6.65, -2, -3], "size": [1.3, 1, 1], "pivot": [-6, 9, 8], "rotation": [-45, 0, 0], "uv": [86, 131]},
						{"origin": [-6.65, 0, -3], "size": [1.3, 1, 1], "pivot": [-6, 9, 8], "rotation": [-45, 0, 0], "uv": [63, 133]},
						{"origin": [-6.65, -3, -4], "size": [1.3, 1, 1], "pivot": [-6, 9, 8], "rotation": [-45, 0, 0], "uv": [96, 123]},
						{"origin": [-6.65, -4, -5], "size": [1.3, 1, 1], "pivot": [-6, 9, 8], "rotation": [-45, 0, 0], "uv": [106, 112]},
						{"origin": [-6.65, -5, -5], "size": [1.3, 1, 1], "pivot": [-6, 9, 8], "rotation": [-45, 0, 0], "uv": [120, 108]},
						{"origin": [-6.65, -7, -5], "size": [1.3, 1, 1], "pivot": [-6, 9, 8], "rotation": [-45, 0, 0], "uv": [144, 108]},
						{"origin": [-6.65, -7, -6], "size": [1.3, 1, 1], "pivot": [-6, 9, 8], "rotation": [-45, 0, 0], "uv": [145, 101]},
						{"origin": [-6.65, -9, -7], "size": [1.3, 1, 1], "pivot": [-6, 9, 8], "rotation": [-45, 0, 0], "uv": [158, 99]},
						{"origin": [-6.65, -8, -6], "size": [1.3, 1, 1], "pivot": [-6, 9, 8], "rotation": [-45, 0, 0], "uv": [158, 99]},
						{"origin": [-6.65, -12, -13], "size": [1.3, 1, 1], "pivot": [-6, 9, 8], "rotation": [-45, 0, 0], "uv": [203, 17]},
						{"origin": [-6.65, -11, -13], "size": [1.3, 1, 1], "pivot": [-6, 9, 8], "rotation": [-45, 0, 0], "uv": [203, 17]},
						{"origin": [-6.65, -8, -13], "size": [1.3, 1, 1], "pivot": [-6, 9, 8], "rotation": [-45, 0, 0], "uv": [203, 17]},
						{"origin": [-6.65, -7, -12], "size": [1.3, 1, 1], "pivot": [-6, 9, 8], "rotation": [-45, 0, 0], "uv": [143, 30]},
						{"origin": [-6.65, -6, -11], "size": [1.3, 1, 1], "pivot": [-6, 9, 8], "rotation": [-45, 0, 0], "uv": [132, 41]},
						{"origin": [-6.65, -5, -10], "size": [1.3, 1, 1], "pivot": [-6, 9, 8], "rotation": [-45, 0, 0], "uv": [120, 52]},
						{"origin": [-6.65, -4, -9], "size": [1.3, 1, 1], "pivot": [-6, 9, 8], "rotation": [-45, 0, 0], "uv": [106, 63]},
						{"origin": [-6.65, -1, -5], "size": [1.3, 1, 1], "pivot": [-6, 9, 8], "rotation": [-45, 0, 0], "uv": [72, 112]},
						{"origin": [-6.65, -2, -6], "size": [1.3, 1, 1], "pivot": [-6, 9, 8], "rotation": [-45, 0, 0], "uv": [83, 96]},
						{"origin": [-6.65, -3, -8], "size": [1.3, 1, 1], "pivot": [-6, 9, 8], "rotation": [-45, 0, 0], "uv": [96, 73]},
						{"origin": [-6.65, -9, -13], "size": [1.3, 1, 1], "pivot": [-6, 9, 8], "rotation": [-45, 0, 0], "uv": [203, 17]},
						{"origin": [-6.65, -10, -13], "size": [1.3, 1, 1], "pivot": [-6, 9, 8], "rotation": [-45, 0, 0], "uv": [203, 17]},
						{"origin": [-6.65, -11, 0], "size": [1.3, 1, 1], "pivot": [-6, 9, 8], "rotation": [-45, 0, 0], "uv": [190, 167]},
						{"origin": [-6.65, -11, -1], "size": [1.3, 1, 1], "pivot": [-6, 9, 8], "rotation": [-45, 0, 0], "uv": [192, 156]},
						{"origin": [-6.65, -11, -3], "size": [1.3, 1, 1], "pivot": [-6, 9, 8], "rotation": [-45, 0, 0], "uv": [189, 136]},
						{"origin": [-6.65, -12, -3], "size": [1.3, 1, 1], "pivot": [-6, 9, 8], "rotation": [-45, 0, 0], "uv": [203, 135]},
						{"origin": [-6.65, -12, -4], "size": [1.3, 1, 1], "pivot": [-6, 9, 8], "rotation": [-45, 0, 0], "uv": [204, 120]},
						{"origin": [-6.65, -10, 1], "size": [1.3, 1, 1], "pivot": [-6, 9, 8], "rotation": [-45, 0, 0], "uv": [178, 180]},
						{"origin": [-6.65, -8, 2], "size": [1.3, 1, 1], "pivot": [-6, 9, 8], "rotation": [-45, 0, 0], "uv": [157, 189]},
						{"origin": [-6.75, -6, -2], "size": [1.5, 1, 1], "pivot": [-6, 9, 8], "rotation": [-45, 0, 0], "uv": [130, 145]},
						{"origin": [-6.75, -9, 0], "size": [1.5, 1, 1], "pivot": [-6, 9, 8], "rotation": [-45, 0, 0], "uv": [167, 169]},
						{"origin": [-6.75, -9, 2], "size": [1.5, 1, 1], "pivot": [-6, 9, 8], "rotation": [-45, 0, 0], "uv": [166, 193]},
						{"origin": [-6.75, -4, 0], "size": [1.5, 1, 1], "pivot": [-6, 9, 8], "rotation": [-45, 0, 0], "uv": [108, 168]},
						{"origin": [-6.75, 1, 5], "size": [1.5, 1, 1], "pivot": [-6, 9, 8], "rotation": [-45, 0, 0], "uv": [52, 228]},
						{"origin": [-6.5, 3, 6], "size": [1, 1, 1], "pivot": [-6, 9, 8], "rotation": [-45, 0, 0], "uv": [26, 238]},
						{"origin": [-6.5, 1, 6], "size": [1, 1, 1], "pivot": [-6, 9, 8], "rotation": [-45, 0, 0], "uv": [49, 240]},
						{"origin": [-6.5, 1, 4], "size": [1, 1, 1], "pivot": [-6, 9, 8], "rotation": [-45, 0, 0], "uv": [50, 218]},
						{"origin": [-6.5, -1, 4], "size": [1, 1, 1], "pivot": [-6, 9, 8], "rotation": [-45, 0, 0], "uv": [73, 215]},
						{"origin": [-6.5, -1, 2], "size": [1, 1, 1], "pivot": [-6, 9, 8], "rotation": [-45, 0, 0], "uv": [74, 191]},
						{"origin": [-6.5, -3, 2], "size": [1, 1, 1], "pivot": [-6, 9, 8], "rotation": [-45, 0, 0], "uv": [99, 189]},
						{"origin": [-6.5, -3, 0], "size": [1, 1, 1], "pivot": [-6, 9, 8], "rotation": [-45, 0, 0], "uv": [97, 164]},
						{"origin": [-6.5, -5, 0], "size": [1, 1, 1], "pivot": [-6, 9, 8], "rotation": [-45, 0, 0], "uv": [122, 167]},
						{"origin": [-6.5, 2, 7], "size": [1, 1, 1], "pivot": [-6, 9, 8], "rotation": [-45, 0, 0], "uv": [37, 247]},
						{"origin": [-6.5, 2, 5], "size": [1, 1, 1], "pivot": [-6, 9, 8], "rotation": [-45, 0, 0], "uv": [39, 226]},
						{"origin": [-6.5, 0, 5], "size": [1, 1, 1], "pivot": [-6, 9, 8], "rotation": [-45, 0, 0], "uv": [61, 225]},
						{"origin": [-6.5, 0, 3], "size": [1, 1, 1], "pivot": [-6, 9, 8], "rotation": [-45, 0, 0], "uv": [63, 206]},
						{"origin": [-6.5, -2, 3], "size": [1, 1, 1], "pivot": [-6, 9, 8], "rotation": [-45, 0, 0], "uv": [86, 202]},
						{"origin": [-6.5, -2, 1], "size": [1, 1, 1], "pivot": [-6, 9, 8], "rotation": [-45, 0, 0], "uv": [86, 182]},
						{"origin": [-6.5, -4, 1], "size": [1, 1, 1], "pivot": [-6, 9, 8], "rotation": [-45, 0, 0], "uv": [109, 180]},
						{"origin": [-6.5, -4, -1], "size": [1, 1, 1], "pivot": [-6, 9, 8], "rotation": [-45, 0, 0], "uv": [108, 157]},
						{"origin": [-6.5, -3, -1], "size": [1, 1, 1], "pivot": [-6, 9, 8], "rotation": [-45, 0, 0], "uv": [108, 157]},
						{"origin": [-6.5, -2, -1], "size": [1, 1, 1], "pivot": [-6, 9, 8], "rotation": [-45, 0, 0], "uv": [88, 159]},
						{"origin": [-6.5, -1, -2], "size": [1, 1, 1], "pivot": [-6, 9, 8], "rotation": [-45, 0, 0], "uv": [72, 141]},
						{"origin": [-6.5, -1, -3], "size": [1, 1, 1], "pivot": [-6, 9, 8], "rotation": [-45, 0, 0], "uv": [73, 132]},
						{"origin": [-6.5, 1, -3], "size": [1, 1, 1], "pivot": [-6, 9, 8], "rotation": [-45, 0, 0], "uv": [62, 111]},
						{"origin": [-6.5, 0, -4], "size": [1, 1, 1], "pivot": [-6, 9, 8], "rotation": [-45, 0, 0], "uv": [62, 111]},
						{"origin": [-6.5, 0, -5], "size": [1, 1, 1], "pivot": [-6, 9, 8], "rotation": [-45, 0, 0], "uv": [62, 111]},
						{"origin": [-6.5, -1, -6], "size": [1, 1, 1], "pivot": [-6, 9, 8], "rotation": [-45, 0, 0], "uv": [74, 99]},
						{"origin": [-6.5, -2, -7], "size": [1, 1, 1], "pivot": [-6, 9, 8], "rotation": [-45, 0, 0], "uv": [85, 86]},
						{"origin": [-6.5, -2, -8], "size": [1, 1, 1], "pivot": [-6, 9, 8], "rotation": [-45, 0, 0], "uv": [86, 74]},
						{"origin": [-6.5, -3, -9], "size": [1, 1, 1], "pivot": [-6, 9, 8], "rotation": [-45, 0, 0], "uv": [97, 62]},
						{"origin": [-6.5, -4, -10], "size": [1, 1, 1], "pivot": [-6, 9, 8], "rotation": [-45, 0, 0], "uv": [108, 52]},
						{"origin": [-6.5, -5, -11], "size": [1, 1, 1], "pivot": [-6, 9, 8], "rotation": [-45, 0, 0], "uv": [122, 40]},
						{"origin": [-6.5, -6, -12], "size": [1, 1, 1], "pivot": [-6, 9, 8], "rotation": [-45, 0, 0], "uv": [133, 29]},
						{"origin": [-6.5, -7, -13], "size": [1, 1, 1], "pivot": [-6, 9, 8], "rotation": [-45, 0, 0], "uv": [146, 19]},
						{"origin": [-6.5, -8, -14], "size": [1, 1, 1], "pivot": [-6, 9, 8], "rotation": [-45, 0, 0], "uv": [157, 7]},
						{"origin": [-6.5, -9, -14], "size": [1, 1, 1], "pivot": [-6, 9, 8], "rotation": [-45, 0, 0], "uv": [167, 4]},
						{"origin": [-6.5, -10, -14], "size": [1, 1, 1], "pivot": [-6, 9, 8], "rotation": [-45, 0, 0], "uv": [177, 2]},
						{"origin": [-6.5, -11, -14], "size": [1, 1, 1], "pivot": [-6, 9, 8], "rotation": [-45, 0, 0], "uv": [190, 6]},
						{"origin": [-6.5, -12, -14], "size": [1, 1, 1], "pivot": [-6, 9, 8], "rotation": [-45, 0, 0], "uv": [200, 4]},
						{"origin": [-6.5, -13, -13], "size": [1, 1, 1], "pivot": [-6, 9, 8], "rotation": [-45, 0, 0], "uv": [200, 4]},
						{"origin": [-6.5, -2, -4], "size": [1, 1, 1], "pivot": [-6, 9, 8], "rotation": [-45, 0, 0], "uv": [73, 132]},
						{"origin": [-6.5, -3, -5], "size": [1, 1, 1], "pivot": [-6, 9, 8], "rotation": [-45, 0, 0], "uv": [73, 132]},
						{"origin": [-6.5, -4, -6], "size": [1, 1, 1], "pivot": [-6, 9, 8], "rotation": [-45, 0, 0], "uv": [73, 132]},
						{"origin": [-6.5, -5, -6], "size": [1, 1, 1], "pivot": [-6, 9, 8], "rotation": [-45, 0, 0], "uv": [122, 97]},
						{"origin": [-6.5, -5, -7], "size": [1, 1, 1], "pivot": [-6, 9, 8], "rotation": [-45, 0, 0], "uv": [122, 97]},
						{"origin": [-6.5, -5, -8], "size": [1, 1, 1], "pivot": [-6, 9, 8], "rotation": [-45, 0, 0], "uv": [122, 78]},
						{"origin": [-6.5, -6, -9], "size": [1, 1, 1], "pivot": [-6, 9, 8], "rotation": [-45, 0, 0], "uv": [130, 62]},
						{"origin": [-6.5, -7, -10], "size": [1, 1, 1], "pivot": [-6, 9, 8], "rotation": [-45, 0, 0], "uv": [143, 52]},
						{"origin": [-6.5, -9, -11], "size": [1, 1, 1], "pivot": [-6, 9, 8], "rotation": [-45, 0, 0], "uv": [168, 37]},
						{"origin": [-6.5, -10, -12], "size": [1, 1, 1], "pivot": [-6, 9, 8], "rotation": [-45, 0, 0], "uv": [177, 27]},
						{"origin": [-6.5, -6, -5], "size": [1, 1, 1], "pivot": [-6, 9, 8], "rotation": [-45, 0, 0], "uv": [129, 112]},
						{"origin": [-6.5, -6, 1], "size": [1, 1, 1], "pivot": [-6, 9, 8], "rotation": [-45, 0, 0], "uv": [129, 178]},
						{"origin": [-6.5, -7, 1], "size": [1, 1, 1], "pivot": [-6, 9, 8], "rotation": [-45, 0, 0], "uv": [144, 179]},
						{"origin": [-6.5, -8, 1], "size": [1, 1, 1], "pivot": [-6, 9, 8], "rotation": [-45, 0, 0], "uv": [157, 177]},
						{"origin": [-6.5, -7, 3], "size": [1, 1, 1], "pivot": [-6, 9, 8], "rotation": [-45, 0, 0], "uv": [142, 201]},
						{"origin": [-6.5, -6, 3], "size": [1, 1, 1], "pivot": [-6, 9, 8], "rotation": [-45, 0, 0], "uv": [130, 203]},
						{"origin": [-6.5, -8, 3], "size": [1, 1, 1], "pivot": [-6, 9, 8], "rotation": [-45, 0, 0], "uv": [155, 204]},
						{"origin": [-6.5, -10, 2], "size": [1, 1, 1], "pivot": [-6, 9, 8], "rotation": [-45, 0, 0], "uv": [176, 194]},
						{"origin": [-6.5, -11, 1], "size": [1, 1, 1], "pivot": [-6, 9, 8], "rotation": [-45, 0, 0], "uv": [189, 178]},
						{"origin": [-6.5, -12, 0], "size": [1, 1, 1], "pivot": [-6, 9, 8], "rotation": [-45, 0, 0], "uv": [203, 169]},
						{"origin": [-6.5, -12, -1], "size": [1, 1, 1], "pivot": [-6, 9, 8], "rotation": [-45, 0, 0], "uv": [202, 157]},
						{"origin": [-6.5, -12, -2], "size": [1, 1, 1], "pivot": [-6, 9, 8], "rotation": [-45, 0, 0], "uv": [202, 143]},
						{"origin": [-6.5, -13, -3], "size": [1, 1, 1], "pivot": [-6, 9, 8], "rotation": [-45, 0, 0], "uv": [212, 134]},
						{"origin": [-6.5, -13, -4], "size": [1, 1, 1], "pivot": [-6, 9, 8], "rotation": [-45, 0, 0], "uv": [214, 118]},
						{"origin": [-6.5, -12, -5], "size": [1, 1, 1], "pivot": [-6, 9, 8], "rotation": [-45, 0, 0], "uv": [201, 109]},
						{"origin": [-6.5, -11, -4], "size": [1, 1, 1], "pivot": [-6, 9, 8], "rotation": [-45, 0, 0], "uv": [189, 120]},
						{"origin": [-6.5, -10, -2], "size": [1, 1, 1], "pivot": [-6, 9, 8], "rotation": [-45, 0, 0], "uv": [179, 145]},
						{"origin": [-6.5, -9, -1], "size": [1, 1, 1], "pivot": [-6, 9, 8], "rotation": [-45, 0, 0], "uv": [167, 156]},
						{"origin": [-6.5, -8, -1], "size": [1, 1, 1], "pivot": [-6, 9, 8], "rotation": [-45, 0, 0], "uv": [155, 155]},
						{"origin": [-6.5, -8, 0], "size": [1, 1, 1], "pivot": [-6, 9, 8], "rotation": [-45, 0, 0], "uv": [154, 167]},
						{"origin": [-6.5, -7, -2], "size": [1, 1, 1], "pivot": [-6, 9, 8], "rotation": [-45, 0, 0], "uv": [144, 146]},
						{"origin": [-6.5, -6, -4], "size": [1, 1, 1], "pivot": [-6, 9, 8], "rotation": [-45, 0, 0], "uv": [132, 121]},
						{"origin": [-6.6, -6, -3], "size": [1.2, 1, 1], "pivot": [-6, 9, 8], "rotation": [-45, 0, 0], "uv": [132, 134]},
						{"origin": [-6.5, -7, -3], "size": [1, 1, 1], "pivot": [-6, 9, 8], "rotation": [-45, 0, 0], "uv": [144, 135]},
						{"origin": [-6.5, -8, -5], "size": [1, 1, 1], "pivot": [-6, 9, 8], "rotation": [-45, 0, 0], "uv": [157, 111]},
						{"origin": [-6.5, -9, -6], "size": [1, 1, 1], "pivot": [-6, 9, 8], "rotation": [-45, 0, 0], "uv": [169, 99]},
						{"origin": [-6.5, -10, -7], "size": [1, 1, 1], "pivot": [-6, 9, 8], "rotation": [-45, 0, 0], "uv": [178, 86]},
						{"origin": [-6.5, -10, -8], "size": [1, 1, 1], "pivot": [-6, 9, 8], "rotation": [-45, 0, 0], "uv": [179, 72]}
					]
				},
				{
					"name": "leg0",
					"parent": "body",
					"pivot": [-2, 12, 0],
					"cubes": [
						{"origin": [-4, 6, -2], "size": [4, 6, 4], "uv": [0, 22]}
					]
				},
				{
					"name": "bone3",
					"parent": "leg0",
					"pivot": [-2, 6, 0],
					"cubes": [
						{"origin": [-4, 0, -2], "size": [4, 6, 4], "uv": [0, 28]}
					]
				},
				{
					"name": "leg1",
					"parent": "body",
					"pivot": [2, 12, 0],
					"cubes": [
						{"origin": [0, 6, -2], "size": [4, 6, 4], "uv": [0, 22]}
					]
				},
				{
					"name": "bone4",
					"parent": "leg1",
					"pivot": [2, 6, 0],
					"cubes": [
						{"origin": [0, 0, -2], "size": [4, 6, 4], "uv": [0, 28]}
					]
				}
			]
		}
	]
}