{
	"format_version": "1.12.0",
	"minecraft:geometry": [
		{
			"description": {
				"identifier": "geometry.polar_bear",
				"texture_width": 128,
				"texture_height": 64,
				"visible_bounds_width": 3,
				"visible_bounds_height": 2.5,
				"visible_bounds_offset": [0, 0.75, 0]
			},
			"bones": [
				{
					"name": "body",
					"pivot": [0, 15, 7],
					"cubes": [
						{"origin": [-7, -14, 10], "size": [14, 14, 11], "pivot": [0, 0, 0], "rotation": [90, 0, 0], "uv": [0, 19]},
						{"origin": [-6, 0, 10], "size": [12, 12, 10], "pivot": [0, 0, 0], "rotation": [90, 0, 0], "uv": [39, 0]}
					]
				},
				{
					"name": "head",
					"parent": "body",
					"pivot": [0, 14, -16],
					"mirror": true,
					"cubes": [
						{"origin": [-3.5, 10, -19], "size": [7, 7, 7], "uv": [0, 0], "mirror": false},
						{"origin": [-2.5, 10, -22], "size": [5, 3, 3], "uv": [0, 44], "mirror": false},
						{"origin": [-4.5, 16, -17], "size": [2, 2, 1], "uv": [26, 0], "mirror": false},
						{"origin": [2.5, 16, -17], "size": [2, 2, 1], "uv": [26, 0]}
					],
					"locators": {
						"lead": [0, 14, -16]
					}
				},
				{
					"name": "leg0",
					"parent": "body",
					"pivot": [-4.5, 10, 6],
					"cubes": [
						{"origin": [-6.5, 0, 4], "size": [4, 10, 8], "uv": [50, 22]}
					]
				},
				{
					"name": "leg1",
					"parent": "body",
					"pivot": [4.5, 10, 6],
					"cubes": [
						{"origin": [2.5, 0, 4], "size": [4, 10, 8], "uv": [50, 22]}
					]
				},
				{
					"name": "leg2",
					"parent": "body",
					"pivot": [-3.5, 10, -8],
					"cubes": [
						{"origin": [-5.5, 0, -10], "size": [4, 10, 6], "uv": [50, 40]}
					]
				},
				{
					"name": "rightitem",
					"parent": "leg2",
					"pivot": [-3.5, 2, -8]
				},
				{
					"name": "leg3",
					"parent": "body",
					"pivot": [3.5, 10, -8],
					"cubes": [
						{"origin": [1.5, 0, -10], "size": [4, 10, 6], "uv": [50, 40]}
					]
				}
			]
		}
	]
}