{
	"format_version": "1.12.0",
	"minecraft:geometry": [
		{
			"description": {
				"identifier": "geometry.dongf",
				"texture_width": 128,
				"texture_height": 128,
				"visible_bounds_width": 4,
				"visible_bounds_height": 4,
				"visible_bounds_offset": [0, 1, 0]
			},
			"bones": [
				{
					"name": "blue",
					"pivot": [0, 0, 0]
				},
				{
					"name": "body",
					"parent": "blue",
					"pivot": [0, 24, 0],
					"cubes": [
						{"origin": [-4, 12, -2], "size": [8, 12, 4], "uv": [16, 16]},
						{"origin": [-4, 12, -2], "size": [8, 12, 4], "inflate": 0.2, "uv": [16, 32]}
					]
				},
				{
					"name": "head",
					"parent": "body",
					"pivot": [0, 24, 0],
					"cubes": [
						{"origin": [-4, 24, -4], "size": [8, 8, 8], "uv": [0, 0]},
						{"origin": [-4, 24, -4], "size": [8, 8, 8], "inflate": 0.5, "uv": [32, 0]}
					]
				},
				{
					"name": "bone",
					"parent": "head",
					"pivot": [0, 24, 0],
					"cubes": [
						{"origin": [-3, 27, -4.01], "size": [2, 1, 0], "uv": [2, 4]}
					]
				},
				{
					"name": "bone5",
					"parent": "head",
					"pivot": [0, 24, 0],
					"cubes": [
						{"origin": [-3, 27, -4.015], "size": [2, 1, 0], "uv": [2, 0]}
					]
				},
				{
					"name": "bone2",
					"parent": "head",
					"pivot": [0, 23, 0],
					"cubes": [
						{"origin": [1, 27, -4.01], "size": [2, 1, 0], "uv": [2, 5]}
					]
				},
				{
					"name": "bone6",
					"parent": "head",
					"pivot": [0, 24, 0],
					"cubes": [
						{"origin": [1, 27, -4.015], "size": [2, 1, 0], "uv": [2, 2]}
					]
				},
				{
					"name": "bone3",
					"parent": "head",
					"pivot": [-4, 23, 0],
					"cubes": [
						{"origin": [-3, 25, -3.99], "size": [2, 2, 0], "uv": [13, 16]}
					]
				},
				{
					"name": "bone7",
					"parent": "head",
					"pivot": [-4, 23, 0],
					"cubes": [
						{"origin": [-2, 25, -3.992], "size": [1, 2, 0], "uv": [0, 16]}
					]
				},
				{
					"name": "bone4",
					"parent": "head",
					"pivot": [0, 23, 0],
					"cubes": [
						{"origin": [1, 25, -3.99], "size": [2, 2, 0], "uv": [15, 16]}
					]
				},
				{
					"name": "bone11",
					"parent": "head",
					"pivot": [0, 23, 0],
					"cubes": [
						{"origin": [1, 25, -3.992], "size": [1, 2, 0], "uv": [1, 16]}
					]
				},
				{
					"name": "leftarm",
					"parent": "body",
					"pivot": [5, 22, 0],
					"cubes": [
						{"origin": [4, 17, -2], "size": [3, 7, 4], "uv": [32, 48]},
						{"origin": [4, 17, -2], "size": [3, 7, 4], "inflate": 0.3, "uv": [48, 48]}
					]
				},
				{
					"name": "bone8",
					"parent": "leftarm",
					"pivot": [6, 17, 0],
					"cubes": [
						{"origin": [4, 12, -2], "size": [3, 5, 4], "uv": [32, 64]},
						{"origin": [4, 12, -2], "size": [3, 5, 4], "inflate": 0.1, "uv": [48, 64]}
					]
				},
				{
					"name": "leftitem",
					"parent": "bone8",
					"pivot": [6, 15, 0]
				},
				{
					"name": "rightarm",
					"parent": "body",
					"pivot": [-5, 22, 0],
					"mirror": true,
					"cubes": [
						{"origin": [-7, 17, -2], "size": [3, 7, 4], "uv": [40, 16], "mirror": false},
						{"origin": [-7, 17, -2], "size": [3, 7, 4], "inflate": 0.3, "uv": [40, 32], "mirror": false}
					]
				},
				{
					"name": "bone30",
					"parent": "rightarm",
					"pivot": [-6, 17, 0],
					"cubes": [
						{"origin": [-7, 12, -2], "size": [3, 5, 4], "uv": [88, 23]},
						{"origin": [-7, 12, -2], "size": [3, 5, 4], "inflate": 0.1, "uv": [104, 23]}
					]
				},
				{
					"name": "rightitem",
					"parent": "bone30",
					"pivot": [-6, 15, 0]
				},
				{
					"name": "rightleg",
					"parent": "blue",
					"pivot": [-1.9, 12, 0],
					"mirror": true,
					"cubes": [
						{"origin": [-4.05, 6, -2], "size": [4, 6, 4], "uv": [0, 16], "mirror": false},
						{"origin": [-4.05, 6, -2], "size": [4, 6, 4], "inflate": 0.1, "uv": [0, 32], "mirror": false}
					]
				},
				{
					"name": "bone9",
					"parent": "rightleg",
					"pivot": [-2, 6, 0],
					"cubes": [
						{"origin": [-4.05, 0, -2], "size": [4, 6, 4], "uv": [56, 22]},
						{"origin": [-4.05, 0, -2], "size": [4, 6, 4], "inflate": 0.2, "uv": [72, 22]}
					]
				},
				{
					"name": "leftleg",
					"parent": "blue",
					"pivot": [1.9, 12, 0],
					"cubes": [
						{"origin": [0.05, 6, -2], "size": [4, 6, 4], "uv": [16, 48]},
						{"origin": [0.05, 6, -2], "size": [4, 6, 4], "inflate": 0.1, "uv": [0, 48]}
					]
				},
				{
					"name": "bone10",
					"parent": "leftleg",
					"pivot": [2, 6, 0],
					"cubes": [
						{"origin": [0.05, 0, -2], "size": [4, 6, 4], "uv": [16, 64]},
						{"origin": [0.05, 0, -2], "size": [4, 6, 4], "inflate": 0.2, "uv": [0, 64]}
					]
				}
			]
		}
	]
}