{
	"format_version": "1.12.0",
	"minecraft:geometry": [
		{
			"description": {
				"identifier": "geometry.xssw",
				"texture_width": 128,
				"texture_height": 128,
				"visible_bounds_width": 5,
				"visible_bounds_height": 7,
				"visible_bounds_offset": [0, 1.5, 0]
			},
			"bones": [
				{
					"name": "root",
					"pivot": [0, 0, 0]
				},
				{
					"name": "body",
					"parent": "root",
					"pivot": [0, 21, 0],
					"cubes": [
						{"origin": [-9, 13, -4], "size": [18, 21, 11], "uv": [0, 0]}
					]
				},
				{
					"name": "right_ribcage",
					"parent": "body",
					"pivot": [-7, 23, -4],
					"cubes": [
						{"origin": [-7, 27, -6.1], "size": [7, 2, 1], "pivot": [0, 0, 0], "rotation": [0, 17.5, 0], "uv": [89, 15]},
						{"origin": [-7, 17, -6.1], "size": [7, 2, 1], "pivot": [0, 0, 0], "rotation": [0, 17.5, 0], "uv": [89, 15]},
						{"origin": [-6, 24, -7.1], "size": [8, 2, 1], "pivot": [0, 0, 0], "rotation": [0, 20, 0], "uv": [89, 9]},
						{"origin": [-6, 20, -7.1], "size": [8, 2, 1], "pivot": [0, 0, 0], "rotation": [0, 20, 0], "uv": [89, 9]}
					]
				},
				{
					"name": "left_ribcage",
					"parent": "body",
					"pivot": [7, 23, -4],
					"cubes": [
						{"origin": [0, 27, -6.1], "size": [7, 2, 1], "pivot": [0, 0, 0], "rotation": [0, -17.5, 0], "uv": [89, 15], "mirror": true},
						{"origin": [0, 17, -6.1], "size": [7, 2, 1], "pivot": [0, 0, 0], "rotation": [0, -17.5, 0], "uv": [89, 15], "mirror": true},
						{"origin": [-2, 24, -7.1], "size": [8, 2, 1], "pivot": [0, 0, 0], "rotation": [0, -20, 0], "uv": [89, 9], "mirror": true},
						{"origin": [-2, 20, -7.1], "size": [8, 2, 1], "pivot": [0, 0, 0], "rotation": [0, -20, 0], "uv": [89, 9], "mirror": true}
					]
				},
				{
					"name": "head",
					"parent": "body",
					"pivot": [0, 34, 0],
					"cubes": [
						{"origin": [-8, 34, -5], "size": [16, 16, 10], "uv": [0, 32]}
					]
				},
				{
					"name": "right_tendril",
					"parent": "head",
					"pivot": [-8, 46, 0],
					"cubes": [
						{"origin": [-24, 43, 0], "size": [16, 16, 0], "uv": [52, 32]}
					]
				},
				{
					"name": "left_tendril",
					"parent": "head",
					"pivot": [8, 46, 0],
					"cubes": [
						{"origin": [8, 43, 0], "size": [16, 16, 0], "uv": [58, 0]}
					]
				},
				{
					"name": "right_arm",
					"parent": "body",
					"pivot": [-13, 34, 1],
					"cubes": [
						{"origin": [-17, 20, -3], "size": [8, 14, 8], "uv": [44, 50]}
					]
				},
				{
					"name": "right_arm2",
					"parent": "right_arm",
					"pivot": [-13, 19, 1],
					"cubes": [
						{"origin": [-17, 6, -3], "size": [8, 14, 8], "uv": [44, 86]}
					]
				},
				{
					"name": "rightitem",
					"parent": "right_arm2",
					"pivot": [-13, 9, 1]
				},
				{
					"name": "left_arm",
					"parent": "body",
					"pivot": [13, 34, 1],
					"cubes": [
						{"origin": [9, 20, -3], "size": [8, 14, 8], "uv": [0, 58], "mirror": true}
					]
				},
				{
					"name": "left_arm2",
					"parent": "left_arm",
					"pivot": [13, 19, 1],
					"cubes": [
						{"origin": [9, 6, -3], "size": [8, 14, 8], "uv": [0, 94], "mirror": true}
					]
				},
				{
					"name": "right_leg",
					"parent": "root",
					"pivot": [-5.9, 13, 0],
					"cubes": [
						{"origin": [-9, 6, -3], "size": [6, 7, 6], "uv": [76, 48]}
					]
				},
				{
					"name": "right_leg2",
					"parent": "right_leg",
					"pivot": [-5.9, 7, 0],
					"cubes": [
						{"origin": [-9, 0, -3], "size": [6, 6, 6], "uv": [100, 55]}
					]
				},
				{
					"name": "left_leg",
					"parent": "root",
					"pivot": [5.9, 13, 0],
					"cubes": [
						{"origin": [3, 6, -3], "size": [6, 7, 6], "uv": [76, 76]}
					]
				},
				{
					"name": "left_leg2",
					"parent": "left_leg",
					"pivot": [5.9, 6, 0],
					"cubes": [
						{"origin": [3, 0, -3], "size": [6, 6, 6], "uv": [100, 83]}
					]
				}
			]
		}
	]
}