{
	"format_version": "1.12.0",
	"minecraft:geometry": [
		{
			"description": {
				"identifier": "geometry.zsxj",
				"texture_width": 300,
				"texture_height": 150,
				"visible_bounds_width": 3,
				"visible_bounds_height": 5,
				"visible_bounds_offset": [0, 1.5, 0]
			},
			"bones": [
				{
					"name": "waist",
					"pivot": [0, 0, 0]
				},
				{
					"name": "body",
					"parent": "waist",
					"pivot": [0, 23, 0],
					"cubes": [
						{"origin": [-1, 12, -3], "size": [1, 1, 1], "uv": [107, 142]},
						{"origin": [-3, 13, -3], "size": [1, 1, 1], "uv": [99, 138]},
						{"origin": [3, 14, -3], "size": [1, 1, 1], "uv": [127, 132]},
						{"origin": [3, 13, -3], "size": [1, 1, 1], "uv": [127, 132]},
						{"origin": [4, 22, 0], "size": [1, 1, 1], "uv": [141, 100]},
						{"origin": [4, 20, 0], "size": [1, 1, 1], "uv": [141, 109]},
						{"origin": [4, 22, -1], "size": [1, 1, 1], "uv": [136, 100]},
						{"origin": [4, 23, -2], "size": [1, 1, 1], "uv": [131, 95]},
						{"origin": [4, 23, -1], "size": [1, 1, 1], "uv": [142, 95]},
						{"origin": [4, 23, 0], "size": [1, 1, 1], "uv": [146, 95]},
						{"origin": [4, 23, 1], "size": [1, 1, 1], "uv": [150, 96]},
						{"origin": [3, 23, 2], "size": [1, 1, 1], "uv": [154, 95]},
						{"origin": [3, 22, 2], "size": [1, 1, 1], "uv": [150, 100]},
						{"origin": [3, 21, 2], "size": [1, 1, 1], "uv": [150, 104]},
						{"origin": [3, 20, 2], "size": [1, 1, 1], "uv": [150, 110]},
						{"origin": [3, 19, 2], "size": [1, 1, 1], "uv": [150, 118]},
						{"origin": [1, 13, 2], "size": [1, 1, 1], "uv": [160, 138]},
						{"origin": [-2, 13, 2], "size": [1, 1, 1], "uv": [174, 137]},
						{"origin": [-3, 13, 2], "size": [1, 1, 1], "uv": [178, 137]},
						{"origin": [-4, 14, 2], "size": [1, 1, 1], "uv": [183, 133]},
						{"origin": [-3, 14, 2], "size": [1, 1, 1], "uv": [178, 133]},
						{"origin": [-2, 14, 2], "size": [1, 1, 1], "uv": [174, 133]},
						{"origin": [1, 14, 2], "size": [1, 1, 1], "uv": [159, 133]},
						{"origin": [2, 14, 2], "size": [1, 1, 1], "uv": [155, 133]},
						{"origin": [2, 16, 2], "size": [1, 1, 1], "uv": [155, 123]},
						{"origin": [2, 17, 2], "size": [1, 1, 1], "uv": [155, 119]},
						{"origin": [2, 18, 2], "size": [1, 1, 1], "uv": [155, 119]},
						{"origin": [1, 18, 2], "size": [1, 1, 1], "uv": [162, 113]},
						{"origin": [-2, 18, 2], "size": [1, 1, 1], "uv": [171, 119]},
						{"origin": [-0.7, 16, -3.5], "size": [1, 1, 1], "pivot": [0, 0, 0], "rotation": [-17.5, 15, 0], "uv": [180, 52]},
						{"origin": [-3, 18, 2], "size": [1, 1, 1], "uv": [171, 119]},
						{"origin": [0, 18, 2], "size": [1, 1, 1], "uv": [161, 123]},
						{"origin": [2, 19, 2], "size": [1, 1, 1], "uv": [155, 113]},
						{"origin": [1, 19, 2], "size": [1, 1, 1], "uv": [160, 114]},
						{"origin": [-3, 19, 2], "size": [1, 1, 1], "uv": [178, 114]},
						{"origin": [1, 17, 2], "size": [1, 1, 1], "uv": [161, 118]},
						{"origin": [0, 17, 2], "size": [1, 1, 1], "uv": [165, 119]},
						{"origin": [-2, 17, 2], "size": [1, 1, 1], "uv": [174, 118]},
						{"origin": [-3, 17, 2], "size": [1, 1, 1], "uv": [178, 118]},
						{"origin": [1, 16, 2], "size": [1, 1, 1], "uv": [160, 124]},
						{"origin": [0, 16, 2], "size": [1, 1, 1], "uv": [164, 124]},
						{"origin": [-1, 16, 2], "size": [1, 1, 1], "uv": [169, 124]},
						{"origin": [-2, 16, 2], "size": [1, 1, 1], "uv": [174, 123]},
						{"origin": [-3, 16, 2], "size": [1, 1, 1], "uv": [178, 122]},
						{"origin": [2, 15, 2], "size": [1, 1, 1], "uv": [155, 128]},
						{"origin": [0, 15, 2], "size": [1, 1, 1], "uv": [164, 128]},
						{"origin": [-1, 15, 2], "size": [1, 1, 1], "uv": [170, 128]},
						{"origin": [-3, 15, 2], "size": [1, 1, 1], "uv": [178, 128]},
						{"origin": [-2, 15, 2], "size": [1, 1, 1], "uv": [174, 128]},
						{"origin": [1, 15, 2], "size": [1, 1, 1], "uv": [160, 128]},
						{"origin": [-4, 18, 2], "size": [1, 1, 1], "uv": [183, 113]},
						{"origin": [-4, 20, 2], "size": [1, 1, 1], "uv": [183, 104]},
						{"origin": [-5, 21, 2], "size": [1, 1, 1], "uv": [183, 104]},
						{"origin": [-4, 21, 2], "size": [1, 1, 1], "uv": [183, 99]},
						{"origin": [-5, 22, 2], "size": [1, 1, 1], "uv": [183, 99]},
						{"origin": [-4, 22, 2], "size": [1, 1, 1], "uv": [183, 95]},
						{"origin": [-4, 19, 2], "size": [1, 1, 1], "uv": [183, 109]},
						{"origin": [-5, 18, 2], "size": [1, 1, 1], "uv": [183, 109]},
						{"origin": [-5, 20, 2], "size": [1, 1, 1], "uv": [183, 109]},
						{"origin": [-5, 23, 2], "size": [1, 1, 1], "uv": [183, 109]},
						{"origin": [2, 13, 2], "size": [1, 1, 1], "uv": [155, 138]},
						{"origin": [2, 23, 2], "size": [1, 1, 1], "uv": [154, 95]},
						{"origin": [1, 22, 2], "size": [1, 1, 1], "uv": [160, 100]},
						{"origin": [2, 22, 2], "size": [1, 1, 1], "uv": [155, 100]},
						{"origin": [0, 22, 2], "size": [1, 1, 1], "uv": [164, 100]},
						{"origin": [-1, 22, 2], "size": [1, 1, 1], "uv": [169, 100]},
						{"origin": [-2, 22, 2], "size": [1, 1, 1], "uv": [174, 100]},
						{"origin": [-3, 23, 2], "size": [1, 1, 1], "uv": [179, 95]},
						{"origin": [-3, 22, 2], "size": [1, 1, 1], "uv": [178, 100]},
						{"origin": [-3, 21, 2], "size": [1, 1, 1], "uv": [178, 105]},
						{"origin": [-2, 21, 2], "size": [1, 1, 1], "uv": [174, 104]},
						{"origin": [-1, 21, 2], "size": [1, 1, 1], "uv": [168, 105]},
						{"origin": [0, 21, 2], "size": [1, 1, 1], "uv": [165, 105]},
						{"origin": [1, 21, 2], "size": [1, 1, 1], "uv": [160, 104]},
						{"origin": [2, 21, 2], "size": [1, 1, 1], "uv": [155, 105]},
						{"origin": [1, 20, 2], "size": [1, 1, 1], "uv": [160, 109]},
						{"origin": [0, 20, 2], "size": [1, 1, 1], "uv": [165, 109]},
						{"origin": [-1, 20, 2], "size": [1, 1, 1], "uv": [169, 109]},
						{"origin": [-3, 20, 2], "size": [1, 1, 1], "uv": [178, 109]},
						{"origin": [2, 20, 2], "size": [1, 1, 1], "uv": [155, 109]},
						{"origin": [-4, 23, 2], "size": [1, 1, 1], "uv": [183, 95]},
						{"origin": [4, 22, 1], "size": [1, 1, 1], "uv": [150, 96]},
						{"origin": [4, 20, 1], "size": [1, 1, 1], "uv": [146, 104]},
						{"origin": [4, 19, 1], "size": [1, 1, 1], "uv": [147, 109]},
						{"origin": [4, 22, -2], "size": [1, 1, 1], "uv": [146, 99]},
						{"origin": [4, 21, -2], "size": [1, 1, 1], "uv": [146, 103]},
						{"origin": [4, 21, 1], "size": [1, 1, 1], "uv": [150, 100]},
						{"origin": [4, 20, -2], "size": [1, 1, 1], "uv": [150, 109]},
						{"origin": [4, 19, -2], "size": [1, 1, 1], "uv": [149, 114]},
						{"origin": [-4, 14, -3], "size": [1, 1, 1], "uv": [94, 133]},
						{"origin": [-4, 15, -3], "size": [1, 1, 1], "uv": [94, 128]},
						{"origin": [-4, 16, -3], "size": [1, 1, 1], "uv": [94, 124]},
						{"origin": [-4, 17, -3], "size": [1, 1, 1], "uv": [94, 119]},
						{"origin": [-4, 18, -3], "size": [1, 1, 1], "uv": [94, 113]},
						{"origin": [-4, 19, -3], "size": [1, 1, 1], "uv": [94, 109]},
						{"origin": [-5, 20, -3], "size": [1, 1, 1], "uv": [94, 109]},
						{"origin": [-5, 18, -3], "size": [1, 1, 1], "uv": [94, 109]},
						{"origin": [-4, 20, -3], "size": [1, 1, 1], "uv": [94, 104]},
						{"origin": [-4, 21, -3], "size": [1, 1, 1], "uv": [94, 99]},
						{"origin": [-4, 22, -3], "size": [1, 1, 1], "uv": [94, 99]},
						{"origin": [-4, 23, -3], "size": [1, 1, 1], "uv": [94, 94]},
						{"origin": [-5, 23, -3], "size": [1, 1, 1], "uv": [89, 94]},
						{"origin": [-5, 23, -3], "size": [1, 1, 1], "uv": [220, 94]},
						{"origin": [-5, 22, -3], "size": [1, 1, 1], "uv": [220, 94]},
						{"origin": [-6, 21, -3], "size": [1, 1, 1], "uv": [216, 104]},
						{"origin": [-5, 19, -3], "size": [1, 1, 1], "uv": [221, 104]},
						{"origin": [-5, 21, -3], "size": [1, 1, 1], "uv": [221, 104]},
						{"origin": [-5, 23, -2], "size": [1, 1, 1], "uv": [89, 94]},
						{"origin": [-5, 22, -2], "size": [1, 1, 1], "uv": [94, 105]},
						{"origin": [-5, 21, -2], "size": [1, 1, 1], "uv": [92, 100]},
						{"origin": [-5, 20, -2], "size": [1, 1, 1], "uv": [90, 105]},
						{"origin": [-5, 19, -2], "size": [1, 1, 1], "uv": [91, 100]},
						{"origin": [-5, 18, -2], "size": [1, 1, 1], "uv": [90, 109]},
						{"origin": [-5, 14, -2], "size": [1, 1, 1], "uv": [94, 110]},
						{"origin": [-5, 23, -1], "size": [1, 1, 1], "uv": [85, 95]},
						{"origin": [-5, 23, 0], "size": [1, 1, 1], "uv": [80, 96]},
						{"origin": [-5, 23, 1], "size": [1, 1, 1], "uv": [86, 95]},
						{"origin": [-5, 22, 1], "size": [1, 1, 1], "uv": [90, 99]},
						{"origin": [-5, 21, 1], "size": [1, 1, 1], "uv": [91, 100]},
						{"origin": [-5, 20, 1], "size": [1, 1, 1], "uv": [94, 121]},
						{"origin": [-5, 19, 1], "size": [1, 1, 1], "uv": [90, 114]},
						{"origin": [-5, 18, 1], "size": [1, 1, 1], "uv": [92, 132]},
						{"origin": [-5, 14, 1], "size": [1, 1, 1], "uv": [90, 132]},
						{"origin": [-5, 14, 0], "size": [1, 1, 1], "uv": [80, 133]},
						{"origin": [-5, 14, -1], "size": [1, 1, 1], "uv": [85, 133]},
						{"origin": [-5, 21, -1], "size": [1, 1, 1], "uv": [85, 104]},
						{"origin": [-5, 21, 0], "size": [1, 1, 1], "uv": [80, 105]},
						{"origin": [-5, 22, 0], "size": [1, 1, 1], "uv": [80, 101]},
						{"origin": [-5, 22, -1], "size": [1, 1, 1], "uv": [85, 101]},
						{"origin": [-5, 20, -1], "size": [1, 1, 1], "uv": [85, 108]},
						{"origin": [-5, 20, 0], "size": [1, 1, 1], "uv": [80, 109]},
						{"origin": [-5, 19, -1], "size": [1, 1, 1], "uv": [85, 115]},
						{"origin": [-5, 18, -1], "size": [1, 1, 1], "uv": [85, 118]},
						{"origin": [-5, 18, 0], "size": [1, 1, 1], "uv": [80, 119]},
						{"origin": [-5, 15, 0], "size": [1, 1, 1], "uv": [80, 127]},
						{"origin": [-5, 15, -1], "size": [1, 1, 1], "uv": [80, 124]},
						{"origin": [-5, 19, 0], "size": [1, 1, 1], "uv": [80, 113]},
						{"origin": [-2, 22, -3], "size": [1, 1, 1], "uv": [103, 99]},
						{"origin": [0, 21, -3], "size": [1, 1, 1], "uv": [109, 105]},
						{"origin": [1, 22, -3], "size": [1, 1, 1], "uv": [118, 100]},
						{"origin": [-1, 21, -3], "size": [1, 1, 1], "uv": [109, 105]},
						{"origin": [-3, 23, -3], "size": [1, 1, 1], "uv": [99, 94]},
						{"origin": [-3, 22, -3], "size": [1, 1, 1], "uv": [99, 100]},
						{"origin": [-3, 21, -3], "size": [1, 1, 1], "uv": [98, 105]},
						{"origin": [-2, 21, -3], "size": [1, 1, 1], "uv": [103, 104]},
						{"origin": [1, 21, -3], "size": [1, 1, 1], "uv": [117, 105]},
						{"origin": [1, 20, -3], "size": [1, 1, 1], "uv": [117, 110]},
						{"origin": [2, 20, -3], "size": [1, 1, 1], "uv": [122, 110]},
						{"origin": [0, 20, -3], "size": [1, 1, 1], "uv": [113, 109]},
						{"origin": [-1, 20, -3], "size": [1, 1, 1], "uv": [108, 108]},
						{"origin": [-2, 20, -3], "size": [1, 1, 1], "uv": [103, 109]},
						{"origin": [-2, 19, -3], "size": [1, 1, 1], "uv": [103, 114]},
						{"origin": [-1, 19, -3], "size": [1, 1, 1], "uv": [108, 114]},
						{"origin": [1, 19, -3], "size": [1, 1, 1], "uv": [116, 113]},
						{"origin": [2, 19, -3], "size": [1, 1, 1], "uv": [122, 113]},
						{"origin": [0, 18, -3], "size": [1, 1, 1], "uv": [113, 119]},
						{"origin": [-2, 18, -3], "size": [1, 1, 1], "uv": [105, 119]},
						{"origin": [-2, 17, -3], "size": [1, 1, 1], "uv": [104, 123]},
						{"origin": [0, 17, -3], "size": [1, 1, 1], "uv": [112, 124]},
						{"origin": [1, 16, -3], "size": [1, 1, 1], "uv": [118, 128]},
						{"origin": [-1, 17, -3], "size": [1, 1, 1], "uv": [108, 124]},
						{"origin": [-1, 16, -3], "size": [1, 1, 1], "uv": [108, 128]},
						{"origin": [0, 16, -3], "size": [1, 1, 1], "uv": [113, 128]},
						{"origin": [0, 15, -3], "size": [1, 1, 1], "uv": [112, 132]},
						{"origin": [-1, 15, -3], "size": [1, 1, 1], "uv": [109, 132]},
						{"origin": [-2, 15, -3], "size": [1, 1, 1], "uv": [104, 132]},
						{"origin": [1, 15, -3], "size": [1, 1, 1], "uv": [117, 131]},
						{"origin": [2, 15, -3], "size": [1, 1, 1], "uv": [123, 129]},
						{"origin": [-1, 13, -3], "size": [1, 1, 1], "uv": [109, 137]},
						{"origin": [-2, 13, -3], "size": [1, 1, 1], "uv": [104, 138]},
						{"origin": [-1, 13, -3], "size": [1, 1, 1], "uv": [109, 137]},
						{"origin": [0, 14, -3], "size": [1, 1, 1], "uv": [114, 132]},
						{"origin": [-1, 14, -3], "size": [1, 1, 1], "uv": [109, 133]},
						{"origin": [-2, 14, -3], "size": [1, 1, 1], "uv": [109, 133]},
						{"origin": [2, 14, -3], "size": [1, 1, 1], "uv": [122, 132]},
						{"origin": [-2, 16, -3], "size": [1, 1, 1], "uv": [103, 127]},
						{"origin": [2, 21, -3], "size": [1, 1, 1], "uv": [122, 105]},
						{"origin": [-3, 20, -3], "size": [1, 1, 1], "uv": [99, 109]},
						{"origin": [-3, 19, -3], "size": [1, 1, 1], "uv": [99, 114]},
						{"origin": [-3, 18, -3], "size": [1, 1, 1], "uv": [99, 118]},
						{"origin": [-3, 17, -3], "size": [1, 1, 1], "uv": [99, 123]},
						{"origin": [-3, 15, -3], "size": [1, 1, 1], "uv": [98, 128]},
						{"origin": [-3, 14, -3], "size": [1, 1, 1], "uv": [99, 132]},
						{"origin": [2, 13, -3], "size": [1, 1, 1], "uv": [122, 138]}
					]
				},
				{
					"name": "rightArm",
					"parent": "waist",
					"pivot": [-5, 22, 0],
					"cubes": [
						{"origin": [-6, 23, -3], "size": [1, 1, 1], "uv": [211, 96]},
						{"origin": [-9, 23, -1], "size": [1, 1, 1], "uv": [109, 134]},
						{"origin": [-9, 23, 0], "size": [1, 1, 1], "uv": [183, 101]},
						{"origin": [-8, 21, 2], "size": [1, 1, 1], "uv": [258, 104]},
						{"origin": [-7, 20, 2], "size": [1, 1, 1], "uv": [254, 109]},
						{"origin": [-7, 21, 2], "size": [1, 1, 1], "uv": [253, 104]},
						{"origin": [-7, 22, 2], "size": [1, 1, 1], "uv": [253, 100]},
						{"origin": [-7, 23, 2], "size": [1, 1, 1], "uv": [253, 95]},
						{"origin": [-6, 23, 2], "size": [1, 1, 1], "uv": [248, 95]},
						{"origin": [-6, 24, 2], "size": [1, 1, 1], "uv": [244, 95]},
						{"origin": [-5, 24, 2], "size": [1, 1, 1], "uv": [236, 95]},
						{"origin": [-5, 24, 1], "size": [1, 1, 1], "uv": [207, 90]},
						{"origin": [-5, 24, 0], "size": [1, 1, 1], "uv": [207, 86]},
						{"origin": [-4, 23, -2], "size": [1, 1, 1], "uv": [227, 96]},
						{"origin": [-5, 24, -1], "size": [1, 1, 1], "uv": [207, 82]},
						{"origin": [-4, 23, -1], "size": [1, 1, 1], "uv": [209, 95]},
						{"origin": [-4, 23, 0], "size": [1, 1, 1], "uv": [235, 95]},
						{"origin": [-4, 23, 1], "size": [1, 1, 1], "uv": [239, 95]},
						{"origin": [-4, 22, 1], "size": [1, 1, 1], "uv": [239, 100]},
						{"origin": [-4, 22, 0], "size": [1, 1, 1], "uv": [235, 100]},
						{"origin": [-4, 22, -1], "size": [1, 1, 1], "uv": [230, 99]},
						{"origin": [-4, 22, -2], "size": [1, 1, 1], "uv": [225, 99]},
						{"origin": [-4, 21, -2], "size": [1, 1, 1], "uv": [225, 104]},
						{"origin": [-4, 21, -1], "size": [1, 1, 1], "uv": [230, 104]},
						{"origin": [-4, 21, 0], "size": [1, 1, 1], "uv": [234, 104]},
						{"origin": [-4, 21, 1], "size": [1, 1, 1], "uv": [239, 105]},
						{"origin": [-5, 24, -2], "size": [1, 1, 1], "uv": [207, 77]},
						{"origin": [-5, 24, -3], "size": [1, 1, 1], "uv": [207, 77]},
						{"origin": [-4, 24, -2], "size": [1, 1, 1], "uv": [207, 87]},
						{"origin": [-4, 24, -1], "size": [1, 1, 1], "uv": [207, 77]},
						{"origin": [-4, 24, 0], "size": [1, 1, 1], "uv": [207, 77]},
						{"origin": [-4, 24, 1], "size": [1, 1, 1], "uv": [207, 77]},
						{"origin": [-4, 24, 2], "size": [1, 1, 1], "uv": [207, 92]},
						{"origin": [-4, 24, -3], "size": [1, 1, 1], "uv": [209, 91]},
						{"origin": [-6, 24, -2], "size": [1, 1, 1], "uv": [211, 77]},
						{"origin": [-8, 24, -1], "size": [1, 1, 1], "uv": [221, 81]},
						{"origin": [-8, 24, 0], "size": [1, 1, 1], "uv": [221, 85]},
						{"origin": [-8, 24, 1], "size": [1, 1, 1], "uv": [221, 90]},
						{"origin": [-7, 24, 1], "size": [1, 1, 1], "uv": [216, 90]},
						{"origin": [-6, 24, 1], "size": [1, 1, 1], "uv": [211, 90]},
						{"origin": [-6, 24, 0], "size": [1, 1, 1], "uv": [211, 86]},
						{"origin": [-7, 24, 0], "size": [1, 1, 1], "uv": [216, 86]},
						{"origin": [-7, 24, -1], "size": [1, 1, 1], "uv": [216, 82]},
						{"origin": [-6, 24, -1], "size": [1, 1, 1], "uv": [211, 81]},
						{"origin": [-6, 22, 2], "size": [1, 1, 1], "uv": [248, 99]},
						{"origin": [-6, 21, 2], "size": [1, 1, 1], "uv": [248, 104]},
						{"origin": [-9, 23, 1], "size": [1, 1, 1], "uv": [188, 95]},
						{"origin": [-9, 22, 1], "size": [1, 1, 1], "uv": [188, 100]},
						{"origin": [-9, 19, 1], "size": [1, 1, 1], "uv": [188, 114]},
						{"origin": [-9, 19, 0], "size": [1, 1, 1], "uv": [193, 114]},
						{"origin": [-9, 19, -1], "size": [1, 1, 1], "uv": [197, 114]},
						{"origin": [-9, 19, -2], "size": [1, 1, 1], "uv": [202, 114]},
						{"origin": [-9, 20, -2], "size": [1, 1, 1], "uv": [202, 110]},
						{"origin": [-9, 19, -3], "size": [1, 1, 1], "uv": [202, 110]},
						{"origin": [-9, 24, -1], "size": [1, 1, 1], "uv": [202, 110]},
						{"origin": [-9, 21, -2], "size": [1, 1, 1], "uv": [202, 105]},
						{"origin": [-9, 20, -3], "size": [1, 1, 1], "uv": [202, 105]},
						{"origin": [-9, 22, -1], "size": [1, 1, 1], "uv": [197, 100]},
						{"origin": [-9, 21, -1], "size": [1, 1, 1], "uv": [197, 104]},
						{"origin": [-9, 20, -1], "size": [1, 1, 1], "uv": [197, 109]},
						{"origin": [-9, 20, 0], "size": [1, 1, 1], "uv": [193, 110]},
						{"origin": [-9, 21, 0], "size": [1, 1, 1], "uv": [193, 105]},
						{"origin": [-9, 22, 0], "size": [1, 1, 1], "uv": [193, 100]},
						{"origin": [-8, 21, -3], "size": [1, 1, 1], "uv": [207, 105]},
						{"origin": [-8, 19, -3], "size": [1, 1, 1], "uv": [206, 113]},
						{"origin": [-8, 20, -3], "size": [1, 1, 1], "uv": [206, 113]},
						{"origin": [-6, 22, -3], "size": [1, 1, 1], "uv": [216, 100]},
						{"origin": [-7, 21, -3], "size": [1, 1, 1], "uv": [211, 104]}
					]
				},
				{
					"name": "rightitem",
					"parent": "rightArm",
					"pivot": [-5, 22, 0]
				},
				{
					"name": "leftArm",
					"parent": "waist",
					"pivot": [5, 22, 0],
					"cubes": [
						{"origin": [4, 23, -3], "size": [1, 1, 1], "uv": [244, 95]},
						{"origin": [6, 22, -3], "size": [1, 1, 1], "uv": [254, 100]},
						{"origin": [5, 22, -3], "size": [1, 1, 1], "uv": [249, 100]},
						{"origin": [4, 22, -3], "size": [1, 1, 1], "uv": [244, 100]},
						{"origin": [4, 21, -3], "size": [1, 1, 1], "uv": [245, 104]},
						{"origin": [5, 21, -3], "size": [1, 1, 1], "uv": [249, 105]},
						{"origin": [6, 21, -3], "size": [1, 1, 1], "uv": [254, 105]},
						{"origin": [6, 20, -3], "size": [1, 1, 1], "uv": [254, 109]},
						{"origin": [6, 19, -3], "size": [1, 1, 1], "uv": [254, 114]},
						{"origin": [7, 19, -3], "size": [1, 1, 1], "uv": [258, 114]},
						{"origin": [7, 20, -3], "size": [1, 1, 1], "uv": [258, 110]},
						{"origin": [7, 21, -3], "size": [1, 1, 1], "uv": [258, 105]},
						{"origin": [7, 22, -3], "size": [1, 1, 1], "uv": [258, 100]},
						{"origin": [8, 23, -2], "size": [1, 1, 1], "uv": [187, 95]},
						{"origin": [7, 24, -2], "size": [1, 1, 1], "uv": [221, 90]},
						{"origin": [6, 24, -2], "size": [1, 1, 1], "uv": [216, 90]},
						{"origin": [5, 24, -2], "size": [1, 1, 1], "uv": [211, 90]},
						{"origin": [4, 24, -2], "size": [1, 1, 1], "uv": [207, 91]},
						{"origin": [3, 23, -2], "size": [1, 1, 1], "uv": [239, 96]},
						{"origin": [3, 22, -2], "size": [1, 1, 1], "uv": [240, 100]},
						{"origin": [3, 21, -2], "size": [1, 1, 1], "uv": [240, 105]},
						{"origin": [4, 24, -1], "size": [1, 1, 1], "uv": [207, 87]},
						{"origin": [3, 23, -1], "size": [1, 1, 1], "uv": [235, 95]},
						{"origin": [3, 23, 0], "size": [1, 1, 1], "uv": [230, 95]},
						{"origin": [3, 23, 1], "size": [1, 1, 1], "uv": [225, 95]},
						{"origin": [3, 22, 1], "size": [1, 1, 1], "uv": [225, 100]},
						{"origin": [3, 21, 1], "size": [1, 1, 1], "uv": [225, 105]},
						{"origin": [3, 21, 0], "size": [1, 1, 1], "uv": [230, 105]},
						{"origin": [3, 22, -1], "size": [1, 1, 1], "uv": [235, 100]},
						{"origin": [3, 22, 0], "size": [1, 1, 1], "uv": [230, 100]},
						{"origin": [3, 21, -1], "size": [1, 1, 1], "uv": [235, 105]},
						{"origin": [4, 24, 0], "size": [1, 1, 1], "uv": [207, 82]},
						{"origin": [4, 24, 1], "size": [1, 1, 1], "uv": [207, 77]},
						{"origin": [5, 24, 1], "size": [1, 1, 1], "uv": [211, 77]},
						{"origin": [6, 24, 1], "size": [1, 1, 1], "uv": [216, 77]},
						{"origin": [7, 24, 1], "size": [1, 1, 1], "uv": [221, 77]},
						{"origin": [7, 24, 0], "size": [1, 1, 1], "uv": [221, 82]},
						{"origin": [7, 24, -1], "size": [1, 1, 1], "uv": [221, 86]},
						{"origin": [6, 24, -1], "size": [1, 1, 1], "uv": [216, 86]},
						{"origin": [5, 24, -1], "size": [1, 1, 1], "uv": [211, 86]},
						{"origin": [6, 24, 0], "size": [1, 1, 1], "uv": [216, 82]},
						{"origin": [5, 24, 0], "size": [1, 1, 1], "uv": [211, 82]},
						{"origin": [8, 22, -2], "size": [1, 1, 1], "uv": [188, 99]},
						{"origin": [8, 21, -2], "size": [1, 1, 1], "uv": [188, 105]},
						{"origin": [8, 20, -2], "size": [1, 1, 1], "uv": [188, 109]},
						{"origin": [8, 19, -2], "size": [1, 1, 1], "uv": [188, 114]},
						{"origin": [8, 23, -1], "size": [1, 1, 1], "uv": [193, 95]},
						{"origin": [8, 22, -1], "size": [1, 1, 1], "uv": [193, 99]},
						{"origin": [8, 22, 0], "size": [1, 1, 1], "uv": [197, 100]},
						{"origin": [8, 21, -1], "size": [1, 1, 1], "uv": [193, 105]},
						{"origin": [8, 20, -1], "size": [1, 1, 1], "uv": [193, 109]},
						{"origin": [8, 19, -1], "size": [1, 1, 1], "uv": [193, 115]},
						{"origin": [8, 23, 0], "size": [1, 1, 1], "uv": [197, 95]},
						{"origin": [8, 23, 1], "size": [1, 1, 1], "uv": [202, 95]},
						{"origin": [7, 23, 2], "size": [1, 1, 1], "uv": [207, 95]},
						{"origin": [7, 22, 2], "size": [1, 1, 1], "uv": [206, 101]},
						{"origin": [7, 21, 2], "size": [1, 1, 1], "uv": [206, 105]},
						{"origin": [7, 20, 2], "size": [1, 1, 1], "uv": [206, 109]},
						{"origin": [7, 19, 2], "size": [1, 1, 1], "uv": [206, 114]},
						{"origin": [6, 19, 2], "size": [1, 1, 1], "uv": [211, 114]},
						{"origin": [6, 20, 2], "size": [1, 1, 1], "uv": [211, 109]},
						{"origin": [6, 21, 2], "size": [1, 1, 1], "uv": [211, 105]},
						{"origin": [6, 22, 2], "size": [1, 1, 1], "uv": [211, 100]},
						{"origin": [6, 23, 2], "size": [1, 1, 1], "uv": [211, 96]},
						{"origin": [5, 23, 2], "size": [1, 1, 1], "uv": [216, 95]},
						{"origin": [5, 22, 2], "size": [1, 1, 1], "uv": [216, 100]},
						{"origin": [5, 21, 2], "size": [1, 1, 1], "uv": [216, 104]},
						{"origin": [8, 22, 1], "size": [1, 1, 1], "uv": [202, 100]},
						{"origin": [7, 23, -2], "size": [1, 1, 1], "uv": [235, 89]}
					]
				},
				{
					"name": "rightLeg",
					"pivot": [-2, 12, 0]
				},
				{
					"name": "leftLeg",
					"pivot": [2, 12, 0]
				}
			]
		}
	]
}