{
	"format_version": "1.12.0",
	"minecraft:geometry": [
		{
			"description": {
				"identifier": "geometry.xcpanda",
				"texture_width": 64,
				"texture_height": 64,
				"visible_bounds_width": 4,
				"visible_bounds_height": 4.5,
				"visible_bounds_offset": [0, 1.75, 0]
			},
			"bones": [
				{
					"name": "body",
					"pivot": [0, 14, 0],
					"cubes": [
						{"origin": [-9.5, 0, -5], "size": [19, 26, 13], "pivot": [9, 14, 0], "rotation": [90, 0, 0], "uv": [0, 25]}
					]
				},
				{
					"name": "head",
					"parent": "body",
					"pivot": [0, 12.5, -17],
					"cubes": [
						{"origin": [-6.5, 7.5, -21], "size": [13, 10, 9], "uv": [0, 6]},
						{"origin": [-3.5, 8.5, -23], "size": [7, 4, 2], "uv": [45, 16]},
						{"origin": [-8.5, 16.5, -18], "size": [5, 4, 1], "uv": [52, 25]},
						{"origin": [3.5, 16.5, -18], "size": [5, 4, 1], "uv": [52, 25]}
					]
				},
				{
					"name": "bone",
					"parent": "head",
					"pivot": [0, 12.5, -17],
					"cubes": [
						{"origin": [-4.5, 12.5, -21.01], "size": [2, 1, 0], "uv": [0, 0]}
					]
				},
				{
					"name": "bone2",
					"parent": "head",
					"pivot": [0, 12.5, -17],
					"cubes": [
						{"origin": [2.5, 12.5, -21.01], "size": [2, 1, 0], "uv": [0, 0]}
					]
				},
				{
					"name": "bone3",
					"parent": "head",
					"pivot": [0, 12.5, -17],
					"cubes": [
						{"origin": [-3.5, 12.5, -21.02], "size": [1, 1, 0], "uv": [4, 0]}
					]
				},
				{
					"name": "bone4",
					"parent": "head",
					"pivot": [0, 12.5, -17],
					"cubes": [
						{"origin": [2.5, 12.5, -21.02], "size": [1, 1, 0], "uv": [4, 0]}
					]
				},
				{
					"name": "bone5",
					"parent": "head",
					"pivot": [0, 12.5, -17],
					"cubes": [
						{"origin": [-3.5, 7.5, -23], "size": [7, 1, 2], "uv": [9, 0]}
					]
				},
				{
					"name": "leg0",
					"parent": "body",
					"pivot": [-5.5, 9, 9],
					"cubes": [
						{"origin": [-8.5, 0, 6], "size": [6, 9, 6], "uv": [40, 0]}
					]
				},
				{
					"name": "leg1",
					"parent": "body",
					"pivot": [5.5, 9, 9],
					"cubes": [
						{"origin": [2.5, 0, 6], "size": [6, 9, 6], "uv": [40, 0]}
					]
				},
				{
					"name": "leg2",
					"parent": "body",
					"pivot": [-5.5, 9, -9],
					"cubes": [
						{"origin": [-8.5, 0, -12], "size": [6, 9, 6], "uv": [40, 0]}
					]
				},
				{
					"name": "rightitem",
					"parent": "leg2",
					"pivot": [-5.5, 3, -9],
					"rotation": [0, 90, 0]
				},
				{
					"name": "leg3",
					"parent": "body",
					"pivot": [5.5, 9, -9],
					"cubes": [
						{"origin": [2.5, 0, -12], "size": [6, 9, 6], "uv": [40, 0]}
					]
				}
			]
		}
	]
}