{
	"format_version": "1.12.0",
	"minecraft:geometry": [
		{
			"description": {
				"identifier": "geometry.hyjs",
				"texture_width": 64,
				"texture_height": 32,
				"visible_bounds_width": 4,
				"visible_bounds_height": 3,
				"visible_bounds_offset": [0, 1.5, 0]
			},
			"bones": [
				{
					"name": "body",
					"pivot": [0, 24, 0],
					"cubes": [
						{"origin": [-4, 12, -2], "size": [8, 12, 4], "uv": [16, 16]}
					]
				},
				{
					"name": "head",
					"parent": "body",
					"pivot": [0, 24, 0],
					"cubes": [
						{"origin": [-4, 24, -4], "size": [8, 8, 8], "uv": [0, 0]}
					]
				},
				{
					"name": "bone",
					"parent": "head",
					"pivot": [3, 27, 7],
					"rotation": [47.70372, 25.23098, -21.19748]
				},
				{
					"name": "bone2",
					"parent": "bone",
					"pivot": [0, 37, -3],
					"rotation": [-59.02133, 19.52292, 34.93147]
				},
				{
					"name": "leftarm",
					"parent": "body",
					"pivot": [5, 22, 0],
					"cubes": [
						{"origin": [4, 17, -2], "size": [4, 7, 4], "uv": [40, 16]}
					]
				},
				{
					"name": "bone8",
					"parent": "leftarm",
					"pivot": [6, 17, 0],
					"cubes": [
						{"origin": [4, 12, -2], "size": [4, 5, 4], "uv": [48, 7]}
					]
				},
				{
					"name": "leftitem",
					"parent": "bone8",
					"pivot": [6, 15, 0]
				},
				{
					"name": "bone5",
					"parent": "leftarm",
					"pivot": [7, 1, 4],
					"rotation": [91.73949, 23.54629, 35.10303]
				},
				{
					"name": "rightarm",
					"parent": "body",
					"pivot": [-5, 22, 0],
					"mirror": true,
					"cubes": [
						{"origin": [-8, 17, -2], "size": [4, 7, 4], "uv": [40, 16]},
						{"origin": [-8, 12, -2], "size": [4, 5, 4], "uv": [48, 7]}
					]
				},
				{
					"name": "rightitem",
					"parent": "rightarm",
					"pivot": [-6, 15, 0]
				},
				{
					"name": "leftleg",
					"parent": "body",
					"pivot": [1.9, 12, 0],
					"cubes": [
						{"origin": [0.05, 6, -2], "size": [4, 6, 4], "uv": [0, 16]}
					]
				},
				{
					"name": "bone10",
					"parent": "leftleg",
					"pivot": [2, 6, 0],
					"cubes": [
						{"origin": [0.05, 0, -2], "size": [4, 6, 4], "uv": [32, 6]}
					]
				},
				{
					"name": "rightleg",
					"parent": "body",
					"pivot": [-1.9, 12, 0],
					"mirror": true,
					"cubes": [
						{"origin": [-4.05, 6, -2], "size": [4, 6, 4], "uv": [0, 16], "mirror": false}
					]
				},
				{
					"name": "bone9",
					"parent": "rightleg",
					"pivot": [-2, 6, 0],
					"cubes": [
						{"origin": [-4.05, 0, -2], "size": [4, 6, 4], "uv": [32, 6]}
					]
				},
				{
					"name": "bone6",
					"parent": "body",
					"pivot": [13, 0, 20],
					"rotation": [73.82646, 21.69365, -6.1191]
				}
			]
		}
	]
}