{
  "resource_pack_name": "vanilla",
  "texture_name": "atlas.items",
  "texture_data": {
    "pa_hjs": {
      "textures": [
        "textures/items/pa_hjs"
      ]
    },
    "pa_fsqs": {
      "textures": [
        "textures/items/pa_fsqs"
      ]
    },
    "jht": {
      "textures": "textures/items/jht"
    },
    "xc_lf": {
      "textures": "textures/items/xc_lf"
    },
    "jxz": {
      "textures": "textures/items/jxz"
    },
    "xc_lbscd": {
      "textures": "textures/items/xc_lbscd"
    },
    "xc_jbm": {
      "textures": "textures/items/xc_jbm"
    },
    "jtk": {
      "textures": "textures/items/jtk"
    },
    "jxj": {
      "textures": "textures/items/jxj"
    },
    "xc_ahjlg": {
      "textures": "textures/items/xc_ahjlg"
    },
    "scj": {
      "textures": "textures/entity/scj"
    },
    "xc_ahjdrf": {
      "textures": "textures/items/xc_ahjdrf"
    },
    "xc_ahjdrf_bluew": {
      "textures": "textures/items/xc_ahjdrf_bluew"
    },
    "fysnl": {
      "textures": "textures/items/fysnl"
    },
    "lysnl": {
      "textures": "textures/items/lysnl"
    },
    "hysnl": {
      "textures": "textures/items/hysnl"
    },
    "xc_ghj": {
      "textures": "textures/items/xc_ghj"
    },
    "xc_ahjsp": {
      "textures": "textures/items/xc_ahjsp"
    },
    "xc_shys": {
      "textures": "textures/entity/xc_shys"
    },
    "xc_zsdd": {
      "textures": "textures/items/xc_zsdd"
    },
    "xc_cbtf": {
      "textures": "textures/items/xc_cbtf"
    },
    "xc_txj": {
      "textures": "textures/items/xc_txj"
    },
    "fmm": {
      "textures": "textures/items/fmm"
    },
    "xc_ahjskf": {
      "textures": "textures/items/xc_ahjskf"
    },
    "xc_sdlbsxj": {
      "textures": "textures/items/xc_sdlbsxj"
    },
    "zsyh": {
      "textures": "textures/items/zsyh"
    },
    "htj": {
      "textures": "textures/items/htj"
    },
    "xc_a": {
      "textures": "textures/items/xc_a"
    },
    "zsdp": {
      "textures": "textures/items/zsdp"
    },
    "xctnt": {
      "textures": "textures/items/xctnt"
    },
    "xc_lbsdr": {
      "textures": "textures/items/xc_lbsdr"
    },
    "xc_hjdp": {
      "textures": "textures/items/xc_hjdp"
    },
    "ayhys2": {
      "textures": "textures/items/ayhys2"
    },
    "ayhys1": {
      "textures": "textures/items/ayhys1"
    },
    "ayhys": {
      "textures": "textures/items/ayhys"
    },
    "xc_ahjl": {
      "textures": "textures/items/xc_ahjl"
    },
     "zsn_arrow": {
      "textures": "textures/items/xc_arrow"
    },
    "red_helmet": {
      "textures": "textures/items/red_helmet"
    },
    "yaoshui": {
      "textures": "textures/items/yaoshui"
    },
    "xc_ytc": {
      "textures": "textures/items/xc_ytc"
    },
    "xc_lbsj": {
      "textures": "textures/items/xc_lbsj"
    },
    "xc_dyg": {
      "textures": "textures/items/xc_dyg"
    },
    "xc_zjzzf": {
      "textures": "textures/items/xc_zjzzf"
    },
    "xc_hsmyzy": {
      "textures": "textures/items/xc_hsmyzy"
    },
    "xc_jmkl": {
      "textures": "textures/items/xc_jmkl"
    },
    "Alex_sword": {
      "textures": "textures/items/Alex_sword"
    },
    "xc_hjcq": {
      "textures": "textures/items/xc_hjcq"
    },
    "xc_nyttq": {
      "textures": "textures/items/xc_nyttq"
    },
    "xc_cz": {
      "textures": "textures/items/xc_cz"
    },
    "hd": {
      "textures": "textures/items/hd"
    },
    "zbsjt": {
      "textures": "textures/items/zbsjt"
    },
    "xc_zsn2": {
      "textures": "textures/items/xc_zsn2"
    },
    "xc_hf": {
      "textures": "textures/items/xc_hf"
    },
    "xc_zsn0": {
      "textures": "textures/items/xc_zsn0"
    },
    "xc_zsn1": {
      "textures": "textures/items/xc_zsn1"
    },
    "xc_d": {
      "textures": "textures/items/xc_d"
    },
    "xc_zsn": {
      "textures": "textures/items/xc_zsn"
    },
    "fj": {
      "textures": "textures/items/fj"
    },
    "xc_dd": {
      "textures": "textures/items/xc_dd"
    },
    "xc_zsjd": {
      "textures": "textures/items/xc_zsjd"
    },
    "xc_cdzs": {
      "textures": "textures/items/xc_cdzs"
    },
    "xc_hbstk": {
      "textures": "textures/items/xc_hbstk"
    },
    "xc_hbsxz": {
      "textures": "textures/items/xc_hbsxz"
    },
    "xc_hbsht": {
      "textures": "textures/items/xc_hbsht"
    },
    "xc_hbsxj": {
      "textures": "textures/items/xc_hbsxj"
    },
    "xc_kyjj": {
      "textures": "textures/items/xc_kyjj"
    },
    "xc_zbsj": {
      "textures": "textures/items/xc_zbsj"
    },
    "xc_wlbstk": {
      "textures": "textures/items/xc_wlbstk"
    },
    "xc_wlbsxz": {
      "textures": "textures/items/xc_wlbsxz"
    },
    "xc_wlbsht": {
      "textures": "textures/items/xc_wlbsht"
    },
    "xc_zszs": {
      "textures": "textures/items/xc_zszs"
    },
    "xc_zsxyj": {
      "textures": "textures/items/xc_zsxyj"
    },
    "xc_hbs": {
      "textures": "textures/items/xc_hbs"
    },
    "xc_hszs": {
      "textures": "textures/items/xc_hszs"
    },
    "xc_hhjj": {
      "textures": "textures/items/xc_hhjj"
    },
    "xc_j": {
      "textures": "textures/items/xc_j"
    },
    "xc_fhzs": {
      "textures": "textures/items/xc_fhzs"
    },
    "xc_zsjf": {
      "textures": "textures/items/xc_zsjf"
    },
    "xc_zbscj": {
      "textures": "textures/items/xc_zbscj"
    },
    "xc_qdy": {
      "textures": "textures/items/xc_qdy"
    },
    "xc_hjcj": {
      "textures": "textures/items/xc_hjcj"
    },
    "xc_lbsft": {
      "textures": "textures/items/xc_lbsft"
    },
    "xc_jcj": {
      "textures": "textures/items/xc_jcj"
    },
    "xc_zsdrv2": {
      "textures": "textures/items/xc_zsdrv2"
    },
    "xc_zsdr": {
      "textures": "textures/items/xc_zsdr"
    },
    "xc_303zr": {
      "textures": "textures/items/xc_303zr"
    },
    "xc_wtkltk": {
      "textures": "textures/items/xc_wtkltk"
    },
    "xc_wzfzs": {
      "textures": "textures/items/xc_wzfzs"
    },
    "xc_klzs": {
      "textures": "textures/items/xc_klzs"
    },
    "xc_zsgr": {
      "textures": "textures/items/xc_zsgr"
    },
    "xc_cjde": {
      "textures": "textures/items/xc_cjde"
    },
    "xc_zsqq": {
      "textures": "textures/items/xc_zsqq"
    },
    "xc_zshm": {
      "textures": "textures/items/xc_zshm"
    },
    "xc_ssf": {
      "textures": "textures/items/xc_ssf"
    },
    "xc_ssz": {
      "textures": "textures/items/xc_ssz"
    },
    "xc_zsq": {
      "textures": "textures/items/xc_zsq"
    },
    "xc_zskr": {
      "textures": "textures/items/xc_zskr"
    },
    "xc_cdzst": {
      "textures": "textures/items/xc_cdzst"
    },
    "xc_tcj": {
      "textures": "textures/items/xc_tcj"
    },
    "xc_hbscj": {
      "textures": "textures/items/xc_hbscj"
    },
    "xc_cdzst1": {
      "textures": "textures/items/xc_cdzst1"
    },
    "xc_cdzst2": {
      "textures": "textures/items/xc_cdzst2"
    },
    "xc_cdzst3": {
      "textures": "textures/items/xc_cdzst3"
    },
    "xc_lbzs": {
      "textures": "textures/items/xc_lbzs"
    },
    "xc_ctk": {
      "textures": "textures/items/xc_ctk"
    },
    "xc_cxj": {
      "textures": "textures/items/xc_cxj"
    },
    "xc_qyld": {
      "textures": "textures/items/xc_qyld"
    },
    "xc_zsld": {
      "textures": "textures/items/xc_zsld"
    },
    "xc_xcd": {
      "textures": "textures/items/xc_xcd"
    },
    "xc_xcde": {
      "textures": "textures/items/xc_xcde"
    },
    "xc_hszsj": {
      "textures": "textures/items/xc_hszsj"
    },
    "xc_lemx": {
      "textures": "textures/items/xc_lemx"
    },
    "xc_wdf": {
      "textures": "textures/items/xc_wdf"
    },
    "xc_dm": {
      "textures": "textures/items/xc_dm"
    },
    "xc_zssj": {
      "textures": "textures/items/xc_zssj"
    },
    "xc_dcdmfzs": {
      "textures": "textures/items/xc_dcdmfzs"
    },
    "xc_mg": {
      "textures": "textures/items/xc_mg"
    },
    "xc_jt": {
      "textures": "textures/items/xc_jt"
    },
    "nm_caihong": {
      "textures": "textures/items/nm_caihong"
    },
    "xc_lbscz": {
      "textures": "textures/items/xc_lbscz"
    },
    "xc_wtklsb": {
      "textures": "textures/items/xc_wtklsb"
    },
    "xc_tld": {
      "textures": "textures/items/xc_tld"
    },
    "xc_hzszr": {
      "textures": "textures/items/xc_hzszr"
    },
    "xc_hc": {
      "textures": "textures/items/xc_hc"
    },
    "xc_ayzf": {
      "textures": "textures/items/xc_ayzf"
    },
    "xc_wahjxz": {
      "textures": "textures/items/xc_wahjxz"
    },
    "xc_wahjxj": {
      "textures": "textures/items/xc_wahjxj"
    },
    "xc_wahjtk": {
      "textures": "textures/items/xc_wahjtk"
    },
    "xc_wahjht": {
      "textures": "textures/items/xc_wahjht"
    },
    "xc_bs": {
      "textures": "textures/items/xc_bs"
    },
    "xc_hqbj": {
      "textures": "textures/items/xc_hqbj"
    },
    "xc_hjwd": {
      "textures": "textures/items/xc_hjwd"
    },
    "xc_hzszj": {
      "textures": "textures/items/xc_hzszj"
    },
    "xc_zswd": {
      "textures": "textures/items/xc_zswd"
    },
    "xc_hd": {
      "textures": "textures/items/xc_hd"
    },
    "xc_hszr": {
      "textures": "textures/items/xc_hszr"
    },
    "xc_zszr": {
      "textures": "textures/items/xc_zszr"
    },
    "xc_ymj": {
      "textures": "textures/items/xc_ymj"
    },
    "xc_zsskf": {
      "textures": "textures/items/xc_zsskf"
    },
    "xc_zscq": {
      "textures": "textures/items/xc_zscq"
    },
    "xc_zszj": {
      "textures": "textures/items/xc_zszj"
    },
    "xc_zscj": {
      "textures": "textures/items/xc_zscj"
    },
    "xc_zscd": {
      "textures": "textures/items/xc_zscd"
    },
    "xc_zskj": {
      "textures": "textures/items/xc_zskj"
    },
    "xc_lbscj": {
      "textures": "textures/items/xc_lbscj"
    },
    "xc_zsd": {
      "textures": "textures/items/xc_zsd"
    },
    "xc_zshj": {
      "textures": "textures/items/xc_zshj"
    },
    "xc_czj": {
      "textures": "textures/items/xc_czj"
    },
    "xc_xiaoshao": {
      "textures": "textures/items/xc_xiaoshao"
    },
    "xc_cmttw": {
      "textures": "textures/items/xc_cmttw"
    },
    "xc_zscr": {
      "textures": "textures/items/xc_zscr"
    },
    "xc_lbsxj": {
      "textures": "textures/items/xc_lbsxj"
    },
    "xc_waycd": {
      "textures": "textures/items/xc_waycd"
    },
    "pa_zsr": {
      "textures": "textures/items/pa_zsr"
    },
    "pa_zsw": {
      "textures": "textures/items/pa_zsw"
    },
    "pa_hjd": {
      "textures": "textures/items/pa_hjd"
    },
    "pa_zszf": {
      "textures": "textures/items/pa_zszf"
    },
    "xc_wzsdp": {
      "textures": "textures/items/xc_wzsdp"
    },
    "pa_hys": {
      "textures": "textures/items/pa_hys"
    },
    "xc_qbj": {
      "textures": "textures/items/xc_qbj"
    },
    "xc_hjjf": {
      "textures": "textures/items/xc_hjjf"
    },
    "xc_zbsjd": {
      "textures": "textures/items/xc_zbsjd"
    },
    "xc_fhzscj": {
      "textures": "textures/items/xc_fhzscj"
    },
    "xc_cnzsld": {
      "textures": "textures/items/xc_cnzsld"
    },
    "xc_tdp": {
      "textures": "textures/items/xc_tdp"
    },
    "tdp": {
      "textures": "textures/items/tdp"
    },
    "xc_cmc": {
      "textures": "textures/items/xc_cmc"
    },
    "xc_lbsdp": {
      "textures": "textures/items/xc_lbsdp"
    },
    "xjhjdp": {
      "textures": "textures/items/xjhjdp"
    },
    "xc_xjhjdp": {
      "textures": "textures/items/xc_xjhjdp"
    },
    "xc_hzsjd": {
      "textures": "textures/items/xc_hzsjd"
    },
    "xc_cbzsf": {
      "textures": "textures/items/xc_cbzsf"
    },
    "xc_hjskf": {
      "textures": "textures/items/xc_hjskf"
    },
    "xc_cnhjwd": {
      "textures": "textures/items/xc_cnhjwd"
    },
    "xc_hjzf": {
      "textures": "textures/items/xc_hjzf"
    },
    "bysnl": {
      "textures": "textures/items/bysnl"
    },
    "xc_cnahjdrf": {
      "textures": "textures/items/xc_cnahjdrf"
    },
    "xc_dlfj": {
      "textures": "textures/items/xc_dlfj"
    },
    "xc_dlfgfj": {
      "textures": "textures/items/xc_dlfgfj"
    },
    "xc_cnzscj": {
      "textures": "textures/items/xc_cnzscj"
    },
    "xc_twl": {
      "textures": "textures/items/xc_twl"
    },
    "xc_jxzr": {
      "textures": "textures/items/xc_jxzr"
    },
    "xc_zbsdrv2": {
      "textures": "textures/items/xc_zbsdrv2"
    },
    "xc_zbsdr": {
      "textures": "textures/items/xc_zbsdr"
    },
    "xc_lbsdrv2": {
      "textures": "textures/items/xc_lbsdrv2"
    },
    "xc_jxhf": {
      "textures": "textures/items/xc_jxhf"
    },
    "ad": {
      "textures": "textures/items/ad"
    },
    "xc_hjjd": {
      "textures": "textures/items/xc_hjjd"
    },
    "ldc": {
      "textures": "textures/items/ldc"
    },
    "xc_hshjcj": {
      "textures": "textures/items/xc_hshjcj"
    },
    "xc_cahjskf": {
      "textures": "textures/items/xc_cahjskf"
    },
    "ygj": {
      "textures": "textures/items/ygj"
    },
    "fmtk": {
      "textures": "textures/items/fmtk"
    },
    "xc_lbsxyj": {
      "textures": "textures/items/xc_lbsxyj"
    },
    "xc_hjzj": {
      "textures": "textures/items/xc_hjzj"
    },
    "source_nljx": {
      "textures": "textures/items/source_nljx"
    },
    "xc_hbsj": {
      "textures": "textures/items/xc_hbsj"
    },
    "xc_jxjd": {
      "textures": "textures/items/xc_jxjd"
    },
    "xc_zzxh": {
      "textures": "textures/items/xc_zzxh"
    },
    "xc_wzkhf": {
      "textures": "textures/items/xc_wzkhf"
    },
    "xc_jxfj": {
      "textures": "textures/items/xc_jxfj"
    },
    "xc_jxjxzr": {
      "textures": "textures/items/xc_jxjxzr"
    },
    "jdp": {
      "textures": "textures/items/jdp"
    },
    "tysnl": {
      "textures": "textures/items/tysnl"
    },
    "xc_jxwzkhf": {
      "textures": "textures/items/xc_jxwzkhf"
    },
    "xc_fhzszr": {
      "textures": "textures/items/xc_fhzszr"
    },
    "xc_zswd2": {
      "textures": "textures/items/xc_zswd2"
    },
    "xc_xhkr": {
      "textures": "textures/items/xc_xhkr"
    },
    "xc_cjtn": {
      "textures": "textures/items/xc_cjtn"
    },
    "xc_rgd": {
      "textures": "textures/items/xc_rgd"
    },
    "xc_zsjdv2": {
      "textures": "textures/items/xc_zsjdv2"
    },
    "fmtm": {
      "textures": "textures/items/fmtm"
    },
    "fmtz": {
      "textures": "textures/items/fmtz"
    },
    "hbm": {
      "textures": "textures/items/hbm"
    },
    "xc_zlj": {
      "textures": "textures/items/xc_zlj"
    },
    "xc_qz": {
      "textures": "textures/items/xc_qz"
    },
    "xc_zjys": {
      "textures": "textures/items/xc_zjys"
    },
    "cnscj": {
      "textures": "textures/entity/cnscj"
    },
    "xc_lmjd": {
      "textures": "textures/items/xc_lmjd"
    },
    "xc_myzm": {
      "textures": "textures/items/xc_myzm"
    },
    "xc_aycd": {
      "textures": "textures/items/xc_aycd"
    },
    "xc_cnzskr": {
      "textures": "textures/items/xc_cnzskr"
    },
    "xc_fgzsj": {
      "textures": "textures/items/xc_fgzsj"
    },
    "xc_hyzr": {
      "textures": "textures/items/xc_hyzr"
    },
    "xc_gzj": {
      "textures": "textures/items/xc_gzj"
    },
    "pa_qnwt": {
      "textures": "textures/items/pa_qnwt"
    },
    "xc_jbzsj": {
      "textures": "textures/items/xc_jbzsj"
    },
    "xc_ymjm": {
      "textures": "textures/items/xc_ymjm"
    },
    "xc_zbszjzzf": {
      "textures": "textures/items/xc_zbszjzzf"
    },
    "xc_zbsxyj": {
      "textures": "textures/items/xc_zbsxyj"
    },
    "xc_hbscd": {
      "textures": "textures/items/xc_hbscd"
    },
    "xc_hbstd": {
      "textures": "textures/items/xc_hbstd"
    },
    "xc_hdv2": {
      "textures": "textures/items/xc_hdv2"
    },
    "pa_hbsfz": {
      "textures": "textures/items/pa_hbsfz"
    },
    "adv2": {
      "textures": "textures/items/adv2"
    },
    "xc_lszsj": {
      "textures": "textures/items/xc_lszsj"
    },
    "xc_tqbj": {
      "textures": "textures/items/xc_tqbj"
    },
    "hys": {
      "textures": "textures/items/hys"
    },
    "xc_ahjd": {
      "textures": "textures/items/xc_ahjd"
    },
    "xc_fglbs": {
      "textures": "textures/items/xc_fglbs"
    },
    "xc_lszs": {
      "textures": "textures/items/xc_lszs"
    },
    "xc_lvszs": {
      "textures": "textures/items/xc_lvszs"
    },
    "xc_qszs": {
      "textures": "textures/items/xc_qszs"
    },
    "xc_huszs": {
      "textures": "textures/items/xc_huszs"
    },
    "xc_ahjj": {
      "textures": "textures/items/xc_ahjj"
    },
    "xc_xmhdm": {
      "textures": "textures/items/xc_xmhdm"
    },
    "xc_lbswd": {
      "textures": "textures/items/xc_lbswd"
    },
    "xc_Prom0v0": {
      "textures": "textures/items/xc_Prom0v0"
    },
    "xc_hbsqbj": {
      "textures": "textures/items/xc_hbsqbj"
    },
    "xc_zsk":{
      "textures": "textures/items/xc_zsk"
    },
    "xc_dcjd": {
      "textures": "textures/items/xc_dcjd"
    },
    "xc_jxpljd": {
      "textures": "textures/items/xc_jxpljd"
    },
    "xc_hzscj": {
      "textures": "textures/items/xc_hzscj"
    },
    "xc_glfj": {
      "textures": "textures/items/xc_glfj"
    },
    "xc_vipsword": {
      "textures": "textures/items/xc_vipsword"
    },
    "super_tony": {
      "textures": "textures/items/super_tony"
    },
    "xc_mzdrf": {
      "textures": "textures/items/xc_mzdrf"
    },
    "xc_fgzstk": {
      "textures": "textures/items/xc_fgzstk"
    },
    "xc_fgzsht": {
      "textures": "textures/items/xc_fgzsht"
    },
    "xc_fgzsxz": {
      "textures": "textures/items/xc_fgzsxz"
    },
    "ytsq": {
      "textures": "textures/items/ytsq"
    },
    "red_shield": {
      "textures": "textures/items/red_shield"
    },
    "xc_sjj": {
      "textures": "textures/items/xc_sjj"
    },
    "xc_mrf": {
      "textures": "textures/items/xc_mrf"
    },
    "xc_wsd": {
      "textures": "textures/items/xc_wsd"
    },
    "xc_wsdq": {
      "textures": "textures/items/xc_wsdq"
    },
    "xc_hsmyzz": {
      "textures": "textures/items/xc_hsmyzz"
    },
    "xc_fmmyzz": {
      "textures": "textures/items/xc_fmmyzz"
    },
    "xc_hyd": {
      "textures": "textures/items/xc_hyd"
    },
    "xc_heihuo": {
      "textures": "textures/items/xc_heihuo"
    },
    "end": {
      "textures": "textures/items/end"
    },
    "xc_pxyjz": {
      "textures": "textures/items/xc_pxyjz"
    },
    "xc_cmwht": {
      "textures": "textures/items/xc_cmwht"
    },
    "xc_cmwxz": {
      "textures": "textures/items/xc_cmwxz"
    },
    "xc_cbs": {
      "textures": "textures/items/xc_cbs"
    },
    "xc_tntbs": {
      "textures": "textures/items/xc_tntbs"
    },
    "xc_hscnahjdrf": {
      "textures": "textures/items/xc_hscnahjdrf"
    },
    "xc_xyzsq": {
      "textures": "textures/items/xc_xyzsq"
    },
    "xc_wszr": {
      "textures": "textures/items/xc_wszr"
    },
    "xc_wszrdq": {
      "textures": "textures/items/xc_wszrdq"
    },
    "xc_wszrh": {
      "textures": "textures/items/xc_wszrh"
    },
    "xc_blaze_rod": {
      "textures": "textures/items/xc_blaze_rod"
    },
    "xc_gfjd": {
      "textures": "textures/items/xc_gfjd"
    },
    "fmhj": {
      "textures": "textures/items/fmhj"
    },
    "xc_llsrtt": {
      "textures": "textures/items/xc_llsrtt"
    },
    "xc_nwtt": {
      "textures": "textures/items/xc_nwtt"
    },
    "ahjdp": {
      "textures": "textures/items/ahjdp"
    },
    "kqdhys": {
      "textures": "textures/items/kqdhys"
    },
    "hf": {
      "textures": "textures/items/hf"
    },
    "yshf": {
      "textures": "textures/items/yshf"
    },
    "xc_tsrj": {
      "textures": "textures/items/xc_tsrj"
    },
    "xc_tdd": {
      "textures": "textures/items/xc_tdd"
    },
    "xc_qxzlys": {
      "textures": "textures/items/xc_qxzlys"
    },
    "hd2": {
      "textures": "textures/items/hd2"
    },
    "hd3": {
      "textures": "textures/items/hd3"
    },
    "ytdp": {
      "textures": "textures/items/ytdp"
    },
    "xc_ymjdyg": {
      "textures": "textures/items/xc_ymjdyg"
    },
    "xc_sfzpz": {
      "textures": "textures/items/xc_sfzpz"
    },
    "xc_lbsdcjd": {
      "textures": "textures/items/xc_lbsdcjd"
    },
    "xc_gzq": {
      "textures": "textures/items/xc_gzq"
    },
    "hsc": {
      "textures": "textures/items/hsc"
    },
    "fms": {
      "textures": "textures/items/fms"
    },
    "xc_tsf": {
      "textures": "textures/items/xc_tsf"
    },
    "jcm": {
      "textures": "textures/items/jcm"
    },
    "xc_lbsn": {
      "textures": "textures/items/xc_lbsn"
    },
    "xc_lbsn0": {
      "textures": "textures/items/xc_lbsn0"
    },
    "xc_lbsn1": {
      "textures": "textures/items/xc_lbsn2"
    },
    "hjsst": {
      "textures": "textures/items/hjsst"
    },
    "hjxyst": {
      "textures": "textures/items/hjxyst"
    },
    "tzzst": {
      "textures": "textures/items/tzzst"
    },
    "egg_wheelchair": {
      "textures": "textures/items/wheelchair"
    },
    "xc_hjsxj": {
      "textures": "textures/items/xc_hjsxj"
    },
    "xc_booptt": {
      "textures": "textures/items/xc_booptt"
    },
    "xc_lsjyp": {
      "textures": "textures/items/xc_lsjyp"
    },
    "xc_gflbsdp": {
      "textures": "textures/items/xc_gflbsdp"
    },
    "xc_gfczzscj": {
      "textures": "textures/items/xc_gfczzscj"
    },
    "xc_gfczzbscj": {
      "textures": "textures/items/xc_gfczzbscj"
    },
    "xc_gfczhbscj": {
      "textures": "textures/items/xc_gfczhbscj"
    },
    "xc_wzbooptt": {
      "textures": "textures/items/xc_wzbooptt"
    },
    "wzboopwt": {
      "textures": "textures/items/wzboopwt"
    },
    "nochtwt": {
      "textures": "textures/items/nochtwt"
    },
    "lbstk": {
      "textures": "textures/items/lbstk"
    },
    "lbsxj": {
      "textures": "textures/items/lbsxj"
    },
    "lbsht": {
      "textures": "textures/items/lbsht"
    },
    "lbsxz": {
      "textures": "textures/items/lbsxz"
    },
    "lbsqz": {
      "textures": "textures/items/lbsqz"
    },
    "zsdrv2": {
      "textures": "textures/items/zsdrv2"
    },
    "zsdr": {
      "textures": "textures/items/zsdr"
    },
    "hjwd": {
      "textures": "textures/items/hjwd"
    },
    "dhq": {
      "textures": "textures/items/dhq"
    },
    "xc_jwl": {
      "textures": "textures/items/xc_jwl"
    },
    "tzf": {
      "textures": "textures/items/tzf"
    },
    "xc_hzsqbj": {
      "textures": "textures/items/xc_hzsqbj"
    },
    "zscd": {
      "textures": "textures/items/zscd"
    },
    "zscr": {
      "textures": "textures/items/zscr"
    },
    "gfahjdrf": {
      "textures": "textures/items/ahjdrf"
    },
    "gfcjde": {
      "textures": "textures/items/gfcjde"
    },
    "cnahjskf": {
      "textures": "textures/items/cnahjskf"
    },
    "gfzskr": {
      "textures": "textures/items/gfzskr"
    },
    "gfcj": {
      "textures": "textures/items/gfcj"
    },
    "lhhst": {
      "textures": "textures/items/lhhst"
    },
    "av_red_steel_axe_forked":{
      "textures":"textures/av_red_steel_axe_forked"
    },
    "av_red_steel_axe_prepare_1":{
      "textures":"textures/av_red_steel_axe_prepare_1"
    },
    "av_red_steel_axe_prepare_2":{
      "textures":"textures/av_red_steel_axe_prepare_2"
    },
    "av_red_steel_axe_long":{
      "textures":"textures/av_red_steel_axe_long"
    }

  }
}