{
  "format_version": "1.20.80",
  "minecraft:item": {
    "description": {
      "identifier": "xc:stevexj",
      "menu_category": {
        "category": "equipment",
        "group": "itemGroup.name.chestplate"
      }
    },
    "components": {
      "minecraft:icon": {
        "textures": {
          "default": "jxj"
        }
      },
      "minecraft:max_stack_size": 1,
      "minecraft:enchantable": {
        "value": 150,
        "slot": "armor_torso"
      },
      "minecraft:durability": {
        "max_durability": 4046,
        "damage_chance": {
          "min": 30,
          "max": 50
        }
      },
      "minecraft:mining_speed": 5,
      "minecraft:foil": false,
      "minecraft:hand_equipped": false,
      "minecraft:wearable": {
        "slot": "slot.armor.chest",
        "protection": 25
      },
      "minecraft:display_name": {
        "value": "Compressed Diamond Chestplate"
      },
      "minecraft:repairable": {
        "repair_items": [
          {
            "items": ["xc:cdzs"],
            "repair_amount": 1500
          }
        ]
      }
    }
  }
}
