{
    "format_version": "1.20.80",
    "minecraft:item": {
        "description": {
            "identifier": "xc:hszr",
            "menu_category": {
                "category": "equipment",
                "group": "itemGroup.name.sword"
            }
        },
        "components": {
            "minecraft:tags": {
                "tags": [
                    "minecraft:is_greatsword",
                    "minecraft:is_tool"
                ]
            },
            "minecraft:repairable": {
                "repair_items": [
                    {
                        "items": [
                            "minecraft:diamond"
                        ],
                        "repair_amount": 450
                    },
                    {
                        "items": [
                            "true:diamond_katana"
                        ],
                        "repair_amount": "context.other->query.remaining_durability + 0.05 * context.other->query.max_durability"
                    }
                ]
            },
            "minecraft:can_destroy_in_creative": false,
            "minecraft:max_stack_size": 1,
            "minecraft:hand_equipped": true,
            "minecraft:mining_speed": 20,
            "minecraft:damage": 45,
            "minecraft:durability": {
                "max_durability": 5000
            },
            "minecraft:enchantable": {
                "value": 15,
                "slot": "sword"
            },
            "minecraft:digger": {
                "use_efficiency": true,
                "destroy_speeds": [
                    {
                        "block": "minecraft:web",
                        "speed": 15,
                        "on_dig": {
                            "event": "minecraft:break"
                        }
                    },
                    {
                        "block": "minecraft:obsidian",
                        "speed": 100,
                        "on_dig": {
                            "event": "hurt"
                        }
                    },
                    {
                        "block": "minecraft:bamboo",
                        "speed": 100,
                        "on_dig": {
                            "event": "minecraft:break"
                        }
                    }
                ],
                "on_dig": {
                    "event": "minecraft:break",
                    "target": "self"
                }
            },
            "minecraft:display_name": {
                "value": "§8Dark §uLegendary Sword"
            },
            "minecraft:icon": {
                "textures": {
                    "default": "xc_hszr"
                }
            },
            "minecraft:weapon": {
                "on_hurt_entity": {
                    "event": "sweep_special"
                }
            }
        },
        "events": {
            "sweep_special": {
                "sequence": [
                    {
                        "run_command": {
                            "command": [
                                "playsound sound.attack.big_sweep @a ~ ~ ~ 1 1.2",
                                "effect @s resistance 10 1 true",
                                "effect @s strength 1 3 true",
                                "effect @s hunger 4 4 true",
                                "effect @s speed 5 1 true",
                                "particle heavy:sweep ^ ^1.2 ^2.3"
                            ]
                        },
                        "shoot": {
                            "projectile": "heavy:sweep",
                            "launch_power": 1,
                            "angle_offset": "query.cardinal_facing"
                        },
                        "damage": {
                            "type": "durability",
                            "amount": 1
                        }
                    }
                ]
            },
            "minecraft:break": {
                "damage": {
                    "type": "durability",
                    "amount": 1
                }
            }
        }
    }
}