{
  "format_version": "1.20.80",
  "minecraft:item": {
    "description": {
      "identifier": "xc:ahjtk",
      "menu_category": {
        "category": "equipment",
        "group": "itemGroup.name.helmet"
      }
    },
    "components": {
      "minecraft:icon": {
        "textures": {
          "default": "xc_wahjtk"
        }
      },
      "minecraft:max_stack_size": 1,
      "minecraft:enchantable": {
        "value": 120,
        "slot": "armor_head"
      },
      "minecraft:durability": {
        "max_durability": 5679
      },
      "minecraft:knockback_resistance": {
        "protection": 0.25
      },
      "minecraft:mining_speed": 5,
      "minecraft:foil": false,
      "minecraft:hand_equipped": false,
      "minecraft:wearable": {
        "slot": "slot.armor.head",
        "protection": 35
      },
      "minecraft:display_name": {
        "value": "§8Dark Netherite Helmet"
      },
      "minecraft:tags": {
        "tags": [
          "minecraft:trimmable_armors",
          "minecraft:is_armor"
        ]
      },
      "minecraft:repairable": {
        "repair_items": [
          {
            "items": ["xc:ahjd"],
            "repair_amount": 500
          }
        ]
      }
    }
  }
}
