{
  "format_version": "1.20.80",
  "minecraft:item": {
    "description": {
      "identifier": "xc:ahjjj",
      "menu_category": {
        "category": "equipment",
        "group": "itemGroup.name.chestplate"
      }
    },
    "components": {
      "minecraft:icon": {
        "textures": {
          "default": "xc_wahjxj"
        }
      },
      "minecraft:max_stack_size": 1,
      "minecraft:enchantable": {
        "value": 120,
        "slot": "armor_torso"
      },
      "minecraft:durability": {
        "max_durability": 5546
      },
      "minecraft:knockback_resistance": {
        "protection": 0.25
      },
      "minecraft:mining_speed": 5,
      "minecraft:foil": false,
      "minecraft:wearable": {
        "slot": "slot.armor.chest",
        "protection": 35
      },
      "minecraft:repairable": {
        "repair_items": [
          {
            "items": [
              "xc:ahjd"
            ],
            "repair_amount": 500
          },
          {
            "items": [
              "minecraft:netherite_ingot"
            ],
            "repair_amount": 180
          }
        ]
      },
      "minecraft:display_name": {
        "value": "§8Dark Netherite Scapula"
      },
      "minecraft:tags": {
        "tags": [
          "minecraft:trimmable_armors",
          "minecraft:is_armor"
        ]
      }
    }
  }
}
