{
    "format_version": "1.20.80",
    "minecraft:item": {
        "description": {
            "identifier": "xc:ahjsp",
            "menu_category": {
                "category": "equipment",
                "group": "itemGroup.name.sword"
            }
        },
        "components": {
            "minecraft:icon": {
                "textures": {
                    "default": "xc_ahjsp"
                }
            },
            "minecraft:max_stack_size": 64,
            "minecraft:hand_equipped": false,
            "minecraft:allow_off_hand": true,
            "minecraft:foil": false,
            "minecraft:mining_speed": 1,
            "minecraft:can_destroy_in_creative": true,
            "minecraft:creative_category": {
                "parent": "equipment"
            },
            "minecraft:cooldown": {
                "category": "equipment",
                "duration": 1
            },
            "tag:minecraft:is_sword": {},
            "minecraft:display_name": {
                "value": "§8Dark Netherite Scrap"
            }
        }
    }
}