{
  "format_version": "1.20.80",
  "minecraft:item": {
    "description": {
      "identifier": "xc:zszrzs",
      "menu_category": {
        "category": "equipment",
        "group": "itemGroup.name.sword"
      }
    },
    "components": {
      "minecraft:icon": {
        "textures": {
          "default": "xc_zszr"
        }
      },
      "minecraft:creative_category": {
        "parent": "items"
      },
      "minecraft:wearable": {
        "slot": "slot.weapon.offhand"
      },
      "minecraft:max_stack_size": 1,
      "minecraft:hand_equipped": true,
      "minecraft:allow_off_hand": true,
      "minecraft:foil": false,
      "minecraft:durability": {
        "max_durability": 1666,
        "damage_chance": {
          "min": 20,
          "max": 50
        }
      },
      "minecraft:repairable": {
        "repair_items": [
          {
            "items": [
              "minecraft:diamond"
            ],
            "repair_amount": 300
          },
          {
            "items": [
              "xc:zsdp"
            ],
            "repair_amount": "context.other->query.remaining_durability + 0.2 * context.other->query.max_durability"
          }
        ]
      },
      "minecraft:mining_speed": 1,
      "minecraft:damage": 0,
      "minecraft:enchantable": {
        "value": 100,
        "slot": "sword"
      },
      "minecraft:cooldown": {
        "category": "zsdp",
        "duration": 0
      },
      "minecraft:on_use": {
        "on_use": {
          "event": "yes:stab_attack",
          "condition": "!query.scoreboard('weakness') == 1",
          "target": "self"
        }
      },
      "minecraft:can_destroy_in_creative": true,
      "minecraft:weapon": {
        "on_hurt_entity": {
          "event": "sweep_special"
        }
      },
      "tag:minecraft:is_sword": {}
    },
    "events": {
      "sweep_special": {
        "sequence": [
          {
            "run_command": {
              "command": [
                "playsound sound.attack.hs @a ~ ~ ~ 1 1.2",
                "playsound weapon.greatsword_hit_weewee @a ~ ~ ~ 1 1.2",
                "effect @s resistance 3 1 true",
                "particle xc:hh ^ ^1.2 ^2.3",
                "effect @s speed 2 1 true"
              ]
            },
            "damage": {
              "type": "durability",
              "amount": 1
            }
          }
        ]
      },
      "minecraft:break": {
        "damage": {
          "type": "durability",
          "amount": 1
        }
      },
      "yes:stab_attack": {
        "sequence": [
          {
            "run_command": {
              "command": [
                "function dp"
              ]
            },
            "damage": {
              "type": "durability",
              "amount": 1
            }
          }
        ]
      }
    }
  }
}