{
    "format_version": "1.20.80",
    "minecraft:item": {
        "description": {
            "identifier": "xc:myzm",
            "menu_category": {
                "category": "equipment",
                "group": "itemGroup.name.sword"
            }
        },
        "components": {
            "minecraft:use_duration": 32,
            "minecraft:animates_in_toolbar": true,
            "minecraft:icon": {
                "textures": {
                    "default": "xc_myzm"
                }
            },
            "minecraft:cooldown": {
                "category": "myzm",
                "duration": 0
            },
            "minecraft:on_use": {
                "on_use": {
                    "event": "yes:stab_attack",
                    "condition": "!query.scoreboard('weakness') == 1",
                    "target": "self"
                }
            },
            "minecraft:display_name": {
                "value": "§dDestiny Longinus Spear"
            },
            "minecraft:creative_category": {
                "parent": "itemGroup.name.sword"
            },
            "minecraft:hand_equipped": true,
            "minecraft:max_stack_size": 1,
            "minecraft:allow_off_hand": false,
            "minecraft:render_offsets": "tools",
            "minecraft:enchantable": {
                "value": 100,
                "slot": "sword"
            },
            "minecraft:durability": {
                "max_durability": 4000,
                "damage_chance": {
                    "min": 90,
                    "max": 100
                }
            },
            "minecraft:repairable": {
                "repair_items": [
                    {
                        "items": [
                            "xc:myzm",
                            "minecraft:amethyst_shard"
                        ],
                        "repair_amount": 500
                    }
                ]
            },
            "minecraft:weapon": {
                "on_hurt_entity": {
                    "event": "yes:damage_event",
                    "target": "self"
                }
            },
            "minecraft:mining_speed": 1,
            "minecraft:damage": 40,
            "minecraft:can_destroy_in_creative": false,
            "minecraft:digger": {
                "on_dig": {
                    "event": "yes:damage_event",
                    "target": "self"
                },
                "use_efficiency": true,
                "destroy_speeds": [
                    {
                        "block": "minecraft:web",
                        "speed": 20,
                        "on_dig": {
                            "event": "yes:damage_event",
                            "target": "self"
                        }
                    },
                    {
                        "block": "minecraft:bamboo",
                        "speed": 20,
                        "on_dig": {
                            "event": "yes:damage_event",
                            "target": "self"
                        }
                    }
                ]
            },
            "minecraft:tags": {
                "tags": [
                    "minecraft:is_spear",
                    "minecraft:is_tool"
                ]
            }
        },
        "events": {
            "yes:damage_event": {
                "sequence": [
                    {
                        "run_command": {
                            "command": [
                                "playsound weapon.greatsword_hit_weewee @a ~ ~ ~ 1 1.2",
                                "effect @s resistance 3 0 true",
                                "function myzm",
                                "particle heavy:sweep ^ ^1.2 ^2.3"
                            ]
                        }
                    }
                ]
            },
            "yes:stab_attack": {
                "sequence": [
                    {
                        "run_command": {
                            "command": [
                                "playsound weapon.greatsword_hit_weewee @a ~ ~ ~ 1 1.2",
                                "playsound sound.attack.big_shoot @a ~ ~ ~ 1 1.2",
                                "tag @s add holder_shieldin",
                                "particle heavy:sweep ^ ^1.2 ^2.3",
                                "particle heavy:sweep ^-2.3 ^1.2 ^1.3",
                                "damage @a[tag=!holder_shielding,r=6] 20 fire entity @p[tag=holder_shielding]",
                                "damage @a[tag=!holder_shielding,r=10] 6 fire entity @p[tag=holder_shielding]",
                                "effect @s fire_resistance 10 2 true",
                                "particle heavy:sweep ^2.3 ^1.2 ^1.3",
                                "scoreboard players remove @s gjcs 20"
                            ]
                        }
                    }
                ]
            }
        }
    }
}