{
    "format_version": "1.20.80",
    "minecraft:item": {
        "description": {
            "identifier": "xc:zsskf",
            "menu_category": {
                "category": "equipment",
                "group": "itemGroup.name.sword"
            }
        },
        "components": {
            "minecraft:icon": {
                "textures": {
                    "default": "xc_zsskf"
                }
            },
            "minecraft:creative_category": {
                "parent": "itemGroup.name.axe"
            },
            "minecraft:max_stack_size": 1,
            "minecraft:hand_equipped": true,
            "minecraft:allow_off_hand": true,
            "minecraft:foil": false,
            "minecraft:durability": {
                "max_durability": 1846,
                "damage_chance": {
                    "min": 30,
                    "max": 50
                }
            },
            "minecraft:repairable": {
                "repair_items": [
                    {
                        "items": [
                            "minecraft:diamond"
                        ],
                        "repair_amount": 300
                    },
                    {
                        "items": [
                            "xc:zsskf"
                        ],
                        "repair_amount": "context.other->query.remaining_durability + 0.2 * context.other->query.max_durability"
                    }
                ]
            },
            "minecraft:mining_speed": 1,
            "minecraft:damage": 14,
            "minecraft:enchantable": {
                "value": 15,
                "slot": "axe"
            },
            "minecraft:can_destroy_in_creative": true,
            "minecraft:digger": {
                "use_efficiency": true,
                "destroy_speeds": [
                    {
                        "block": "minecraft:bed",
                        "speed": 6,
                        "on_dig": {
                            "event": "hurt"
                        }
                    },
                    {
                        "block": "minecraft:bee_nest",
                        "speed": 6,
                        "on_dig": {
                            "event": "hurt"
                        }
                    },
                    {
                        "block": "minecraft:beehive",
                        "speed": 6,
                        "on_dig": {
                            "event": "hurt"
                        }
                    },
                    {
                        "block": "minecraft:birch_button",
                        "speed": 6,
                        "on_dig": {
                            "event": "hurt"
                        }
                    },
                    {
                        "block": "minecraft:birch_door",
                        "speed": 6,
                        "on_dig": {
                            "event": "hurt"
                        }
                    },
                    {
                        "block": "minecraft:birch_fence_gate",
                        "speed": 6,
                        "on_dig": {
                            "event": "hurt"
                        }
                    },
                    {
                        "block": "minecraft:birch_pressure_plate",
                        "speed": 6,
                        "on_dig": {
                            "event": "hurt"
                        }
                    },
                    {
                        "block": "minecraft:birch_sign",
                        "speed": 6,
                        "on_dig": {
                            "event": "hurt"
                        }
                    },
                    {
                        "block": "minecraft:birch_stairs",
                        "speed": 6,
                        "on_dig": {
                            "event": "hurt"
                        }
                    },
                    {
                        "block": "minecraft:birch_trapdoor",
                        "speed": 6,
                        "on_dig": {
                            "event": "hurt"
                        }
                    },
                    {
                        "block": "minecraft:bookshelf",
                        "speed": 6,
                        "on_dig": {
                            "event": "hurt"
                        }
                    },
                    {
                        "block": "minecraft:crafting_table",
                        "speed": 6,
                        "on_dig": {
                            "event": "hurt"
                        }
                    },
                    {
                        "block": "minecraft:crimson_button",
                        "speed": 6,
                        "on_dig": {
                            "event": "hurt"
                        }
                    },
                    {
                        "block": "minecraft:crimson_door",
                        "speed": 6,
                        "on_dig": {
                            "event": "hurt"
                        }
                    },
                    {
                        "block": "minecraft:crimson_fence",
                        "speed": 6,
                        "on_dig": {
                            "event": "hurt"
                        }
                    },
                    {
                        "block": "minecraft:crimson_fence_gate",
                        "speed": 6,
                        "on_dig": {
                            "event": "hurt"
                        }
                    },
                    {
                        "block": "minecraft:crimson_planks",
                        "speed": 6,
                        "on_dig": {
                            "event": "hurt"
                        }
                    },
                    {
                        "block": "minecraft:crimson_pressure_plate",
                        "speed": 6,
                        "on_dig": {
                            "event": "hurt"
                        }
                    },
                    {
                        "block": "minecraft:crimson_sign",
                        "speed": 6,
                        "on_dig": {
                            "event": "hurt"
                        }
                    },
                    {
                        "block": "minecraft:crimson_slab",
                        "speed": 6,
                        "on_dig": {
                            "event": "hurt"
                        }
                    },
                    {
                        "block": "minecraft:crimson_stairs",
                        "speed": 6,
                        "on_dig": {
                            "event": "hurt"
                        }
                    },
                    {
                        "block": "minecraft:crimson_stem",
                        "speed": 6,
                        "on_dig": {
                            "event": "hurt"
                        }
                    },
                    {
                        "block": "minecraft:crimson_trapdoor",
                        "speed": 6,
                        "on_dig": {
                            "event": "hurt"
                        }
                    },
                    {
                        "block": "minecraft:dark_oak_button",
                        "speed": 6,
                        "on_dig": {
                            "event": "hurt"
                        }
                    },
                    {
                        "block": "minecraft:dark_oak_door",
                        "speed": 6,
                        "on_dig": {
                            "event": "hurt"
                        }
                    },
                    {
                        "block": "minecraft:dark_oak_fence_gate",
                        "speed": 6,
                        "on_dig": {
                            "event": "hurt"
                        }
                    },
                    {
                        "block": "minecraft:dark_oak_pressure_plate",
                        "speed": 6,
                        "on_dig": {
                            "event": "hurt"
                        }
                    },
                    {
                        "block": "minecraft:dark_oak_stairs",
                        "speed": 6,
                        "on_dig": {
                            "event": "hurt"
                        }
                    },
                    {
                        "block": "minecraft:dark_oak_trapdoor",
                        "speed": 6,
                        "on_dig": {
                            "event": "hurt"
                        }
                    },
                    {
                        "block": "minecraft:darkoak_sign",
                        "speed": 6,
                        "on_dig": {
                            "event": "hurt"
                        }
                    },
                    {
                        "block": "minecraft:hay_block",
                        "speed": 6,
                        "on_dig": {
                            "event": "hurt"
                        }
                    },
                    {
                        "block": "minecraft:jungle_button",
                        "speed": 6,
                        "on_dig": {
                            "event": "hurt"
                        }
                    },
                    {
                        "block": "minecraft:jungle_door",
                        "speed": 6,
                        "on_dig": {
                            "event": "hurt"
                        }
                    },
                    {
                        "block": "minecraft:jungle_fence_gate",
                        "speed": 6,
                        "on_dig": {
                            "event": "hurt"
                        }
                    },
                    {
                        "block": "minecraft:jungle_pressure_plate",
                        "speed": 6,
                        "on_dig": {
                            "event": "hurt"
                        }
                    },
                    {
                        "block": "minecraft:jungle_sign",
                        "speed": 6,
                        "on_dig": {
                            "event": "hurt"
                        }
                    },
                    {
                        "block": "minecraft:jungle_stairs",
                        "speed": 6,
                        "on_dig": {
                            "event": "hurt"
                        }
                    },
                    {
                        "block": "minecraft:jungle_trapdoor",
                        "speed": 6,
                        "on_dig": {
                            "event": "hurt"
                        }
                    },
                    {
                        "block": "minecraft:ladder",
                        "speed": 6,
                        "on_dig": {
                            "event": "hurt"
                        }
                    },
                    {
                        "block": "minecraft:log",
                        "speed": 6,
                        "on_dig": {
                            "event": "hurt"
                        }
                    },
                    {
                        "block": "minecraft:log2",
                        "speed": 6,
                        "on_dig": {
                            "event": "hurt"
                        }
                    },
                    {
                        "block": "minecraft:loom",
                        "speed": 6,
                        "on_dig": {
                            "event": "hurt"
                        }
                    },
                    {
                        "block": "minecraft:melon_block",
                        "speed": 6,
                        "on_dig": {
                            "event": "hurt"
                        }
                    },
                    {
                        "block": "minecraft:stripped_acacia_log",
                        "speed": 6,
                        "on_dig": {
                            "event": "hurt"
                        }
                    },
                    {
                        "block": "minecraft:stripped_birch_log",
                        "speed": 6,
                        "on_dig": {
                            "event": "hurt"
                        }
                    },
                    {
                        "block": "minecraft:stripped_crimson_hyphae",
                        "speed": 6,
                        "on_dig": {
                            "event": "hurt"
                        }
                    },
                    {
                        "block": "minecraft:stripped_crimson_stem",
                        "speed": 6,
                        "on_dig": {
                            "event": "hurt"
                        }
                    },
                    {
                        "block": "minecraft:stripped_dark_oak_log",
                        "speed": 6,
                        "on_dig": {
                            "event": "hurt"
                        }
                    },
                    {
                        "block": "minecraft:stripped_jungle_log",
                        "speed": 6,
                        "on_dig": {
                            "event": "hurt"
                        }
                    },
                    {
                        "block": "minecraft:stripped_oak_log",
                        "speed": 6,
                        "on_dig": {
                            "event": "hurt"
                        }
                    },
                    {
                        "block": "minecraft:stripped_spruce_log",
                        "speed": 6,
                        "on_dig": {
                            "event": "hurt"
                        }
                    },
                    {
                        "block": "minecraft:stripped_warped_hyphae",
                        "speed": 6,
                        "on_dig": {
                            "event": "hurt"
                        }
                    },
                    {
                        "block": "minecraft:stripped_warped_stem",
                        "speed": 6,
                        "on_dig": {
                            "event": "hurt"
                        }
                    },
                    {
                        "block": "minecraft:warped_button",
                        "speed": 6,
                        "on_dig": {
                            "event": "hurt"
                        }
                    },
                    {
                        "block": "minecraft:warped_door",
                        "speed": 6,
                        "on_dig": {
                            "event": "hurt"
                        }
                    },
                    {
                        "block": "minecraft:warped_fence",
                        "speed": 6,
                        "on_dig": {
                            "event": "hurt"
                        }
                    },
                    {
                        "block": "minecraft:warped_fence_gate",
                        "speed": 6,
                        "on_dig": {
                            "event": "hurt"
                        }
                    },
                    {
                        "block": "minecraft:warped_planks",
                        "speed": 6,
                        "on_dig": {
                            "event": "hurt"
                        }
                    },
                    {
                        "block": "minecraft:warped_pressure_plate",
                        "speed": 6,
                        "on_dig": {
                            "event": "hurt"
                        }
                    },
                    {
                        "block": "minecraft:warped_sign",
                        "speed": 6,
                        "on_dig": {
                            "event": "hurt"
                        }
                    },
                    {
                        "block": "minecraft:warped_slab",
                        "speed": 6,
                        "on_dig": {
                            "event": "hurt"
                        }
                    },
                    {
                        "block": "minecraft:warped_stairs",
                        "speed": 6,
                        "on_dig": {
                            "event": "hurt"
                        }
                    },
                    {
                        "block": "minecraft:warped_stem",
                        "speed": 6,
                        "on_dig": {
                            "event": "hurt"
                        }
                    },
                    {
                        "block": "minecraft:web",
                        "speed": 5,
                        "on_dig": {
                            "event": "hurt"
                        }
                    },
                    {
                        "block": "minecraft:wood",
                        "speed": 6,
                        "on_dig": {
                            "event": "hurt"
                        }
                    },
                    {
                        "block": "minecraft:wooden_button",
                        "speed": 6,
                        "on_dig": {
                            "event": "hurt"
                        }
                    },
                    {
                        "block": "minecraft:wooden_door",
                        "speed": 6,
                        "on_dig": {
                            "event": "hurt"
                        }
                    },
                    {
                        "block": "minecraft:wooden_pressure_plate",
                        "speed": 6,
                        "on_dig": {
                            "event": "hurt"
                        }
                    },
                    {
                        "block": "minecraft:wooden_slab",
                        "speed": 6,
                        "on_dig": {
                            "event": "hurt"
                        }
                    }
                ]
            },
            "minecraft:weapon": {
                "on_hurt_entity": {
                    "event": "sweep_special"
                }
            },
            "tag:minecraft:is_axe": {},
            "minecraft:display_name": {},
            "minecraft:tags": {
                "tags": [
                    "minecraft:is_greatsword",
                    "minecraft:is_tool"
                ]
            }
        },
        "events": {
            "sweep_special": {
                "sequence": [
                    {
                        "run_command": {
                            "command": [
                                "playsound sound.attack.hs @a ~ ~ ~ 1 1.2",
                                "playsound sound.attack.kj @a ~ ~ ~ 1 1.2",
                                "effect @s resistance 2 1 true",
                                "particle xc:dg ^ ^1 ^0.2",
                                "effect @s speed 2 0 true"
                            ]
                        },
                        "damage": {
                            "type": "durability",
                            "amount": 1
                        }
                    }
                ]
            },
            "minecraft:break": {
                "damage": {
                    "type": "durability",
                    "amount": 1
                }
            }
        }
    }
}