{
    "format_version": "1.20.80",
    "minecraft:item": {
        "description": {
            "identifier": "pa:zsr",
            "menu_category": {
                "category": "equipment",
                "group": "itemGroup.name.sword"
            }
        },
        "components": {
            "minecraft:icon": {
                "textures": {
                    "default": "pa_zsr"
                }
            },
            "minecraft:creative_category": {
                "parent": "itemGroup.name.sword"
            },
            "minecraft:wearable": {
                "slot": "slot.weapon.offhand"
            },
            "minecraft:max_stack_size": 1,
            "minecraft:hand_equipped": true,
            "minecraft:allow_off_hand": true,
            "minecraft:foil": false,
            "minecraft:durability": {
                "max_durability": 1600,
                "damage_chance": {
                    "min": 30,
                    "max": 50
                }
            },
            "minecraft:repairable": {
                "repair_items": [
                    {
                        "items": [
                            "minecraft:diamond"
                        ],
                        "repair_amount": 300
                    },
                    {
                        "items": [
                            "pa:zsr"
                        ],
                        "repair_amount": "context.other->query.remaining_durability + 0.2 * context.other->query.max_durability"
                    }
                ]
            },
            "minecraft:mining_speed": 1,
            "minecraft:damage": 11,
            "minecraft:enchantable": {
                "value": 15,
                "slot": "sword"
            },
            "minecraft:can_destroy_in_creative": true,
            "minecraft:weapon": {
                "on_hurt_entity": {
                    "event": "hurt"
                },
                "on_not_hurt_entity": {
                    "event": "hurt"
                },
                "on_hit_block": {
                    "event": "hurt"
                }
            },
            "minecraft:display_name": {},
            "minecraft:tags": {
                "tags": [
                    "minecraft:is_katana",
                    "minecraft:is_tool"
                ]
            }
        }
    }
}