{
  "format_version": "1.20.80",
  "minecraft:item": {
    "description": {
      "identifier": "xc:zsn",
      "menu_category": {
        "category": "equipment",
        "group": "itemGroup.name.sword"
      }
    },
    "components": {
      "minecraft:icon": {
        "textures": {
          "default": "xc_zsn"
        }
      },
      "minecraft:creative_category": {
        "parent": "itemGroup.name.sword"
      },
      "minecraft:max_stack_size": 1,
      "minecraft:hand_equipped": true,
      "minecraft:allow_off_hand": true,
      "minecraft:foil": false,
      "minecraft:shooter": {
        "def": "minecraft:splash_potion",
        "power": 100,
        "scale_power_by_draw_duration": true,
        "max_draw_duration": 1.0,
        "aux_val": 24
      },
      "minecraft:use_duration": 999999999,
      "minecraft:durability": {
        "max_durability": 2300,
        "damage_chance": {
          "min": 30,
          "max": 50
        }
      },
      "minecraft:repairable": {
        "repair_items": [
          {
            "items": [
              "minecraft:diamond"
            ],
            "repair_amount": 300
          },
          {
            "items": [
              "pa:qbj"
            ],
            "repair_amount": "context.other->query.remaining_durability + 0.2 * context.other->query.max_durability"
          }
        ]
      },
      "minecraft:mining_speed": 1,
      "minecraft:damage": 9,
      "minecraft:enchantable": {
        "value": 300,
        "slot": "sword"
      },
      "minecraft:can_destroy_in_creative": true,
      "minecraft:cooldown": {
        "category": "equipment",
        "duration": 0
      },
      "minecraft:on_use": {
        "on_use": {
          "event": "on_use"
        }
      },
      "minecraft:weapon": {
        "on_hurt_entity": {
          "event": "hurt"
        },
        "on_not_hurt_entity": {
          "event": "hurt"
        },
        "on_hit_block": {
          "event": "hurt"
        }
      },
      "tag:minecraft:is_sword": {},
      "minecraft:display_name": {
        "value": "Diamond Crossbow"
      }
    },
    "events": {
      "on_use": {
        "sequence": [
          {
            "run_command": {
              "command": [
                "playsound crossbow.loading.end @a ~ ~ ~ 1 1.2"
              ]
            },
            "shoot": {
              "projectile": "minecraft:arrow",
              "launch_power": 3,
              "angle_offset": "query.cardinal_facing"
            },
            "damage": {
              "type": "durability",
              "amount": 1
            }
          }
        ]
      },
      "minecraft:break": {
        "damage": {
          "type": "durability",
          "amount": 1
        }
      }
    }
  }
}