{
    "format_version": "1.20.80",
    "minecraft:item": {
        "description": {
            "identifier": "xc:zsgr",
            "menu_category": {
                "category": "equipment",
                "group": "itemGroup.name.sword"
            }
        },
        "components": {
            "minecraft:icon": {
                "textures": {
                    "default": "xc_zsgr"
                }
            },
            "minecraft:creative_category": {
                "parent": "itemGroup.name.pickaxe"
            },
            "tag:minecraft:is_pickaxe": {},
            "tag:weeweejuice_pickaxe": {},
            "minecraft:display_name": {
                "value": "Diamond Mattock"
            },
            "minecraft:max_stack_size": 1,
            "minecraft:hand_equipped": true,
            "minecraft:allow_off_hand": true,
            "minecraft:render_offsets": "tools",
            "minecraft:enchantable": {
                "value": 12,
                "slot": "pickaxe"
            },
            "minecraft:durability": {
                "max_durability": 3122,
                "damage_chance": {
                    "min": 60,
                    "max": 100
                }
            },
            "minecraft:repairable": {
                "repair_items": [
                    {
                        "items": [
                            "xc:zsgr"
                        ],
                        "repair_amount": 3122
                    },
                    {
                        "items": [
                            "xc:zsgr"
                        ],
                        "repair_amount": "context.other->query.remaining_durability + 0.05 * context.other->query.max_durability"
                    },
                    {
                        "items": [
                            "minecraft:echo_shard"
                        ],
                        "repair_amount": 2081
                    },
                    {
                        "items": [
                            "zxc:zsgr"
                        ],
                        "repair_amount": 1041
                    }
                ]
            },
            "minecraft:weapon": {
                "on_hurt_entity": {
                    "event": "yes:damage_eventb",
                    "target": "self"
                },
                "on_hit_block": {
                    "event": "yes:damage_event",
                    "target": "self"
                }
            },
            "minecraft:mining_speed": 1,
            "minecraft:damage": 10,
            "minecraft:can_destroy_in_creative": true,
            "minecraft:digger": {
                "on_dig": {
                    "event": "yes:damage_event",
                    "target": "self"
                },
                "use_efficiency": true,
                "destroy_speeds": [
                    {
                        "block": {
                            "tags": "q.any_tag('stone', 'metal', 'diamond_pick_diggable', 'slab_block', 'stair_block', 'smooth stone slab', 'sandstone slab', 'cobblestone slab', 'brick slab', 'stone bricks slab', 'quartz slab', 'nether brick slab')"
                        },
                        "speed": 9,
                        "on_dig": {
                            "event": "yes:damage_event"
                        }
                    },
                    {
                        "block": "minecraft:ice",
                        "speed": 9,
                        "on_dig": {
                            "event": "yes:damage_event"
                        }
                    },
                    {
                        "block": "minecraft:undyed_shulker_box",
                        "speed": 9,
                        "on_dig": {
                            "event": "yes:damage_event"
                        }
                    },
                    {
                        "block": "minecraft:shulker_box",
                        "speed": 9,
                        "on_dig": {
                            "event": "yes:damage_event"
                        }
                    },
                    {
                        "block": "minecraft:prismarine",
                        "speed": 9,
                        "on_dig": {
                            "event": "yes:damage_event"
                        }
                    },
                    {
                        "block": "minecraft:stone_slab4",
                        "speed": 9,
                        "on_dig": {
                            "event": "yes:damage_event"
                        }
                    },
                    {
                        "block": "minecraft:prismarine_bricks_stairs",
                        "speed": 9,
                        "on_dig": {
                            "event": "yes:damage_event"
                        }
                    },
                    {
                        "block": "minecraft:prismarine_stairs",
                        "speed": 9,
                        "on_dig": {
                            "event": "yes:damage_event"
                        }
                    },
                    {
                        "block": "minecraft:dark_prismarine_stairs",
                        "speed": 9,
                        "on_dig": {
                            "event": "yes:damage_event"
                        }
                    },
                    {
                        "block": "minecraft:anvil",
                        "speed": 9,
                        "on_dig": {
                            "event": "yes:damage_event"
                        }
                    },
                    {
                        "block": "minecraft:bone_block",
                        "speed": 9,
                        "on_dig": {
                            "event": "yes:damage_event"
                        }
                    },
                    {
                        "block": "minecraft:iron_trapdoor",
                        "speed": 9,
                        "on_dig": {
                            "event": "yes:damage_event"
                        }
                    },
                    {
                        "block": "minecraft:nether_brick_fence",
                        "speed": 9,
                        "on_dig": {
                            "event": "yes:damage_event"
                        }
                    },
                    {
                        "block": "minecraft:crying_obsidian",
                        "speed": 9,
                        "on_dig": {
                            "event": "yes:damage_event"
                        }
                    },
                    {
                        "block": "minecraft:magma",
                        "speed": 9,
                        "on_dig": {
                            "event": "yes:damage_event"
                        }
                    },
                    {
                        "block": "minecraft:smoker",
                        "speed": 9,
                        "on_dig": {
                            "event": "yes:damage_event"
                        }
                    },
                    {
                        "block": "minecraft:lit_smoker",
                        "speed": 9,
                        "on_dig": {
                            "event": "yes:damage_event"
                        }
                    },
                    {
                        "block": "minecraft:hopper",
                        "speed": 9,
                        "on_dig": {
                            "event": "yes:damage_event"
                        }
                    },
                    {
                        "block": "minecraft:redstone_block",
                        "speed": 9,
                        "on_dig": {
                            "event": "yes:damage_event"
                        }
                    },
                    {
                        "block": "minecraft:mob_spawner",
                        "speed": 9,
                        "on_dig": {
                            "event": "yes:damage_event"
                        }
                    },
                    {
                        "block": "minecraft:netherite_block",
                        "speed": 9,
                        "on_dig": {
                            "event": "yes:damage_event"
                        }
                    },
                    {
                        "block": "minecraft:smooth_stone",
                        "speed": 9,
                        "on_dig": {
                            "event": "yes:damage_event"
                        }
                    },
                    {
                        "block": "minecraft:diamond_block",
                        "speed": 9,
                        "on_dig": {
                            "event": "yes:damage_event"
                        }
                    },
                    {
                        "block": "minecraft:lapis_block",
                        "speed": 9,
                        "on_dig": {
                            "event": "yes:damage_event"
                        }
                    },
                    {
                        "block": "minecraft:emerald_block",
                        "speed": 9,
                        "on_dig": {
                            "event": "yes:damage_event"
                        }
                    },
                    {
                        "block": "minecraft:enchanting_table",
                        "speed": 9,
                        "on_dig": {
                            "event": "yes:damage_event"
                        }
                    },
                    {
                        "block": "minecraft:end_bricks",
                        "speed": 9,
                        "on_dig": {
                            "event": "yes:damage_event"
                        }
                    },
                    {
                        "block": "minecraft:cracked_polished_blackstone_bricks",
                        "speed": 9,
                        "on_dig": {
                            "event": "yes:damage_event"
                        }
                    },
                    {
                        "block": "minecraft:nether_brick",
                        "speed": 9,
                        "on_dig": {
                            "event": "yes:damage_event"
                        }
                    },
                    {
                        "block": "minecraft:cracked_nether_bricks",
                        "speed": 9,
                        "on_dig": {
                            "event": "yes:damage_event"
                        }
                    },
                    {
                        "block": "minecraft:purpur_block",
                        "speed": 9,
                        "on_dig": {
                            "event": "yes:damage_event"
                        }
                    },
                    {
                        "block": "minecraft:purpur_stairs",
                        "speed": 9,
                        "on_dig": {
                            "event": "yes:damage_event"
                        }
                    },
                    {
                        "block": "minecraft:end_brick_stairs",
                        "speed": 9,
                        "on_dig": {
                            "event": "yes:damage_event"
                        }
                    },
                    {
                        "block": "minecraft:stone_slab",
                        "speed": 9,
                        "on_dig": {
                            "event": "yes:damage_event"
                        }
                    },
                    {
                        "block": "minecraft:stone_slab2",
                        "speed": 9,
                        "on_dig": {
                            "event": "yes:damage_event"
                        }
                    },
                    {
                        "block": "minecraft:stone_slab3",
                        "speed": 9,
                        "on_dig": {
                            "event": "yes:damage_event"
                        }
                    },
                    {
                        "block": "minecraft:stone_brick_stairs",
                        "speed": 9,
                        "on_dig": {
                            "event": "yes:damage_event"
                        }
                    },
                    {
                        "block": "minecraft:mossy_stone_brick_stairs",
                        "speed": 9,
                        "on_dig": {
                            "event": "yes:damage_event"
                        }
                    },
                    {
                        "block": "minecraft:polished_blackstone_bricks",
                        "speed": 9,
                        "on_dig": {
                            "event": "yes:damage_event"
                        }
                    },
                    {
                        "block": "minecraft:polished_blackstone_stairs",
                        "speed": 9,
                        "on_dig": {
                            "event": "yes:damage_event"
                        }
                    },
                    {
                        "block": "minecraft:blackstone_wall",
                        "speed": 9,
                        "on_dig": {
                            "event": "yes:damage_event"
                        }
                    },
                    {
                        "block": "minecraft:blackstone_wall",
                        "speed": 9,
                        "on_dig": {
                            "event": "yes:damage_event"
                        }
                    },
                    {
                        "block": "minecraft:polished_blackstone_wall",
                        "speed": 9,
                        "on_dig": {
                            "event": "yes:damage_event"
                        }
                    },
                    {
                        "block": "minecraft:sandstone",
                        "speed": 9,
                        "on_dig": {
                            "event": "yes:damage_event"
                        }
                    },
                    {
                        "block": "minecraft:grindstone",
                        "speed": 9,
                        "on_dig": {
                            "event": "yes:damage_event"
                        }
                    },
                    {
                        "block": "minecraft:smooth_stone",
                        "speed": 9,
                        "on_dig": {
                            "event": "yes:damage_event"
                        }
                    },
                    {
                        "block": "minecraft:brewing_stand",
                        "speed": 9,
                        "on_dig": {
                            "event": "yes:damage_event"
                        }
                    },
                    {
                        "block": "minecraft:chain",
                        "speed": 9,
                        "on_dig": {
                            "event": "yes:damage_event"
                        }
                    },
                    {
                        "block": "minecraft:lantern",
                        "speed": 9,
                        "on_dig": {
                            "event": "yes:damage_event"
                        }
                    },
                    {
                        "block": "minecraft:soul_lantern",
                        "speed": 9,
                        "on_dig": {
                            "event": "yes:damage_event"
                        }
                    },
                    {
                        "block": "minecraft:ancient_debris",
                        "speed": 9,
                        "on_dig": {
                            "event": "yes:damage_event"
                        }
                    },
                    {
                        "block": "minecraft:quartz_ore",
                        "speed": 9,
                        "on_dig": {
                            "event": "yes:damage_event"
                        }
                    },
                    {
                        "block": "minecraft:netherrack",
                        "speed": 9,
                        "on_dig": {
                            "event": "yes:damage_event"
                        }
                    },
                    {
                        "block": "minecraft:basalt",
                        "speed": 9,
                        "on_dig": {
                            "event": "yes:damage_event"
                        }
                    },
                    {
                        "block": "minecraft:polished_basalt",
                        "speed": 9,
                        "on_dig": {
                            "event": "yes:damage_event"
                        }
                    },
                    {
                        "block": "minecraft:stonebrick",
                        "speed": 9,
                        "on_dig": {
                            "event": "yes:damage_event"
                        }
                    },
                    {
                        "block": "minecraft:warped_nylium",
                        "speed": 9,
                        "on_dig": {
                            "event": "yes:damage_event"
                        }
                    },
                    {
                        "block": "minecraft:crimson_nylium",
                        "speed": 9,
                        "on_dig": {
                            "event": "yes:damage_event"
                        }
                    },
                    {
                        "block": "minecraft:end_stone",
                        "speed": 9,
                        "on_dig": {
                            "event": "yes:damage_event"
                        }
                    },
                    {
                        "block": "minecraft:ender_chest",
                        "speed": 9,
                        "on_dig": {
                            "event": "yes:damage_event"
                        }
                    },
                    {
                        "block": "minecraft:quartz_block",
                        "speed": 9,
                        "on_dig": {
                            "event": "yes:damage_event"
                        }
                    },
                    {
                        "block": "minecraft:quartz_stairs",
                        "speed": 9,
                        "on_dig": {
                            "event": "yes:damage_event"
                        }
                    },
                    {
                        "block": "minecraft:quartz_bricks",
                        "speed": 9,
                        "on_dig": {
                            "event": "yes:damage_event"
                        }
                    },
                    {
                        "block": "minecraft:quartz_stairs",
                        "speed": 9,
                        "on_dig": {
                            "event": "yes:damage_event"
                        }
                    },
                    {
                        "block": "minecraft:nether_gold_ore",
                        "speed": 9,
                        "on_dig": {
                            "event": "yes:damage_event"
                        }
                    },
                    {
                        "block": "minecraft:furnace",
                        "speed": 9,
                        "on_dig": {
                            "event": "yes:damage_event"
                        }
                    },
                    {
                        "block": "minecraft:blast_furnace",
                        "speed": 9,
                        "on_dig": {
                            "event": "yes:damage_event"
                        }
                    },
                    {
                        "block": "minecraft:lit_furnace",
                        "speed": 9,
                        "on_dig": {
                            "event": "yes:damage_event"
                        }
                    },
                    {
                        "block": "minecraft:blast_furnace",
                        "speed": 9,
                        "on_dig": {
                            "event": "yes:damage_event"
                        }
                    },
                    {
                        "block": "minecraft:blackstone",
                        "speed": 9,
                        "on_dig": {
                            "event": "yes:damage_event"
                        }
                    },
                    {
                        "block": "minecraft:concrete",
                        "speed": 9,
                        "on_dig": {
                            "event": "yes:damage_event"
                        }
                    },
                    {
                        "block": "minecraft:deepslate_copper_ore",
                        "speed": 9,
                        "on_dig": {
                            "event": "yes:damage_event",
                            "target": "self"
                        }
                    },
                    {
                        "block": "minecraft:deepslate_lapis_ore",
                        "speed": 9,
                        "on_dig": {
                            "event": "yes:damage_event",
                            "target": "self"
                        }
                    },
                    {
                        "block": "minecraft:chiseled_deepslate",
                        "speed": 9,
                        "on_dig": {
                            "event": "yes:damage_event",
                            "target": "self"
                        }
                    },
                    {
                        "block": "minecraft:cobbled_deepslate",
                        "speed": 9,
                        "on_dig": {
                            "event": "yes:damage_event",
                            "target": "self"
                        }
                    },
                    {
                        "block": "minecraft:cobbled_deepslate_double_slab",
                        "speed": 9,
                        "on_dig": {
                            "event": "yes:damage_event",
                            "target": "self"
                        }
                    },
                    {
                        "block": "minecraft:cobbled_deepslate_slab",
                        "speed": 9,
                        "on_dig": {
                            "event": "yes:damage_event",
                            "target": "self"
                        }
                    },
                    {
                        "block": "minecraft:cobbled_deepslate_stairs",
                        "speed": 9,
                        "on_dig": {
                            "event": "yes:damage_event",
                            "target": "self"
                        }
                    },
                    {
                        "block": "minecraft:cobbled_deepslate_wall",
                        "speed": 9,
                        "on_dig": {
                            "event": "yes:damage_event",
                            "target": "self"
                        }
                    },
                    {
                        "block": "minecraft:cracked_deepslate_bricks",
                        "speed": 9,
                        "on_dig": {
                            "event": "yes:damage_event",
                            "target": "self"
                        }
                    },
                    {
                        "block": "minecraft:cracked_deepslate_tiles",
                        "speed": 9,
                        "on_dig": {
                            "event": "yes:damage_event",
                            "target": "self"
                        }
                    },
                    {
                        "block": "minecraft:deepslate",
                        "speed": 9,
                        "on_dig": {
                            "event": "yes:damage_event",
                            "target": "self"
                        }
                    },
                    {
                        "block": "minecraft:deepslate_brick_double_slab",
                        "speed": 9,
                        "on_dig": {
                            "event": "yes:damage_event",
                            "target": "self"
                        }
                    },
                    {
                        "block": "minecraft:deepslate_brick_slab",
                        "speed": 9,
                        "on_dig": {
                            "event": "yes:damage_event",
                            "target": "self"
                        }
                    },
                    {
                        "block": "minecraft:deepslate_brick_stairs",
                        "speed": 9,
                        "on_dig": {
                            "event": "yes:damage_event",
                            "target": "self"
                        }
                    },
                    {
                        "block": "minecraft:deepslate_brick_wall",
                        "speed": 9,
                        "on_dig": {
                            "event": "yes:damage_event",
                            "target": "self"
                        }
                    },
                    {
                        "block": "minecraft:deepslate_bricks",
                        "speed": 9,
                        "on_dig": {
                            "event": "yes:damage_event",
                            "target": "self"
                        }
                    },
                    {
                        "block": "minecraft:deepslate_tile_double_slab",
                        "speed": 9,
                        "on_dig": {
                            "event": "yes:damage_event",
                            "target": "self"
                        }
                    },
                    {
                        "block": "minecraft:deepslate_tile_slab",
                        "speed": 9,
                        "on_dig": {
                            "event": "yes:damage_event",
                            "target": "self"
                        }
                    },
                    {
                        "block": "minecraft:deepslate_tile_stairs",
                        "speed": 9,
                        "on_dig": {
                            "event": "yes:damage_event",
                            "target": "self"
                        }
                    },
                    {
                        "block": "minecraft:deepslate_tile_wall",
                        "speed": 9,
                        "on_dig": {
                            "event": "yes:damage_event",
                            "target": "self"
                        }
                    },
                    {
                        "block": "minecraft:deepslate_tiles",
                        "speed": 9,
                        "on_dig": {
                            "event": "yes:damage_event",
                            "target": "self"
                        }
                    },
                    {
                        "block": "minecraft:infested_deepslate",
                        "speed": 9,
                        "on_dig": {
                            "event": "yes:damage_event",
                            "target": "self"
                        }
                    },
                    {
                        "block": "minecraft:polished_deepslate",
                        "speed": 9,
                        "on_dig": {
                            "event": "yes:damage_event",
                            "target": "self"
                        }
                    },
                    {
                        "block": "minecraft:polished_deepslate_double_slab",
                        "speed": 9,
                        "on_dig": {
                            "event": "yes:damage_event",
                            "target": "self"
                        }
                    },
                    {
                        "block": "minecraft:polished_deepslate_slab",
                        "speed": 9,
                        "on_dig": {
                            "event": "yes:damage_event",
                            "target": "self"
                        }
                    },
                    {
                        "block": "minecraft:polished_deepslate_stairs",
                        "speed": 9,
                        "on_dig": {
                            "event": "yes:damage_event",
                            "target": "self"
                        }
                    },
                    {
                        "block": "minecraft:polished_deepslate_wall",
                        "speed": 9,
                        "on_dig": {
                            "event": "yes:damage_event",
                            "target": "self"
                        }
                    },
                    {
                        "block": "minecraft:calcite",
                        "speed": 9,
                        "on_dig": {
                            "event": "yes:damage_event",
                            "target": "self"
                        }
                    },
                    {
                        "block": "minecraft:amethyst_block",
                        "speed": 9,
                        "on_dig": {
                            "event": "yes:damage_event",
                            "target": "self"
                        }
                    },
                    {
                        "block": "minecraft:amethyst_cluster",
                        "speed": 9,
                        "on_dig": {
                            "event": "yes:amethyst_cluster",
                            "target": "self"
                        }
                    },
                    {
                        "block": "minecraft:budding_amethyst",
                        "speed": 9,
                        "on_dig": {
                            "event": "yes:damage_event",
                            "target": "self"
                        }
                    },
                    {
                        "block": "minecraft:raw_copper_block",
                        "speed": 9,
                        "on_dig": {
                            "event": "yes:damage_event",
                            "target": "self"
                        }
                    },
                    {
                        "block": "minecraft:raw_gold_block",
                        "speed": 9,
                        "on_dig": {
                            "event": "yes:damage_event",
                            "target": "self"
                        }
                    },
                    {
                        "block": "minecraft:raw_iron_block",
                        "speed": 9,
                        "on_dig": {
                            "event": "yes:damage_event",
                            "target": "self"
                        }
                    },
                    {
                        "block": "minecraft:copper_ore",
                        "speed": 9,
                        "on_dig": {
                            "event": "yes:damage_event",
                            "target": "self"
                        }
                    },
                    {
                        "block": "minecraft:copper_block",
                        "speed": 9,
                        "on_dig": {
                            "event": "yes:damage_event",
                            "target": "self"
                        }
                    },
                    {
                        "block": "minecraft:cut_copper",
                        "speed": 9,
                        "on_dig": {
                            "event": "yes:damage_event",
                            "target": "self"
                        }
                    },
                    {
                        "block": "minecraft:cut_copper_slab",
                        "speed": 9,
                        "on_dig": {
                            "event": "yes:damage_event",
                            "target": "self"
                        }
                    },
                    {
                        "block": "minecraft:cut_copper_stairs",
                        "speed": 9,
                        "on_dig": {
                            "event": "yes:damage_event",
                            "target": "self"
                        }
                    },
                    {
                        "block": "minecraft:double_cut_copper_slab",
                        "speed": 9,
                        "on_dig": {
                            "event": "yes:damage_event",
                            "target": "self"
                        }
                    },
                    {
                        "block": "minecraft:exposed_copper",
                        "speed": 9,
                        "on_dig": {
                            "event": "yes:damage_event",
                            "target": "self"
                        }
                    },
                    {
                        "block": "minecraft:exposed_cut_copper",
                        "speed": 9,
                        "on_dig": {
                            "event": "yes:damage_event",
                            "target": "self"
                        }
                    },
                    {
                        "block": "minecraft:exposed_cut_copper_slab",
                        "speed": 9,
                        "on_dig": {
                            "event": "yes:damage_event",
                            "target": "self"
                        }
                    },
                    {
                        "block": "minecraft:exposed_cut_copper_stairs",
                        "speed": 9,
                        "on_dig": {
                            "event": "yes:damage_event",
                            "target": "self"
                        }
                    },
                    {
                        "block": "minecraft:exposed_double_cut_copper_slab",
                        "speed": 9,
                        "on_dig": {
                            "event": "yes:damage_event",
                            "target": "self"
                        }
                    },
                    {
                        "block": "minecraft:oxidized_copper",
                        "speed": 9,
                        "on_dig": {
                            "event": "yes:damage_event",
                            "target": "self"
                        }
                    },
                    {
                        "block": "minecraft:oxidized_cut_copper",
                        "speed": 9,
                        "on_dig": {
                            "event": "yes:damage_event",
                            "target": "self"
                        }
                    },
                    {
                        "block": "minecraft:oxidized_cut_copper_slab",
                        "speed": 9,
                        "on_dig": {
                            "event": "yes:damage_event",
                            "target": "self"
                        }
                    },
                    {
                        "block": "minecraft:oxidized_cut_copper_stairs",
                        "speed": 9,
                        "on_dig": {
                            "event": "yes:damage_event",
                            "target": "self"
                        }
                    },
                    {
                        "block": "minecraft:oxidized_double_cut_copper_slab",
                        "speed": 9,
                        "on_dig": {
                            "event": "yes:damage_event",
                            "target": "self"
                        }
                    },
                    {
                        "block": "minecraft:weathered_copper",
                        "speed": 9,
                        "on_dig": {
                            "event": "yes:damage_event",
                            "target": "self"
                        }
                    },
                    {
                        "block": "minecraft:weathered_cut_copper",
                        "speed": 9,
                        "on_dig": {
                            "event": "yes:damage_event",
                            "target": "self"
                        }
                    },
                    {
                        "block": "minecraft:weathered_cut_copper_slab",
                        "speed": 9,
                        "on_dig": {
                            "event": "yes:damage_event",
                            "target": "self"
                        }
                    },
                    {
                        "block": "minecraft:weathered_cut_copper_stairs",
                        "speed": 9,
                        "on_dig": {
                            "event": "yes:damage_event",
                            "target": "self"
                        }
                    },
                    {
                        "block": "minecraft:weathered_double_cut_copper_slab",
                        "speed": 9,
                        "on_dig": {
                            "event": "yes:damage_event",
                            "target": "self"
                        }
                    },
                    {
                        "block": "minecraft:waxed_copper",
                        "speed": 9,
                        "on_dig": {
                            "event": "yes:damage_event",
                            "target": "self"
                        }
                    },
                    {
                        "block": "minecraft:waxed_cut_copper",
                        "speed": 9,
                        "on_dig": {
                            "event": "yes:damage_event",
                            "target": "self"
                        }
                    },
                    {
                        "block": "minecraft:waxed_cut_copper_slab",
                        "speed": 9,
                        "on_dig": {
                            "event": "yes:damage_event",
                            "target": "self"
                        }
                    },
                    {
                        "block": "minecraft:waxed_cut_copper_stairs",
                        "speed": 9,
                        "on_dig": {
                            "event": "yes:damage_event",
                            "target": "self"
                        }
                    },
                    {
                        "block": "minecraft:waxed_double_cut_copper_slab",
                        "speed": 9,
                        "on_dig": {
                            "event": "yes:damage_event",
                            "target": "self"
                        }
                    },
                    {
                        "block": "minecraft:waxed_exposed_copper",
                        "speed": 9,
                        "on_dig": {
                            "event": "yes:damage_event",
                            "target": "self"
                        }
                    },
                    {
                        "block": "minecraft:waxed_exposed_cut_copper",
                        "speed": 9,
                        "on_dig": {
                            "event": "yes:damage_event",
                            "target": "self"
                        }
                    },
                    {
                        "block": "minecraft:waxed_exposed_cut_copper_slab",
                        "speed": 9,
                        "on_dig": {
                            "event": "yes:damage_event",
                            "target": "self"
                        }
                    },
                    {
                        "block": "minecraft:waxed_exposed_cut_copper_stairs",
                        "speed": 9,
                        "on_dig": {
                            "event": "yes:damage_event",
                            "target": "self"
                        }
                    },
                    {
                        "block": "minecraft:waxed_exposed_double_cut_copper_slab",
                        "speed": 9,
                        "on_dig": {
                            "event": "yes:damage_event",
                            "target": "self"
                        }
                    },
                    {
                        "block": "minecraft:waxed_oxidized_copper",
                        "speed": 9,
                        "on_dig": {
                            "event": "yes:damage_event",
                            "target": "self"
                        }
                    },
                    {
                        "block": "minecraft:waxed_oxidized_cut_copper",
                        "speed": 9,
                        "on_dig": {
                            "event": "yes:damage_event",
                            "target": "self"
                        }
                    },
                    {
                        "block": "minecraft:waxed_oxidized_cut_copper_slab",
                        "speed": 9,
                        "on_dig": {
                            "event": "yes:damage_event",
                            "target": "self"
                        }
                    },
                    {
                        "block": "minecraft:waxed_oxidized_cut_copper_stairs",
                        "speed": 9,
                        "on_dig": {
                            "event": "yes:damage_event",
                            "target": "self"
                        }
                    },
                    {
                        "block": "minecraft:waxed_oxidized_double_cut_copper_slab",
                        "speed": 9,
                        "on_dig": {
                            "event": "yes:damage_event",
                            "target": "self"
                        }
                    },
                    {
                        "block": "minecraft:waxed_weathered_copper",
                        "speed": 9,
                        "on_dig": {
                            "event": "yes:damage_event",
                            "target": "self"
                        }
                    },
                    {
                        "block": "minecraft:waxed_weathered_cut_copper",
                        "speed": 9,
                        "on_dig": {
                            "event": "yes:damage_event",
                            "target": "self"
                        }
                    },
                    {
                        "block": "minecraft:waxed_weathered_cut_copper_slab",
                        "speed": 9,
                        "on_dig": {
                            "event": "yes:damage_event",
                            "target": "self"
                        }
                    },
                    {
                        "block": "minecraft:waxed_weathered_cut_copper_stairs",
                        "speed": 9,
                        "on_dig": {
                            "event": "yes:damage_event",
                            "target": "self"
                        }
                    },
                    {
                        "block": "minecraft:waxed_weathered_double_cut_copper_slab",
                        "speed": 9,
                        "on_dig": {
                            "event": "yes:damage_event",
                            "target": "self"
                        }
                    },
                    {
                        "block": "minecraft:dripstone_block",
                        "speed": 9,
                        "on_dig": {
                            "event": "yes:damage_event",
                            "target": "self"
                        }
                    },
                    {
                        "block": "minecraft:pointed_dripstone",
                        "speed": 9,
                        "on_dig": {
                            "event": "yes:damage_event",
                            "target": "self"
                        }
                    },
                    {
                        "block": "minecraft:lightning_rod",
                        "speed": 9,
                        "on_dig": {
                            "event": "yes:damage_event",
                            "target": "self"
                        }
                    },
                    {
                        "block": "minecraft:basalt",
                        "speed": 9,
                        "on_dig": {
                            "event": "yes:damage_event",
                            "target": "self"
                        }
                    },
                    {
                        "block": "minecraft:tuff",
                        "speed": 9,
                        "on_dig": {
                            "event": "yes:damage_event",
                            "target": "self"
                        }
                    },
                    {
                        "block": "minecraft:double_stone_slab",
                        "speed": 9,
                        "on_dig": {
                            "event": "yes:damage_event"
                        }
                    },
                    {
                        "block": "minecraft:double_stone_slab2",
                        "speed": 9,
                        "on_dig": {
                            "event": "yes:damage_event"
                        }
                    },
                    {
                        "block": "minecraft:double_stone_slab3",
                        "speed": 9,
                        "on_dig": {
                            "event": "yes:damage_event"
                        }
                    },
                    {
                        "block": "minecraft:double_stone_slab4",
                        "speed": 9,
                        "on_dig": {
                            "event": "yes:damage_event"
                        }
                    },
                    {
                        "block": "minecraft:blackstone_double_slab",
                        "speed": 9,
                        "on_dig": {
                            "event": "yes:damage_event"
                        }
                    },
                    {
                        "block": "minecraft:polished_blackstone_brick_double_slab",
                        "speed": 9,
                        "on_dig": {
                            "event": "yes:damage_event"
                        }
                    },
                    {
                        "block": "minecraft:polished_blackstone_double_slab",
                        "speed": 9,
                        "on_dig": {
                            "event": "yes:damage_event"
                        }
                    },
                    {
                        "block": "minecraft:mossy_cobblestone_stairs",
                        "speed": 9,
                        "on_dig": {
                            "event": "yes:damage_event"
                        }
                    },
                    {
                        "block": "minecraft:stonecutter",
                        "speed": 9,
                        "on_dig": {
                            "event": "yes:damage_event"
                        }
                    },
                    {
                        "block": "minecraft:stonecutter_block",
                        "speed": 9,
                        "on_dig": {
                            "event": "yes:damage_event"
                        }
                    },
                    {
                        "block": "minecraft:red_nether_brick",
                        "speed": 9,
                        "on_dig": {
                            "event": "yes:damage_event"
                        }
                    },
                    {
                        "block": "minecraft:red_nether_brick_stairs",
                        "speed": 9,
                        "on_dig": {
                            "event": "yes:damage_event"
                        }
                    },
                    {
                        "block": "minecraft:normal_stone_stairs",
                        "speed": 9,
                        "on_dig": {
                            "event": "yes:damage_event"
                        }
                    },
                    {
                        "block": "minecraft:smooth_basalt",
                        "speed": 9,
                        "on_dig": {
                            "event": "yes:damage_event"
                        }
                    },
                    {
                        "block": "minecraft:stone",
                        "speed": 9,
                        "on_dig": {
                            "event": "yes:damage_event"
                        }
                    },
                    {
                        "block": "minecraft:cobblestone",
                        "speed": 9,
                        "on_dig": {
                            "event": "yes:damage_event"
                        }
                    },
                    {
                        "block": "minecraft:mossy_cobblestone",
                        "speed": 9,
                        "on_dig": {
                            "event": "yes:damage_event"
                        }
                    },
                    {
                        "block": "minecraft:dripstone_block",
                        "speed": 9,
                        "on_dig": {
                            "event": "yes:damage_event"
                        }
                    },
                    {
                        "block": "minecraft:brick_block",
                        "speed": 9,
                        "on_dig": {
                            "event": "yes:damage_event"
                        }
                    },
                    {
                        "block": "minecraft:stone_stairs",
                        "speed": 9,
                        "on_dig": {
                            "event": "yes:damage_event"
                        }
                    },
                    {
                        "block": "minecraft:stone_block_slab",
                        "speed": 9,
                        "on_dig": {
                            "event": "yes:damage_event"
                        }
                    },
                    {
                        "block": "minecraft:stone_block_slab2",
                        "speed": 9,
                        "on_dig": {
                            "event": "yes:damage_event"
                        }
                    },
                    {
                        "block": "minecraft:stone_block_slab3",
                        "speed": 9,
                        "on_dig": {
                            "event": "yes:damage_event"
                        }
                    },
                    {
                        "block": "minecraft:stone_block_slab4",
                        "speed": 9,
                        "on_dig": {
                            "event": "yes:damage_event"
                        }
                    },
                    {
                        "block": "minecraft:cobblestone_wall",
                        "speed": 9,
                        "on_dig": {
                            "event": "yes:damage_event"
                        }
                    },
                    {
                        "block": "minecraft:mossy_cobblestone_wall",
                        "speed": 9,
                        "on_dig": {
                            "event": "yes:damage_event"
                        }
                    },
                    {
                        "block": "minecraft:stone_brick_wall",
                        "speed": 9,
                        "on_dig": {
                            "event": "yes:damage_event"
                        }
                    },
                    {
                        "block": "minecraft:mossy_stone_brick_wall",
                        "speed": 9,
                        "on_dig": {
                            "event": "yes:damage_event"
                        }
                    },
                    {
                        "block": "minecraft:andersite_wall",
                        "speed": 9,
                        "on_dig": {
                            "event": "yes:damage_event"
                        }
                    },
                    {
                        "block": "minecraft:diorite_wall",
                        "speed": 9,
                        "on_dig": {
                            "event": "yes:damage_event"
                        }
                    },
                    {
                        "block": "minecraft:granite_wall",
                        "speed": 9,
                        "on_dig": {
                            "event": "yes:damage_event"
                        }
                    },
                    {
                        "block": "minecraft:sandstone_wall",
                        "speed": 9,
                        "on_dig": {
                            "event": "yes:damage_event"
                        }
                    },
                    {
                        "block": "minecraft:red_sandstone_wall",
                        "speed": 9,
                        "on_dig": {
                            "event": "yes:damage_event"
                        }
                    },
                    {
                        "block": "minecraft:brick_wall",
                        "speed": 9,
                        "on_dig": {
                            "event": "yes:damage_event"
                        }
                    },
                    {
                        "block": "minecraft:prismarine_wall",
                        "speed": 9,
                        "on_dig": {
                            "event": "yes:damage_event"
                        }
                    },
                    {
                        "block": "minecraft:nether_brick_wall",
                        "speed": 9,
                        "on_dig": {
                            "event": "yes:damage_event"
                        }
                    },
                    {
                        "block": "minecraft:red_nether_brick_wall",
                        "speed": 9,
                        "on_dig": {
                            "event": "yes:damage_event"
                        }
                    },
                    {
                        "block": "minecraft:end_stone_brick_wall",
                        "speed": 9,
                        "on_dig": {
                            "event": "yes:damage_event"
                        }
                    },
                    {
                        "block": "minecraft:andersite",
                        "speed": 9,
                        "on_dig": {
                            "event": "yes:damage_event"
                        }
                    },
                    {
                        "block": "minecraft:granite",
                        "speed": 9,
                        "on_dig": {
                            "event": "yes:damage_event"
                        }
                    },
                    {
                        "block": "minecraft:polished_andersite",
                        "speed": 9,
                        "on_dig": {
                            "event": "yes:damage_event"
                        }
                    },
                    {
                        "block": "minecraft:polished_granite",
                        "speed": 9,
                        "on_dig": {
                            "event": "yes:damage_event"
                        }
                    },
                    {
                        "block": "minecraft:polished_diorite",
                        "speed": 9,
                        "on_dig": {
                            "event": "yes:damage_event"
                        }
                    },
                    {
                        "block": "minecraft:diorite",
                        "speed": 9,
                        "on_dig": {
                            "event": "yes:damage_event"
                        }
                    },
                    {
                        "block": "minecraft:gold_block",
                        "speed": 9,
                        "on_dig": {
                            "event": "yes:damage_event"
                        }
                    },
                    {
                        "block": "minecraft:iron_block",
                        "speed": 9,
                        "on_dig": {
                            "event": "yes:damage_event"
                        }
                    },
                    {
                        "block": "minecraft:cauldron",
                        "speed": 9,
                        "on_dig": {
                            "event": "yes:damage_event"
                        }
                    },
                    {
                        "block": "minecraft:iron_bars",
                        "speed": 9,
                        "on_dig": {
                            "event": "yes:damage_event"
                        }
                    },
                    {
                        "block": "minecraft:obsidian",
                        "speed": 9,
                        "on_dig": {
                            "event": "yes:damage_event"
                        }
                    },
                    {
                        "block": "minecraft:coal_ore",
                        "speed": 9,
                        "on_dig": {
                            "event": "yes:damage_event"
                        }
                    },
                    {
                        "block": "minecraft:deepslate_coal_ore",
                        "speed": 9,
                        "on_dig": {
                            "event": "yes:damage_event"
                        }
                    },
                    {
                        "block": "minecraft:deepslate_diamond_ore",
                        "speed": 9,
                        "on_dig": {
                            "event": "yes:damage_event"
                        }
                    },
                    {
                        "block": "minecraft:deepslate_emerald_ore",
                        "speed": 9,
                        "on_dig": {
                            "event": "yes:damage_event"
                        }
                    },
                    {
                        "block": "minecraft:deepslate_gold_ore",
                        "speed": 9,
                        "on_dig": {
                            "event": "yes:damage_event"
                        }
                    },
                    {
                        "block": "minecraft:deepslate_iron_ore",
                        "speed": 9,
                        "on_dig": {
                            "event": "yes:damage_event"
                        }
                    },
                    {
                        "block": "minecraft:deepslate_redstone_ore",
                        "speed": 9,
                        "on_dig": {
                            "event": "yes:damage_event"
                        }
                    },
                    {
                        "block": "minecraft:lit_deepslate_redstone_ore",
                        "speed": 9,
                        "on_dig": {
                            "event": "yes:damage_event"
                        }
                    },
                    {
                        "block": "minecraft:diamond_ore",
                        "speed": 9,
                        "on_dig": {
                            "event": "yes:damage_event"
                        }
                    },
                    {
                        "block": "minecraft:emerald_ore",
                        "speed": 9,
                        "on_dig": {
                            "event": "yes:damage_event"
                        }
                    },
                    {
                        "block": "minecraft:gold_ore",
                        "speed": 9,
                        "on_dig": {
                            "event": "yes:damage_event"
                        }
                    },
                    {
                        "block": "minecraft:iron_ore",
                        "speed": 9,
                        "on_dig": {
                            "event": "yes:damage_event"
                        }
                    },
                    {
                        "block": "minecraft:lapis_ore",
                        "speed": 9,
                        "on_dig": {
                            "event": "yes:damage_event"
                        }
                    },
                    {
                        "block": "minecraft:redstone_ore",
                        "speed": 9,
                        "on_dig": {
                            "event": "yes:damage_event"
                        }
                    },
                    {
                        "block": "minecraft:lit_redstone_ore",
                        "speed": 9,
                        "on_dig": {
                            "event": "yes:damage_event"
                        }
                    },
                    {
                        "block": "minecraft:raw_iron_block",
                        "speed": 9,
                        "on_dig": {
                            "event": "yes:damage_event"
                        }
                    },
                    {
                        "block": "minecraft:raw_gold_block",
                        "speed": 9,
                        "on_dig": {
                            "event": "yes:damage_event"
                        }
                    },
                    {
                        "block": "minecraft:raw_copper_block",
                        "speed": 9,
                        "on_dig": {
                            "event": "yes:damage_event"
                        }
                    },
                    {
                        "block": "minecraft:mud_brick_double_slab",
                        "speed": 9,
                        "on_dig": {
                            "event": "yes:damage_event"
                        }
                    },
                    {
                        "block": "minecraft:mud_brick_slab",
                        "speed": 9,
                        "on_dig": {
                            "event": "yes:damage_event"
                        }
                    },
                    {
                        "block": "minecraft:mud_brick_stairs",
                        "speed": 9,
                        "on_dig": {
                            "event": "yes:damage_event"
                        }
                    },
                    {
                        "block": "minecraft:mud_brick_wall",
                        "speed": 9,
                        "on_dig": {
                            "event": "yes:damage_event"
                        }
                    },
                    {
                        "block": "minecraft:mud_bricks",
                        "speed": 9,
                        "on_dig": {
                            "event": "yes:damage_event"
                        }
                    },
                    {
                        "block": "minecraft:hardened_clay",
                        "speed": 9,
                        "on_dig": {
                            "event": "yes:damage_event"
                        }
                    },
                    {
                        "block": "minecraft:stained_hardened_clay",
                        "speed": 9,
                        "on_dig": {
                            "event": "yes:damage_event"
                        }
                    },
                    {
                        "block": "minecraft:polished_diorite_stairs",
                        "speed": 9,
                        "on_dig": {
                            "event": "yes:damage_event"
                        }
                    },
                    {
                        "block": "minecraft:andesite_stairs",
                        "speed": 9,
                        "on_dig": {
                            "event": "yes:damage_event"
                        }
                    },
                    {
                        "block": "minecraft:polished_andesite_stairs",
                        "speed": 9,
                        "on_dig": {
                            "event": "yes:damage_event"
                        }
                    },
                    {
                        "block": "minecraft:granite_stairs",
                        "speed": 9,
                        "on_dig": {
                            "event": "yes:damage_event"
                        }
                    },
                    {
                        "block": "minecraft:polished_granite_stairs",
                        "speed": 9,
                        "on_dig": {
                            "event": "yes:damage_event"
                        }
                    },
                    {
                        "block": "minecraft:polished_blackstone",
                        "speed": 9,
                        "on_dig": {
                            "event": "yes:damage_event"
                        }
                    },
                    {
                        "block": "minecraft:chiseled_polished_blackstone",
                        "speed": 9,
                        "on_dig": {
                            "event": "yes:damage_event"
                        }
                    },
                    {
                        "block": "minecraft:polished_blackstone_brick_stairs",
                        "speed": 9,
                        "on_dig": {
                            "event": "yes:damage_event"
                        }
                    },
                    {
                        "block": "minecraft:blackstone_stairs",
                        "speed": 9,
                        "on_dig": {
                            "event": "yes:damage_event"
                        }
                    },
                    {
                        "block": "minecraft:polished_blackstone_brick_wall",
                        "speed": 9,
                        "on_dig": {
                            "event": "yes:damage_event"
                        }
                    },
                    {
                        "block": "minecraft:gilded_blackstone",
                        "speed": 9,
                        "on_dig": {
                            "event": "yes:damage_event"
                        }
                    }
                ]
            },
            "minecraft:tags": {
                "tags": [
                    "minecraft:is_sword",
                    "minecraft:is_tool"
                ]
            }
        },
        "events": {
            "yes:damage_event": {
                "damage": {
                    "type": "durability",
                    "amount": 1
                }
            },
            "yes:damage_eventb": {
                "damage": {
                    "type": "durability",
                    "amount": 2
                }
            },
            "yes:amethyst_cluster": {
                "sequence": [
                    {
                        "damage": {
                            "type": "none",
                            "amount": 1,
                            "target": "self"
                        }
                    },
                    {
                        "run_command": {
                            "command": [
                                "gamerule sendcommandfeedback false"
                            ]
                        }
                    },
                    {
                        "run_command": {
                            "command": [
                                "give @s amethyst_shard 2"
                            ]
                        }
                    },
                    {
                        "run_command": {
                            "command": [
                                "gamerule sendcommandfeedback true"
                            ]
                        }
                    }
                ]
            }
        }
    }
}