{
  "format_version": "1.20.80",
  "minecraft:item": {
    "description": {
      "identifier": "xc:lbsn0",
      "menu_category": {
        "category": "equipment",
        "group": "itemGroup.name.sword"
      }
    },
    "components": {
      "minecraft:icon": {
        "textures": {
          "default": "xc_lbsn0"
        }
      },
      "minecraft:creative_category": {
        "parent": "itemGroup.name.sword"
      },
      "minecraft:max_stack_size": 1,
      "minecraft:hand_equipped": true,
      "minecraft:allow_off_hand": true,
      "minecraft:foil": false,
      "minecraft:durability": {
        "max_durability": 2646,
        "damage_chance": {
          "min": 30,
          "max": 50
        }
      },
      "minecraft:repairable": {
        "repair_items": [
          {
            "items": [
              "minecraft:diamond"
            ],
            "repair_amount": 300
          },
          {
            "items": [
              "xc:zscr"
            ],
            "repair_amount": "context.other->query.remaining_durability + 0.2 * context.other->query.max_durability"
          }
        ]
      },
      "minecraft:mining_speed": 1,
      "minecraft:damage": 16,
      "minecraft:enchantable": {
        "value": 100,
        "slot": "sword"
      },
      "minecraft:cooldown": {
        "category": "lbsn0",
        "duration": 0
      },
      "minecraft:on_use": {
        "on_use": {
          "event": "yes:stab_attack",
          "condition": "!query.scoreboard('weakness') == 1",
          "target": "self"
        }
      },
      "minecraft:can_destroy_in_creative": true,
      "minecraft:weapon": {
        "on_hurt_entity": {
          "event": "sweep_special"
        }
      },
      "tag:minecraft:is_sword": {},
      "minecraft:display_name": {
        "value": "§aEmerald Crossbow"
      }
    },
    "events": {
      "sweep_special": {
        "sequence": [
          {
            "run_command": {
              "command": [
                "playsound sound.attack.hs @a ~ ~ ~ 1 1.2"
              ]
            },
            "damage": {
              "type": "durability",
              "amount": 1
            }
          }
        ]
      },
      "minecraft:break": {
        "damage": {
          "type": "durability",
          "amount": 1
        }
      },
      "yes:stab_attack": {
        "sequence": [
          {
            "run_command": {
              "command": [
                "execute @s[hasitem={item=arrow,location=slot.weapon.offhand}] ~ ~ ~ replaceitem entity @s slot.weapon.mainhand 1 xc:lbsn1 1 0",
                "replaceitem entity @s[m=1] slot.weapon.mainhand 1 xc:lbsn1 1 0"
              ]
            }
          }
        ]
      }
    }
  }
}