{
  "format_version": "1.20.80",
  "minecraft:item": {
    "description": {
      "identifier": "xc:lbsjj",
      "menu_category": {
        "category": "equipment",
        "group": "itemGroup.name.chestplate"
      }
    },
    "components": {
      "minecraft:icon": {
        "textures": {
          "default": "xc_lbsxj"
        }
      },
      "minecraft:max_stack_size": 1,
      "minecraft:enchantable": {
        "value": 100,
        "slot": "armor_torso"
      },
      "minecraft:durability": {
        "max_durability": 4646,
        "damage_chance": {
          "min": 10,
          "max": 50
        }
      },
      "minecraft:knockback_resistance": {
        "protection": 0.1
      },
      "minecraft:mining_speed": 5,
      "minecraft:foil": false,
      "minecraft:hand_equipped": false,
      "minecraft:wearable": {
        "slot": "slot.armor.chest",
        "protection": 10
      },
      "minecraft:repairable": {
        "repair_items": [
          {
            "items": [
              "minecraft:emerald"
            ],
            "repair_amount": 300
          }
        ]
      },
      "minecraft:display_name": {}
    }
  }
}
