{
  "format_version": "1.20.80",
  "minecraft:item": {
    "description": {
      "identifier": "xc:lbsht",
      "menu_category": {
        "category": "equipment",
        "group": "itemGroup.name.leggings"
      }
    },
    "components": {
      "minecraft:icon": {
        "textures": {
          "default": "xc_wlbsht"
        }
      },
      "minecraft:max_stack_size": 1,
      "minecraft:enchantable": {
        "value": 100,
        "slot": "armor_legs"
      },
      "minecraft:durability": {
        "max_durability": 4658,
        "damage_chance": {
          "min": 10,
          "max": 50
        }
      },
      "minecraft:knockback_resistance": {
        "protection": 0.1
      },
      "minecraft:mining_speed": 5,
      "minecraft:foil": false,
      "minecraft:hand_equipped": false,
      "minecraft:wearable": {
        "slot": "slot.armor.legs",
        "protection": 15
      },
      "minecraft:repairable": {
        "repair_items": [
          {
            "items": ["xc:fgdlbs", "xc:fmlbs"],
            "repair_amount": 500
          },
          {
            "items": ["minecraft:emerald", "minecraft:emerald_block"],
            "repair_amount": 180
          }
        ]
      },
      "minecraft:display_name": {
        "value": "§aEmerald Leggings"
      }
    }
  }
}
