{
  "format_version": "1.20.80",
  "minecraft:item": {
    "description": {
      "identifier": "xc:pfahjxj",
      "menu_category": {
        "category": "equipment",
        "group": "itemGroup.name.chestplate"
      }
    },
    "components": {
      "minecraft:icon": {
        "textures": {
          "default": "xc_wahjxj"
        }
      },
      "minecraft:max_stack_size": 1,
      "minecraft:enchantable": {
        "value": 120,
        "slot": "armor_torso"
      },
      "minecraft:durability": {
        "max_durability": 5546,
        "damage_chance": {
          "min": 10,
          "max": 50
        }
      },
      "minecraft:knockback_resistance": {
        "protection": 0.25
      },
      "minecraft:mining_speed": 5,
      "minecraft:foil": false,
      "minecraft:hand_equipped": false,
      "minecraft:wearable": {
        "slot": "slot.armor.chest",
        "protection": 40,
        "dispensable": true
      },
      "minecraft:display_name": {
        "value": "§eGold Cape §8Dark Netherite Chestplate"
      },
      "minecraft:repairable": {
        "repair_items": [
          {
            "items": ["xc:ahjd"],
            "repair_amount": 500
          }
        ]
      }
    }
  }
}
