{
    "format_version": "1.20.80",
    "minecraft:item": {
        "description": {
            "identifier": "pa:hys",
            "menu_category": {
                "category": "equipment",
                "group": "itemGroup.name.sword"
            }
        },
        "components": {
            "minecraft:icon": {
                "textures": {
                    "default": "xc_shys"
                }
            },
            "minecraft:creative_category": {
                "parent": "itemGroup.name.sword"
            },
            "minecraft:max_stack_size": 1,
            "minecraft:hand_equipped": true,
            "minecraft:allow_off_hand": true,
            "minecraft:foil": false,
            "minecraft:repairable": {
                "repair_items": [
                    {
                        "items": [
                            "minecraft:obsidian"
                        ],
                        "repair_amount": 500
                    },
                    {
                        "items": [
                            "pa:hys"
                        ],
                        "repair_amount": "context.other->query.remaining_durability + 0.2 * context.other->query.max_durability"
                    }
                ]
            },
            "minecraft:mining_speed": 3,
            "minecraft:damage": 15,
            "minecraft:enchantable": {
                "value": 15,
                "slot": "sword"
            },
            "minecraft:can_destroy_in_creative": true,
            "minecraft:on_use": {
                "on_use": {
                    "event": "on_use"
                }
            },
            "minecraft:weapon": {
                "on_hurt_entity": {
                    "event": "hurt"
                },
                "on_not_hurt_entity": {
                    "event": "hurt"
                },
                "on_hit_block": {
                    "event": "hurt"
                }
            },
            "minecraft:display_name": {
                "value": "§5Obsidian"
            },
            "minecraft:tags": {
                "tags": [
                    "minecraft:is_sword",
                    "minecraft:is_tool"
                ]
            }
        },
        "events": {
            "on_use": {
                "run_command": {
                    "command": [
                        "effect @p strength 0 0"
                    ]
                },
                "damage": {
                    "type": "magic",
                    "amount": 1,
                    "target": "self"
                }
            },
            "dam": {
                "damage": {
                    "type": "magic",
                    "amount": 1,
                    "target": "self"
                }
            },
            "sweep_special": {
                "sequence": [
                    {
                        "run_command": {
                            "command": [
                                "playsound mob.blaze.hit @a ~ ~ ~ 1 1.2",
                                "effect @s resistance 10 1 true",
                                "effect @s speed 2 1 true",
                                "effect @s jump_boost 2 1 true"
                            ]
                        },
                        "shoot": {
                            "projectile": "heavy:sweep",
                            "launch_power": 1,
                            "angle_offset": "query.cardinal_facing"
                        },
                        "damage": {
                            "type": "durability",
                            "amount": 1
                        }
                    }
                ]
            },
            "minecraft:break": {
                "damage": {
                    "type": "durability",
                    "amount": 1
                }
            }
        }
    }
}