{
  "format_version": "1.20.80",
  "minecraft:item": {
    "description": {
      "identifier": "xc:cmwht",
      "menu_category": {
        "category": "equipment",
        "group": "itemGroup.name.leggings"
      }
    },
    "components": {
      "minecraft:icon": {
        "textures": {
          "default": "xc_cmwht"
        }
      },
      "minecraft:max_stack_size": 1,
      "minecraft:enchantable": {
        "value": 120,
        "slot": "armor_legs"
      },
      "minecraft:durability": {
        "max_durability": 4058,
        "damage_chance": {
          "min": 30,
          "max": 50
        }
      },
      "minecraft:mining_speed": 5,
      "minecraft:foil": false,
      "minecraft:hand_equipped": false,
      "minecraft:wearable": {
        "slot": "slot.armor.legs",
        "protection": 35
      },
      "minecraft:repairable": {
        "repair_items": [
          {
            "items": [
              "xc:dcdmfzs",
              "xc:cmwht"
            ],
            "repair_amount": 180
          }
        ]
      },
      "minecraft:display_name": {
        "value": "§bIllager King Leggings"
      }
    }
  }
}
