{
    "format_version": "1.20.80",
    "minecraft:item": {
        "description": {
            "identifier": "xc:lemcqzj",
            "menu_category": {
                "category": "equipment",
                "group": "itemGroup.name.sword"
            }
        },
        "components": {
            "tag:minecraft:is_sword": {},
            "minecraft:repairable": {
                "repair_items": [
                    {
                        "items": [
                            "minecraft:diamond"
                        ],
                        "repair_amount": 450
                    },
                    {
                        "items": [
                            "true:diamond_katana"
                        ],
                        "repair_amount": "context.other->query.remaining_durability + 0.05 * context.other->query.max_durability"
                    }
                ]
            },
            "minecraft:can_destroy_in_creative": false,
            "minecraft:max_stack_size": 1,
            "minecraft:hand_equipped": true,
            "minecraft:mining_speed": 0.6,
            "minecraft:damage": 50,
            "minecraft:enchantable": {
                "value": 15,
                "slot": "sword"
            },
            "minecraft:digger": {
                "use_efficiency": true,
                "destroy_speeds": [
                    {
                        "block": "minecraft:web",
                        "speed": 15,
                        "on_dig": {
                            "event": "minecraft:break"
                        }
                    },
                    {
                        "block": "minecraft:bamboo",
                        "speed": 100,
                        "on_dig": {
                            "event": "minecraft:break"
                        }
                    }
                ],
                "on_dig": {
                    "event": "minecraft:break",
                    "target": "self"
                }
            },
            "minecraft:display_name": {},
            "minecraft:creative_category": {
                "parent": "itemGroup.name.sword"
            },
            "minecraft:icon": {
                "textures": {
                    "default": "xc_zszr"
                }
            },
            "minecraft:weapon": {
                "on_hurt_entity": {
                    "event": "sweep_special"
                }
            },
            "minecraft:tags": {
                "tags": [
                    "minecraft:is_broadsword",
                    "minecraft:is_tool"
                ]
            }
        },
        "events": {
            "sweep_special": {
                "sequence": [
                    {
                        "run_command": {
                            "command": [
                                "playsound random.anvil_land @a ~ ~ ~ 1 1.2",
                                "playsound sound.attack.kj @a ~ ~ ~ 1 1.2",
                                "effect @s mining_fatigue 10 5 true",
                                "particle xc:zr ^ ^1 ^1.2",
                                "function gjlq",
                                "function hslz",
                                "function hs",
                                "scoreboard players remove @s \u00a79\u2605 7"
                            ]
                        },
                        "damage": {
                            "type": "durability",
                            "amount": 1
                        }
                    }
                ]
            },
            "minecraft:break": {
                "damage": {
                    "type": "durability",
                    "amount": 1
                }
            }
        }
    }
}
