{
    "format_version": "1.20.80",
    "minecraft:item": {
        "description": {
            "identifier": "xc:hjzf",
            "menu_category": {
                "category": "equipment",
                "group": "itemGroup.name.sword"
            }
        },
        "components": {
            "minecraft:icon": {
                "textures": {
                    "default": "xc_hjzf"
                }
            },
            "minecraft:creative_category": {
                "parent": "itemGroup.name.sword"
            },
            "minecraft:max_stack_size": 1,
            "minecraft:hand_equipped": true,
            "minecraft:allow_off_hand": true,
            "minecraft:foil": false,
            "minecraft:durability": {
                "max_durability": 3246,
                "damage_chance": {
                    "min": 30,
                    "max": 50
                }
            },
            "minecraft:mining_speed": 1,
            "minecraft:damage": 18,
            "minecraft:enchantable": {
                "value": 60,
                "slot": "sword"
            },
            "minecraft:cooldown": {
                "category": "hjzf",
                "duration": 0
            },
            "minecraft:on_use": {
                "on_use": {
                    "event": "yes:stab_attack",
                    "condition": "!query.scoreboard('weakness') == 1",
                    "target": "self"
                }
            },
            "minecraft:can_destroy_in_creative": true,
            "minecraft:weapon": {
                "on_hurt_entity": {
                    "event": "sweep_special"
                }
            },
            "tag:minecraft:is_axe": {},
            "minecraft:display_name": {},
            "minecraft:tags": {
                "tags": [
                    "minecraft:is_greatsword",
                    "minecraft:is_tool"
                ]
            }
        },
        "events": {
            "sweep_special": {
                "sequence": [
                    {
                        "run_command": {
                            "command": [
                                "playsound sound.attack.hs @a ~ ~ ~ 1 1.2",
                                "function gjlq",
                                "playsound weapon.greatsword_hit_weewee @a ~ ~ ~ 1 1.2"
                            ]
                        },
                        "damage": {
                            "type": "durability",
                            "amount": 1
                        }
                    }
                ]
            },
            "minecraft:break": {
                "damage": {
                    "type": "durability",
                    "amount": 1
                }
            },
            "yes:stab_attack": {
                "sequence": [
                    {
                        "run_command": {
                            "command": [
                                "function g",
                                "playanimation @s animation.player.d"
                            ]
                        },
                        "damage": {
                            "type": "durability",
                            "amount": 15
                        }
                    }
                ]
            }
        }
    }
}