{
  "format_version": "1.20.80",
  "minecraft:item": {
    "description": {
      "identifier": "xc:nochtyf",
      "menu_category": {
        "category": "equipment",
        "group": "itemGroup.name.chestplate"
      }
    },
    "components": {
      "minecraft:icon": {
        "textures": {
          "default": "nochtwt"
        }
      },
      "minecraft:max_stack_size": 1,
      "minecraft:enchantable": {
        "value": 120,
        "slot": "armor_torso"
      },
      "minecraft:durability": {
        "max_durability": 4046,
        "damage_chance": {
          "min": 30,
          "max": 50
        }
      },
      "minecraft:mining_speed": 5,
      "minecraft:foil": false,
      "minecraft:hand_equipped": false,
      "minecraft:wearable": {
        "slot": "slot.armor.chest",
        "protection": 15
      },
      "minecraft:render_offsets": "chestplates"
    }
  }
}
