{
    "format_version": "1.20.80",
    "minecraft:item": {
        "description": {
            "identifier": "xc:lxchys",
            "menu_category": {
                "category": "equipment",
                "group": "itemGroup.name.sword"
            }
        },
        "components": {
            "minecraft:icon": {
                "textures": {
                    "default": "hys"
                }
            },
            "minecraft:creative_category": {
                "parent": "equipment"
            },
            "minecraft:max_stack_size": 64,
            "minecraft:hand_equipped": true,
            "minecraft:allow_off_hand": true,
            "minecraft:foil": false,
            "minecraft:mining_speed": 5,
            "minecraft:damage": 20,
            "minecraft:enchantable": {
                "value": 150,
                "slot": "sword"
            },
            "minecraft:cooldown": {
                "category": "hyslxc",
                "duration": 7
            },
            "minecraft:on_use": {
                "on_use": {
                    "event": "yes:stab_attack",
                    "condition": "!query.scoreboard('weakness') == 1",
                    "target": "self"
                }
            },
            "minecraft:can_destroy_in_creative": true,
            "minecraft:weapon": {
                "on_hurt_entity": {
                    "event": "sweep_special"
                }
            },
            "minecraft:display_name": {
                "value": "§5Obsidian Meteor Hammer"
            },
            "minecraft:tags": {
                "tags": [
                    "minecraft:is_sword",
                    "minecraft:is_tool"
                ]
            }
        },
        "events": {
            "sweep_special": {
                "sequence": [
                    {
                        "run_command": {
                            "command": [
                                "function jt",
                                "playsound random.anvil_land @a ~ ~ ~ 1 1."
                            ]
                        },
                        "damage": {
                            "type": "durability",
                            "amount": 1
                        }
                    }
                ]
            },
            "minecraft:break": {
                "damage": {
                    "type": "durability",
                    "amount": 1
                }
            },
            "yes:stab_attack": {
                "sequence": [
                    {
                        "run_command": {
                            "command": [
                                "tag @s add 延伸",
                                "playsound sound.vessel_obsidian @a ~ ~ ~ 1 1",
                                "particle minecraft:camera_shoot_explosion ^ ^1 ^1",
                                "playsound random.anvil_land @a ~ ~ ~ 1 1",
                                "scoreboard players remove @s §9★ 13",
                                "summon xc:obsidian_clear ~ ~2 ~"
                            ]
                        },
                        "shoot": {
                            "projectile": "xc:hyslxc",
                            "launch_power": 1.7
                        },
                        "damage": {
                            "type": "durability",
                            "amount": 1
                        }
                    }
                ]
            }
        }
    }
}