{
    "format_version": "1.20.80",
    "minecraft:item": {
        "description": {
            "identifier": "xc:ayhc",
            "menu_category": {
                "category": "equipment",
                "group": "itemGroup.name.sword"
            }
        },
        "components": {
            "minecraft:icon": {
                "textures": {
                    "default": "xc_hc"
                }
            },
            "minecraft:creative_category": {
                "parent": "itemGroup.name.sword"
            },
            "minecraft:max_stack_size": 1,
            "minecraft:hand_equipped": true,
            "minecraft:allow_off_hand": true,
            "minecraft:foil": false,
            "minecraft:repairable": {
                "repair_items": [
                    {
                        "items": [
                            "minecraft:obsidian"
                        ],
                        "repair_amount": 300
                    },
                    {
                        "items": [
                            "xc:ayhc"
                        ],
                        "repair_amount": "context.other->query.remaining_durability + 0.2 * context.other->query.max_durability"
                    }
                ]
            },
            "minecraft:mining_speed": 1,
            "minecraft:damage": 65,
            "minecraft:enchantable": {
                "value": 15,
                "slot": "sword"
            },
            "minecraft:can_destroy_in_creative": true,
            "minecraft:weapon": {
                "on_hurt_entity": {
                    "event": "sweep_special"
                }
            },
            "minecraft:display_name": {
                "value": "Obsidian Sledgehammer"
            },
            "minecraft:tags": {
                "tags": [
                    "minecraft:is_halbert2",
                    "minecraft:is_tool"
                ]
            }
        },
        "events": {
            "sweep_special": {
                "sequence": [
                    {
                        "run_command": {
                            "command": [
                                "playsound sound.attack.stab @a ~ ~ ~ 1 1.2",
                                "effect @s resistance 10 1 true",
                                "effect @s speed 5 1 true",
                                "effect @s jump_boost 5 1 true",
                                "particle heavy:horizontal_sweep ^1 ^1.2 ^2.3",
                                "particle heavy:horizontal_sweep ^-1 ^1.2 ^2.3",
                                "particle heavy:horizontal_sweep ^ ^1.2 ^2.3"
                            ]
                        },
                        "shoot": {
                            "projectile": "heavy:horizontal_sweep",
                            "launch_power": 1,
                            "angle_offset": "query.cardinal_facing"
                        },
                        "damage": {
                            "type": "durability",
                            "amount": 1
                        }
                    }
                ]
            },
            "minecraft:break": {
                "damage": {
                    "type": "durability",
                    "amount": 1
                }
            }
        }
    }
}