{
  "format_version": "1.20.80",
  "minecraft:item": {
    "description": {
      "identifier": "xc:mfzsxj",
      "menu_category": {
        "category": "equipment",
        "group": "itemGroup.name.chestplate"
      }
    },
    "components": {
      "minecraft:icon": {
        "textures": {
          "default": "xc_cdzst1"
        }
      },
      "minecraft:max_stack_size": 1,
      "minecraft:enchantable": {
        "value": 120,
        "slot": "armor_torso"
      },
      "minecraft:durability": {
        "max_durability": 4046,
        "damage_chance": {
          "min": 30,
          "max": 50
        }
      },
      "minecraft:mining_speed": 5,
      "minecraft:foil": false,
      "minecraft:wearable": {
        "slot": "slot.armor.chest",
        "protection": 30
      },
      "minecraft:display_name": {
        "value": "§bPure Diamond Chestplate"
      },
      "minecraft:tags": {
        "tags": [
          "minecraft:trimmable_armors",
          "minecraft:is_armor"
        ]
      },
      "minecraft:repairable": {
        "repair_items": [
          {
            "items": ["xc:cdzs"],
            "repair_amount": 500
          }
        ]
      }
    }
  }
}
