{
    "format_version": "1.20.80",
    "minecraft:item": {
        "description": {
            "identifier": "xc:bed",
            "menu_category": {
                "category": "equipment",
                "group": "itemGroup.name.sword"
            }
        },
        "components": {
            "minecraft:icon": {
                "textures": {
                    "default": "hsc"
                }
            },
            "minecraft:creative_category": {
                "parent": "items"
            },
            "minecraft:max_stack_size": 1,
            "minecraft:hand_equipped": false,
            "minecraft:allow_off_hand": true,
            "minecraft:foil": true,
            "minecraft:durability": {
                "max_durability": 40,
                "damage_chance": {
                    "min": 30,
                    "max": 50
                }
            },
            "minecraft:repairable": {
                "repair_items": [
                    {
                        "items": [
                            "minecraft:diamond"
                        ],
                        "repair_amount": 300
                    },
                    {
                        "items": [
                            "pa:qbj"
                        ],
                        "repair_amount": "context.other->query.remaining_durability + 0.2 * context.other->query.max_durability"
                    }
                ]
            },
            "minecraft:mining_speed": 1,
            "minecraft:can_destroy_in_creative": true,
            "minecraft:cooldown": {
                "category": "equipment",
                "duration": 1
            },
            "minecraft:on_use": {
                "on_use": {
                    "event": "on_use"
                }
            },
            "minecraft:weapon": {
                "on_hurt_entity": {
                    "event": "hurt"
                },
                "on_not_hurt_entity": {
                    "event": "hurt"
                },
                "on_hit_block": {
                    "event": "hurt"
                }
            },
            "tag:minecraft:is_sword": {},
            "minecraft:display_name": {}
        },
        "events": {
            "on_use": {
                "sequence": [
                    {
                        "run_command": {
                            "command": [
                                "spawnpoint @s ~ ~ ~",
                                "say \u00a7dspawnpoint set accomplish"
                            ]
                        },
                        "damage": {
                            "type": "durability",
                            "amount": 2
                        }
                    }
                ]
            }
        }
    }
}