{
  "format_version": "1.20.80",
  "minecraft:item": {
    "description": {
      "identifier": "xc:pfhbsxj",
      "menu_category": {
        "category": "equipment",
        "group": "itemGroup.name.chestplate"
      }
    },
    "components": {
      "minecraft:icon": {
        "textures": {
          "default": "xc_hbsxj"
        }
      },
      "minecraft:max_stack_size": 1,
      "minecraft:enchantable": {
        "value": 100,
        "slot": "armor_torso"
      },
      "minecraft:durability": {
        "max_durability": 2646,
        "damage_chance": {
          "min": 30,
          "max": 50
        }
      },
      "minecraft:knockback_resistance": {
        "protection": 0
      },
      "minecraft:mining_speed": 5,
      "minecraft:foil": false,
      "minecraft:hand_equipped": true,
      "minecraft:wearable": {
        "slot": "slot.armor.chest",
        "protection": 7
      },
      "minecraft:repairable": {
        "repair_items": [
          {
            "items": [
              "xc:hbs"
            ],
            "repair_amount": 500
          }
        ]
      },
      "minecraft:display_name": {"value":"§egold creeper §5Ruby Chestplate"}
    }
  }
}
