{
  "format_version": "1.20.80",
  "minecraft:item": {
    "description": {
      "identifier": "xc:hbsht",
      "menu_category": {
        "category": "equipment",
        "group": "itemGroup.name.leggings"
      }
    },
    "components": {
      "minecraft:icon": {
        "textures": {
          "default": "xc_hbsht"
        }
      },
      "minecraft:max_stack_size": 1,
      "minecraft:enchantable": {
        "value": 15,
        "slot": "armor_legs"
      },
      "minecraft:durability": {
        "max_durability": 2358,
        "damage_chance": {
          "min": 10,
          "max": 60
        }
      },
      "minecraft:knockback_resistance": {
        "protection": 0.5
      },
      "minecraft:mining_speed": 5,
      "minecraft:foil": false,
      "minecraft:hand_equipped": true,
      "minecraft:wearable": {
        "slot": "slot.armor.legs",
        "protection": 15
      },
      "minecraft:repairable": {
        "repair_items": [
          {
            "items": [
              "xc:hbs",
              "xc:hbsht"
            ],
            "repair_amount": 500
          }
        ]
      },
      "minecraft:display_name": {
        "value": "§cRuby Leggings"
      }
    }
  }
}
