{
    "format_version": "1.20.80",
    "minecraft:item": {
        "description": {
            "identifier": "xc:ssf",
            "menu_category": {
                "category": "equipment",
                "group": "itemGroup.name.sword"
            }
        },
        "components": {
            "minecraft:icon": {
                "textures": {
                    "default": "xc_ssf"
                }
            },
            "minecraft:creative_category": {
                "parent": "itemGroup.name.sword"
            },
            "minecraft:max_stack_size": 1,
            "minecraft:hand_equipped": true,
            "minecraft:allow_off_hand": true,
            "minecraft:foil": false,
            "minecraft:durability": {
                "max_durability": 1329,
                "damage_chance": {
                    "min": 30,
                    "max": 50
                }
            },
            "minecraft:repairable": {
                "repair_items": [
                    {
                        "items": [
                            "minecraft:diamond"
                        ],
                        "repair_amount": 300
                    },
                    {
                        "items": [
                            "xc:ssf"
                        ],
                        "repair_amount": "context.other->query.remaining_durability + 0.2 * context.other->query.max_durability"
                    }
                ]
            },
            "minecraft:mining_speed": 1,
            "minecraft:damage": 17,
            "minecraft:enchantable": {
                "value": 30,
                "slot": "sword"
            },
            "minecraft:can_destroy_in_creative": true,
            "minecraft:weapon": {
                "on_hurt_entity": {
                    "event": "sweep_special"
                }
            },
            "tag:minecraft:is_axe": {},
            "minecraft:display_name": {},
            "minecraft:tags": {
                "tags": [
                    "minecraft:is_axe",
                    "minecraft:is_tool"
                ]
            }
        },
        "events": {
            "sweep_special": {
                "sequence": [
                    {
                        "run_command": {
                            "command": [
                                "playsound sound.attack.hs @a ~ ~ ~ 1 1.2",
                                "playsound sound.attack.kj @a ~ ~ ~ 1 1.2",
                                "effect @s resistance 2 2 true"
                            ]
                        },
                        "damage": {
                            "type": "durability",
                            "amount": 1
                        }
                    }
                ]
            },
            "minecraft:break": {
                "damage": {
                    "type": "durability",
                    "amount": 1
                }
            }
        }
    }
}