{
    "format_version": "1.20.80",
    "minecraft:item": {
        "description": {
            "identifier": "xc:gfpljd",
            "menu_category": {
                "category": "equipment",
                "group": "itemGroup.name.sword"
            }
        },
        "components": {
            "minecraft:icon": {
                "textures": {
                    "default": "gfcjde"
                }
            },
            "minecraft:max_stack_size": 1,
            "minecraft:hand_equipped": true,
            "minecraft:allow_off_hand": true,
            "minecraft:foil": false,
            "minecraft:durability": {
                "max_durability": 3646,
                "damage_chance": {
                    "min": 30,
                    "max": 50
                }
            },
            "minecraft:repairable": {
                "repair_items": [
                    {
                        "items": [
                            "minecraft:diamond"
                        ],
                        "repair_amount": 300
                    },
                    {
                        "items": [
                            "xc:lczje"
                        ],
                        "repair_amount": "context.other->query.remaining_durability + 0.2 * context.other->query.max_durability"
                    }
                ]
            },
            "minecraft:mining_speed": 0.8,
            "minecraft:damage": 16,
            "minecraft:enchantable": {
                "value": 150,
                "slot": "sword"
            },
            "minecraft:cooldown": {
                "category": "gfpljd",
                "duration": 5
            },
            "minecraft:on_use": {
                "on_use": {
                    "event": "yes:stab_attack",
                    "condition": "!query.scoreboard('weakness') == 1",
                    "target": "self"
                }
            },
            "minecraft:can_destroy_in_creative": true,
            "minecraft:weapon": {
                "on_hurt_entity": {
                    "event": "sweep_special"
                }
            },
            "minecraft:tags": {
                "tags": [
                    "minecraft:is_greatsword",
                    "minecraft:is_tool"
                ]
            },
            "minecraft:display_name": {
                "value": "Shattered Great Sword"
            }
        },
        "events": {
            "sweep_special": {
                "sequence": [
                    {
                        "run_command": {
                            "command": [
                                "playsound sound.attack.hs @a ~ ~ ~ 1 1.2",
                                "playsound weapon.greatsword_hit_weewee @a ~ ~ ~ 1 1.2",
                                "effect @s resistance 3 1 true",
                                "function hs",
                                "particle heavy:fan ^ ^1.2 ^1.3",
                                "effect @s[scores={随机格挡=30..32}] resistance 3 1 false",
                                "execute @s[scores={随机格挡=30..32}] ~ ~ ~ particle xc:pzhh ^ ^ ^",
                                "execute @s[scores={随机格挡=30..32}] ~ ~ ~ playsound sound.gd @a[r=30]"
                            ]
                        },
                        "damage": {
                            "type": "durability",
                            "amount": 1
                        }
                    }
                ]
            },
            "minecraft:break": {
                "damage": {
                    "type": "durability",
                    "amount": 1
                }
            },
            "yes:stab_attack": {
                "sequence": [
                    {
                        "run_command": {
                            "command": [
                                "function dlgd",
                                "playanimation @s animation.lys"
                            ]
                        }
                    }
                ]
            }
        }
    }
}