{
  "format_version": "1.20.80",
  "minecraft:item": {
    "description": {
      "identifier": "xc:xcd",
      "menu_category": {
        "category": "equipment",
        "group": "itemGroup.name.sword"
      }
    },
    "components": {
      "minecraft:icon": {
        "textures": {
          "default": "xc_xcd"
        }
      },
      "minecraft:creative_category": {
        "parent": "itemGroup.name.sword"
      },
      "minecraft:max_stack_size": 1,
      "minecraft:hand_equipped": true,
      "minecraft:allow_off_hand": true,
      "minecraft:foil": false,
      "minecraft:repairable": {
        "repair_items": [
          {
            "items": [
              "minecraft:obsidian"
            ],
            "repair_amount": 300
          },
          {
            "items": [
              "xc:ayzf"
            ],
            "repair_amount": "context.other->query.remaining_durability + 0.2 * context.other->query.max_durability"
          }
        ]
      },
      "minecraft:mining_speed": 1,
      "minecraft:damage": 100,
      "minecraft:enchantable": {
        "value": 900,
        "slot": "sword"
      },
      "minecraft:can_destroy_in_creative": true,
      "minecraft:weapon": {
        "on_hurt_entity": {
          "event": "sweep_special"
        }
      },
      "tag:minecraft:is_sword": {},
      "minecraft:display_name": {}
    },
    "events": {
      "sweep_special": {
        "sequence": [
          {
            "run_command": {
              "command": [
                "effect @s resistance 10 1 true",
                "effect @s speed 5 1 true",
                "effect @e[r=20,rm=0.5] instant_damage 1 2",
                "effect @e[r=20,rm=0.5] wither 15 2",
                "effect @e[r=20,rm=0.5] blindness 5 0",
                "particle heavy:sweep ^ ^1.2 ^2.3"
              ]
            },
            "shoot": {
              "projectile": "heavy:sweep",
              "launch_power": 1,
              "angle_offset": "query.cardinal_facing"
            },
            "damage": {
              "type": "durability",
              "amount": 1
            }
          }
        ]
      },
      "minecraft:break": {
        "damage": {
          "type": "durability",
          "amount": 1
        }
      }
    }
  }
}