{
    "format_version": "1.20.80",
    "minecraft:item": {
        "description": {
            "identifier": "xc:fmtm",
            "menu_category": {
                "category": "equipment",
                "group": "itemGroup.name.sword"
            }
        },
        "components": {
            "minecraft:icon": {
                "textures": {
                    "default": "fmtm"
                }
            },
            "minecraft:creative_category": {
                "parent": "equipment"
            },
            "minecraft:max_stack_size": 64,
            "minecraft:hand_equipped": true,
            "minecraft:allow_off_hand": true,
            "minecraft:foil": false,
            "minecraft:mining_speed": 5,
            "minecraft:damage": 8,
            "minecraft:enchantable": {
                "value": 160,
                "slot": "sword"
            },
            "minecraft:cooldown": {
                "category": "fmtm",
                "duration": 3
            },
            "minecraft:on_use": {
                "on_use": {
                    "event": "yes:stab_attack",
                    "condition": "!query.scoreboard('weakness') == 1",
                    "target": "self"
                }
            },
            "minecraft:can_destroy_in_creative": true,
            "minecraft:weapon": {
                "on_hurt_entity": {
                    "event": "sweep_special"
                }
            },
            "minecraft:display_name": {},
            "minecraft:tags": {
                "tags": [
                    "minecraft:is_sword",
                    "minecraft:is_tool"
                ]
            }
        },
        "events": {
            "sweep_special": {
                "sequence": [
                    {
                        "run_command": {
                            "command": [
                                "function xmm",
                                "playsound sound.xmm @a ~ ~ ~ 1 1.2"
                            ]
                        },
                        "damage": {
                            "type": "durability",
                            "amount": 1
                        }
                    }
                ]
            },
            "minecraft:break": {
                "damage": {
                    "type": "durability",
                    "amount": 1
                }
            },
            "yes:stab_attack": {
                "sequence": [
                    {
                        "run_command": {
                            "command": [
                                "function gd",
                                "playsound sound.xmm @a ~ ~ ~ 1 1.2",
                                "playanimation @s animation.player.gd"
                            ]
                        },
                        "damage": {
                            "type": "durability",
                            "amount": 25
                        }
                    }
                ]
            }
        }
    }
}