{
  "format_version": "1.20.80",
  "minecraft:item": {
    "description": {
      "identifier": "xc:ymjm",
      "menu_category": {
        "category": "equipment",
        "group": "itemGroup.name.helmet"
      }
    },
    "components": {
      "minecraft:icon": {
        "textures": {
          "default": "xc_ymjm"
        }
      },
      "minecraft:creative_category": {
        "parent": "itemGroup.name.helmet"
      },
      "minecraft:max_stack_size": 1,
      "minecraft:enchantable": {
        "value": 10,
        "slot": "armor_head"
      },
      "minecraft:durability": {
        "max_durability": 20000,
        "damage_chance": {
          "min": 60,
          "max": 100
        }
      },
      "minecraft:knockback_resistance": {
        "protection": 0
      },
      "minecraft:mining_speed": 5,
      "minecraft:foil": false,
      "minecraft:hand_equipped": true,
      "minecraft:wearable": {
        "slot": "slot.armor.head"
      },
      "minecraft:render_offsets": "helmets",
      "minecraft:repairable": {
        "repair_items": []
      },
      "minecraft:armor": {
        "protection": 1
      },
      "minecraft:display_name": {}
    }
  }
}
