{
    "format_version": "1.20.80",
    "minecraft:item": {
        "description": {
            "identifier": "xc:lysdzjzzf",
            "menu_category": {
                "category": "equipment",
                "group": "itemGroup.name.sword"
            }
        },
        "components": {
            "minecraft:icon": {
                "textures": {
                    "default": "xc_zjzzf"
                }
            },
            "minecraft:creative_category": {
                "parent": "itemGroup.name.sword"
            },
            "minecraft:max_stack_size": 1,
            "minecraft:hand_equipped": true,
            "minecraft:allow_off_hand": true,
            "minecraft:foil": false,
            "minecraft:durability": {
                "max_durability": 2646,
                "damage_chance": {
                    "min": 30,
                    "max": 50
                }
            },
            "minecraft:repairable": {
                "repair_items": [
                    {
                        "items": [
                            "minecraft:diamond"
                        ],
                        "repair_amount": 300
                    },
                    {
                        "items": [
                            "xc:zscr"
                        ],
                        "repair_amount": "context.other->query.remaining_durability + 0.2 * context.other->query.max_durability"
                    }
                ]
            },
            "minecraft:mining_speed": 1,
            "minecraft:damage": 16,
            "minecraft:enchantable": {
                "value": 100,
                "slot": "sword"
            },
            "minecraft:cooldown": {
                "category": "lysdzjzzf",
                "duration": 30
            },
            "minecraft:on_use": {
                "on_use": {
                    "event": "yes:stab_attack",
                    "condition": "!query.scoreboard('weakness') == 1",
                    "target": "self"
                }
            },
            "minecraft:can_destroy_in_creative": true,
            "minecraft:weapon": {
                "on_hurt_entity": {
                    "event": "sweep_special"
                }
            },
            "tag:minecraft:is_axe": {},
            "minecraft:display_name": {
                "value": "§bT Exterminator's axe"
            },
            "minecraft:tags": {
                "tags": [
                    "minecraft:is_dagger",
                    "minecraft:is_tool"
                ]
            }
        },
        "events": {
            "sweep_special": {
                "sequence": [
                    {
                        "run_command": {
                            "command": [
                                "playsound sound.attack.hs @a ~ ~ ~ 1 1.2",
                                "playsound weapon.greatsword_hit_weewee @a ~ ~ ~ 1 1.2",
                                "effect @s resistance 3 1 true",
                                "function hslz",
                                "effect @s speed 4 0 true",
                                "playsound sounds.bjsy @a ~ ~ ~ 100 1",
                                "function hs"
                            ]
                        },
                        "damage": {
                            "type": "durability",
                            "amount": 1
                        }
                    }
                ]
            },
            "minecraft:break": {
                "damage": {
                    "type": "durability",
                    "amount": 1
                }
            },
            "yes:stab_attack": {
                "sequence": [
                    {
                        "shoot": {
                            "projectile": "xc:lyslanf",
                            "launch_power": 0.5,
                            "angle_offset": "query.cardinal_facing"
                        },
                        "run_command": {
                            "command": [
                                "function lyswq",
                                "playsound item.trident.throw @a[r=50] ~ ~ ~ 100 1.1 100"
                            ]
                        }
                    }
                ]
            }
        }
    }
}