{
    "pools": [
    {
      "rolls": 1,
        "entries": [
         {
            "type": "item",
            "name": "minecraft:sculk_catalyst"
         }
       ]
    },
    {
      "rolls": 1,
        "entries": [
         {
          "type": "item",
          "name": "minecraft:gold_ingot",
          "weight": 1,
          "functions": [
            {
              "function": "set_count",
              "count": {
                "min": 32,
                "max": 96
              }
            }
          ]
        }
      ]
    },
    {
      "rolls": 1,
        "entries": [
         {
          "type": "item",
          "name": "minecraft:sculk",
          "weight": 1,
          "functions": [
            {
              "function": "set_count",
              "count": {
                "min": 48,
                "max": 128
              }
            }
          ]
        }
      ]
    },
    {
      "rolls": 1,
        "entries": [
         {
          "type": "item",
          "name": "minecraft:sculk_vein",
          "weight": 1,
          "functions": [
            {
              "function": "set_count",
              "count": {
                "min": 48,
                "max": 128
              }
            }
          ]
        }
      ]
    },
    {
      "rolls": 1,
        "entries": [
         {
          "type": "item",
          "name": "minecraft:netherite_ingot",
          "weight": 1,
          "functions": [
            {
              "function": "set_count",
              "count": {
                "min": 0,
                "max": 20
              }
            }
          ]
        }
      ]
    },
    {
      "rolls": 1,
        "entries": [
         {
          "type": "item",
          "name": "lz:dark_netherite_scrap",
          "weight": 1,
          "functions": [
            {
              "function": "set_count",
              "count": {
                "min": 0,
                "max": 10
              }
            }
          ]
        }
      ]
    }
  ]
}