{
    "pools": [
    {
        "rolls": 50,
      "entries": [
      {
          "type": "item",
          "name": "minecraft:gold_ingot",
          "weight": 8,
          "functions": [
            {
              "count": {
                "min": 0,
                "max": 5
              }
            },
            {
              "function": "enchant_random_gear",
              "chance": 1.0
            }
          ]
        },
        {
          "type": "item",
          "name": "minecraft:netherite_ingot",
          "weight": 1,
          "functions": [
            {
              "count": {
                "min": 0,
                "max": 5
              }
            },
            {
              "function": "enchant_random_gear",
              "chance": 1.0
            }
          ]
        }
      ]
    }
  ]
}