{
    "pools": [
    {
        "rolls": 10,
      "entries": [
                {
          "type": "item",
          "name": "minecraft:golden_apple",
          "weight": 1,
          "functions": [
            {
              "count": {
                "min": 0,
                "max": 2
              }
            },
            {
              "function": "enchant_random_gear",
              "chance": 1.0
            }
          ]
        },
        {
          "type": "item",
          "name": "minecraft:emerald",
          "weight": 1,
          "functions": [
            {
              "count": {
                "min": 0,
                "max": 5
              }
            },
            {
              "function": "enchant_random_gear",
              "chance": 1.0
            }
          ]
        },
        {
          "type": "item",
          "name": "minecraft:oak_log",
          "weight": 1,
          "functions": [
            {
              "count": {
                "min": 1,
                "max": 5
              }
            },
            {
              "function": "enchant_random_gear",
              "chance": 1.0
            }
          ]
        },
        {
          "type": "item",
          "name": "minecraft:arrow",
          "weight": 1,
          "functions": [
            {
              "count": {
                "min": 1,
                "max": 5
              }
            },
            {
              "function": "enchant_random_gear",
              "chance": 1.0
            }
          ]
        },
        {
          "type": "item",
          "name": "lz:ymj",
          "weight": 1,
          "functions": [
            {
              "count": {
                "min": 0,
                "max": 1
              }
            },
            {
              "function": "enchant_random_gear",
              "chance": 1.0
            }
          ]
        },
        {
          "type": "item",
          "name": "minecraft:firework_rocket",
          "weight": 1,
          "functions": [
            {
              "count": {
                "min": 1,
                "max": 2
              }
            },
            {
              "function": "enchant_random_gear",
              "chance": 1.0
            }
          ]
        }
      ]
    }
  ]
}