{
  "entity_sounds": {
    "entities": {
      "lz:villager_scout": {
                    "volume": 1.0,
        "pitch": [ 0.8, 1.2 ],
				"events": {
					"ambient": "mob.villager.idle",
					"death": "mob.villager.death",
					"death.to.zombie": "mob.villager.death",
					"haggle": "mob.villager.haggle",
					"angry": "mob.villager.no",
					"haggle.yes": "mob.villager.yes",
					"hurt": "mob.villager.hit",
					"shoot": "crossbow.shoot"
                }
            },
            "lz:blue_villager_knight": {
                    "volume": 1.0,
        "pitch": [ 0.8, 1.2 ],
				"events": {
					"ambient": "mob.villager.idle",
					"death": "mob.villager.death",
					"death.to.zombie": "mob.villager.death",
					"haggle": "mob.villager.haggle",
					"angry": "mob.villager.no",
					"haggle.yes": "mob.villager.yes",
					"hurt": "mob.villager.hit",
					"shoot": "crossbow.shoot"
                }
            },
            "lz:villager_scout_fl": {
                    "volume": 1.0,
        "pitch": [ 0.8, 1.2 ],
				"events": {
					"ambient": "mob.villager.idle",
					"death": "mob.villager.death",
					"death.to.zombie": "mob.villager.death",
					"haggle": "mob.villager.haggle",
					"angry": "mob.villager.no",
					"haggle.yes": "mob.villager.yes",
					"hurt": "mob.villager.hit",
					"shoot": "crossbow.shoot"
                }
            },
            "lz:warden": {
              "volume": 1.0,
              "pitch": [ 0.8, 1.2 ],
              "events": {
                "step": {
                  "sound": "mob.warden.step",
                  "volume": 10.0,
                  "pitch": 1.0
                },
                "ambient": "mob.warden.idle",
                "heartbeat": {
                  "sound": "mob.warden.heartbeat",
                  "volume": 5.0,
                  "pitch": 1.0
                },
                "nearby_close": {
                  "sound": "mob.warden.nearby_close",
                  "volume": 5.0,
                  "pitch": [
                    0.8,
                    1.2
                  ]
                },
                "nearby_closer": {
                  "sound": "mob.warden.nearby_closer",
                  "volume": 5.0,
                  "pitch": [
                    0.8,
                    1.2
                  ]
                },
                "nearby_closest": {
                  "sound": "mob.warden.nearby_closest",
                  "volume": 5.0,
                  "pitch": [
                    0.8,
                    1.2
                  ]
                },
                "agitated": {
                  "sound": "mob.warden.agitated",
                  "volume": 10.0,
                  "pitch": [
                    0.8,
                    1.2
                  ]
                },
                "angry": {
                  "sound": "mob.warden.angry",
                  "volume": 10.0,
                  "pitch": [
                    0.8,
                    1.2
                  ]
                },
                "listening": {
                  "sound": "mob.warden.listening",
                  "volume": 10.0,
                  "pitch": [
                    0.8,
                    1.2
                  ]
                },
                "listening_angry": {
                  "sound": "mob.warden.listening_angry",
                  "volume": 10.0,
                  "pitch": [
                    0.8,
                    1.2
                  ]
                },
                "sniff": {
                  "sound": "mob.warden.sniff",
                  "volume": 5.0,
                  "pitch": 1.0
                },
                "dig": {
                  "sound": "mob.warden.dig",
                  "volume": 5.0,
                  "pitch": 1.0
                },
                "emerge": {
                  "sound": "mob.warden.emerge",
                  "volume": 5.0,
                  "pitch": 1.0
                },
                "roar": {
                  "sound": "mob.warden.roar",
                  "volume": 10.0,
                  "pitch": 1.0
                },
                "idle": {
                  "sound": "mob.warden.idle",
                  "volume": 3.0,
                  "pitch": 1.0
                },
                "attack": {
                  "sound": "mob.warden.attack",
                  "volume": 10.0,
                  "pitch": 1.0
                },
                "hurt": {
                  "sound": "mob.warden.hurt",
                  "volume": 1.0,
                  "pitch": [ 0.8, 1.0 ]
                },
                "death": {
                  "sound": "mob.warden.death",
                  "volume": 1.0,
                  "pitch": [ 0.8, 1.0 ]
                }
              }
            },
            "lz:red_shirt_zombie": {
        "volume": 1.0,
        "pitch": [ 0.8, 1.2 ],
        "events": {
          "ambient": "mob.zombie.say",
          "hurt": "mob.zombie.hurt",
          "death": "mob.zombie.death",
          "step": {
            "sound": "mob.zombie.step",
            "volume": 0.45,
            "pitch": 1.0
              }
            }
          },
          "lz:iron_golem": {
        "volume": 1.0,
        "pitch": [ 0.8, 1.2 ],
        "events": {
          "ambient": "mob.irongolem.say",
          "hurt": "mob.irongolem.hit",
          "death": "mob.irongolem.death",
          "step": {
            "sound": "mob.irongolem.walk",
            "volume": 1.0,
            "pitch": 1.0
          },
          "throw": {
            "sound": "mob.irongolem.throw",
            "volume": 1.0,
            "pitch": 1.0
          }
        }
      }
    }
  }
}