{
	"format_version" : "1.10.0",
	"animation_controllers" : {
		"controller.animation.roar" : {
			"initial_state" : "default",
			"states" : {
				"roar" : {
					"animations" : [ "roar" ],
					
					"transitions" : [
						{
							"default" : "!query.is_roaring"
						}
					]
				},
				"default" : {
				  
					"transitions" : [
						{
							"roar" : "query.is_roaring"
						}
					]
				}
			}
		},
		"controller.animation.powered" : {
			"initial_state" : "default",
			"states" : {
				"powered" : {
					"animations" : [ "powered" ],
					"blend_transition" : 0.4,
					
					"transitions" : [
						{
							"default" : "!query.is_powered"
						}
					]
				},
				"default" : {
				  "blend_transition" : 0.4,
					"transitions" : [
						{
							"powered" : "query.is_powered"
						}
					],
                    "on_entry":[
          	        "/say 成功"
                    ]
				}
			}
		}
	}
}
