{
	"format_version": "1.10.0",
	"animation_controllers": {
		"controller.animation.upz": {
			"states": {
				"default": {
				"transitions": [
						{
							"sneaking":"query.mark_variant ==790"
						}
					]
				},
				"sneaking": {
					"on_entry": [
			"/summon minecraft:zombie ~8 ~ ~",
			"/summon minecraft:zombie ~6 ~ ~4",
			"/summon minecraft:zombie ~4 ~ ~8",
			"/summon minecraft:zombie ~6 ~ ~-4",
			"/summon minecraft:zombie ~4 ~ ~-8",
			"/summon minecraft:zombie ~-8 ~ ~4"
					],
					"transitions": [{
						"attack": "1"
					}]
				},

				"attack": {
					"transitions": [{
						"default": "1"
					}]
				}
			}
		}
	}
}