{
  "individual_event_sounds": {
    "events": {
      "dig.grass": {
        "sound": "dig.grass",
        "volume": 1,
        "pitch": [
          0.9,
          1.1
        ]
      }
    }
  },
  "entity_sounds": {
    "entities": {
      "java:vanish": {
        "volume": 0,
        "pitch": [ 0.8, 1.2 ],
        "events": {
          "hurt": "mob.clear",
          "death": "mob.clear"
        }
      },      
      "javadiamondsword_sweep:player": {
        "volume": 0,
        "pitch": [ 0.8, 1.2 ],
        "events": {
          "hurt": "mob.clear",
          "death": "mob.clear"
        }
      },
      "javaironsword_sweep:player": {
        "volume": 0,
        "pitch": [ 0.8, 1.2 ],
        "events": {
          "hurt": "mob.clear",
          "death": "mob.clear"
        }
      },      
      "javawooddsword_sweep:player": {
        "volume": 0,
        "pitch": [ 0.8, 1.2 ],
        "events": {
          "hurt": "mob.clear",
          "death": "mob.clear"
        }
      },
      "javagoldensword_sweep:player": {
        "volume": 0,
        "pitch": [ 0.8, 1.2 ],
        "events": {
          "hurt": "mob.clear",
          "death": "mob.clear"
        }
      },
      "javanetheritesword_sweep:player": {
        "volume": 0,
        "pitch": [ 0.8, 1.2 ],
        "events": {
          "hurt": "mob.clear",
          "death": "mob.clear"
        }
      }
    }
  }
}