{
	"format_version": "1.10",
	"render_controllers": {
		"controller.render.lz_bow": {
			"arrays": {
				"textures": {
					"array.bow_texture_frames": [
						"texture.default",
						"texture.bow_pulling_0",
						"texture.bow_pulling_1",
						"texture.bow_pulling_2"
					]
				},
				"geometries": {
					"array.bow_geo_frames": [
						"geometry.default",
						"geometry.bow_pulling_0",
						"geometry.bow_pulling_1",
						"geometry.bow_pulling_2"
					]
				}
			},
			"geometry": "array.bow_geo_frames[v.bow_frame]",
			"materials": [
				{
					"*": "variable.is_enchanted ? material.enchanted : material.default"
				}
			],
			"textures": [
				"array.bow_texture_frames[v.bow_frame]",
				"texture.enchanted"
			]
		}
	}
}