{
  "format_version": "1.8.0",
  "render_controllers": {
    "controller.render.hbkl": {
      "arrays": {
        "textures": {
          "Array.hbkl": [
            "texture.default",
            "texture.hbkl2",
            "texture.hbkl3",
            "texture.hbkl4",
            "texture.hbkl5",
            "texture.hbkl6",
            "texture.hbkl7",
            "texture.hbkl8",
            "texture.hbkl9"
          ]
        }
      },
      "geometry": "Geometry.default",
      "materials": [ { "*": "Material.default" } ],
      "textures": ["array.hbkl[variable.hbkl]"]
    }
  }
}
