{
  "format_version": "1.8.0",
  "render_controllers": {
    "controller.render.lowerplayer": {
      "arrays": {
        "textures": {
          "Array.lowerplayer": [
            "texture.default",
            "texture.lowerplayer2",
            "texture.lowerplayer3",
            "texture.lowerplayer4",
            "texture.lowerplayer5",
            "texture.lowerplayer6",
            "texture.lowerplayer7",
            "texture.lowerplayer8",
            "texture.lowerplayer9",
            "texture.lowerplayer10"
          ]
        }
      },
      "geometry": "Geometry.default",
      "materials": [ { "*": "Material.default" } ],
      "textures": ["array.lowerplayer[variable.lowerplayer]"]
    }
  }
}
