{
    "format_version": "1.10.0",
    "minecraft:spawn_rules": {
        "description": {
            "identifier": "xc:kuilei2",
            "population_control": "animal"
        },
        "conditions": [
            {
                "minecraft:spawns_on_surface": {},
                "minecraft:brightness_filter": {
                    "min": 0,
                    "max": 15,
                    "adjust_for_weather": true
                },
                "minecraft:difficulty_filter": {
                    "min": "easy",
                    "max": "hard"
                },
                "minecraft:weight": {
                    "default": 1
                },
                "minecraft:density_limit": {
                    "surface": 1,
                    "underground": 0
                },
                "minecraft:biome_filter": {
                    "test": "has_biome_tag",
                    "operator": "==",
                    "value": "animal"
                }
            }
        ]
    }
}