{
  "pools": [
    {
      "rolls": 1,
      "entries": [
        {
          "type": "item",
          "name": "xc:dzjzzf",
          "weight": 1
        },
        {
          "type": "item",
          "name": "xc:dlfzjz",
          "weight": 1
        },
        {
          "type": "item",
          "name": "xc:hscnahjdrf",
          "weight": 1
        },
        {
          "type": "item",
          "name": "xc:tsf",
          "weight": 1
        },
        {
          "type": "item",
          "name": "xc:cbtf",
          "weight": 1
        },
        {
          "type": "item",
          "name": "xc:hjjf",
          "weight": 1
        },
        {
          "type": "item",
          "name": "xc:lysdzjzzf",
          "weight": 1
        },
        {
          "type": "item",
          "name": "xc:lyshjjf",
          "weight": 1
        },
        {
          "type": "item",
          "name": "xc:lyshjskf",
          "weight": 1
        },
        {
          "type": "item",
          "name": "xc:tyshjjf",
          "weight": 1
        },
        {
          "type": "item",
          "name": "xc:cnahjdrf",
          "weight": 1
        },
        {
          "type": "item",
          "name": "xc:cahjskf",
          "weight": 1
        },
        {
          "type": "item",
          "name": "xc:lscnahjdrf",
          "weight": 1
        },
        {
          "type": "item",
          "name": "xc:byszjzzf",
          "weight": 1
        },
        {
          "type": "item",
          "name": "xc:hjskf",
          "weight": 1
        },
        {
          "type": "item",
          "name": "xc:hjzf",
          "weight": 1
        },
        {
          "type": "item",
          "name": "xc:tysahjskf",
          "weight": 1
        },
        {
          "type": "item",
          "name": "xc:tyslfzjz",
          "weight": 1
        },
        {
          "type": "item",
          "name": "xc:gfahjdrf",
          "weight": 1
        },
        {
          "type": "item",
          "name": "xc:cnahjskf",
          "weight": 1
        },
        {
          "type": "item",
          "name": "xc:ahjdrf_blue",
          "weight": 1
        },
        {
          "type": "item",
          "name": "xc:ahjdrf",
          "weight": 1
        },
        {
          "type": "item",
          "name": "xc:ahjskf",
          "weight": 1
        },
        {
          "type": "item",
          "name": "xc:mzdrf",
          "weight": 1
        },
        {
          "type": "item",
          "name": "xc:hyshjzf",
          "weight": 1
        },
        {
          "type": "item",
          "name": "xc:zbszjzzf",
          "weight": 1
        },
        {
          "type": "item",
          "name": "xc:zjzzf",
          "weight": 1
        },
        {
          "type": "item",
          "name": "xc:lbsf",
          "weight": 1
        },
        {
          "type": "item",
          "name": "xc:lfzjz",
          "weight": 1
        },
        {
          "type": "item",
          "name": "xc:tzf",
          "weight": 1
        },
        {
          "type": "item",
          "name": "xc:zsskf",
          "weight": 1
        },
        {
          "type": "item",
          "name": "pa:zszf",
          "weight": 1
        },
        {
          "type": "item",
          "name": "xc:cbzsf",
          "weight": 1
        }
      ]
    }
  ]
}
