{
	"format_version": "1.16.0",
	"minecraft:geometry": [
		{
			"description": {
				"identifier": "geometry.lz_ak47",
				"texture_width": 24,
				"texture_height": 24,
				"visible_bounds_width": 3,
				"visible_bounds_height": 3.5,
				"visible_bounds_offset": [0, 1.25, 0]
			},
			"bones": [
				{
					"name": "rightitem",
					"pivot": [0, 20, 0],
					"binding": "q.item_slot_to_bone_name(c.item_slot)",
					"cubes": [
						{
							"origin": [-0.7, 45, -12],
							"size": [1.4, 1, 1],
							"pivot": [0.5, 24, 11],
							"rotation": [45, 0, 0],
							"uv": {
								"north": {"uv": [22, 2], "uv_size": [1, 1]},
								"east": {"uv": [22, 2], "uv_size": [1, 1]},
								"south": {"uv": [22, 2], "uv_size": [1, 1]},
								"west": {"uv": [23, 2], "uv_size": [-1, 1]},
								"up": {"uv": [23, 3], "uv_size": [-1, -1]},
								"down": {"uv": [23, 3], "uv_size": [-1, -1]}
							}
						},
						{
							"origin": [-0.8, 44, -11],
							"size": [1.6, 1, 1],
							"pivot": [0.5, 24, 11],
							"rotation": [45, 0, 0],
							"uv": {
								"north": {"uv": [21, 3], "uv_size": [1, 1]},
								"east": {"uv": [21, 3], "uv_size": [1, 1]},
								"south": {"uv": [21, 3], "uv_size": [1, 1]},
								"west": {"uv": [22, 3], "uv_size": [-1, 1]},
								"up": {"uv": [22, 4], "uv_size": [-1, -1]},
								"down": {"uv": [22, 4], "uv_size": [-1, -1]}
							}
						},
						{
							"origin": [-0.8, 43, -10],
							"size": [1.6, 1, 1],
							"pivot": [0.5, 24, 11],
							"rotation": [45, 0, 0],
							"uv": {
								"north": {"uv": [20, 4], "uv_size": [1, 1]},
								"east": {"uv": [20, 4], "uv_size": [1, 1]},
								"south": {"uv": [20, 4], "uv_size": [1, 1]},
								"west": {"uv": [21, 4], "uv_size": [-1, 1]},
								"up": {"uv": [21, 5], "uv_size": [-1, -1]},
								"down": {"uv": [21, 5], "uv_size": [-1, -1]}
							}
						},
						{
							"origin": [-0.8, 42, -8],
							"size": [1.6, 1, 1],
							"pivot": [0.5, 24, 11],
							"rotation": [45, 0, 0],
							"uv": {
								"north": {"uv": [18, 5], "uv_size": [1, 1]},
								"east": {"uv": [18, 5], "uv_size": [1, 1]},
								"south": {"uv": [18, 5], "uv_size": [1, 1]},
								"west": {"uv": [19, 5], "uv_size": [-1, 1]},
								"up": {"uv": [19, 6], "uv_size": [-1, -1]},
								"down": {"uv": [19, 6], "uv_size": [-1, -1]}
							}
						},
						{
							"origin": [-0.8, 42, -9],
							"size": [1.6, 1, 1],
							"pivot": [0.5, 24, 11],
							"rotation": [45, 0, 0],
							"uv": {
								"north": {"uv": [19, 5], "uv_size": [1, 1]},
								"east": {"uv": [19, 5], "uv_size": [1, 1]},
								"south": {"uv": [19, 5], "uv_size": [1, 1]},
								"west": {"uv": [20, 5], "uv_size": [-1, 1]},
								"up": {"uv": [20, 6], "uv_size": [-1, -1]},
								"down": {"uv": [20, 6], "uv_size": [-1, -1]}
							}
						},
						{
							"origin": [-0.8, 41, -7],
							"size": [1.6, 1, 1],
							"pivot": [0.5, 24, 11],
							"rotation": [45, 0, 0],
							"uv": {
								"north": {"uv": [17, 6], "uv_size": [1, 1]},
								"east": {"uv": [17, 6], "uv_size": [1, 1]},
								"south": {"uv": [17, 6], "uv_size": [1, 1]},
								"west": {"uv": [18, 6], "uv_size": [-1, 1]},
								"up": {"uv": [18, 7], "uv_size": [-1, -1]},
								"down": {"uv": [18, 7], "uv_size": [-1, -1]}
							}
						},
						{
							"origin": [-0.8, 40, -6],
							"size": [1.6, 1, 1],
							"pivot": [0.5, 24, 11],
							"rotation": [45, 0, 0],
							"uv": {
								"north": {"uv": [16, 7], "uv_size": [1, 1]},
								"east": {"uv": [16, 7], "uv_size": [1, 1]},
								"south": {"uv": [16, 7], "uv_size": [1, 1]},
								"west": {"uv": [17, 7], "uv_size": [-1, 1]},
								"up": {"uv": [17, 8], "uv_size": [-1, -1]},
								"down": {"uv": [17, 8], "uv_size": [-1, -1]}
							}
						},
						{
							"origin": [-0.8, 39, -5],
							"size": [1.6, 1, 1],
							"pivot": [0.5, 24, 11],
							"rotation": [45, 0, 0],
							"uv": {
								"north": {"uv": [15, 8], "uv_size": [1, 1]},
								"east": {"uv": [15, 8], "uv_size": [1, 1]},
								"south": {"uv": [15, 8], "uv_size": [1, 1]},
								"west": {"uv": [16, 8], "uv_size": [-1, 1]},
								"up": {"uv": [16, 9], "uv_size": [-1, -1]},
								"down": {"uv": [16, 9], "uv_size": [-1, -1]}
							}
						},
						{
							"origin": [-0.8, 38, -3],
							"size": [1.6, 1, 1],
							"pivot": [0.5, 24, 11],
							"rotation": [45, 0, 0],
							"uv": {
								"north": {"uv": [13, 9], "uv_size": [1, 1]},
								"east": {"uv": [13, 9], "uv_size": [1, 1]},
								"south": {"uv": [13, 9], "uv_size": [1, 1]},
								"west": {"uv": [14, 9], "uv_size": [-1, 1]},
								"up": {"uv": [14, 10], "uv_size": [-1, -1]},
								"down": {"uv": [14, 10], "uv_size": [-1, -1]}
							}
						},
						{
							"origin": [-0.8, 38, -4],
							"size": [1.6, 1, 1],
							"pivot": [0.5, 24, 11],
							"rotation": [45, 0, 0],
							"uv": {
								"north": {"uv": [14, 9], "uv_size": [1, 1]},
								"east": {"uv": [14, 9], "uv_size": [1, 1]},
								"south": {"uv": [14, 9], "uv_size": [1, 1]},
								"west": {"uv": [15, 9], "uv_size": [-1, 1]},
								"up": {"uv": [15, 10], "uv_size": [-1, -1]},
								"down": {"uv": [15, 10], "uv_size": [-1, -1]}
							}
						},
						{
							"origin": [-0.8, 37, -2],
							"size": [1.6, 1, 1],
							"pivot": [0.5, 24, 11],
							"rotation": [45, 0, 0],
							"uv": {
								"north": {"uv": [12, 10], "uv_size": [1, 1]},
								"east": {"uv": [12, 10], "uv_size": [1, 1]},
								"south": {"uv": [12, 10], "uv_size": [1, 1]},
								"west": {"uv": [13, 10], "uv_size": [-1, 1]},
								"up": {"uv": [13, 11], "uv_size": [-1, -1]},
								"down": {"uv": [13, 11], "uv_size": [-1, -1]}
							}
						},
						{
							"origin": [-0.8, 37, -3],
							"size": [1.6, 1, 1],
							"pivot": [0.5, 24, 11],
							"rotation": [45, 0, 0],
							"uv": {
								"north": {"uv": [13, 10], "uv_size": [1, 1]},
								"east": {"uv": [13, 10], "uv_size": [1, 1]},
								"south": {"uv": [13, 10], "uv_size": [1, 1]},
								"west": {"uv": [14, 10], "uv_size": [-1, 1]},
								"up": {"uv": [14, 11], "uv_size": [-1, -1]},
								"down": {"uv": [14, 11], "uv_size": [-1, -1]}
							}
						},
						{
							"origin": [-0.8, 36, -1],
							"size": [1.6, 1, 1],
							"pivot": [0.5, 24, 11],
							"rotation": [45, 0, 0],
							"uv": {
								"north": {"uv": [11, 11], "uv_size": [1, 1]},
								"east": {"uv": [11, 11], "uv_size": [1, 1]},
								"south": {"uv": [11, 11], "uv_size": [1, 1]},
								"west": {"uv": [12, 11], "uv_size": [-1, 1]},
								"up": {"uv": [12, 12], "uv_size": [-1, -1]},
								"down": {"uv": [12, 12], "uv_size": [-1, -1]}
							}
						},
						{
							"origin": [-0.8, 35, 0],
							"size": [1.6, 1, 1],
							"pivot": [0.5, 24, 11],
							"rotation": [45, 0, 0],
							"uv": {
								"north": {"uv": [10, 12], "uv_size": [1, 1]},
								"east": {"uv": [10, 12], "uv_size": [1, 1]},
								"south": {"uv": [10, 12], "uv_size": [1, 1]},
								"west": {"uv": [11, 12], "uv_size": [-1, 1]},
								"up": {"uv": [11, 13], "uv_size": [-1, -1]},
								"down": {"uv": [11, 13], "uv_size": [-1, -1]}
							}
						},
						{
							"origin": [-0.8, 35, -1],
							"size": [1.6, 1, 1],
							"pivot": [0.5, 24, 11],
							"rotation": [45, 0, 0],
							"uv": {
								"north": {"uv": [11, 12], "uv_size": [1, 1]},
								"east": {"uv": [11, 12], "uv_size": [1, 1]},
								"south": {"uv": [11, 12], "uv_size": [1, 1]},
								"west": {"uv": [12, 12], "uv_size": [-1, 1]},
								"up": {"uv": [12, 13], "uv_size": [-1, -1]},
								"down": {"uv": [12, 13], "uv_size": [-1, -1]}
							}
						},
						{
							"origin": [-0.8, 34, 1],
							"size": [1.6, 1, 1],
							"pivot": [0.5, 24, 11],
							"rotation": [45, 0, 0],
							"uv": {
								"north": {"uv": [9, 13], "uv_size": [1, 1]},
								"east": {"uv": [9, 13], "uv_size": [1, 1]},
								"south": {"uv": [9, 13], "uv_size": [1, 1]},
								"west": {"uv": [10, 13], "uv_size": [-1, 1]},
								"up": {"uv": [10, 14], "uv_size": [-1, -1]},
								"down": {"uv": [10, 14], "uv_size": [-1, -1]}
							}
						},
						{
							"origin": [-0.8, 34, 0],
							"size": [1.6, 1, 1],
							"pivot": [0.5, 24, 11],
							"rotation": [45, 0, 0],
							"uv": {
								"north": {"uv": [10, 13], "uv_size": [1, 1]},
								"east": {"uv": [10, 13], "uv_size": [1, 1]},
								"south": {"uv": [10, 13], "uv_size": [1, 1]},
								"west": {"uv": [11, 13], "uv_size": [-1, 1]},
								"up": {"uv": [11, 14], "uv_size": [-1, -1]},
								"down": {"uv": [11, 14], "uv_size": [-1, -1]}
							}
						},
						{
							"origin": [-0.8, 34, -1],
							"size": [1.6, 1, 1],
							"pivot": [0.5, 24, 11],
							"rotation": [45, 0, 0],
							"uv": {
								"north": {"uv": [11, 13], "uv_size": [1, 1]},
								"east": {"uv": [11, 13], "uv_size": [1, 1]},
								"south": {"uv": [11, 13], "uv_size": [1, 1]},
								"west": {"uv": [12, 13], "uv_size": [-1, 1]},
								"up": {"uv": [12, 14], "uv_size": [-1, -1]},
								"down": {"uv": [12, 14], "uv_size": [-1, -1]}
							}
						},
						{
							"origin": [-0.8, 33, 2],
							"size": [1.6, 1, 1],
							"pivot": [0.5, 24, 11],
							"rotation": [45, 0, 0],
							"uv": {
								"north": {"uv": [8, 14], "uv_size": [1, 1]},
								"east": {"uv": [8, 14], "uv_size": [1, 1]},
								"south": {"uv": [8, 14], "uv_size": [1, 1]},
								"west": {"uv": [9, 14], "uv_size": [-1, 1]},
								"up": {"uv": [9, 15], "uv_size": [-1, -1]},
								"down": {"uv": [9, 15], "uv_size": [-1, -1]}
							}
						},
						{
							"origin": [-0.8, 33, 1],
							"size": [1.6, 1, 1],
							"pivot": [0.5, 24, 11],
							"rotation": [45, 0, 0],
							"uv": {
								"north": {"uv": [9, 14], "uv_size": [1, 1]},
								"east": {"uv": [9, 14], "uv_size": [1, 1]},
								"south": {"uv": [9, 14], "uv_size": [1, 1]},
								"west": {"uv": [10, 14], "uv_size": [-1, 1]},
								"up": {"uv": [10, 15], "uv_size": [-1, -1]},
								"down": {"uv": [10, 15], "uv_size": [-1, -1]}
							}
						},
						{
							"origin": [-0.8, 33, -2],
							"size": [1.6, 1, 1],
							"pivot": [0.5, 24, 11],
							"rotation": [45, 0, 0],
							"uv": {
								"north": {"uv": [12, 14], "uv_size": [1, 1]},
								"east": {"uv": [12, 14], "uv_size": [1, 1]},
								"south": {"uv": [12, 14], "uv_size": [1, 1]},
								"west": {"uv": [13, 14], "uv_size": [-1, 1]},
								"up": {"uv": [13, 15], "uv_size": [-1, -1]},
								"down": {"uv": [13, 15], "uv_size": [-1, -1]}
							}
						},
						{
							"origin": [-0.8, 32, 3],
							"size": [1.6, 1, 1],
							"pivot": [0.5, 24, 11],
							"rotation": [45, 0, 0],
							"uv": {
								"north": {"uv": [7, 15], "uv_size": [1, 1]},
								"east": {"uv": [7, 15], "uv_size": [1, 1]},
								"south": {"uv": [7, 15], "uv_size": [1, 1]},
								"west": {"uv": [8, 15], "uv_size": [-1, 1]},
								"up": {"uv": [8, 16], "uv_size": [-1, -1]},
								"down": {"uv": [8, 16], "uv_size": [-1, -1]}
							}
						},
						{
							"origin": [-0.8, 32, 2],
							"size": [1.6, 1, 1],
							"pivot": [0.5, 24, 11],
							"rotation": [45, 0, 0],
							"uv": {
								"north": {"uv": [8, 15], "uv_size": [1, 1]},
								"east": {"uv": [8, 15], "uv_size": [1, 1]},
								"south": {"uv": [8, 15], "uv_size": [1, 1]},
								"west": {"uv": [9, 15], "uv_size": [-1, 1]},
								"up": {"uv": [9, 16], "uv_size": [-1, -1]},
								"down": {"uv": [9, 16], "uv_size": [-1, -1]}
							}
						},
						{
							"origin": [-0.8, 32, -3],
							"size": [1.6, 1, 1],
							"pivot": [0.5, 24, 11],
							"rotation": [45, 0, 0],
							"uv": {
								"north": {"uv": [13, 15], "uv_size": [1, 1]},
								"east": {"uv": [13, 15], "uv_size": [1, 1]},
								"south": {"uv": [13, 15], "uv_size": [1, 1]},
								"west": {"uv": [14, 15], "uv_size": [-1, 1]},
								"up": {"uv": [14, 16], "uv_size": [-1, -1]},
								"down": {"uv": [14, 16], "uv_size": [-1, -1]}
							}
						},
						{
							"origin": [-0.8, 31, 4],
							"size": [1.6, 1, 1],
							"pivot": [0.5, 24, 11],
							"rotation": [45, 0, 0],
							"uv": {
								"north": {"uv": [6, 16], "uv_size": [1, 1]},
								"east": {"uv": [6, 16], "uv_size": [1, 1]},
								"south": {"uv": [6, 16], "uv_size": [1, 1]},
								"west": {"uv": [7, 16], "uv_size": [-1, 1]},
								"up": {"uv": [7, 17], "uv_size": [-1, -1]},
								"down": {"uv": [7, 17], "uv_size": [-1, -1]}
							}
						},
						{
							"origin": [-0.8, 31, 3],
							"size": [1.6, 1, 1],
							"pivot": [0.5, 24, 11],
							"rotation": [45, 0, 0],
							"uv": {
								"north": {"uv": [7, 16], "uv_size": [1, 1]},
								"east": {"uv": [7, 16], "uv_size": [1, 1]},
								"south": {"uv": [7, 16], "uv_size": [1, 1]},
								"west": {"uv": [8, 16], "uv_size": [-1, 1]},
								"up": {"uv": [8, 17], "uv_size": [-1, -1]},
								"down": {"uv": [8, 17], "uv_size": [-1, -1]}
							}
						},
						{
							"origin": [-0.8, 30, 3],
							"size": [1.6, 1, 1],
							"pivot": [0.5, 24, 11],
							"rotation": [45, 0, 0],
							"uv": {
								"north": {"uv": [7, 17], "uv_size": [1, 1]},
								"east": {"uv": [7, 17], "uv_size": [1, 1]},
								"south": {"uv": [7, 17], "uv_size": [1, 1]},
								"west": {"uv": [8, 17], "uv_size": [-1, 1]},
								"up": {"uv": [8, 18], "uv_size": [-1, -1]},
								"down": {"uv": [8, 18], "uv_size": [-1, -1]}
							}
						},
						{
							"origin": [-0.8, 29, 2],
							"size": [1.6, 1, 1],
							"pivot": [0.5, 24, 11],
							"rotation": [45, 0, 0],
							"uv": {
								"north": {"uv": [8, 18], "uv_size": [1, 1]},
								"east": {"uv": [8, 18], "uv_size": [1, 1]},
								"south": {"uv": [8, 18], "uv_size": [1, 1]},
								"west": {"uv": [9, 18], "uv_size": [-1, 1]},
								"up": {"uv": [9, 19], "uv_size": [-1, -1]},
								"down": {"uv": [9, 19], "uv_size": [-1, -1]}
							}
						},
						{
							"origin": [-0.8, 28, 6],
							"size": [1.6, 1, 1],
							"pivot": [0.5, 24, 11],
							"rotation": [45, 0, 0],
							"uv": {
								"north": {"uv": [4, 19], "uv_size": [1, 1]},
								"east": {"uv": [4, 19], "uv_size": [1, 1]},
								"south": {"uv": [4, 19], "uv_size": [1, 1]},
								"west": {"uv": [5, 19], "uv_size": [-1, 1]},
								"up": {"uv": [5, 20], "uv_size": [-1, -1]},
								"down": {"uv": [5, 20], "uv_size": [-1, -1]}
							}
						},
						{
							"origin": [-0.8, 27, 7],
							"size": [1.6, 1, 1],
							"pivot": [0.5, 24, 11],
							"rotation": [45, 0, 0],
							"uv": {
								"north": {"uv": [3, 20], "uv_size": [1, 1]},
								"east": {"uv": [3, 20], "uv_size": [1, 1]},
								"south": {"uv": [3, 20], "uv_size": [1, 1]},
								"west": {"uv": [4, 20], "uv_size": [-1, 1]},
								"up": {"uv": [4, 21], "uv_size": [-1, -1]},
								"down": {"uv": [4, 21], "uv_size": [-1, -1]}
							}
						},
						{
							"origin": [-0.7, 45, -11],
							"size": [1.4, 1, 1],
							"pivot": [0.5, 24, 11],
							"rotation": [45, 0, 0],
							"uv": {
								"north": {"uv": [21, 2], "uv_size": [1, 1]},
								"east": {"uv": [21, 2], "uv_size": [1, 1]},
								"south": {"uv": [21, 2], "uv_size": [1, 1]},
								"west": {"uv": [22, 2], "uv_size": [-1, 1]},
								"up": {"uv": [22, 3], "uv_size": [-1, -1]},
								"down": {"uv": [22, 3], "uv_size": [-1, -1]}
							}
						},
						{
							"origin": [-0.7, 44, -10],
							"size": [1.4, 1, 1],
							"pivot": [0.5, 24, 11],
							"rotation": [45, 0, 0],
							"uv": {
								"north": {"uv": [20, 3], "uv_size": [1, 1]},
								"east": {"uv": [20, 3], "uv_size": [1, 1]},
								"south": {"uv": [20, 3], "uv_size": [1, 1]},
								"west": {"uv": [21, 3], "uv_size": [-1, 1]},
								"up": {"uv": [21, 4], "uv_size": [-1, -1]},
								"down": {"uv": [21, 4], "uv_size": [-1, -1]}
							}
						},
						{
							"origin": [-0.7, 43, -8],
							"size": [1.4, 1, 1],
							"pivot": [0.5, 24, 11],
							"rotation": [45, 0, 0],
							"uv": {
								"north": {"uv": [18, 4], "uv_size": [1, 1]},
								"east": {"uv": [18, 4], "uv_size": [1, 1]},
								"south": {"uv": [18, 4], "uv_size": [1, 1]},
								"west": {"uv": [19, 4], "uv_size": [-1, 1]},
								"up": {"uv": [19, 5], "uv_size": [-1, -1]},
								"down": {"uv": [19, 5], "uv_size": [-1, -1]}
							}
						},
						{
							"origin": [-0.7, 43, -9],
							"size": [1.4, 1, 1],
							"pivot": [0.5, 24, 11],
							"rotation": [45, 0, 0],
							"uv": {
								"north": {"uv": [19, 4], "uv_size": [1, 1]},
								"east": {"uv": [19, 4], "uv_size": [1, 1]},
								"south": {"uv": [19, 4], "uv_size": [1, 1]},
								"west": {"uv": [20, 4], "uv_size": [-1, 1]},
								"up": {"uv": [20, 5], "uv_size": [-1, -1]},
								"down": {"uv": [20, 5], "uv_size": [-1, -1]}
							}
						},
						{
							"origin": [-0.7, 42, -7],
							"size": [1.4, 1, 1],
							"pivot": [0.5, 24, 11],
							"rotation": [45, 0, 0],
							"uv": {
								"north": {"uv": [17, 5], "uv_size": [1, 1]},
								"east": {"uv": [17, 5], "uv_size": [1, 1]},
								"south": {"uv": [17, 5], "uv_size": [1, 1]},
								"west": {"uv": [18, 5], "uv_size": [-1, 1]},
								"up": {"uv": [18, 6], "uv_size": [-1, -1]},
								"down": {"uv": [18, 6], "uv_size": [-1, -1]}
							}
						},
						{
							"origin": [-0.7, 41, -6],
							"size": [1.4, 1, 1],
							"pivot": [0.5, 24, 11],
							"rotation": [45, 0, 0],
							"uv": {
								"north": {"uv": [16, 6], "uv_size": [1, 1]},
								"east": {"uv": [16, 6], "uv_size": [1, 1]},
								"south": {"uv": [16, 6], "uv_size": [1, 1]},
								"west": {"uv": [17, 6], "uv_size": [-1, 1]},
								"up": {"uv": [17, 7], "uv_size": [-1, -1]},
								"down": {"uv": [17, 7], "uv_size": [-1, -1]}
							}
						},
						{
							"origin": [-0.7, 40, -5],
							"size": [1.4, 1, 1],
							"pivot": [0.5, 24, 11],
							"rotation": [45, 0, 0],
							"uv": {
								"north": {"uv": [15, 7], "uv_size": [1, 1]},
								"east": {"uv": [15, 7], "uv_size": [1, 1]},
								"south": {"uv": [15, 7], "uv_size": [1, 1]},
								"west": {"uv": [16, 7], "uv_size": [-1, 1]},
								"up": {"uv": [16, 8], "uv_size": [-1, -1]},
								"down": {"uv": [16, 8], "uv_size": [-1, -1]}
							}
						},
						{
							"origin": [-0.7, 39, -3],
							"size": [1.4, 1, 1],
							"pivot": [0.5, 24, 11],
							"rotation": [45, 0, 0],
							"uv": {
								"north": {"uv": [13, 8], "uv_size": [1, 1]},
								"east": {"uv": [13, 8], "uv_size": [1, 1]},
								"south": {"uv": [13, 8], "uv_size": [1, 1]},
								"west": {"uv": [14, 8], "uv_size": [-1, 1]},
								"up": {"uv": [14, 9], "uv_size": [-1, -1]},
								"down": {"uv": [14, 9], "uv_size": [-1, -1]}
							}
						},
						{
							"origin": [-0.7, 39, -4],
							"size": [1.4, 1, 1],
							"pivot": [0.5, 24, 11],
							"rotation": [45, 0, 0],
							"uv": {
								"north": {"uv": [14, 8], "uv_size": [1, 1]},
								"east": {"uv": [14, 8], "uv_size": [1, 1]},
								"south": {"uv": [14, 8], "uv_size": [1, 1]},
								"west": {"uv": [15, 8], "uv_size": [-1, 1]},
								"up": {"uv": [15, 9], "uv_size": [-1, -1]},
								"down": {"uv": [15, 9], "uv_size": [-1, -1]}
							}
						},
						{
							"origin": [-0.7, 38, -2],
							"size": [1.4, 1, 1],
							"pivot": [0.5, 24, 11],
							"rotation": [45, 0, 0],
							"uv": {
								"north": {"uv": [12, 9], "uv_size": [1, 1]},
								"east": {"uv": [12, 9], "uv_size": [1, 1]},
								"south": {"uv": [12, 9], "uv_size": [1, 1]},
								"west": {"uv": [13, 9], "uv_size": [-1, 1]},
								"up": {"uv": [13, 10], "uv_size": [-1, -1]},
								"down": {"uv": [13, 10], "uv_size": [-1, -1]}
							}
						},
						{
							"origin": [-0.7, 37, -1],
							"size": [1.4, 1, 1],
							"pivot": [0.5, 24, 11],
							"rotation": [45, 0, 0],
							"uv": {
								"north": {"uv": [11, 10], "uv_size": [1, 1]},
								"east": {"uv": [11, 10], "uv_size": [1, 1]},
								"south": {"uv": [11, 10], "uv_size": [1, 1]},
								"west": {"uv": [12, 10], "uv_size": [-1, 1]},
								"up": {"uv": [12, 11], "uv_size": [-1, -1]},
								"down": {"uv": [12, 11], "uv_size": [-1, -1]}
							}
						},
						{
							"origin": [-0.7, 36, 0],
							"size": [1.4, 1, 1],
							"pivot": [0.5, 24, 11],
							"rotation": [45, 0, 0],
							"uv": {
								"north": {"uv": [10, 11], "uv_size": [1, 1]},
								"east": {"uv": [10, 11], "uv_size": [1, 1]},
								"south": {"uv": [10, 11], "uv_size": [1, 1]},
								"west": {"uv": [11, 11], "uv_size": [-1, 1]},
								"up": {"uv": [11, 12], "uv_size": [-1, -1]},
								"down": {"uv": [11, 12], "uv_size": [-1, -1]}
							}
						},
						{
							"origin": [-0.7, 36, -2],
							"size": [1.4, 1, 1],
							"pivot": [0.5, 24, 11],
							"rotation": [45, 0, 0],
							"uv": {
								"north": {"uv": [12, 11], "uv_size": [1, 1]},
								"east": {"uv": [12, 11], "uv_size": [1, 1]},
								"south": {"uv": [12, 11], "uv_size": [1, 1]},
								"west": {"uv": [13, 11], "uv_size": [-1, 1]},
								"up": {"uv": [13, 12], "uv_size": [-1, -1]},
								"down": {"uv": [13, 12], "uv_size": [-1, -1]}
							}
						},
						{
							"origin": [-0.7, 35, 1],
							"size": [1.4, 1, 1],
							"pivot": [0.5, 24, 11],
							"rotation": [45, 0, 0],
							"uv": {
								"north": {"uv": [9, 12], "uv_size": [1, 1]},
								"east": {"uv": [9, 12], "uv_size": [1, 1]},
								"south": {"uv": [9, 12], "uv_size": [1, 1]},
								"west": {"uv": [10, 12], "uv_size": [-1, 1]},
								"up": {"uv": [10, 13], "uv_size": [-1, -1]},
								"down": {"uv": [10, 13], "uv_size": [-1, -1]}
							}
						},
						{
							"origin": [-0.7, 34, 2],
							"size": [1.4, 1, 1],
							"pivot": [0.5, 24, 11],
							"rotation": [45, 0, 0],
							"uv": {
								"north": {"uv": [8, 13], "uv_size": [1, 1]},
								"east": {"uv": [8, 13], "uv_size": [1, 1]},
								"south": {"uv": [8, 13], "uv_size": [1, 1]},
								"west": {"uv": [9, 13], "uv_size": [-1, 1]},
								"up": {"uv": [9, 14], "uv_size": [-1, -1]},
								"down": {"uv": [9, 14], "uv_size": [-1, -1]}
							}
						},
						{
							"origin": [-0.7, 33, 3],
							"size": [1.4, 1, 1],
							"pivot": [0.5, 24, 11],
							"rotation": [45, 0, 0],
							"uv": {
								"north": {"uv": [7, 14], "uv_size": [1, 1]},
								"east": {"uv": [7, 14], "uv_size": [1, 1]},
								"south": {"uv": [7, 14], "uv_size": [1, 1]},
								"west": {"uv": [8, 14], "uv_size": [-1, 1]},
								"up": {"uv": [8, 15], "uv_size": [-1, -1]},
								"down": {"uv": [8, 15], "uv_size": [-1, -1]}
							}
						},
						{
							"origin": [-0.7, 33, 0],
							"size": [1.4, 1, 1],
							"pivot": [0.5, 24, 11],
							"rotation": [45, 0, 0],
							"uv": {
								"north": {"uv": [10, 14], "uv_size": [1, 1]},
								"east": {"uv": [10, 14], "uv_size": [1, 1]},
								"south": {"uv": [10, 14], "uv_size": [1, 1]},
								"west": {"uv": [11, 14], "uv_size": [-1, 1]},
								"up": {"uv": [11, 15], "uv_size": [-1, -1]},
								"down": {"uv": [11, 15], "uv_size": [-1, -1]}
							}
						},
						{
							"origin": [-0.7, 33, -1],
							"size": [1.4, 1, 1],
							"pivot": [0.5, 24, 11],
							"rotation": [45, 0, 0],
							"uv": {
								"north": {"uv": [11, 14], "uv_size": [1, 1]},
								"east": {"uv": [11, 14], "uv_size": [1, 1]},
								"south": {"uv": [11, 14], "uv_size": [1, 1]},
								"west": {"uv": [12, 14], "uv_size": [-1, 1]},
								"up": {"uv": [12, 15], "uv_size": [-1, -1]},
								"down": {"uv": [12, 15], "uv_size": [-1, -1]}
							}
						},
						{
							"origin": [-0.7, 32, 4],
							"size": [1.4, 1, 1],
							"pivot": [0.5, 24, 11],
							"rotation": [45, 0, 0],
							"uv": {
								"north": {"uv": [6, 15], "uv_size": [1, 1]},
								"east": {"uv": [6, 15], "uv_size": [1, 1]},
								"south": {"uv": [6, 15], "uv_size": [1, 1]},
								"west": {"uv": [7, 15], "uv_size": [-1, 1]},
								"up": {"uv": [7, 16], "uv_size": [-1, -1]},
								"down": {"uv": [7, 16], "uv_size": [-1, -1]}
							}
						},
						{
							"origin": [-0.7, 32, 1],
							"size": [1.4, 1, 1],
							"pivot": [0.5, 24, 11],
							"rotation": [45, 0, 0],
							"uv": {
								"north": {"uv": [9, 15], "uv_size": [1, 1]},
								"east": {"uv": [9, 15], "uv_size": [1, 1]},
								"south": {"uv": [9, 15], "uv_size": [1, 1]},
								"west": {"uv": [10, 15], "uv_size": [-1, 1]},
								"up": {"uv": [10, 16], "uv_size": [-1, -1]},
								"down": {"uv": [10, 16], "uv_size": [-1, -1]}
							}
						},
						{
							"origin": [-0.7, 32, -2],
							"size": [1.4, 1, 1],
							"pivot": [0.5, 24, 11],
							"rotation": [45, 0, 0],
							"uv": {
								"north": {"uv": [12, 15], "uv_size": [1, 1]},
								"east": {"uv": [12, 15], "uv_size": [1, 1]},
								"south": {"uv": [12, 15], "uv_size": [1, 1]},
								"west": {"uv": [13, 15], "uv_size": [-1, 1]},
								"up": {"uv": [13, 16], "uv_size": [-1, -1]},
								"down": {"uv": [13, 16], "uv_size": [-1, -1]}
							}
						},
						{
							"origin": [-0.7, 31, 5],
							"size": [1.4, 1, 1],
							"pivot": [0.5, 24, 11],
							"rotation": [45, 0, 0],
							"uv": {
								"north": {"uv": [5, 16], "uv_size": [1, 1]},
								"east": {"uv": [5, 16], "uv_size": [1, 1]},
								"south": {"uv": [5, 16], "uv_size": [1, 1]},
								"west": {"uv": [6, 16], "uv_size": [-1, 1]},
								"up": {"uv": [6, 17], "uv_size": [-1, -1]},
								"down": {"uv": [6, 17], "uv_size": [-1, -1]}
							}
						},
						{
							"origin": [-0.7, 31, 2],
							"size": [1.4, 1, 1],
							"pivot": [0.5, 24, 11],
							"rotation": [45, 0, 0],
							"uv": {
								"north": {"uv": [8, 16], "uv_size": [1, 1]},
								"east": {"uv": [8, 16], "uv_size": [1, 1]},
								"south": {"uv": [8, 16], "uv_size": [1, 1]},
								"west": {"uv": [9, 16], "uv_size": [-1, 1]},
								"up": {"uv": [9, 17], "uv_size": [-1, -1]},
								"down": {"uv": [9, 17], "uv_size": [-1, -1]}
							}
						},
						{
							"origin": [-0.7, 31, -3],
							"size": [1.4, 1, 1],
							"pivot": [0.5, 24, 11],
							"rotation": [45, 0, 0],
							"uv": {
								"north": {"uv": [13, 16], "uv_size": [1, 1]},
								"east": {"uv": [13, 16], "uv_size": [1, 1]},
								"south": {"uv": [13, 16], "uv_size": [1, 1]},
								"west": {"uv": [14, 16], "uv_size": [-1, 1]},
								"up": {"uv": [14, 17], "uv_size": [-1, -1]},
								"down": {"uv": [14, 17], "uv_size": [-1, -1]}
							}
						},
						{
							"origin": [-0.7, 31, -4],
							"size": [1.4, 1, 1],
							"pivot": [0.5, 24, 11],
							"rotation": [45, 0, 0],
							"uv": {
								"north": {"uv": [14, 16], "uv_size": [1, 1]},
								"east": {"uv": [14, 16], "uv_size": [1, 1]},
								"south": {"uv": [14, 16], "uv_size": [1, 1]},
								"west": {"uv": [15, 16], "uv_size": [-1, 1]},
								"up": {"uv": [15, 17], "uv_size": [-1, -1]},
								"down": {"uv": [15, 17], "uv_size": [-1, -1]}
							}
						},
						{
							"origin": [-0.7, 31, -5],
							"size": [1.4, 1, 1],
							"pivot": [0.5, 24, 11],
							"rotation": [45, 0, 0],
							"uv": {
								"north": {"uv": [15, 16], "uv_size": [1, 1]},
								"east": {"uv": [15, 16], "uv_size": [1, 1]},
								"south": {"uv": [15, 16], "uv_size": [1, 1]},
								"west": {"uv": [16, 16], "uv_size": [-1, 1]},
								"up": {"uv": [16, 17], "uv_size": [-1, -1]},
								"down": {"uv": [16, 17], "uv_size": [-1, -1]}
							}
						},
						{
							"origin": [-0.7, 30, 5],
							"size": [1.4, 1, 1],
							"pivot": [0.5, 24, 11],
							"rotation": [45, 0, 0],
							"uv": {
								"north": {"uv": [5, 17], "uv_size": [1, 1]},
								"east": {"uv": [5, 17], "uv_size": [1, 1]},
								"south": {"uv": [5, 17], "uv_size": [1, 1]},
								"west": {"uv": [6, 17], "uv_size": [-1, 1]},
								"up": {"uv": [6, 18], "uv_size": [-1, -1]},
								"down": {"uv": [6, 18], "uv_size": [-1, -1]}
							}
						},
						{
							"origin": [-0.7, 30, 4],
							"size": [1.4, 1, 1],
							"pivot": [0.5, 24, 11],
							"rotation": [45, 0, 0],
							"uv": {
								"north": {"uv": [6, 17], "uv_size": [1, 1]},
								"east": {"uv": [6, 17], "uv_size": [1, 1]},
								"south": {"uv": [6, 17], "uv_size": [1, 1]},
								"west": {"uv": [7, 17], "uv_size": [-1, 1]},
								"up": {"uv": [7, 18], "uv_size": [-1, -1]},
								"down": {"uv": [7, 18], "uv_size": [-1, -1]}
							}
						},
						{
							"origin": [-0.7, 29, 6],
							"size": [1.4, 1, 1],
							"pivot": [0.5, 24, 11],
							"rotation": [45, 0, 0],
							"uv": {
								"north": {"uv": [4, 18], "uv_size": [1, 1]},
								"east": {"uv": [4, 18], "uv_size": [1, 1]},
								"south": {"uv": [4, 18], "uv_size": [1, 1]},
								"west": {"uv": [5, 18], "uv_size": [-1, 1]},
								"up": {"uv": [5, 19], "uv_size": [-1, -1]},
								"down": {"uv": [5, 19], "uv_size": [-1, -1]}
							}
						},
						{
							"origin": [-0.7, 29, 3],
							"size": [1.4, 1, 1],
							"pivot": [0.5, 24, 11],
							"rotation": [45, 0, 0],
							"uv": {
								"north": {"uv": [7, 18], "uv_size": [1, 1]},
								"east": {"uv": [7, 18], "uv_size": [1, 1]},
								"south": {"uv": [7, 18], "uv_size": [1, 1]},
								"west": {"uv": [8, 18], "uv_size": [-1, 1]},
								"up": {"uv": [8, 19], "uv_size": [-1, -1]},
								"down": {"uv": [8, 19], "uv_size": [-1, -1]}
							}
						},
						{
							"origin": [-0.7, 28, 7],
							"size": [1.4, 1, 1],
							"pivot": [0.5, 24, 11],
							"rotation": [45, 0, 0],
							"uv": {
								"north": {"uv": [3, 19], "uv_size": [1, 1]},
								"east": {"uv": [3, 19], "uv_size": [1, 1]},
								"south": {"uv": [3, 19], "uv_size": [1, 1]},
								"west": {"uv": [4, 19], "uv_size": [-1, 1]},
								"up": {"uv": [4, 20], "uv_size": [-1, -1]},
								"down": {"uv": [4, 20], "uv_size": [-1, -1]}
							}
						},
						{
							"origin": [-0.7, 28, 2],
							"size": [1.4, 1, 1],
							"pivot": [0.5, 24, 11],
							"rotation": [45, 0, 0],
							"uv": {
								"north": {"uv": [8, 19], "uv_size": [1, 1]},
								"east": {"uv": [8, 19], "uv_size": [1, 1]},
								"south": {"uv": [8, 19], "uv_size": [1, 1]},
								"west": {"uv": [9, 19], "uv_size": [-1, 1]},
								"up": {"uv": [9, 20], "uv_size": [-1, -1]},
								"down": {"uv": [9, 20], "uv_size": [-1, -1]}
							}
						},
						{
							"origin": [-0.7, 27, 8],
							"size": [1.4, 1, 1],
							"pivot": [0.5, 24, 11],
							"rotation": [45, 0, 0],
							"uv": {
								"north": {"uv": [2, 20], "uv_size": [1, 1]},
								"east": {"uv": [2, 20], "uv_size": [1, 1]},
								"south": {"uv": [2, 20], "uv_size": [1, 1]},
								"west": {"uv": [3, 20], "uv_size": [-1, 1]},
								"up": {"uv": [3, 21], "uv_size": [-1, -1]},
								"down": {"uv": [3, 21], "uv_size": [-1, -1]}
							}
						},
						{
							"origin": [-0.7, 27, 2],
							"size": [1.4, 1, 1],
							"pivot": [0.5, 24, 11],
							"rotation": [45, 0, 0],
							"uv": {
								"north": {"uv": [8, 20], "uv_size": [1, 1]},
								"east": {"uv": [8, 20], "uv_size": [1, 1]},
								"south": {"uv": [8, 20], "uv_size": [1, 1]},
								"west": {"uv": [9, 20], "uv_size": [-1, 1]},
								"up": {"uv": [9, 21], "uv_size": [-1, -1]},
								"down": {"uv": [9, 21], "uv_size": [-1, -1]}
							}
						},
						{
							"origin": [-0.7, 26, 7],
							"size": [1.4, 1, 1],
							"pivot": [0.5, 24, 11],
							"rotation": [45, 0, 0],
							"uv": {
								"north": {"uv": [3, 21], "uv_size": [1, 1]},
								"east": {"uv": [3, 21], "uv_size": [1, 1]},
								"south": {"uv": [3, 21], "uv_size": [1, 1]},
								"west": {"uv": [4, 21], "uv_size": [-1, 1]},
								"up": {"uv": [4, 22], "uv_size": [-1, -1]},
								"down": {"uv": [4, 22], "uv_size": [-1, -1]}
							}
						},
						{
							"origin": [-0.5, 25, 7],
							"size": [1, 1, 1],
							"pivot": [0.5, 24, 11],
							"rotation": [45, 0, 0],
							"uv": {
								"north": {"uv": [3, 22], "uv_size": [1, 1]},
								"east": {"uv": [3, 22], "uv_size": [1, 1]},
								"south": {"uv": [3, 22], "uv_size": [1, 1]},
								"west": {"uv": [4, 22], "uv_size": [-1, 1]},
								"up": {"uv": [4, 23], "uv_size": [-1, -1]},
								"down": {"uv": [4, 23], "uv_size": [-1, -1]}
							}
						},
						{
							"origin": [-0.5, 26, 1],
							"size": [1, 1, 1],
							"pivot": [0.5, 24, 11],
							"rotation": [45, 0, 0],
							"uv": {
								"north": {"uv": [9, 21], "uv_size": [1, 1]},
								"east": {"uv": [9, 21], "uv_size": [1, 1]},
								"south": {"uv": [9, 21], "uv_size": [1, 1]},
								"west": {"uv": [10, 21], "uv_size": [-1, 1]},
								"up": {"uv": [10, 22], "uv_size": [-1, -1]},
								"down": {"uv": [10, 22], "uv_size": [-1, -1]}
							}
						},
						{
							"origin": [-0.5, 26, 2],
							"size": [1, 1, 1],
							"pivot": [0.5, 24, 11],
							"rotation": [45, 0, 0],
							"uv": {
								"north": {"uv": [8, 21], "uv_size": [1, 1]},
								"east": {"uv": [8, 21], "uv_size": [1, 1]},
								"south": {"uv": [8, 21], "uv_size": [1, 1]},
								"west": {"uv": [9, 21], "uv_size": [-1, 1]},
								"up": {"uv": [9, 22], "uv_size": [-1, -1]},
								"down": {"uv": [9, 22], "uv_size": [-1, -1]}
							}
						},
						{
							"origin": [-0.5, 26, 6],
							"size": [1, 1, 1],
							"pivot": [0.5, 24, 11],
							"rotation": [45, 0, 0],
							"uv": {
								"north": {"uv": [4, 21], "uv_size": [1, 1]},
								"east": {"uv": [4, 21], "uv_size": [1, 1]},
								"south": {"uv": [4, 21], "uv_size": [1, 1]},
								"west": {"uv": [5, 21], "uv_size": [-1, 1]},
								"up": {"uv": [5, 22], "uv_size": [-1, -1]},
								"down": {"uv": [5, 22], "uv_size": [-1, -1]}
							}
						},
						{
							"origin": [-0.5, 26, 8],
							"size": [1, 1, 1],
							"pivot": [0.5, 24, 11],
							"rotation": [45, 0, 0],
							"uv": {
								"north": {"uv": [2, 21], "uv_size": [1, 1]},
								"east": {"uv": [2, 21], "uv_size": [1, 1]},
								"south": {"uv": [2, 21], "uv_size": [1, 1]},
								"west": {"uv": [3, 21], "uv_size": [-1, 1]},
								"up": {"uv": [3, 22], "uv_size": [-1, -1]},
								"down": {"uv": [3, 22], "uv_size": [-1, -1]}
							}
						},
						{
							"origin": [-0.5, 27, 1],
							"size": [1, 1, 1],
							"pivot": [0.5, 24, 11],
							"rotation": [45, 0, 0],
							"uv": {
								"north": {"uv": [9, 20], "uv_size": [1, 1]},
								"east": {"uv": [9, 20], "uv_size": [1, 1]},
								"south": {"uv": [9, 20], "uv_size": [1, 1]},
								"west": {"uv": [10, 20], "uv_size": [-1, 1]},
								"up": {"uv": [10, 21], "uv_size": [-1, -1]},
								"down": {"uv": [10, 21], "uv_size": [-1, -1]}
							}
						},
						{
							"origin": [-0.5, 27, 6],
							"size": [1, 1, 1],
							"pivot": [0.5, 24, 11],
							"rotation": [45, 0, 0],
							"uv": {
								"north": {"uv": [4, 20], "uv_size": [1, 1]},
								"east": {"uv": [4, 20], "uv_size": [1, 1]},
								"south": {"uv": [4, 20], "uv_size": [1, 1]},
								"west": {"uv": [5, 20], "uv_size": [-1, 1]},
								"up": {"uv": [5, 21], "uv_size": [-1, -1]},
								"down": {"uv": [5, 21], "uv_size": [-1, -1]}
							}
						},
						{
							"origin": [-0.5, 27, 9],
							"size": [1, 1, 1],
							"pivot": [0.5, 24, 11],
							"rotation": [45, 0, 0],
							"uv": {
								"north": {"uv": [1, 20], "uv_size": [1, 1]},
								"east": {"uv": [1, 20], "uv_size": [1, 1]},
								"south": {"uv": [1, 20], "uv_size": [1, 1]},
								"west": {"uv": [2, 20], "uv_size": [-1, 1]},
								"up": {"uv": [2, 21], "uv_size": [-1, -1]},
								"down": {"uv": [2, 21], "uv_size": [-1, -1]}
							}
						},
						{
							"origin": [-0.5, 28, 1],
							"size": [1, 1, 1],
							"pivot": [0.5, 24, 11],
							"rotation": [45, 0, 0],
							"uv": {
								"north": {"uv": [9, 19], "uv_size": [1, 1]},
								"east": {"uv": [9, 19], "uv_size": [1, 1]},
								"south": {"uv": [9, 19], "uv_size": [1, 1]},
								"west": {"uv": [10, 19], "uv_size": [-1, 1]},
								"up": {"uv": [10, 20], "uv_size": [-1, -1]},
								"down": {"uv": [10, 20], "uv_size": [-1, -1]}
							}
						},
						{
							"origin": [-0.5, 28, 3],
							"size": [1, 1, 1],
							"pivot": [0.5, 24, 11],
							"rotation": [45, 0, 0],
							"uv": {
								"north": {"uv": [7, 19], "uv_size": [1, 1]},
								"east": {"uv": [7, 19], "uv_size": [1, 1]},
								"south": {"uv": [7, 19], "uv_size": [1, 1]},
								"west": {"uv": [8, 19], "uv_size": [-1, 1]},
								"up": {"uv": [8, 20], "uv_size": [-1, -1]},
								"down": {"uv": [8, 20], "uv_size": [-1, -1]}
							}
						},
						{
							"origin": [-0.5, 28, 8],
							"size": [1, 1, 1],
							"pivot": [0.5, 24, 11],
							"rotation": [45, 0, 0],
							"uv": {
								"north": {"uv": [2, 19], "uv_size": [1, 1]},
								"east": {"uv": [2, 19], "uv_size": [1, 1]},
								"south": {"uv": [2, 19], "uv_size": [1, 1]},
								"west": {"uv": [3, 19], "uv_size": [-1, 1]},
								"up": {"uv": [3, 20], "uv_size": [-1, -1]},
								"down": {"uv": [3, 20], "uv_size": [-1, -1]}
							}
						},
						{
							"origin": [-0.5, 29, 1],
							"size": [1, 1, 1],
							"pivot": [0.5, 24, 11],
							"rotation": [45, 0, 0],
							"uv": {
								"north": {"uv": [9, 18], "uv_size": [1, 1]},
								"east": {"uv": [9, 18], "uv_size": [1, 1]},
								"south": {"uv": [9, 18], "uv_size": [1, 1]},
								"west": {"uv": [10, 18], "uv_size": [-1, 1]},
								"up": {"uv": [10, 19], "uv_size": [-1, -1]},
								"down": {"uv": [10, 19], "uv_size": [-1, -1]}
							}
						},
						{
							"origin": [-0.5, 29, 4],
							"size": [1, 1, 1],
							"pivot": [0.5, 24, 11],
							"rotation": [45, 0, 0],
							"uv": {
								"north": {"uv": [6, 18], "uv_size": [1, 1]},
								"east": {"uv": [6, 18], "uv_size": [1, 1]},
								"south": {"uv": [6, 18], "uv_size": [1, 1]},
								"west": {"uv": [7, 18], "uv_size": [-1, 1]},
								"up": {"uv": [7, 19], "uv_size": [-1, -1]},
								"down": {"uv": [7, 19], "uv_size": [-1, -1]}
							}
						},
						{
							"origin": [-0.5, 29, 5],
							"size": [1, 1, 1],
							"pivot": [0.5, 24, 11],
							"rotation": [45, 0, 0],
							"uv": {
								"north": {"uv": [5, 18], "uv_size": [1, 1]},
								"east": {"uv": [5, 18], "uv_size": [1, 1]},
								"south": {"uv": [5, 18], "uv_size": [1, 1]},
								"west": {"uv": [6, 18], "uv_size": [-1, 1]},
								"up": {"uv": [6, 19], "uv_size": [-1, -1]},
								"down": {"uv": [6, 19], "uv_size": [-1, -1]}
							}
						},
						{
							"origin": [-0.5, 29, 7],
							"size": [1, 1, 1],
							"pivot": [0.5, 24, 11],
							"rotation": [45, 0, 0],
							"uv": {
								"north": {"uv": [3, 18], "uv_size": [1, 1]},
								"east": {"uv": [3, 18], "uv_size": [1, 1]},
								"south": {"uv": [3, 18], "uv_size": [1, 1]},
								"west": {"uv": [4, 18], "uv_size": [-1, 1]},
								"up": {"uv": [4, 19], "uv_size": [-1, -1]},
								"down": {"uv": [4, 19], "uv_size": [-1, -1]}
							}
						},
						{
							"origin": [-0.5, 30, -6],
							"size": [1, 1, 1],
							"pivot": [0.5, 24, 11],
							"rotation": [45, 0, 0],
							"uv": {
								"north": {"uv": [16, 17], "uv_size": [1, 1]},
								"east": {"uv": [16, 17], "uv_size": [1, 1]},
								"south": {"uv": [16, 17], "uv_size": [1, 1]},
								"west": {"uv": [17, 17], "uv_size": [-1, 1]},
								"up": {"uv": [17, 18], "uv_size": [-1, -1]},
								"down": {"uv": [17, 18], "uv_size": [-1, -1]}
							}
						},
						{
							"origin": [-0.5, 30, -5],
							"size": [1, 1, 1],
							"pivot": [0.5, 24, 11],
							"rotation": [45, 0, 0],
							"uv": {
								"north": {"uv": [15, 17], "uv_size": [1, 1]},
								"east": {"uv": [15, 17], "uv_size": [1, 1]},
								"south": {"uv": [15, 17], "uv_size": [1, 1]},
								"west": {"uv": [16, 17], "uv_size": [-1, 1]},
								"up": {"uv": [16, 18], "uv_size": [-1, -1]},
								"down": {"uv": [16, 18], "uv_size": [-1, -1]}
							}
						},
						{
							"origin": [-0.5, 30, -4],
							"size": [1, 1, 1],
							"pivot": [0.5, 24, 11],
							"rotation": [45, 0, 0],
							"uv": {
								"north": {"uv": [14, 17], "uv_size": [1, 1]},
								"east": {"uv": [14, 17], "uv_size": [1, 1]},
								"south": {"uv": [14, 17], "uv_size": [1, 1]},
								"west": {"uv": [15, 17], "uv_size": [-1, 1]},
								"up": {"uv": [15, 18], "uv_size": [-1, -1]},
								"down": {"uv": [15, 18], "uv_size": [-1, -1]}
							}
						},
						{
							"origin": [-0.5, 30, -3],
							"size": [1, 1, 1],
							"pivot": [0.5, 24, 11],
							"rotation": [45, 0, 0],
							"uv": {
								"north": {"uv": [13, 17], "uv_size": [1, 1]},
								"east": {"uv": [13, 17], "uv_size": [1, 1]},
								"south": {"uv": [13, 17], "uv_size": [1, 1]},
								"west": {"uv": [14, 17], "uv_size": [-1, 1]},
								"up": {"uv": [14, 18], "uv_size": [-1, -1]},
								"down": {"uv": [14, 18], "uv_size": [-1, -1]}
							}
						},
						{
							"origin": [-0.5, 30, 2],
							"size": [1, 1, 1],
							"pivot": [0.5, 24, 11],
							"rotation": [45, 0, 0],
							"uv": {
								"north": {"uv": [8, 17], "uv_size": [1, 1]},
								"east": {"uv": [8, 17], "uv_size": [1, 1]},
								"south": {"uv": [8, 17], "uv_size": [1, 1]},
								"west": {"uv": [9, 17], "uv_size": [-1, 1]},
								"up": {"uv": [9, 18], "uv_size": [-1, -1]},
								"down": {"uv": [9, 18], "uv_size": [-1, -1]}
							}
						},
						{
							"origin": [-0.5, 30, 6],
							"size": [1, 1, 1],
							"pivot": [0.5, 24, 11],
							"rotation": [45, 0, 0],
							"uv": {
								"north": {"uv": [4, 17], "uv_size": [1, 1]},
								"east": {"uv": [4, 17], "uv_size": [1, 1]},
								"south": {"uv": [4, 17], "uv_size": [1, 1]},
								"west": {"uv": [5, 17], "uv_size": [-1, 1]},
								"up": {"uv": [5, 18], "uv_size": [-1, -1]},
								"down": {"uv": [5, 18], "uv_size": [-1, -1]}
							}
						},
						{
							"origin": [-0.5, 31, -6],
							"size": [1, 1, 1],
							"pivot": [0.5, 24, 11],
							"rotation": [45, 0, 0],
							"uv": {
								"north": {"uv": [16, 16], "uv_size": [1, 1]},
								"east": {"uv": [16, 16], "uv_size": [1, 1]},
								"south": {"uv": [16, 16], "uv_size": [1, 1]},
								"west": {"uv": [17, 16], "uv_size": [-1, 1]},
								"up": {"uv": [17, 17], "uv_size": [-1, -1]},
								"down": {"uv": [17, 17], "uv_size": [-1, -1]}
							}
						},
						{
							"origin": [-0.5, 31, -2],
							"size": [1, 1, 1],
							"pivot": [0.5, 24, 11],
							"rotation": [45, 0, 0],
							"uv": {
								"north": {"uv": [12, 16], "uv_size": [1, 1]},
								"east": {"uv": [12, 16], "uv_size": [1, 1]},
								"south": {"uv": [12, 16], "uv_size": [1, 1]},
								"west": {"uv": [13, 16], "uv_size": [-1, 1]},
								"up": {"uv": [13, 17], "uv_size": [-1, -1]},
								"down": {"uv": [13, 17], "uv_size": [-1, -1]}
							}
						},
						{
							"origin": [-0.5, 31, 0],
							"size": [1, 1, 1],
							"pivot": [0.5, 24, 11],
							"rotation": [45, 0, 0],
							"uv": {
								"north": {"uv": [10, 16], "uv_size": [1, 1]},
								"east": {"uv": [10, 16], "uv_size": [1, 1]},
								"south": {"uv": [10, 16], "uv_size": [1, 1]},
								"west": {"uv": [11, 16], "uv_size": [-1, 1]},
								"up": {"uv": [11, 17], "uv_size": [-1, -1]},
								"down": {"uv": [11, 17], "uv_size": [-1, -1]}
							}
						},
						{
							"origin": [-0.5, 31, 1],
							"size": [1, 1, 1],
							"pivot": [0.5, 24, 11],
							"rotation": [45, 0, 0],
							"uv": {
								"north": {"uv": [9, 16], "uv_size": [1, 1]},
								"east": {"uv": [9, 16], "uv_size": [1, 1]},
								"south": {"uv": [9, 16], "uv_size": [1, 1]},
								"west": {"uv": [10, 16], "uv_size": [-1, 1]},
								"up": {"uv": [10, 17], "uv_size": [-1, -1]},
								"down": {"uv": [10, 17], "uv_size": [-1, -1]}
							}
						},
						{
							"origin": [-0.5, 31, 6],
							"size": [1, 1, 1],
							"pivot": [0.5, 24, 11],
							"rotation": [45, 0, 0],
							"uv": {
								"north": {"uv": [4, 16], "uv_size": [1, 1]},
								"east": {"uv": [4, 16], "uv_size": [1, 1]},
								"south": {"uv": [4, 16], "uv_size": [1, 1]},
								"west": {"uv": [5, 16], "uv_size": [-1, 1]},
								"up": {"uv": [5, 17], "uv_size": [-1, -1]},
								"down": {"uv": [5, 17], "uv_size": [-1, -1]}
							}
						},
						{
							"origin": [-0.5, 32, -5],
							"size": [1, 1, 1],
							"pivot": [0.5, 24, 11],
							"rotation": [45, 0, 0],
							"uv": {
								"north": {"uv": [15, 15], "uv_size": [1, 1]},
								"east": {"uv": [15, 15], "uv_size": [1, 1]},
								"south": {"uv": [15, 15], "uv_size": [1, 1]},
								"west": {"uv": [16, 15], "uv_size": [-1, 1]},
								"up": {"uv": [16, 16], "uv_size": [-1, -1]},
								"down": {"uv": [16, 16], "uv_size": [-1, -1]}
							}
						},
						{
							"origin": [-0.5, 32, -4],
							"size": [1, 1, 1],
							"pivot": [0.5, 24, 11],
							"rotation": [45, 0, 0],
							"uv": {
								"north": {"uv": [14, 15], "uv_size": [1, 1]},
								"east": {"uv": [14, 15], "uv_size": [1, 1]},
								"south": {"uv": [14, 15], "uv_size": [1, 1]},
								"west": {"uv": [15, 15], "uv_size": [-1, 1]},
								"up": {"uv": [15, 16], "uv_size": [-1, -1]},
								"down": {"uv": [15, 16], "uv_size": [-1, -1]}
							}
						},
						{
							"origin": [-0.5, 32, -1],
							"size": [1, 1, 1],
							"pivot": [0.5, 24, 11],
							"rotation": [45, 0, 0],
							"uv": {
								"north": {"uv": [11, 15], "uv_size": [1, 1]},
								"east": {"uv": [11, 15], "uv_size": [1, 1]},
								"south": {"uv": [11, 15], "uv_size": [1, 1]},
								"west": {"uv": [12, 15], "uv_size": [-1, 1]},
								"up": {"uv": [12, 16], "uv_size": [-1, -1]},
								"down": {"uv": [12, 16], "uv_size": [-1, -1]}
							}
						},
						{
							"origin": [-0.5, 32, 5],
							"size": [1, 1, 1],
							"pivot": [0.5, 24, 11],
							"rotation": [45, 0, 0],
							"uv": {
								"north": {"uv": [5, 15], "uv_size": [1, 1]},
								"east": {"uv": [5, 15], "uv_size": [1, 1]},
								"south": {"uv": [5, 15], "uv_size": [1, 1]},
								"west": {"uv": [6, 15], "uv_size": [-1, 1]},
								"up": {"uv": [6, 16], "uv_size": [-1, -1]},
								"down": {"uv": [6, 16], "uv_size": [-1, -1]}
							}
						},
						{
							"origin": [-0.5, 33, -3],
							"size": [1, 1, 1],
							"pivot": [0.5, 24, 11],
							"rotation": [45, 0, 0],
							"uv": {
								"north": {"uv": [13, 14], "uv_size": [1, 1]},
								"east": {"uv": [13, 14], "uv_size": [1, 1]},
								"south": {"uv": [13, 14], "uv_size": [1, 1]},
								"west": {"uv": [14, 14], "uv_size": [-1, 1]},
								"up": {"uv": [14, 15], "uv_size": [-1, -1]},
								"down": {"uv": [14, 15], "uv_size": [-1, -1]}
							}
						},
						{
							"origin": [-0.5, 33, 4],
							"size": [1, 1, 1],
							"pivot": [0.5, 24, 11],
							"rotation": [45, 0, 0],
							"uv": {
								"north": {"uv": [6, 14], "uv_size": [1, 1]},
								"east": {"uv": [6, 14], "uv_size": [1, 1]},
								"south": {"uv": [6, 14], "uv_size": [1, 1]},
								"west": {"uv": [7, 14], "uv_size": [-1, 1]},
								"up": {"uv": [7, 15], "uv_size": [-1, -1]},
								"down": {"uv": [7, 15], "uv_size": [-1, -1]}
							}
						},
						{
							"origin": [-0.5, 34, -2],
							"size": [1, 1, 1],
							"pivot": [0.5, 24, 11],
							"rotation": [45, 0, 0],
							"uv": {
								"north": {"uv": [12, 13], "uv_size": [1, 1]},
								"east": {"uv": [12, 13], "uv_size": [1, 1]},
								"south": {"uv": [12, 13], "uv_size": [1, 1]},
								"west": {"uv": [13, 13], "uv_size": [-1, 1]},
								"up": {"uv": [13, 14], "uv_size": [-1, -1]},
								"down": {"uv": [13, 14], "uv_size": [-1, -1]}
							}
						},
						{
							"origin": [-0.5, 34, 3],
							"size": [1, 1, 1],
							"pivot": [0.5, 24, 11],
							"rotation": [45, 0, 0],
							"uv": {
								"north": {"uv": [7, 13], "uv_size": [1, 1]},
								"east": {"uv": [7, 13], "uv_size": [1, 1]},
								"south": {"uv": [7, 13], "uv_size": [1, 1]},
								"west": {"uv": [8, 13], "uv_size": [-1, 1]},
								"up": {"uv": [8, 14], "uv_size": [-1, -1]},
								"down": {"uv": [8, 14], "uv_size": [-1, -1]}
							}
						},
						{
							"origin": [-0.5, 35, -2],
							"size": [1, 1, 1],
							"pivot": [0.5, 24, 11],
							"rotation": [45, 0, 0],
							"uv": {
								"north": {"uv": [12, 12], "uv_size": [1, 1]},
								"east": {"uv": [12, 12], "uv_size": [1, 1]},
								"south": {"uv": [12, 12], "uv_size": [1, 1]},
								"west": {"uv": [13, 12], "uv_size": [-1, 1]},
								"up": {"uv": [13, 13], "uv_size": [-1, -1]},
								"down": {"uv": [13, 13], "uv_size": [-1, -1]}
							}
						},
						{
							"origin": [-0.5, 35, 2],
							"size": [1, 1, 1],
							"pivot": [0.5, 24, 11],
							"rotation": [45, 0, 0],
							"uv": {
								"north": {"uv": [8, 12], "uv_size": [1, 1]},
								"east": {"uv": [8, 12], "uv_size": [1, 1]},
								"south": {"uv": [8, 12], "uv_size": [1, 1]},
								"west": {"uv": [9, 12], "uv_size": [-1, 1]},
								"up": {"uv": [9, 13], "uv_size": [-1, -1]},
								"down": {"uv": [9, 13], "uv_size": [-1, -1]}
							}
						},
						{
							"origin": [-0.5, 36, -3],
							"size": [1, 1, 1],
							"pivot": [0.5, 24, 11],
							"rotation": [45, 0, 0],
							"uv": {
								"north": {"uv": [13, 11], "uv_size": [1, 1]},
								"east": {"uv": [13, 11], "uv_size": [1, 1]},
								"south": {"uv": [13, 11], "uv_size": [1, 1]},
								"west": {"uv": [14, 11], "uv_size": [-1, 1]},
								"up": {"uv": [14, 12], "uv_size": [-1, -1]},
								"down": {"uv": [14, 12], "uv_size": [-1, -1]}
							}
						},
						{
							"origin": [-0.5, 36, 1],
							"size": [1, 1, 1],
							"pivot": [0.5, 24, 11],
							"rotation": [45, 0, 0],
							"uv": {
								"north": {"uv": [9, 11], "uv_size": [1, 1]},
								"east": {"uv": [9, 11], "uv_size": [1, 1]},
								"south": {"uv": [9, 11], "uv_size": [1, 1]},
								"west": {"uv": [10, 11], "uv_size": [-1, 1]},
								"up": {"uv": [10, 12], "uv_size": [-1, -1]},
								"down": {"uv": [10, 12], "uv_size": [-1, -1]}
							}
						},
						{
							"origin": [-0.5, 37, -4],
							"size": [1, 1, 1],
							"pivot": [0.5, 24, 11],
							"rotation": [45, 0, 0],
							"uv": {
								"north": {"uv": [14, 10], "uv_size": [1, 1]},
								"east": {"uv": [14, 10], "uv_size": [1, 1]},
								"south": {"uv": [14, 10], "uv_size": [1, 1]},
								"west": {"uv": [15, 10], "uv_size": [-1, 1]},
								"up": {"uv": [15, 11], "uv_size": [-1, -1]},
								"down": {"uv": [15, 11], "uv_size": [-1, -1]}
							}
						},
						{
							"origin": [-0.5, 37, 0],
							"size": [1, 1, 1],
							"pivot": [0.5, 24, 11],
							"rotation": [45, 0, 0],
							"uv": {
								"north": {"uv": [10, 10], "uv_size": [1, 1]},
								"east": {"uv": [10, 10], "uv_size": [1, 1]},
								"south": {"uv": [10, 10], "uv_size": [1, 1]},
								"west": {"uv": [11, 10], "uv_size": [-1, 1]},
								"up": {"uv": [11, 11], "uv_size": [-1, -1]},
								"down": {"uv": [11, 11], "uv_size": [-1, -1]}
							}
						},
						{
							"origin": [-0.5, 38, -5],
							"size": [1, 1, 1],
							"pivot": [0.5, 24, 11],
							"rotation": [45, 0, 0],
							"uv": {
								"north": {"uv": [15, 9], "uv_size": [1, 1]},
								"east": {"uv": [15, 9], "uv_size": [1, 1]},
								"south": {"uv": [15, 9], "uv_size": [1, 1]},
								"west": {"uv": [16, 9], "uv_size": [-1, 1]},
								"up": {"uv": [16, 10], "uv_size": [-1, -1]},
								"down": {"uv": [16, 10], "uv_size": [-1, -1]}
							}
						},
						{
							"origin": [-0.5, 38, -1],
							"size": [1, 1, 1],
							"pivot": [0.5, 24, 11],
							"rotation": [45, 0, 0],
							"uv": {
								"north": {"uv": [11, 9], "uv_size": [1, 1]},
								"east": {"uv": [11, 9], "uv_size": [1, 1]},
								"south": {"uv": [11, 9], "uv_size": [1, 1]},
								"west": {"uv": [12, 9], "uv_size": [-1, 1]},
								"up": {"uv": [12, 10], "uv_size": [-1, -1]},
								"down": {"uv": [12, 10], "uv_size": [-1, -1]}
							}
						},
						{
							"origin": [-0.5, 39, -6],
							"size": [1, 1, 1],
							"pivot": [0.5, 24, 11],
							"rotation": [45, 0, 0],
							"uv": {
								"north": {"uv": [16, 8], "uv_size": [1, 1]},
								"east": {"uv": [16, 8], "uv_size": [1, 1]},
								"south": {"uv": [16, 8], "uv_size": [1, 1]},
								"west": {"uv": [17, 8], "uv_size": [-1, 1]},
								"up": {"uv": [17, 9], "uv_size": [-1, -1]},
								"down": {"uv": [17, 9], "uv_size": [-1, -1]}
							}
						},
						{
							"origin": [-0.5, 39, -2],
							"size": [1, 1, 1],
							"pivot": [0.5, 24, 11],
							"rotation": [45, 0, 0],
							"uv": {
								"north": {"uv": [12, 8], "uv_size": [1, 1]},
								"east": {"uv": [12, 8], "uv_size": [1, 1]},
								"south": {"uv": [12, 8], "uv_size": [1, 1]},
								"west": {"uv": [13, 8], "uv_size": [-1, 1]},
								"up": {"uv": [13, 9], "uv_size": [-1, -1]},
								"down": {"uv": [13, 9], "uv_size": [-1, -1]}
							}
						},
						{
							"origin": [-0.5, 40, -7],
							"size": [1, 1, 1],
							"pivot": [0.5, 24, 11],
							"rotation": [45, 0, 0],
							"uv": {
								"north": {"uv": [17, 7], "uv_size": [1, 1]},
								"east": {"uv": [17, 7], "uv_size": [1, 1]},
								"south": {"uv": [17, 7], "uv_size": [1, 1]},
								"west": {"uv": [18, 7], "uv_size": [-1, 1]},
								"up": {"uv": [18, 8], "uv_size": [-1, -1]},
								"down": {"uv": [18, 8], "uv_size": [-1, -1]}
							}
						},
						{
							"origin": [-0.5, 40, -4],
							"size": [1, 1, 1],
							"pivot": [0.5, 24, 11],
							"rotation": [45, 0, 0],
							"uv": {
								"north": {"uv": [14, 7], "uv_size": [1, 1]},
								"east": {"uv": [14, 7], "uv_size": [1, 1]},
								"south": {"uv": [14, 7], "uv_size": [1, 1]},
								"west": {"uv": [15, 7], "uv_size": [-1, 1]},
								"up": {"uv": [15, 8], "uv_size": [-1, -1]},
								"down": {"uv": [15, 8], "uv_size": [-1, -1]}
							}
						},
						{
							"origin": [-0.5, 40, -3],
							"size": [1, 1, 1],
							"pivot": [0.5, 24, 11],
							"rotation": [45, 0, 0],
							"uv": {
								"north": {"uv": [13, 7], "uv_size": [1, 1]},
								"east": {"uv": [13, 7], "uv_size": [1, 1]},
								"south": {"uv": [13, 7], "uv_size": [1, 1]},
								"west": {"uv": [14, 7], "uv_size": [-1, 1]},
								"up": {"uv": [14, 8], "uv_size": [-1, -1]},
								"down": {"uv": [14, 8], "uv_size": [-1, -1]}
							}
						},
						{
							"origin": [-0.5, 41, -8],
							"size": [1, 1, 1],
							"pivot": [0.5, 24, 11],
							"rotation": [45, 0, 0],
							"uv": {
								"north": {"uv": [18, 6], "uv_size": [1, 1]},
								"east": {"uv": [18, 6], "uv_size": [1, 1]},
								"south": {"uv": [18, 6], "uv_size": [1, 1]},
								"west": {"uv": [19, 6], "uv_size": [-1, 1]},
								"up": {"uv": [19, 7], "uv_size": [-1, -1]},
								"down": {"uv": [19, 7], "uv_size": [-1, -1]}
							}
						},
						{
							"origin": [-0.5, 41, -5],
							"size": [1, 1, 1],
							"pivot": [0.5, 24, 11],
							"rotation": [45, 0, 0],
							"uv": {
								"north": {"uv": [15, 6], "uv_size": [1, 1]},
								"east": {"uv": [15, 6], "uv_size": [1, 1]},
								"south": {"uv": [15, 6], "uv_size": [1, 1]},
								"west": {"uv": [16, 6], "uv_size": [-1, 1]},
								"up": {"uv": [16, 7], "uv_size": [-1, -1]},
								"down": {"uv": [16, 7], "uv_size": [-1, -1]}
							}
						},
						{
							"origin": [-0.5, 42, -6],
							"size": [1, 1, 1],
							"pivot": [0.5, 24, 11],
							"rotation": [45, 0, 0],
							"uv": {
								"north": {"uv": [16, 5], "uv_size": [1, 1]},
								"east": {"uv": [16, 5], "uv_size": [1, 1]},
								"south": {"uv": [16, 5], "uv_size": [1, 1]},
								"west": {"uv": [17, 5], "uv_size": [-1, 1]},
								"up": {"uv": [17, 6], "uv_size": [-1, -1]},
								"down": {"uv": [17, 6], "uv_size": [-1, -1]}
							}
						}
					]
				}
			]
		}
	]
}