{
	"format_version": "1.12.0",
	"minecraft:geometry": [
		{
			"description": {
				"identifier": "geometry.lz_ayhyscz",
				"texture_width": 32,
				"texture_height": 16,
				"visible_bounds_width": 5,
				"visible_bounds_height": 5,
				"visible_bounds_offset": [0, 0.5, 0]
			},
			"bones": [
				{
					"name": "body",
					"pivot": [0, 5, -4],
					"cubes": [
						{
							"origin": [-3.5, 1, -6],
							"size": [7, 7, 34],
							"uv": {
								"north": {"uv": [1, 7], "uv_size": [4, 4]},
								"east": {"uv": [0, 5], "uv_size": [32, 3]},
								"south": {"uv": [22, 2], "uv_size": [4, 4]},
								"west": {"uv": [0, 11], "uv_size": [32, 3]},
								"up": {"uv": [10, 16], "uv_size": [-3, -16]},
								"down": {"uv": [10, 16], "uv_size": [-3, -16]}
							}
						}
					]
				},
				{
					"name": "body2",
					"parent": "body",
					"pivot": [0, 5, -4],
					"cubes": [
						{
							"origin": [-3.5, 1, -6],
							"size": [7, 7, 34],
							"uv": {
								"north": {"uv": [1, 7], "uv_size": [4, 4]},
								"east": {"uv": [0, 5], "uv_size": [32, 3]},
								"south": {"uv": [22, 2], "uv_size": [4, 4]},
								"west": {"uv": [0, 11], "uv_size": [32, 3]},
								"up": {"uv": [10, 16], "uv_size": [-3, -16]},
								"down": {"uv": [10, 16], "uv_size": [-3, -16]}
							}
						}
					]
				},
				{
					"name": "body3",
					"parent": "body2",
					"pivot": [0, 5, -4],
					"cubes": [
						{
							"origin": [-3.5, 1, -6],
							"size": [7, 7, 34],
							"uv": {
								"north": {"uv": [1, 7], "uv_size": [4, 4]},
								"east": {"uv": [0, 5], "uv_size": [32, 3]},
								"south": {"uv": [22, 2], "uv_size": [4, 4]},
								"west": {"uv": [0, 11], "uv_size": [32, 3]},
								"up": {"uv": [10, 16], "uv_size": [-3, -16]},
								"down": {"uv": [10, 16], "uv_size": [-3, -16]}
							}
						}
					]
				},
				{
					"name": "body4",
					"parent": "body3",
					"pivot": [0, 5, -4],
					"cubes": [
						{
							"origin": [-3.5, 1, -6],
							"size": [7, 7, 34],
							"uv": {
								"north": {"uv": [1, 7], "uv_size": [4, 4]},
								"east": {"uv": [0, 5], "uv_size": [32, 3]},
								"south": {"uv": [22, 2], "uv_size": [4, 4]},
								"west": {"uv": [0, 11], "uv_size": [32, 3]},
								"up": {"uv": [10, 16], "uv_size": [-3, -16]},
								"down": {"uv": [10, 16], "uv_size": [-3, -16]}
							}
						}
					]
				},
				{
					"name": "body5",
					"parent": "body4",
					"pivot": [0, 5, -4],
					"cubes": [
						{
							"origin": [-3.5, 1, -6],
							"size": [7, 7, 34],
							"uv": {
								"north": {"uv": [1, 7], "uv_size": [4, 4]},
								"east": {"uv": [0, 5], "uv_size": [32, 3]},
								"south": {"uv": [22, 2], "uv_size": [4, 4]},
								"west": {"uv": [0, 11], "uv_size": [32, 3]},
								"up": {"uv": [10, 16], "uv_size": [-3, -16]},
								"down": {"uv": [10, 16], "uv_size": [-3, -16]}
							}
						}
					]
				},
				{
					"name": "body6",
					"parent": "body5",
					"pivot": [0, 5, -4],
					"cubes": [
						{
							"origin": [-3.5, 1, -6],
							"size": [7, 7, 34],
							"uv": {
								"north": {"uv": [1, 7], "uv_size": [4, 4]},
								"east": {"uv": [0, 5], "uv_size": [32, 3]},
								"south": {"uv": [22, 2], "uv_size": [4, 4]},
								"west": {"uv": [0, 11], "uv_size": [32, 3]},
								"up": {"uv": [10, 16], "uv_size": [-3, -16]},
								"down": {"uv": [10, 16], "uv_size": [-3, -16]}
							}
						}
					]
				},
				{
					"name": "body7",
					"parent": "body6",
					"pivot": [0, 5, -4],
					"cubes": [
						{
							"origin": [-3.5, 1, -6],
							"size": [7, 7, 34],
							"uv": {
								"north": {"uv": [1, 7], "uv_size": [4, 4]},
								"east": {"uv": [0, 5], "uv_size": [32, 3]},
								"south": {"uv": [22, 2], "uv_size": [4, 4]},
								"west": {"uv": [0, 11], "uv_size": [32, 3]},
								"up": {"uv": [10, 16], "uv_size": [-3, -16]},
								"down": {"uv": [10, 16], "uv_size": [-3, -16]}
							}
						}
					]
				},
				{
					"name": "body8",
					"parent": "body7",
					"pivot": [0, 5, -4],
					"cubes": [
						{
							"origin": [-3.5, 1, -6],
							"size": [7, 7, 34],
							"uv": {
								"north": {"uv": [1, 7], "uv_size": [4, 4]},
								"east": {"uv": [0, 5], "uv_size": [32, 3]},
								"south": {"uv": [22, 2], "uv_size": [4, 4]},
								"west": {"uv": [0, 11], "uv_size": [32, 3]},
								"up": {"uv": [10, 16], "uv_size": [-3, -16]},
								"down": {"uv": [10, 16], "uv_size": [-3, -16]}
							}
						}
					]
				},
				{
					"name": "body9",
					"parent": "body8",
					"pivot": [0, 5, -4],
					"cubes": [
						{
							"origin": [-3.5, 1, -6],
							"size": [7, 7, 34],
							"uv": {
								"north": {"uv": [1, 7], "uv_size": [4, 4]},
								"east": {"uv": [0, 5], "uv_size": [32, 3]},
								"south": {"uv": [22, 2], "uv_size": [4, 4]},
								"west": {"uv": [0, 11], "uv_size": [32, 3]},
								"up": {"uv": [10, 16], "uv_size": [-3, -16]},
								"down": {"uv": [10, 16], "uv_size": [-3, -16]}
							}
						}
					]
				},
				{
					"name": "body10",
					"parent": "body9",
					"pivot": [0, 5, -4],
					"cubes": [
						{
							"origin": [-3.5, 1, -6],
							"size": [7, 7, 34],
							"uv": {
								"north": {"uv": [1, 7], "uv_size": [4, 4]},
								"east": {"uv": [0, 5], "uv_size": [32, 3]},
								"south": {"uv": [22, 2], "uv_size": [4, 4]},
								"west": {"uv": [0, 11], "uv_size": [32, 3]},
								"up": {"uv": [10, 16], "uv_size": [-3, -16]},
								"down": {"uv": [10, 16], "uv_size": [-3, -16]}
							}
						}
					]
				}
			]
		}
	]
}