{
	"format_version": "1.16.0",
	"minecraft:geometry": [
		{
			"description": {
				"identifier": "geometry.lz_ayhys",
				"texture_width": 32,
				"texture_height": 16,
				"visible_bounds_width": 4,
				"visible_bounds_height": 5,
				"visible_bounds_offset": [0, 0.5, 0]
			},
			"bones": [
				{
					"name": "rightitem",
					"pivot": [-1, 21, 1],
					"binding": "q.item_slot_to_bone_name(c.item_slot)"
				},
				{
					"name": "ayhys1",
					"parent": "rightitem",
					"pivot": [-1, 20, 3],
					"cubes": [
						{
							"origin": [-2, 21, -37],
							"size": [3, 3, 34],
							"pivot": [-1, 20, 3],
							"rotation": [-7.5, 0, 0],
							"uv": {
								"north": {"uv": [1, 7], "uv_size": [4, 4]},
								"east": {"uv": [0, 5], "uv_size": [32, 3]},
								"south": {"uv": [22, 2], "uv_size": [4, 4]},
								"west": {"uv": [0, 11], "uv_size": [32, 3]},
								"up": {"uv": [10, 16], "uv_size": [-3, -16]},
								"down": {"uv": [10, 16], "uv_size": [-3, -16]}
							}
						}
					]
				},
				{
					"name": "ayhys2",
					"parent": "rightitem",
					"pivot": [-1, 20, 3],
					"cubes": [
						{
							"origin": [-1, 22, -28],
							"size": [3, 3, 25],
							"pivot": [-1, 20, 3],
							"rotation": [3.17554, 12.79192, 4.32818],
							"uv": {
								"north": {"uv": [1, 7], "uv_size": [4, 4]},
								"east": {"uv": [0, 5], "uv_size": [32, 3]},
								"south": {"uv": [22, 2], "uv_size": [4, 4]},
								"west": {"uv": [0, 11], "uv_size": [32, 3]},
								"up": {"uv": [10, 16], "uv_size": [-3, -16]},
								"down": {"uv": [10, 16], "uv_size": [-3, -16]}
							}
						}
					]
				},
				{
					"name": "ayhys3",
					"parent": "rightitem",
					"pivot": [-1, 20, 3],
					"cubes": [
						{
							"origin": [-2, 20, -30],
							"size": [3, 3, 25],
							"pivot": [-1, 20, 3],
							"rotation": [-20, 0, 0],
							"uv": {
								"north": {"uv": [1, 7], "uv_size": [4, 4]},
								"east": {"uv": [0, 5], "uv_size": [32, 3]},
								"south": {"uv": [22, 2], "uv_size": [4, 4]},
								"west": {"uv": [0, 11], "uv_size": [32, 3]},
								"up": {"uv": [10, 16], "uv_size": [-3, -16]},
								"down": {"uv": [10, 16], "uv_size": [-3, -16]}
							}
						}
					]
				},
				{
					"name": "ayhys4",
					"parent": "rightitem",
					"pivot": [-1, 20, 3],
					"cubes": [
						{
							"origin": [-5, 17, -28],
							"size": [3, 3, 25],
							"pivot": [-1, 20, 3],
							"rotation": [-17.3754, -0.1085, 88.9976],
							"uv": {
								"north": {"uv": [1, 7], "uv_size": [4, 4]},
								"east": {"uv": [0, 5], "uv_size": [32, 3]},
								"south": {"uv": [22, 2], "uv_size": [4, 4]},
								"west": {"uv": [0, 11], "uv_size": [32, 3]},
								"up": {"uv": [10, 16], "uv_size": [-3, -16]},
								"down": {"uv": [10, 16], "uv_size": [-3, -16]}
							}
						}
					]
				},
				{
					"name": "ayhysa",
					"parent": "rightitem",
					"pivot": [-1, 20, 3],
					"cubes": [
						{
							"origin": [-2, 21, -37],
							"size": [3, 3, 34],
							"pivot": [-1, 20, 3],
							"rotation": [-7.5, 0, 0],
							"uv": {
								"north": {"uv": [1, 7], "uv_size": [4, 4]},
								"east": {"uv": [0, 5], "uv_size": [32, 3]},
								"south": {"uv": [22, 2], "uv_size": [4, 4]},
								"west": {"uv": [0, 11], "uv_size": [32, 3]},
								"up": {"uv": [10, 16], "uv_size": [-3, -16]},
								"down": {"uv": [10, 16], "uv_size": [-3, -16]}
							}
						}
					]
				},
				{
					"name": "ayhysb",
					"parent": "rightitem",
					"pivot": [-1, 20, 3],
					"cubes": [
						{
							"origin": [-1, 22, -28],
							"size": [3, 3, 25],
							"pivot": [-1, 20, 3],
							"rotation": [3.17554, 12.79192, 4.32818],
							"uv": {
								"north": {"uv": [1, 7], "uv_size": [4, 4]},
								"east": {"uv": [0, 5], "uv_size": [32, 3]},
								"south": {"uv": [22, 2], "uv_size": [4, 4]},
								"west": {"uv": [0, 11], "uv_size": [32, 3]},
								"up": {"uv": [10, 16], "uv_size": [-3, -16]},
								"down": {"uv": [10, 16], "uv_size": [-3, -16]}
							}
						}
					]
				},
				{
					"name": "ayhysc",
					"parent": "rightitem",
					"pivot": [-1, 20, 3],
					"cubes": [
						{
							"origin": [-2, 20, -30],
							"size": [3, 3, 25],
							"pivot": [-1, 20, 3],
							"rotation": [-20, 0, 0],
							"uv": {
								"north": {"uv": [1, 7], "uv_size": [4, 4]},
								"east": {"uv": [0, 5], "uv_size": [32, 3]},
								"south": {"uv": [22, 2], "uv_size": [4, 4]},
								"west": {"uv": [0, 11], "uv_size": [32, 3]},
								"up": {"uv": [10, 16], "uv_size": [-3, -16]},
								"down": {"uv": [10, 16], "uv_size": [-3, -16]}
							}
						}
					]
				},
				{
					"name": "ayhysd",
					"parent": "rightitem",
					"pivot": [-1, 20, 3],
					"cubes": [
						{
							"origin": [-5, 17, -28],
							"size": [3, 3, 25],
							"pivot": [-1, 20, 3],
							"rotation": [-17.3754, -0.1085, 88.9976],
							"uv": {
								"north": {"uv": [1, 7], "uv_size": [4, 4]},
								"east": {"uv": [0, 5], "uv_size": [32, 3]},
								"south": {"uv": [22, 2], "uv_size": [4, 4]},
								"west": {"uv": [0, 11], "uv_size": [32, 3]},
								"up": {"uv": [10, 16], "uv_size": [-3, -16]},
								"down": {"uv": [10, 16], "uv_size": [-3, -16]}
							}
						}
					]
				}
			]
		}
	]
}