{
	"format_version": "1.16.0",
	"minecraft:geometry": [
		{
			"description": {
				"identifier": "geometry.big_sword",
				"texture_width": 32,
				"texture_height": 32,
				"visible_bounds_width": 3,
				"visible_bounds_height": 4.5,
				"visible_bounds_offset": [0, 1.75, 0]
			},
			"bones": [
				{
					"name": "rightitem",
					"pivot": [0, 22, 0],
					"binding": "q.item_slot_to_bone_name(c.item_slot)",
					"cubes": [
						{
							"origin": [-0.875, 46, -21.5],
							"size": [1.75, 1, 1],
							"uv": {
								"north": {"uv": [25, 5], "uv_size": [1, 1]},
								"east": {"uv": [25, 5], "uv_size": [1, 1]},
								"south": {"uv": [25, 5], "uv_size": [1, 1]},
								"west": {"uv": [26, 5], "uv_size": [-1, 1]},
								"up": {"uv": [26, 6], "uv_size": [-1, -1]},
								"down": {"uv": [26, 6], "uv_size": [-1, -1]}
							}
						},
						{
							"origin": [-0.875, 46, -22.5],
							"size": [1.75, 1, 1],
							"uv": {
								"north": {"uv": [26, 5], "uv_size": [1, 1]},
								"east": {"uv": [26, 5], "uv_size": [1, 1]},
								"south": {"uv": [26, 5], "uv_size": [1, 1]},
								"west": {"uv": [27, 5], "uv_size": [-1, 1]},
								"up": {"uv": [27, 6], "uv_size": [-1, -1]},
								"down": {"uv": [27, 6], "uv_size": [-1, -1]}
							}
						},
						{
							"origin": [-0.875, 45, -20.5],
							"size": [1.75, 1, 1],
							"uv": {
								"north": {"uv": [24, 6], "uv_size": [1, 1]},
								"east": {"uv": [24, 6], "uv_size": [1, 1]},
								"south": {"uv": [24, 6], "uv_size": [1, 1]},
								"west": {"uv": [25, 6], "uv_size": [-1, 1]},
								"up": {"uv": [25, 7], "uv_size": [-1, -1]},
								"down": {"uv": [25, 7], "uv_size": [-1, -1]}
							}
						},
						{
							"origin": [-0.875, 45, -21.5],
							"size": [1.75, 1, 1],
							"uv": {
								"north": {"uv": [25, 6], "uv_size": [1, 1]},
								"east": {"uv": [25, 6], "uv_size": [1, 1]},
								"south": {"uv": [25, 6], "uv_size": [1, 1]},
								"west": {"uv": [26, 6], "uv_size": [-1, 1]},
								"up": {"uv": [26, 7], "uv_size": [-1, -1]},
								"down": {"uv": [26, 7], "uv_size": [-1, -1]}
							}
						},
						{
							"origin": [-0.875, 45, -22.5],
							"size": [1.75, 1, 1],
							"uv": {
								"north": {"uv": [26, 6], "uv_size": [1, 1]},
								"east": {"uv": [26, 6], "uv_size": [1, 1]},
								"south": {"uv": [26, 6], "uv_size": [1, 1]},
								"west": {"uv": [27, 6], "uv_size": [-1, 1]},
								"up": {"uv": [27, 7], "uv_size": [-1, -1]},
								"down": {"uv": [27, 7], "uv_size": [-1, -1]}
							}
						},
						{
							"origin": [-0.875, 44, -19.5],
							"size": [1.75, 1, 1],
							"uv": {
								"north": {"uv": [23, 7], "uv_size": [1, 1]},
								"east": {"uv": [23, 7], "uv_size": [1, 1]},
								"south": {"uv": [23, 7], "uv_size": [1, 1]},
								"west": {"uv": [24, 7], "uv_size": [-1, 1]},
								"up": {"uv": [24, 8], "uv_size": [-1, -1]},
								"down": {"uv": [24, 8], "uv_size": [-1, -1]}
							}
						},
						{
							"origin": [-0.875, 44, -20.5],
							"size": [1.75, 1, 1],
							"uv": {
								"north": {"uv": [24, 7], "uv_size": [1, 1]},
								"east": {"uv": [24, 7], "uv_size": [1, 1]},
								"south": {"uv": [24, 7], "uv_size": [1, 1]},
								"west": {"uv": [25, 7], "uv_size": [-1, 1]},
								"up": {"uv": [25, 8], "uv_size": [-1, -1]},
								"down": {"uv": [25, 8], "uv_size": [-1, -1]}
							}
						},
						{
							"origin": [-0.875, 44, -21.5],
							"size": [1.75, 1, 1],
							"uv": {
								"north": {"uv": [25, 7], "uv_size": [1, 1]},
								"east": {"uv": [25, 7], "uv_size": [1, 1]},
								"south": {"uv": [25, 7], "uv_size": [1, 1]},
								"west": {"uv": [26, 7], "uv_size": [-1, 1]},
								"up": {"uv": [26, 8], "uv_size": [-1, -1]},
								"down": {"uv": [26, 8], "uv_size": [-1, -1]}
							}
						},
						{
							"origin": [-0.875, 43, -18.5],
							"size": [1.75, 1, 1],
							"uv": {
								"north": {"uv": [22, 8], "uv_size": [1, 1]},
								"east": {"uv": [22, 8], "uv_size": [1, 1]},
								"south": {"uv": [22, 8], "uv_size": [1, 1]},
								"west": {"uv": [23, 8], "uv_size": [-1, 1]},
								"up": {"uv": [23, 9], "uv_size": [-1, -1]},
								"down": {"uv": [23, 9], "uv_size": [-1, -1]}
							}
						},
						{
							"origin": [-0.875, 43, -19.5],
							"size": [1.75, 1, 1],
							"uv": {
								"north": {"uv": [23, 8], "uv_size": [1, 1]},
								"east": {"uv": [23, 8], "uv_size": [1, 1]},
								"south": {"uv": [23, 8], "uv_size": [1, 1]},
								"west": {"uv": [24, 8], "uv_size": [-1, 1]},
								"up": {"uv": [24, 9], "uv_size": [-1, -1]},
								"down": {"uv": [24, 9], "uv_size": [-1, -1]}
							}
						},
						{
							"origin": [-0.875, 43, -20.5],
							"size": [1.75, 1, 1],
							"uv": {
								"north": {"uv": [24, 8], "uv_size": [1, 1]},
								"east": {"uv": [24, 8], "uv_size": [1, 1]},
								"south": {"uv": [24, 8], "uv_size": [1, 1]},
								"west": {"uv": [25, 8], "uv_size": [-1, 1]},
								"up": {"uv": [25, 9], "uv_size": [-1, -1]},
								"down": {"uv": [25, 9], "uv_size": [-1, -1]}
							}
						},
						{
							"origin": [-0.875, 42, -17.5],
							"size": [1.75, 1, 1],
							"uv": {
								"north": {"uv": [21, 9], "uv_size": [1, 1]},
								"east": {"uv": [21, 9], "uv_size": [1, 1]},
								"south": {"uv": [21, 9], "uv_size": [1, 1]},
								"west": {"uv": [22, 9], "uv_size": [-1, 1]},
								"up": {"uv": [22, 10], "uv_size": [-1, -1]},
								"down": {"uv": [22, 10], "uv_size": [-1, -1]}
							}
						},
						{
							"origin": [-0.875, 42, -18.5],
							"size": [1.75, 1, 1],
							"uv": {
								"north": {"uv": [22, 9], "uv_size": [1, 1]},
								"east": {"uv": [22, 9], "uv_size": [1, 1]},
								"south": {"uv": [22, 9], "uv_size": [1, 1]},
								"west": {"uv": [23, 9], "uv_size": [-1, 1]},
								"up": {"uv": [23, 10], "uv_size": [-1, -1]},
								"down": {"uv": [23, 10], "uv_size": [-1, -1]}
							}
						},
						{
							"origin": [-0.875, 42, -19.5],
							"size": [1.75, 1, 1],
							"uv": {
								"north": {"uv": [23, 9], "uv_size": [1, 1]},
								"east": {"uv": [23, 9], "uv_size": [1, 1]},
								"south": {"uv": [23, 9], "uv_size": [1, 1]},
								"west": {"uv": [24, 9], "uv_size": [-1, 1]},
								"up": {"uv": [24, 10], "uv_size": [-1, -1]},
								"down": {"uv": [24, 10], "uv_size": [-1, -1]}
							}
						},
						{
							"origin": [-0.875, 41, -16.5],
							"size": [1.75, 1, 1],
							"uv": {
								"north": {"uv": [20, 10], "uv_size": [1, 1]},
								"east": {"uv": [20, 10], "uv_size": [1, 1]},
								"south": {"uv": [20, 10], "uv_size": [1, 1]},
								"west": {"uv": [21, 10], "uv_size": [-1, 1]},
								"up": {"uv": [21, 11], "uv_size": [-1, -1]},
								"down": {"uv": [21, 11], "uv_size": [-1, -1]}
							}
						},
						{
							"origin": [-0.875, 41, -17.5],
							"size": [1.75, 1, 1],
							"uv": {
								"north": {"uv": [21, 10], "uv_size": [1, 1]},
								"east": {"uv": [21, 10], "uv_size": [1, 1]},
								"south": {"uv": [21, 10], "uv_size": [1, 1]},
								"west": {"uv": [22, 10], "uv_size": [-1, 1]},
								"up": {"uv": [22, 11], "uv_size": [-1, -1]},
								"down": {"uv": [22, 11], "uv_size": [-1, -1]}
							}
						},
						{
							"origin": [-0.875, 41, -18.5],
							"size": [1.75, 1, 1],
							"uv": {
								"north": {"uv": [22, 10], "uv_size": [1, 1]},
								"east": {"uv": [22, 10], "uv_size": [1, 1]},
								"south": {"uv": [22, 10], "uv_size": [1, 1]},
								"west": {"uv": [23, 10], "uv_size": [-1, 1]},
								"up": {"uv": [23, 11], "uv_size": [-1, -1]},
								"down": {"uv": [23, 11], "uv_size": [-1, -1]}
							}
						},
						{
							"origin": [-0.875, 40, -15.5],
							"size": [1.75, 1, 1],
							"uv": {
								"north": {"uv": [19, 11], "uv_size": [1, 1]},
								"east": {"uv": [19, 11], "uv_size": [1, 1]},
								"south": {"uv": [19, 11], "uv_size": [1, 1]},
								"west": {"uv": [20, 11], "uv_size": [-1, 1]},
								"up": {"uv": [20, 12], "uv_size": [-1, -1]},
								"down": {"uv": [20, 12], "uv_size": [-1, -1]}
							}
						},
						{
							"origin": [-0.875, 40, -16.5],
							"size": [1.75, 1, 1],
							"uv": {
								"north": {"uv": [20, 11], "uv_size": [1, 1]},
								"east": {"uv": [20, 11], "uv_size": [1, 1]},
								"south": {"uv": [20, 11], "uv_size": [1, 1]},
								"west": {"uv": [21, 11], "uv_size": [-1, 1]},
								"up": {"uv": [21, 12], "uv_size": [-1, -1]},
								"down": {"uv": [21, 12], "uv_size": [-1, -1]}
							}
						},
						{
							"origin": [-0.875, 40, -17.5],
							"size": [1.75, 1, 1],
							"uv": {
								"north": {"uv": [21, 11], "uv_size": [1, 1]},
								"east": {"uv": [21, 11], "uv_size": [1, 1]},
								"south": {"uv": [21, 11], "uv_size": [1, 1]},
								"west": {"uv": [22, 11], "uv_size": [-1, 1]},
								"up": {"uv": [22, 12], "uv_size": [-1, -1]},
								"down": {"uv": [22, 12], "uv_size": [-1, -1]}
							}
						},
						{
							"origin": [-0.875, 39, -14.5],
							"size": [1.75, 1, 1],
							"uv": {
								"north": {"uv": [18, 12], "uv_size": [1, 1]},
								"east": {"uv": [18, 12], "uv_size": [1, 1]},
								"south": {"uv": [18, 12], "uv_size": [1, 1]},
								"west": {"uv": [19, 12], "uv_size": [-1, 1]},
								"up": {"uv": [19, 13], "uv_size": [-1, -1]},
								"down": {"uv": [19, 13], "uv_size": [-1, -1]}
							}
						},
						{
							"origin": [-0.875, 39, -15.5],
							"size": [1.75, 1, 1],
							"uv": {
								"north": {"uv": [19, 12], "uv_size": [1, 1]},
								"east": {"uv": [19, 12], "uv_size": [1, 1]},
								"south": {"uv": [19, 12], "uv_size": [1, 1]},
								"west": {"uv": [20, 12], "uv_size": [-1, 1]},
								"up": {"uv": [20, 13], "uv_size": [-1, -1]},
								"down": {"uv": [20, 13], "uv_size": [-1, -1]}
							}
						},
						{
							"origin": [-0.875, 39, -16.5],
							"size": [1.75, 1, 1],
							"uv": {
								"north": {"uv": [20, 12], "uv_size": [1, 1]},
								"east": {"uv": [20, 12], "uv_size": [1, 1]},
								"south": {"uv": [20, 12], "uv_size": [1, 1]},
								"west": {"uv": [21, 12], "uv_size": [-1, 1]},
								"up": {"uv": [21, 13], "uv_size": [-1, -1]},
								"down": {"uv": [21, 13], "uv_size": [-1, -1]}
							}
						},
						{
							"origin": [-0.875, 38, -13.5],
							"size": [1.75, 1, 1],
							"uv": {
								"north": {"uv": [17, 13], "uv_size": [1, 1]},
								"east": {"uv": [17, 13], "uv_size": [1, 1]},
								"south": {"uv": [17, 13], "uv_size": [1, 1]},
								"west": {"uv": [18, 13], "uv_size": [-1, 1]},
								"up": {"uv": [18, 14], "uv_size": [-1, -1]},
								"down": {"uv": [18, 14], "uv_size": [-1, -1]}
							}
						},
						{
							"origin": [-0.875, 38, -14.5],
							"size": [1.75, 1, 1],
							"uv": {
								"north": {"uv": [18, 13], "uv_size": [1, 1]},
								"east": {"uv": [18, 13], "uv_size": [1, 1]},
								"south": {"uv": [18, 13], "uv_size": [1, 1]},
								"west": {"uv": [19, 13], "uv_size": [-1, 1]},
								"up": {"uv": [19, 14], "uv_size": [-1, -1]},
								"down": {"uv": [19, 14], "uv_size": [-1, -1]}
							}
						},
						{
							"origin": [-0.875, 38, -15.5],
							"size": [1.75, 1, 1],
							"uv": {
								"north": {"uv": [19, 13], "uv_size": [1, 1]},
								"east": {"uv": [19, 13], "uv_size": [1, 1]},
								"south": {"uv": [19, 13], "uv_size": [1, 1]},
								"west": {"uv": [20, 13], "uv_size": [-1, 1]},
								"up": {"uv": [20, 14], "uv_size": [-1, -1]},
								"down": {"uv": [20, 14], "uv_size": [-1, -1]}
							}
						},
						{
							"origin": [-0.875, 37, -12.5],
							"size": [1.75, 1, 1],
							"uv": {
								"north": {"uv": [16, 14], "uv_size": [1, 1]},
								"east": {"uv": [16, 14], "uv_size": [1, 1]},
								"south": {"uv": [16, 14], "uv_size": [1, 1]},
								"west": {"uv": [17, 14], "uv_size": [-1, 1]},
								"up": {"uv": [17, 15], "uv_size": [-1, -1]},
								"down": {"uv": [17, 15], "uv_size": [-1, -1]}
							}
						},
						{
							"origin": [-0.875, 37, -13.5],
							"size": [1.75, 1, 1],
							"uv": {
								"north": {"uv": [17, 14], "uv_size": [1, 1]},
								"east": {"uv": [17, 14], "uv_size": [1, 1]},
								"south": {"uv": [17, 14], "uv_size": [1, 1]},
								"west": {"uv": [18, 14], "uv_size": [-1, 1]},
								"up": {"uv": [18, 15], "uv_size": [-1, -1]},
								"down": {"uv": [18, 15], "uv_size": [-1, -1]}
							}
						},
						{
							"origin": [-0.875, 37, -14.5],
							"size": [1.75, 1, 1],
							"uv": {
								"north": {"uv": [18, 14], "uv_size": [1, 1]},
								"east": {"uv": [18, 14], "uv_size": [1, 1]},
								"south": {"uv": [18, 14], "uv_size": [1, 1]},
								"west": {"uv": [19, 14], "uv_size": [-1, 1]},
								"up": {"uv": [19, 15], "uv_size": [-1, -1]},
								"down": {"uv": [19, 15], "uv_size": [-1, -1]}
							}
						},
						{
							"origin": [-0.875, 36, -11.5],
							"size": [1.75, 1, 1],
							"uv": {
								"north": {"uv": [15, 15], "uv_size": [1, 1]},
								"east": {"uv": [15, 15], "uv_size": [1, 1]},
								"south": {"uv": [15, 15], "uv_size": [1, 1]},
								"west": {"uv": [16, 15], "uv_size": [-1, 1]},
								"up": {"uv": [16, 16], "uv_size": [-1, -1]},
								"down": {"uv": [16, 16], "uv_size": [-1, -1]}
							}
						},
						{
							"origin": [-0.875, 36, -12.5],
							"size": [1.75, 1, 1],
							"uv": {
								"north": {"uv": [16, 15], "uv_size": [1, 1]},
								"east": {"uv": [16, 15], "uv_size": [1, 1]},
								"south": {"uv": [16, 15], "uv_size": [1, 1]},
								"west": {"uv": [17, 15], "uv_size": [-1, 1]},
								"up": {"uv": [17, 16], "uv_size": [-1, -1]},
								"down": {"uv": [17, 16], "uv_size": [-1, -1]}
							}
						},
						{
							"origin": [-0.875, 36, -13.5],
							"size": [1.75, 1, 1],
							"uv": {
								"north": {"uv": [17, 15], "uv_size": [1, 1]},
								"east": {"uv": [17, 15], "uv_size": [1, 1]},
								"south": {"uv": [17, 15], "uv_size": [1, 1]},
								"west": {"uv": [18, 15], "uv_size": [-1, 1]},
								"up": {"uv": [18, 16], "uv_size": [-1, -1]},
								"down": {"uv": [18, 16], "uv_size": [-1, -1]}
							}
						},
						{
							"origin": [-0.875, 35, -10.5],
							"size": [1.75, 1, 1],
							"uv": {
								"north": {"uv": [14, 16], "uv_size": [1, 1]},
								"east": {"uv": [14, 16], "uv_size": [1, 1]},
								"south": {"uv": [14, 16], "uv_size": [1, 1]},
								"west": {"uv": [15, 16], "uv_size": [-1, 1]},
								"up": {"uv": [15, 17], "uv_size": [-1, -1]},
								"down": {"uv": [15, 17], "uv_size": [-1, -1]}
							}
						},
						{
							"origin": [-0.875, 35, -11.5],
							"size": [1.75, 1, 1],
							"uv": {
								"north": {"uv": [15, 16], "uv_size": [1, 1]},
								"east": {"uv": [15, 16], "uv_size": [1, 1]},
								"south": {"uv": [15, 16], "uv_size": [1, 1]},
								"west": {"uv": [16, 16], "uv_size": [-1, 1]},
								"up": {"uv": [16, 17], "uv_size": [-1, -1]},
								"down": {"uv": [16, 17], "uv_size": [-1, -1]}
							}
						},
						{
							"origin": [-0.875, 35, -12.5],
							"size": [1.75, 1, 1],
							"uv": {
								"north": {"uv": [16, 16], "uv_size": [1, 1]},
								"east": {"uv": [16, 16], "uv_size": [1, 1]},
								"south": {"uv": [16, 16], "uv_size": [1, 1]},
								"west": {"uv": [17, 16], "uv_size": [-1, 1]},
								"up": {"uv": [17, 17], "uv_size": [-1, -1]},
								"down": {"uv": [17, 17], "uv_size": [-1, -1]}
							}
						},
						{
							"origin": [-0.875, 34, -9.5],
							"size": [1.75, 1, 1],
							"uv": {
								"north": {"uv": [13, 17], "uv_size": [1, 1]},
								"east": {"uv": [13, 17], "uv_size": [1, 1]},
								"south": {"uv": [13, 17], "uv_size": [1, 1]},
								"west": {"uv": [14, 17], "uv_size": [-1, 1]},
								"up": {"uv": [14, 18], "uv_size": [-1, -1]},
								"down": {"uv": [14, 18], "uv_size": [-1, -1]}
							}
						},
						{
							"origin": [-0.875, 34, -10.5],
							"size": [1.75, 1, 1],
							"uv": {
								"north": {"uv": [14, 17], "uv_size": [1, 1]},
								"east": {"uv": [14, 17], "uv_size": [1, 1]},
								"south": {"uv": [14, 17], "uv_size": [1, 1]},
								"west": {"uv": [15, 17], "uv_size": [-1, 1]},
								"up": {"uv": [15, 18], "uv_size": [-1, -1]},
								"down": {"uv": [15, 18], "uv_size": [-1, -1]}
							}
						},
						{
							"origin": [-0.875, 34, -11.5],
							"size": [1.75, 1, 1],
							"uv": {
								"north": {"uv": [15, 17], "uv_size": [1, 1]},
								"east": {"uv": [15, 17], "uv_size": [1, 1]},
								"south": {"uv": [15, 17], "uv_size": [1, 1]},
								"west": {"uv": [16, 17], "uv_size": [-1, 1]},
								"up": {"uv": [16, 18], "uv_size": [-1, -1]},
								"down": {"uv": [16, 18], "uv_size": [-1, -1]}
							}
						},
						{
							"origin": [-0.875, 33, -8.5],
							"size": [1.75, 1, 1],
							"uv": {
								"north": {"uv": [12, 18], "uv_size": [1, 1]},
								"east": {"uv": [12, 18], "uv_size": [1, 1]},
								"south": {"uv": [12, 18], "uv_size": [1, 1]},
								"west": {"uv": [13, 18], "uv_size": [-1, 1]},
								"up": {"uv": [13, 19], "uv_size": [-1, -1]},
								"down": {"uv": [13, 19], "uv_size": [-1, -1]}
							}
						},
						{
							"origin": [-0.875, 33, -9.5],
							"size": [1.75, 1, 1],
							"uv": {
								"north": {"uv": [13, 18], "uv_size": [1, 1]},
								"east": {"uv": [13, 18], "uv_size": [1, 1]},
								"south": {"uv": [13, 18], "uv_size": [1, 1]},
								"west": {"uv": [14, 18], "uv_size": [-1, 1]},
								"up": {"uv": [14, 19], "uv_size": [-1, -1]},
								"down": {"uv": [14, 19], "uv_size": [-1, -1]}
							}
						},
						{
							"origin": [-0.875, 33, -10.5],
							"size": [1.75, 1, 1],
							"uv": {
								"north": {"uv": [14, 18], "uv_size": [1, 1]},
								"east": {"uv": [14, 18], "uv_size": [1, 1]},
								"south": {"uv": [14, 18], "uv_size": [1, 1]},
								"west": {"uv": [15, 18], "uv_size": [-1, 1]},
								"up": {"uv": [15, 19], "uv_size": [-1, -1]},
								"down": {"uv": [15, 19], "uv_size": [-1, -1]}
							}
						},
						{
							"origin": [-0.875, 32, -7.5],
							"size": [1.75, 1, 1],
							"uv": {
								"north": {"uv": [11, 19], "uv_size": [1, 1]},
								"east": {"uv": [11, 19], "uv_size": [1, 1]},
								"south": {"uv": [11, 19], "uv_size": [1, 1]},
								"west": {"uv": [12, 19], "uv_size": [-1, 1]},
								"up": {"uv": [12, 20], "uv_size": [-1, -1]},
								"down": {"uv": [12, 20], "uv_size": [-1, -1]}
							}
						},
						{
							"origin": [-0.875, 32, -8.5],
							"size": [1.75, 1, 1],
							"uv": {
								"north": {"uv": [12, 19], "uv_size": [1, 1]},
								"east": {"uv": [12, 19], "uv_size": [1, 1]},
								"south": {"uv": [12, 19], "uv_size": [1, 1]},
								"west": {"uv": [13, 19], "uv_size": [-1, 1]},
								"up": {"uv": [13, 20], "uv_size": [-1, -1]},
								"down": {"uv": [13, 20], "uv_size": [-1, -1]}
							}
						},
						{
							"origin": [-0.875, 32, -9.5],
							"size": [1.75, 1, 1],
							"uv": {
								"north": {"uv": [13, 19], "uv_size": [1, 1]},
								"east": {"uv": [13, 19], "uv_size": [1, 1]},
								"south": {"uv": [13, 19], "uv_size": [1, 1]},
								"west": {"uv": [14, 19], "uv_size": [-1, 1]},
								"up": {"uv": [14, 20], "uv_size": [-1, -1]},
								"down": {"uv": [14, 20], "uv_size": [-1, -1]}
							}
						},
						{
							"origin": [-0.875, 31, -6.5],
							"size": [1.75, 1, 1],
							"uv": {
								"north": {"uv": [10, 20], "uv_size": [1, 1]},
								"east": {"uv": [10, 20], "uv_size": [1, 1]},
								"south": {"uv": [10, 20], "uv_size": [1, 1]},
								"west": {"uv": [11, 20], "uv_size": [-1, 1]},
								"up": {"uv": [11, 21], "uv_size": [-1, -1]},
								"down": {"uv": [11, 21], "uv_size": [-1, -1]}
							}
						},
						{
							"origin": [-0.875, 31, -7.5],
							"size": [1.75, 1, 1],
							"uv": {
								"north": {"uv": [11, 20], "uv_size": [1, 1]},
								"east": {"uv": [11, 20], "uv_size": [1, 1]},
								"south": {"uv": [11, 20], "uv_size": [1, 1]},
								"west": {"uv": [12, 20], "uv_size": [-1, 1]},
								"up": {"uv": [12, 21], "uv_size": [-1, -1]},
								"down": {"uv": [12, 21], "uv_size": [-1, -1]}
							}
						},
						{
							"origin": [-0.875, 31, -8.5],
							"size": [1.75, 1, 1],
							"uv": {
								"north": {"uv": [12, 20], "uv_size": [1, 1]},
								"east": {"uv": [12, 20], "uv_size": [1, 1]},
								"south": {"uv": [12, 20], "uv_size": [1, 1]},
								"west": {"uv": [13, 20], "uv_size": [-1, 1]},
								"up": {"uv": [13, 21], "uv_size": [-1, -1]},
								"down": {"uv": [13, 21], "uv_size": [-1, -1]}
							}
						},
						{
							"origin": [-0.875, 30, -5.5],
							"size": [1.75, 1, 1],
							"uv": {
								"north": {"uv": [9, 21], "uv_size": [1, 1]},
								"east": {"uv": [9, 21], "uv_size": [1, 1]},
								"south": {"uv": [9, 21], "uv_size": [1, 1]},
								"west": {"uv": [10, 21], "uv_size": [-1, 1]},
								"up": {"uv": [10, 22], "uv_size": [-1, -1]},
								"down": {"uv": [10, 22], "uv_size": [-1, -1]}
							}
						},
						{
							"origin": [-0.875, 30, -6.5],
							"size": [1.75, 1, 1],
							"uv": {
								"north": {"uv": [10, 21], "uv_size": [1, 1]},
								"east": {"uv": [10, 21], "uv_size": [1, 1]},
								"south": {"uv": [10, 21], "uv_size": [1, 1]},
								"west": {"uv": [11, 21], "uv_size": [-1, 1]},
								"up": {"uv": [11, 22], "uv_size": [-1, -1]},
								"down": {"uv": [11, 22], "uv_size": [-1, -1]}
							}
						},
						{
							"origin": [-0.875, 30, -7.5],
							"size": [1.75, 1, 1],
							"uv": {
								"north": {"uv": [11, 21], "uv_size": [1, 1]},
								"east": {"uv": [11, 21], "uv_size": [1, 1]},
								"south": {"uv": [11, 21], "uv_size": [1, 1]},
								"west": {"uv": [12, 21], "uv_size": [-1, 1]},
								"up": {"uv": [12, 22], "uv_size": [-1, -1]},
								"down": {"uv": [12, 22], "uv_size": [-1, -1]}
							}
						},
						{
							"origin": [-0.875, 29, -6.5],
							"size": [1.75, 1, 1],
							"uv": {
								"north": {"uv": [10, 22], "uv_size": [1, 1]},
								"east": {"uv": [10, 22], "uv_size": [1, 1]},
								"south": {"uv": [10, 22], "uv_size": [1, 1]},
								"west": {"uv": [11, 22], "uv_size": [-1, 1]},
								"up": {"uv": [11, 23], "uv_size": [-1, -1]},
								"down": {"uv": [11, 23], "uv_size": [-1, -1]}
							}
						},
						{
							"origin": [-0.875, 28, -4.5],
							"size": [1.75, 1, 1],
							"uv": {
								"north": {"uv": [8, 23], "uv_size": [1, 1]},
								"east": {"uv": [8, 23], "uv_size": [1, 1]},
								"south": {"uv": [8, 23], "uv_size": [1, 1]},
								"west": {"uv": [9, 23], "uv_size": [-1, 1]},
								"up": {"uv": [9, 24], "uv_size": [-1, -1]},
								"down": {"uv": [9, 24], "uv_size": [-1, -1]}
							}
						},
						{
							"origin": [-0.75, 47, -21.5],
							"size": [1.5, 1, 1],
							"uv": {
								"north": {"uv": [25, 4], "uv_size": [1, 1]},
								"east": {"uv": [25, 4], "uv_size": [1, 1]},
								"south": {"uv": [25, 4], "uv_size": [1, 1]},
								"west": {"uv": [26, 4], "uv_size": [-1, 1]},
								"up": {"uv": [26, 5], "uv_size": [-1, -1]},
								"down": {"uv": [26, 5], "uv_size": [-1, -1]}
							}
						},
						{
							"origin": [-0.75, 47, -22.5],
							"size": [1.5, 1, 1],
							"uv": {
								"north": {"uv": [26, 4], "uv_size": [1, 1]},
								"east": {"uv": [26, 4], "uv_size": [1, 1]},
								"south": {"uv": [26, 4], "uv_size": [1, 1]},
								"west": {"uv": [27, 4], "uv_size": [-1, 1]},
								"up": {"uv": [27, 5], "uv_size": [-1, -1]},
								"down": {"uv": [27, 5], "uv_size": [-1, -1]}
							}
						},
						{
							"origin": [-0.75, 47, -23.5],
							"size": [1.5, 1, 1],
							"uv": {
								"north": {"uv": [27, 4], "uv_size": [1, 1]},
								"east": {"uv": [27, 4], "uv_size": [1, 1]},
								"south": {"uv": [27, 4], "uv_size": [1, 1]},
								"west": {"uv": [28, 4], "uv_size": [-1, 1]},
								"up": {"uv": [28, 5], "uv_size": [-1, -1]},
								"down": {"uv": [28, 5], "uv_size": [-1, -1]}
							}
						},
						{
							"origin": [-0.75, 46, -20.5],
							"size": [1.5, 1, 1],
							"uv": {
								"north": {"uv": [24, 5], "uv_size": [1, 1]},
								"east": {"uv": [24, 5], "uv_size": [1, 1]},
								"south": {"uv": [24, 5], "uv_size": [1, 1]},
								"west": {"uv": [25, 5], "uv_size": [-1, 1]},
								"up": {"uv": [25, 6], "uv_size": [-1, -1]},
								"down": {"uv": [25, 6], "uv_size": [-1, -1]}
							}
						},
						{
							"origin": [-0.75, 46, -23.5],
							"size": [1.5, 1, 1],
							"uv": {
								"north": {"uv": [27, 5], "uv_size": [1, 1]},
								"east": {"uv": [27, 5], "uv_size": [1, 1]},
								"south": {"uv": [27, 5], "uv_size": [1, 1]},
								"west": {"uv": [28, 5], "uv_size": [-1, 1]},
								"up": {"uv": [28, 6], "uv_size": [-1, -1]},
								"down": {"uv": [28, 6], "uv_size": [-1, -1]}
							}
						},
						{
							"origin": [-0.75, 45, -19.5],
							"size": [1.5, 1, 1],
							"uv": {
								"north": {"uv": [23, 6], "uv_size": [1, 1]},
								"east": {"uv": [23, 6], "uv_size": [1, 1]},
								"south": {"uv": [23, 6], "uv_size": [1, 1]},
								"west": {"uv": [24, 6], "uv_size": [-1, 1]},
								"up": {"uv": [24, 7], "uv_size": [-1, -1]},
								"down": {"uv": [24, 7], "uv_size": [-1, -1]}
							}
						},
						{
							"origin": [-0.75, 45, -23.5],
							"size": [1.5, 1, 1],
							"uv": {
								"north": {"uv": [27, 6], "uv_size": [1, 1]},
								"east": {"uv": [27, 6], "uv_size": [1, 1]},
								"south": {"uv": [27, 6], "uv_size": [1, 1]},
								"west": {"uv": [28, 6], "uv_size": [-1, 1]},
								"up": {"uv": [28, 7], "uv_size": [-1, -1]},
								"down": {"uv": [28, 7], "uv_size": [-1, -1]}
							}
						},
						{
							"origin": [-0.75, 44, -18.5],
							"size": [1.5, 1, 1],
							"uv": {
								"north": {"uv": [22, 7], "uv_size": [1, 1]},
								"east": {"uv": [22, 7], "uv_size": [1, 1]},
								"south": {"uv": [22, 7], "uv_size": [1, 1]},
								"west": {"uv": [23, 7], "uv_size": [-1, 1]},
								"up": {"uv": [23, 8], "uv_size": [-1, -1]},
								"down": {"uv": [23, 8], "uv_size": [-1, -1]}
							}
						},
						{
							"origin": [-0.75, 44, -22.5],
							"size": [1.5, 1, 1],
							"uv": {
								"north": {"uv": [26, 7], "uv_size": [1, 1]},
								"east": {"uv": [26, 7], "uv_size": [1, 1]},
								"south": {"uv": [26, 7], "uv_size": [1, 1]},
								"west": {"uv": [27, 7], "uv_size": [-1, 1]},
								"up": {"uv": [27, 8], "uv_size": [-1, -1]},
								"down": {"uv": [27, 8], "uv_size": [-1, -1]}
							}
						},
						{
							"origin": [-0.75, 43, -17.5],
							"size": [1.5, 1, 1],
							"uv": {
								"north": {"uv": [21, 8], "uv_size": [1, 1]},
								"east": {"uv": [21, 8], "uv_size": [1, 1]},
								"south": {"uv": [21, 8], "uv_size": [1, 1]},
								"west": {"uv": [22, 8], "uv_size": [-1, 1]},
								"up": {"uv": [22, 9], "uv_size": [-1, -1]},
								"down": {"uv": [22, 9], "uv_size": [-1, -1]}
							}
						},
						{
							"origin": [-0.75, 43, -21.5],
							"size": [1.5, 1, 1],
							"uv": {
								"north": {"uv": [25, 8], "uv_size": [1, 1]},
								"east": {"uv": [25, 8], "uv_size": [1, 1]},
								"south": {"uv": [25, 8], "uv_size": [1, 1]},
								"west": {"uv": [26, 8], "uv_size": [-1, 1]},
								"up": {"uv": [26, 9], "uv_size": [-1, -1]},
								"down": {"uv": [26, 9], "uv_size": [-1, -1]}
							}
						},
						{
							"origin": [-0.75, 42, -16.5],
							"size": [1.5, 1, 1],
							"uv": {
								"north": {"uv": [20, 9], "uv_size": [1, 1]},
								"east": {"uv": [20, 9], "uv_size": [1, 1]},
								"south": {"uv": [20, 9], "uv_size": [1, 1]},
								"west": {"uv": [21, 9], "uv_size": [-1, 1]},
								"up": {"uv": [21, 10], "uv_size": [-1, -1]},
								"down": {"uv": [21, 10], "uv_size": [-1, -1]}
							}
						},
						{
							"origin": [-0.75, 42, -20.5],
							"size": [1.5, 1, 1],
							"uv": {
								"north": {"uv": [24, 9], "uv_size": [1, 1]},
								"east": {"uv": [24, 9], "uv_size": [1, 1]},
								"south": {"uv": [24, 9], "uv_size": [1, 1]},
								"west": {"uv": [25, 9], "uv_size": [-1, 1]},
								"up": {"uv": [25, 10], "uv_size": [-1, -1]},
								"down": {"uv": [25, 10], "uv_size": [-1, -1]}
							}
						},
						{
							"origin": [-0.75, 41, -15.5],
							"size": [1.5, 1, 1],
							"uv": {
								"north": {"uv": [19, 10], "uv_size": [1, 1]},
								"east": {"uv": [19, 10], "uv_size": [1, 1]},
								"south": {"uv": [19, 10], "uv_size": [1, 1]},
								"west": {"uv": [20, 10], "uv_size": [-1, 1]},
								"up": {"uv": [20, 11], "uv_size": [-1, -1]},
								"down": {"uv": [20, 11], "uv_size": [-1, -1]}
							}
						},
						{
							"origin": [-0.75, 41, -19.5],
							"size": [1.5, 1, 1],
							"uv": {
								"north": {"uv": [23, 10], "uv_size": [1, 1]},
								"east": {"uv": [23, 10], "uv_size": [1, 1]},
								"south": {"uv": [23, 10], "uv_size": [1, 1]},
								"west": {"uv": [24, 10], "uv_size": [-1, 1]},
								"up": {"uv": [24, 11], "uv_size": [-1, -1]},
								"down": {"uv": [24, 11], "uv_size": [-1, -1]}
							}
						},
						{
							"origin": [-0.75, 40, -14.5],
							"size": [1.5, 1, 1],
							"uv": {
								"north": {"uv": [18, 11], "uv_size": [1, 1]},
								"east": {"uv": [18, 11], "uv_size": [1, 1]},
								"south": {"uv": [18, 11], "uv_size": [1, 1]},
								"west": {"uv": [19, 11], "uv_size": [-1, 1]},
								"up": {"uv": [19, 12], "uv_size": [-1, -1]},
								"down": {"uv": [19, 12], "uv_size": [-1, -1]}
							}
						},
						{
							"origin": [-0.75, 40, -18.5],
							"size": [1.5, 1, 1],
							"uv": {
								"north": {"uv": [22, 11], "uv_size": [1, 1]},
								"east": {"uv": [22, 11], "uv_size": [1, 1]},
								"south": {"uv": [22, 11], "uv_size": [1, 1]},
								"west": {"uv": [23, 11], "uv_size": [-1, 1]},
								"up": {"uv": [23, 12], "uv_size": [-1, -1]},
								"down": {"uv": [23, 12], "uv_size": [-1, -1]}
							}
						},
						{
							"origin": [-0.75, 39, -13.5],
							"size": [1.5, 1, 1],
							"uv": {
								"north": {"uv": [17, 12], "uv_size": [1, 1]},
								"east": {"uv": [17, 12], "uv_size": [1, 1]},
								"south": {"uv": [17, 12], "uv_size": [1, 1]},
								"west": {"uv": [18, 12], "uv_size": [-1, 1]},
								"up": {"uv": [18, 13], "uv_size": [-1, -1]},
								"down": {"uv": [18, 13], "uv_size": [-1, -1]}
							}
						},
						{
							"origin": [-0.75, 39, -17.5],
							"size": [1.5, 1, 1],
							"uv": {
								"north": {"uv": [21, 12], "uv_size": [1, 1]},
								"east": {"uv": [21, 12], "uv_size": [1, 1]},
								"south": {"uv": [21, 12], "uv_size": [1, 1]},
								"west": {"uv": [22, 12], "uv_size": [-1, 1]},
								"up": {"uv": [22, 13], "uv_size": [-1, -1]},
								"down": {"uv": [22, 13], "uv_size": [-1, -1]}
							}
						},
						{
							"origin": [-0.75, 38, -12.5],
							"size": [1.5, 1, 1],
							"uv": {
								"north": {"uv": [16, 13], "uv_size": [1, 1]},
								"east": {"uv": [16, 13], "uv_size": [1, 1]},
								"south": {"uv": [16, 13], "uv_size": [1, 1]},
								"west": {"uv": [17, 13], "uv_size": [-1, 1]},
								"up": {"uv": [17, 14], "uv_size": [-1, -1]},
								"down": {"uv": [17, 14], "uv_size": [-1, -1]}
							}
						},
						{
							"origin": [-0.75, 38, -16.5],
							"size": [1.5, 1, 1],
							"uv": {
								"north": {"uv": [20, 13], "uv_size": [1, 1]},
								"east": {"uv": [20, 13], "uv_size": [1, 1]},
								"south": {"uv": [20, 13], "uv_size": [1, 1]},
								"west": {"uv": [21, 13], "uv_size": [-1, 1]},
								"up": {"uv": [21, 14], "uv_size": [-1, -1]},
								"down": {"uv": [21, 14], "uv_size": [-1, -1]}
							}
						},
						{
							"origin": [-0.75, 37, -11.5],
							"size": [1.5, 1, 1],
							"uv": {
								"north": {"uv": [15, 14], "uv_size": [1, 1]},
								"east": {"uv": [15, 14], "uv_size": [1, 1]},
								"south": {"uv": [15, 14], "uv_size": [1, 1]},
								"west": {"uv": [16, 14], "uv_size": [-1, 1]},
								"up": {"uv": [16, 15], "uv_size": [-1, -1]},
								"down": {"uv": [16, 15], "uv_size": [-1, -1]}
							}
						},
						{
							"origin": [-0.75, 37, -15.5],
							"size": [1.5, 1, 1],
							"uv": {
								"north": {"uv": [19, 14], "uv_size": [1, 1]},
								"east": {"uv": [19, 14], "uv_size": [1, 1]},
								"south": {"uv": [19, 14], "uv_size": [1, 1]},
								"west": {"uv": [20, 14], "uv_size": [-1, 1]},
								"up": {"uv": [20, 15], "uv_size": [-1, -1]},
								"down": {"uv": [20, 15], "uv_size": [-1, -1]}
							}
						},
						{
							"origin": [-0.75, 36, -10.5],
							"size": [1.5, 1, 1],
							"uv": {
								"north": {"uv": [14, 15], "uv_size": [1, 1]},
								"east": {"uv": [14, 15], "uv_size": [1, 1]},
								"south": {"uv": [14, 15], "uv_size": [1, 1]},
								"west": {"uv": [15, 15], "uv_size": [-1, 1]},
								"up": {"uv": [15, 16], "uv_size": [-1, -1]},
								"down": {"uv": [15, 16], "uv_size": [-1, -1]}
							}
						},
						{
							"origin": [-0.75, 36, -14.5],
							"size": [1.5, 1, 1],
							"uv": {
								"north": {"uv": [18, 15], "uv_size": [1, 1]},
								"east": {"uv": [18, 15], "uv_size": [1, 1]},
								"south": {"uv": [18, 15], "uv_size": [1, 1]},
								"west": {"uv": [19, 15], "uv_size": [-1, 1]},
								"up": {"uv": [19, 16], "uv_size": [-1, -1]},
								"down": {"uv": [19, 16], "uv_size": [-1, -1]}
							}
						},
						{
							"origin": [-0.75, 35, -9.5],
							"size": [1.5, 1, 1],
							"uv": {
								"north": {"uv": [13, 16], "uv_size": [1, 1]},
								"east": {"uv": [13, 16], "uv_size": [1, 1]},
								"south": {"uv": [13, 16], "uv_size": [1, 1]},
								"west": {"uv": [14, 16], "uv_size": [-1, 1]},
								"up": {"uv": [14, 17], "uv_size": [-1, -1]},
								"down": {"uv": [14, 17], "uv_size": [-1, -1]}
							}
						},
						{
							"origin": [-0.75, 35, -13.5],
							"size": [1.5, 1, 1],
							"uv": {
								"north": {"uv": [17, 16], "uv_size": [1, 1]},
								"east": {"uv": [17, 16], "uv_size": [1, 1]},
								"south": {"uv": [17, 16], "uv_size": [1, 1]},
								"west": {"uv": [18, 16], "uv_size": [-1, 1]},
								"up": {"uv": [18, 17], "uv_size": [-1, -1]},
								"down": {"uv": [18, 17], "uv_size": [-1, -1]}
							}
						},
						{
							"origin": [-0.75, 34, -8.5],
							"size": [1.5, 1, 1],
							"uv": {
								"north": {"uv": [12, 17], "uv_size": [1, 1]},
								"east": {"uv": [12, 17], "uv_size": [1, 1]},
								"south": {"uv": [12, 17], "uv_size": [1, 1]},
								"west": {"uv": [13, 17], "uv_size": [-1, 1]},
								"up": {"uv": [13, 18], "uv_size": [-1, -1]},
								"down": {"uv": [13, 18], "uv_size": [-1, -1]}
							}
						},
						{
							"origin": [-0.75, 34, -12.5],
							"size": [1.5, 1, 1],
							"uv": {
								"north": {"uv": [16, 17], "uv_size": [1, 1]},
								"east": {"uv": [16, 17], "uv_size": [1, 1]},
								"south": {"uv": [16, 17], "uv_size": [1, 1]},
								"west": {"uv": [17, 17], "uv_size": [-1, 1]},
								"up": {"uv": [17, 18], "uv_size": [-1, -1]},
								"down": {"uv": [17, 18], "uv_size": [-1, -1]}
							}
						},
						{
							"origin": [-0.75, 33, -7.5],
							"size": [1.5, 1, 1],
							"uv": {
								"north": {"uv": [11, 18], "uv_size": [1, 1]},
								"east": {"uv": [11, 18], "uv_size": [1, 1]},
								"south": {"uv": [11, 18], "uv_size": [1, 1]},
								"west": {"uv": [12, 18], "uv_size": [-1, 1]},
								"up": {"uv": [12, 19], "uv_size": [-1, -1]},
								"down": {"uv": [12, 19], "uv_size": [-1, -1]}
							}
						},
						{
							"origin": [-0.75, 33, -11.5],
							"size": [1.5, 1, 1],
							"uv": {
								"north": {"uv": [15, 18], "uv_size": [1, 1]},
								"east": {"uv": [15, 18], "uv_size": [1, 1]},
								"south": {"uv": [15, 18], "uv_size": [1, 1]},
								"west": {"uv": [16, 18], "uv_size": [-1, 1]},
								"up": {"uv": [16, 19], "uv_size": [-1, -1]},
								"down": {"uv": [16, 19], "uv_size": [-1, -1]}
							}
						},
						{
							"origin": [-0.75, 32, -6.5],
							"size": [1.5, 1, 1],
							"uv": {
								"north": {"uv": [10, 19], "uv_size": [1, 1]},
								"east": {"uv": [10, 19], "uv_size": [1, 1]},
								"south": {"uv": [10, 19], "uv_size": [1, 1]},
								"west": {"uv": [11, 19], "uv_size": [-1, 1]},
								"up": {"uv": [11, 20], "uv_size": [-1, -1]},
								"down": {"uv": [11, 20], "uv_size": [-1, -1]}
							}
						},
						{
							"origin": [-0.75, 32, -10.5],
							"size": [1.5, 1, 1],
							"uv": {
								"north": {"uv": [14, 19], "uv_size": [1, 1]},
								"east": {"uv": [14, 19], "uv_size": [1, 1]},
								"south": {"uv": [14, 19], "uv_size": [1, 1]},
								"west": {"uv": [15, 19], "uv_size": [-1, 1]},
								"up": {"uv": [15, 20], "uv_size": [-1, -1]},
								"down": {"uv": [15, 20], "uv_size": [-1, -1]}
							}
						},
						{
							"origin": [-0.75, 31, -5.5],
							"size": [1.5, 1, 1],
							"uv": {
								"north": {"uv": [9, 20], "uv_size": [1, 1]},
								"east": {"uv": [9, 20], "uv_size": [1, 1]},
								"south": {"uv": [9, 20], "uv_size": [1, 1]},
								"west": {"uv": [10, 20], "uv_size": [-1, 1]},
								"up": {"uv": [10, 21], "uv_size": [-1, -1]},
								"down": {"uv": [10, 21], "uv_size": [-1, -1]}
							}
						},
						{
							"origin": [-0.75, 31, -9.5],
							"size": [1.5, 1, 1],
							"uv": {
								"north": {"uv": [13, 20], "uv_size": [1, 1]},
								"east": {"uv": [13, 20], "uv_size": [1, 1]},
								"south": {"uv": [13, 20], "uv_size": [1, 1]},
								"west": {"uv": [14, 20], "uv_size": [-1, 1]},
								"up": {"uv": [14, 21], "uv_size": [-1, -1]},
								"down": {"uv": [14, 21], "uv_size": [-1, -1]}
							}
						},
						{
							"origin": [-0.75, 30, -3.5],
							"size": [1.5, 1, 1],
							"uv": {
								"north": {"uv": [7, 21], "uv_size": [1, 1]},
								"east": {"uv": [7, 21], "uv_size": [1, 1]},
								"south": {"uv": [7, 21], "uv_size": [1, 1]},
								"west": {"uv": [8, 21], "uv_size": [-1, 1]},
								"up": {"uv": [8, 22], "uv_size": [-1, -1]},
								"down": {"uv": [8, 22], "uv_size": [-1, -1]}
							}
						},
						{
							"origin": [-0.75, 30, -8.5],
							"size": [1.5, 1, 1],
							"uv": {
								"north": {"uv": [12, 21], "uv_size": [1, 1]},
								"east": {"uv": [12, 21], "uv_size": [1, 1]},
								"south": {"uv": [12, 21], "uv_size": [1, 1]},
								"west": {"uv": [13, 21], "uv_size": [-1, 1]},
								"up": {"uv": [13, 22], "uv_size": [-1, -1]},
								"down": {"uv": [13, 22], "uv_size": [-1, -1]}
							}
						},
						{
							"origin": [-0.75, 29, -3.5],
							"size": [1.5, 1, 1],
							"uv": {
								"north": {"uv": [7, 22], "uv_size": [1, 1]},
								"east": {"uv": [7, 22], "uv_size": [1, 1]},
								"south": {"uv": [7, 22], "uv_size": [1, 1]},
								"west": {"uv": [8, 22], "uv_size": [-1, 1]},
								"up": {"uv": [8, 23], "uv_size": [-1, -1]},
								"down": {"uv": [8, 23], "uv_size": [-1, -1]}
							}
						},
						{
							"origin": [-0.75, 29, -7.5],
							"size": [1.5, 1, 1],
							"uv": {
								"north": {"uv": [11, 22], "uv_size": [1, 1]},
								"east": {"uv": [11, 22], "uv_size": [1, 1]},
								"south": {"uv": [11, 22], "uv_size": [1, 1]},
								"west": {"uv": [12, 22], "uv_size": [-1, 1]},
								"up": {"uv": [12, 23], "uv_size": [-1, -1]},
								"down": {"uv": [12, 23], "uv_size": [-1, -1]}
							}
						},
						{
							"origin": [-0.75, 27, -3.5],
							"size": [1.5, 1, 1],
							"uv": {
								"north": {"uv": [7, 24], "uv_size": [1, 1]},
								"east": {"uv": [7, 24], "uv_size": [1, 1]},
								"south": {"uv": [7, 24], "uv_size": [1, 1]},
								"west": {"uv": [8, 24], "uv_size": [-1, 1]},
								"up": {"uv": [8, 25], "uv_size": [-1, -1]},
								"down": {"uv": [8, 25], "uv_size": [-1, -1]}
							}
						},
						{
							"origin": [-0.75, 27, -5.5],
							"size": [1.5, 1, 1],
							"uv": {
								"north": {"uv": [9, 24], "uv_size": [1, 1]},
								"east": {"uv": [9, 24], "uv_size": [1, 1]},
								"south": {"uv": [9, 24], "uv_size": [1, 1]},
								"west": {"uv": [10, 24], "uv_size": [-1, 1]},
								"up": {"uv": [10, 25], "uv_size": [-1, -1]},
								"down": {"uv": [10, 25], "uv_size": [-1, -1]}
							}
						},
						{
							"origin": [-0.75, 27, -6.5],
							"size": [1.5, 1, 1],
							"uv": {
								"north": {"uv": [10, 24], "uv_size": [1, 1]},
								"east": {"uv": [10, 24], "uv_size": [1, 1]},
								"south": {"uv": [10, 24], "uv_size": [1, 1]},
								"west": {"uv": [11, 24], "uv_size": [-1, 1]},
								"up": {"uv": [11, 25], "uv_size": [-1, -1]},
								"down": {"uv": [11, 25], "uv_size": [-1, -1]}
							}
						},
						{
							"origin": [-0.75, 26, -2.5],
							"size": [1.5, 1, 1],
							"uv": {
								"north": {"uv": [6, 25], "uv_size": [1, 1]},
								"east": {"uv": [6, 25], "uv_size": [1, 1]},
								"south": {"uv": [6, 25], "uv_size": [1, 1]},
								"west": {"uv": [7, 25], "uv_size": [-1, 1]},
								"up": {"uv": [7, 26], "uv_size": [-1, -1]},
								"down": {"uv": [7, 26], "uv_size": [-1, -1]}
							}
						},
						{
							"origin": [-0.75, 25, -1.5],
							"size": [1.5, 1, 1],
							"uv": {
								"north": {"uv": [5, 26], "uv_size": [1, 1]},
								"east": {"uv": [5, 26], "uv_size": [1, 1]},
								"south": {"uv": [5, 26], "uv_size": [1, 1]},
								"west": {"uv": [6, 26], "uv_size": [-1, 1]},
								"up": {"uv": [6, 27], "uv_size": [-1, -1]},
								"down": {"uv": [6, 27], "uv_size": [-1, -1]}
							}
						},
						{
							"origin": [-0.75, 23, 0.5],
							"size": [1.5, 1, 1],
							"uv": {
								"north": {"uv": [3, 28], "uv_size": [1, 1]},
								"east": {"uv": [3, 28], "uv_size": [1, 1]},
								"south": {"uv": [3, 28], "uv_size": [1, 1]},
								"west": {"uv": [4, 28], "uv_size": [-1, 1]},
								"up": {"uv": [4, 29], "uv_size": [-1, -1]},
								"down": {"uv": [4, 29], "uv_size": [-1, -1]}
							}
						},
						{
							"origin": [-0.5, 22, -0.5],
							"size": [1, 1, 1],
							"uv": {
								"north": {"uv": [4, 29], "uv_size": [1, 1]},
								"east": {"uv": [4, 29], "uv_size": [1, 1]},
								"south": {"uv": [4, 29], "uv_size": [1, 1]},
								"west": {"uv": [5, 29], "uv_size": [-1, 1]},
								"up": {"uv": [5, 30], "uv_size": [-1, -1]},
								"down": {"uv": [5, 30], "uv_size": [-1, -1]}
							}
						},
						{
							"origin": [-0.5, 22, 0.5],
							"size": [1, 1, 1],
							"uv": {
								"north": {"uv": [3, 29], "uv_size": [1, 1]},
								"east": {"uv": [3, 29], "uv_size": [1, 1]},
								"south": {"uv": [3, 29], "uv_size": [1, 1]},
								"west": {"uv": [4, 29], "uv_size": [-1, 1]},
								"up": {"uv": [4, 30], "uv_size": [-1, -1]},
								"down": {"uv": [4, 30], "uv_size": [-1, -1]}
							}
						},
						{
							"origin": [-0.5, 22, 1.5],
							"size": [1, 1, 1],
							"uv": {
								"north": {"uv": [2, 29], "uv_size": [1, 1]},
								"east": {"uv": [2, 29], "uv_size": [1, 1]},
								"south": {"uv": [2, 29], "uv_size": [1, 1]},
								"west": {"uv": [3, 29], "uv_size": [-1, 1]},
								"up": {"uv": [3, 30], "uv_size": [-1, -1]},
								"down": {"uv": [3, 30], "uv_size": [-1, -1]}
							}
						},
						{
							"origin": [-0.5, 23, -0.5],
							"size": [1, 1, 1],
							"uv": {
								"north": {"uv": [4, 28], "uv_size": [1, 1]},
								"east": {"uv": [4, 28], "uv_size": [1, 1]},
								"south": {"uv": [4, 28], "uv_size": [1, 1]},
								"west": {"uv": [5, 28], "uv_size": [-1, 1]},
								"up": {"uv": [5, 29], "uv_size": [-1, -1]},
								"down": {"uv": [5, 29], "uv_size": [-1, -1]}
							}
						},
						{
							"origin": [-0.5, 23, 1.5],
							"size": [1, 1, 1],
							"uv": {
								"north": {"uv": [2, 28], "uv_size": [1, 1]},
								"east": {"uv": [2, 28], "uv_size": [1, 1]},
								"south": {"uv": [2, 28], "uv_size": [1, 1]},
								"west": {"uv": [3, 28], "uv_size": [-1, 1]},
								"up": {"uv": [3, 29], "uv_size": [-1, -1]},
								"down": {"uv": [3, 29], "uv_size": [-1, -1]}
							}
						},
						{
							"origin": [-0.5, 24, -1.5],
							"size": [1, 1, 1],
							"uv": {
								"north": {"uv": [5, 27], "uv_size": [1, 1]},
								"east": {"uv": [5, 27], "uv_size": [1, 1]},
								"south": {"uv": [5, 27], "uv_size": [1, 1]},
								"west": {"uv": [6, 27], "uv_size": [-1, 1]},
								"up": {"uv": [6, 28], "uv_size": [-1, -1]},
								"down": {"uv": [6, 28], "uv_size": [-1, -1]}
							}
						},
						{
							"origin": [-0.5, 24, -0.5],
							"size": [1, 1, 1],
							"uv": {
								"north": {"uv": [4, 27], "uv_size": [1, 1]},
								"east": {"uv": [4, 27], "uv_size": [1, 1]},
								"south": {"uv": [4, 27], "uv_size": [1, 1]},
								"west": {"uv": [5, 27], "uv_size": [-1, 1]},
								"up": {"uv": [5, 28], "uv_size": [-1, -1]},
								"down": {"uv": [5, 28], "uv_size": [-1, -1]}
							}
						},
						{
							"origin": [-0.5, 24, 0.5],
							"size": [1, 1, 1],
							"uv": {
								"north": {"uv": [3, 27], "uv_size": [1, 1]},
								"east": {"uv": [3, 27], "uv_size": [1, 1]},
								"south": {"uv": [3, 27], "uv_size": [1, 1]},
								"west": {"uv": [4, 27], "uv_size": [-1, 1]},
								"up": {"uv": [4, 28], "uv_size": [-1, -1]},
								"down": {"uv": [4, 28], "uv_size": [-1, -1]}
							}
						},
						{
							"origin": [-0.5, 24, 1.5],
							"size": [1, 1, 1],
							"uv": {
								"north": {"uv": [2, 27], "uv_size": [1, 1]},
								"east": {"uv": [2, 27], "uv_size": [1, 1]},
								"south": {"uv": [2, 27], "uv_size": [1, 1]},
								"west": {"uv": [3, 27], "uv_size": [-1, 1]},
								"up": {"uv": [3, 28], "uv_size": [-1, -1]},
								"down": {"uv": [3, 28], "uv_size": [-1, -1]}
							}
						},
						{
							"origin": [-0.5, 25, -2.5],
							"size": [1, 1, 1],
							"uv": {
								"north": {"uv": [6, 26], "uv_size": [1, 1]},
								"east": {"uv": [6, 26], "uv_size": [1, 1]},
								"south": {"uv": [6, 26], "uv_size": [1, 1]},
								"west": {"uv": [7, 26], "uv_size": [-1, 1]},
								"up": {"uv": [7, 27], "uv_size": [-1, -1]},
								"down": {"uv": [7, 27], "uv_size": [-1, -1]}
							}
						},
						{
							"origin": [-0.5, 25, -0.5],
							"size": [1, 1, 1],
							"uv": {
								"north": {"uv": [4, 26], "uv_size": [1, 1]},
								"east": {"uv": [4, 26], "uv_size": [1, 1]},
								"south": {"uv": [4, 26], "uv_size": [1, 1]},
								"west": {"uv": [5, 26], "uv_size": [-1, 1]},
								"up": {"uv": [5, 27], "uv_size": [-1, -1]},
								"down": {"uv": [5, 27], "uv_size": [-1, -1]}
							}
						},
						{
							"origin": [-0.5, 26, -6.5],
							"size": [1, 1, 1],
							"uv": {
								"north": {"uv": [10, 25], "uv_size": [1, 1]},
								"east": {"uv": [10, 25], "uv_size": [1, 1]},
								"south": {"uv": [10, 25], "uv_size": [1, 1]},
								"west": {"uv": [11, 25], "uv_size": [-1, 1]},
								"up": {"uv": [11, 26], "uv_size": [-1, -1]},
								"down": {"uv": [11, 26], "uv_size": [-1, -1]}
							}
						},
						{
							"origin": [-0.5, 26, -5.5],
							"size": [1, 1, 1],
							"uv": {
								"north": {"uv": [9, 25], "uv_size": [1, 1]},
								"east": {"uv": [9, 25], "uv_size": [1, 1]},
								"south": {"uv": [9, 25], "uv_size": [1, 1]},
								"west": {"uv": [10, 25], "uv_size": [-1, 1]},
								"up": {"uv": [10, 26], "uv_size": [-1, -1]},
								"down": {"uv": [10, 26], "uv_size": [-1, -1]}
							}
						},
						{
							"origin": [-0.5, 26, -3.5],
							"size": [1, 1, 1],
							"uv": {
								"north": {"uv": [7, 25], "uv_size": [1, 1]},
								"east": {"uv": [7, 25], "uv_size": [1, 1]},
								"south": {"uv": [7, 25], "uv_size": [1, 1]},
								"west": {"uv": [8, 25], "uv_size": [-1, 1]},
								"up": {"uv": [8, 26], "uv_size": [-1, -1]},
								"down": {"uv": [8, 26], "uv_size": [-1, -1]}
							}
						},
						{
							"origin": [-0.5, 26, -1.5],
							"size": [1, 1, 1],
							"uv": {
								"north": {"uv": [5, 25], "uv_size": [1, 1]},
								"east": {"uv": [5, 25], "uv_size": [1, 1]},
								"south": {"uv": [5, 25], "uv_size": [1, 1]},
								"west": {"uv": [6, 25], "uv_size": [-1, 1]},
								"up": {"uv": [6, 26], "uv_size": [-1, -1]},
								"down": {"uv": [6, 26], "uv_size": [-1, -1]}
							}
						},
						{
							"origin": [-0.5, 27, -7.5],
							"size": [1, 1, 1],
							"uv": {
								"north": {"uv": [11, 24], "uv_size": [1, 1]},
								"east": {"uv": [11, 24], "uv_size": [1, 1]},
								"south": {"uv": [11, 24], "uv_size": [1, 1]},
								"west": {"uv": [12, 24], "uv_size": [-1, 1]},
								"up": {"uv": [12, 25], "uv_size": [-1, -1]},
								"down": {"uv": [12, 25], "uv_size": [-1, -1]}
							}
						},
						{
							"origin": [-0.5, 27, -4.5],
							"size": [1, 1, 1],
							"uv": {
								"north": {"uv": [8, 24], "uv_size": [1, 1]},
								"east": {"uv": [8, 24], "uv_size": [1, 1]},
								"south": {"uv": [8, 24], "uv_size": [1, 1]},
								"west": {"uv": [9, 24], "uv_size": [-1, 1]},
								"up": {"uv": [9, 25], "uv_size": [-1, -1]},
								"down": {"uv": [9, 25], "uv_size": [-1, -1]}
							}
						},
						{
							"origin": [-0.5, 27, -2.5],
							"size": [1, 1, 1],
							"uv": {
								"north": {"uv": [6, 24], "uv_size": [1, 1]},
								"east": {"uv": [6, 24], "uv_size": [1, 1]},
								"south": {"uv": [6, 24], "uv_size": [1, 1]},
								"west": {"uv": [7, 24], "uv_size": [-1, 1]},
								"up": {"uv": [7, 25], "uv_size": [-1, -1]},
								"down": {"uv": [7, 25], "uv_size": [-1, -1]}
							}
						},
						{
							"origin": [-0.5, 28, -7.5],
							"size": [1, 1, 1],
							"uv": {
								"north": {"uv": [11, 23], "uv_size": [1, 1]},
								"east": {"uv": [11, 23], "uv_size": [1, 1]},
								"south": {"uv": [11, 23], "uv_size": [1, 1]},
								"west": {"uv": [12, 23], "uv_size": [-1, 1]},
								"up": {"uv": [12, 24], "uv_size": [-1, -1]},
								"down": {"uv": [12, 24], "uv_size": [-1, -1]}
							}
						},
						{
							"origin": [-0.5, 28, -6.5],
							"size": [1, 1, 1],
							"uv": {
								"north": {"uv": [10, 23], "uv_size": [1, 1]},
								"east": {"uv": [10, 23], "uv_size": [1, 1]},
								"south": {"uv": [10, 23], "uv_size": [1, 1]},
								"west": {"uv": [11, 23], "uv_size": [-1, 1]},
								"up": {"uv": [11, 24], "uv_size": [-1, -1]},
								"down": {"uv": [11, 24], "uv_size": [-1, -1]}
							}
						},
						{
							"origin": [-0.5, 28, -5.5],
							"size": [1, 1, 1],
							"uv": {
								"north": {"uv": [9, 23], "uv_size": [1, 1]},
								"east": {"uv": [9, 23], "uv_size": [1, 1]},
								"south": {"uv": [9, 23], "uv_size": [1, 1]},
								"west": {"uv": [10, 23], "uv_size": [-1, 1]},
								"up": {"uv": [10, 24], "uv_size": [-1, -1]},
								"down": {"uv": [10, 24], "uv_size": [-1, -1]}
							}
						},
						{
							"origin": [-0.5, 28, -3.5],
							"size": [1, 1, 1],
							"uv": {
								"north": {"uv": [7, 23], "uv_size": [1, 1]},
								"east": {"uv": [7, 23], "uv_size": [1, 1]},
								"south": {"uv": [7, 23], "uv_size": [1, 1]},
								"west": {"uv": [8, 23], "uv_size": [-1, 1]},
								"up": {"uv": [8, 24], "uv_size": [-1, -1]},
								"down": {"uv": [8, 24], "uv_size": [-1, -1]}
							}
						},
						{
							"origin": [-0.5, 29, -8.5],
							"size": [1, 1, 1],
							"uv": {
								"north": {"uv": [12, 22], "uv_size": [1, 1]},
								"east": {"uv": [12, 22], "uv_size": [1, 1]},
								"south": {"uv": [12, 22], "uv_size": [1, 1]},
								"west": {"uv": [13, 22], "uv_size": [-1, 1]},
								"up": {"uv": [13, 23], "uv_size": [-1, -1]},
								"down": {"uv": [13, 23], "uv_size": [-1, -1]}
							}
						},
						{
							"origin": [-0.5, 29, -5.5],
							"size": [1, 1, 1],
							"uv": {
								"north": {"uv": [9, 22], "uv_size": [1, 1]},
								"east": {"uv": [9, 22], "uv_size": [1, 1]},
								"south": {"uv": [9, 22], "uv_size": [1, 1]},
								"west": {"uv": [10, 22], "uv_size": [-1, 1]},
								"up": {"uv": [10, 23], "uv_size": [-1, -1]},
								"down": {"uv": [10, 23], "uv_size": [-1, -1]}
							}
						},
						{
							"origin": [-0.5, 29, -4.5],
							"size": [1, 1, 1],
							"uv": {
								"north": {"uv": [8, 22], "uv_size": [1, 1]},
								"east": {"uv": [8, 22], "uv_size": [1, 1]},
								"south": {"uv": [8, 22], "uv_size": [1, 1]},
								"west": {"uv": [9, 22], "uv_size": [-1, 1]},
								"up": {"uv": [9, 23], "uv_size": [-1, -1]},
								"down": {"uv": [9, 23], "uv_size": [-1, -1]}
							}
						},
						{
							"origin": [-0.5, 29, -2.5],
							"size": [1, 1, 1],
							"uv": {
								"north": {"uv": [6, 22], "uv_size": [1, 1]},
								"east": {"uv": [6, 22], "uv_size": [1, 1]},
								"south": {"uv": [6, 22], "uv_size": [1, 1]},
								"west": {"uv": [7, 22], "uv_size": [-1, 1]},
								"up": {"uv": [7, 23], "uv_size": [-1, -1]},
								"down": {"uv": [7, 23], "uv_size": [-1, -1]}
							}
						},
						{
							"origin": [-0.5, 30, -9.5],
							"size": [1, 1, 1],
							"uv": {
								"north": {"uv": [13, 21], "uv_size": [1, 1]},
								"east": {"uv": [13, 21], "uv_size": [1, 1]},
								"south": {"uv": [13, 21], "uv_size": [1, 1]},
								"west": {"uv": [14, 21], "uv_size": [-1, 1]},
								"up": {"uv": [14, 22], "uv_size": [-1, -1]},
								"down": {"uv": [14, 22], "uv_size": [-1, -1]}
							}
						},
						{
							"origin": [-0.5, 30, -4.5],
							"size": [1, 1, 1],
							"uv": {
								"north": {"uv": [8, 21], "uv_size": [1, 1]},
								"east": {"uv": [8, 21], "uv_size": [1, 1]},
								"south": {"uv": [8, 21], "uv_size": [1, 1]},
								"west": {"uv": [9, 21], "uv_size": [-1, 1]},
								"up": {"uv": [9, 22], "uv_size": [-1, -1]},
								"down": {"uv": [9, 22], "uv_size": [-1, -1]}
							}
						},
						{
							"origin": [-0.5, 30, -2.5],
							"size": [1, 1, 1],
							"uv": {
								"north": {"uv": [6, 21], "uv_size": [1, 1]},
								"east": {"uv": [6, 21], "uv_size": [1, 1]},
								"south": {"uv": [6, 21], "uv_size": [1, 1]},
								"west": {"uv": [7, 21], "uv_size": [-1, 1]},
								"up": {"uv": [7, 22], "uv_size": [-1, -1]},
								"down": {"uv": [7, 22], "uv_size": [-1, -1]}
							}
						},
						{
							"origin": [-0.5, 31, -10.5],
							"size": [1, 1, 1],
							"uv": {
								"north": {"uv": [14, 20], "uv_size": [1, 1]},
								"east": {"uv": [14, 20], "uv_size": [1, 1]},
								"south": {"uv": [14, 20], "uv_size": [1, 1]},
								"west": {"uv": [15, 20], "uv_size": [-1, 1]},
								"up": {"uv": [15, 21], "uv_size": [-1, -1]},
								"down": {"uv": [15, 21], "uv_size": [-1, -1]}
							}
						},
						{
							"origin": [-0.5, 31, -4.5],
							"size": [1, 1, 1],
							"uv": {
								"north": {"uv": [8, 20], "uv_size": [1, 1]},
								"east": {"uv": [8, 20], "uv_size": [1, 1]},
								"south": {"uv": [8, 20], "uv_size": [1, 1]},
								"west": {"uv": [9, 20], "uv_size": [-1, 1]},
								"up": {"uv": [9, 21], "uv_size": [-1, -1]},
								"down": {"uv": [9, 21], "uv_size": [-1, -1]}
							}
						},
						{
							"origin": [-0.5, 31, -3.5],
							"size": [1, 1, 1],
							"uv": {
								"north": {"uv": [7, 20], "uv_size": [1, 1]},
								"east": {"uv": [7, 20], "uv_size": [1, 1]},
								"south": {"uv": [7, 20], "uv_size": [1, 1]},
								"west": {"uv": [8, 20], "uv_size": [-1, 1]},
								"up": {"uv": [8, 21], "uv_size": [-1, -1]},
								"down": {"uv": [8, 21], "uv_size": [-1, -1]}
							}
						},
						{
							"origin": [-0.5, 32, -11.5],
							"size": [1, 1, 1],
							"uv": {
								"north": {"uv": [15, 19], "uv_size": [1, 1]},
								"east": {"uv": [15, 19], "uv_size": [1, 1]},
								"south": {"uv": [15, 19], "uv_size": [1, 1]},
								"west": {"uv": [16, 19], "uv_size": [-1, 1]},
								"up": {"uv": [16, 20], "uv_size": [-1, -1]},
								"down": {"uv": [16, 20], "uv_size": [-1, -1]}
							}
						},
						{
							"origin": [-0.5, 32, -5.5],
							"size": [1, 1, 1],
							"uv": {
								"north": {"uv": [9, 19], "uv_size": [1, 1]},
								"east": {"uv": [9, 19], "uv_size": [1, 1]},
								"south": {"uv": [9, 19], "uv_size": [1, 1]},
								"west": {"uv": [10, 19], "uv_size": [-1, 1]},
								"up": {"uv": [10, 20], "uv_size": [-1, -1]},
								"down": {"uv": [10, 20], "uv_size": [-1, -1]}
							}
						},
						{
							"origin": [-0.5, 33, -12.5],
							"size": [1, 1, 1],
							"uv": {
								"north": {"uv": [16, 18], "uv_size": [1, 1]},
								"east": {"uv": [16, 18], "uv_size": [1, 1]},
								"south": {"uv": [16, 18], "uv_size": [1, 1]},
								"west": {"uv": [17, 18], "uv_size": [-1, 1]},
								"up": {"uv": [17, 19], "uv_size": [-1, -1]},
								"down": {"uv": [17, 19], "uv_size": [-1, -1]}
							}
						},
						{
							"origin": [-0.5, 33, -6.5],
							"size": [1, 1, 1],
							"uv": {
								"north": {"uv": [10, 18], "uv_size": [1, 1]},
								"east": {"uv": [10, 18], "uv_size": [1, 1]},
								"south": {"uv": [10, 18], "uv_size": [1, 1]},
								"west": {"uv": [11, 18], "uv_size": [-1, 1]},
								"up": {"uv": [11, 19], "uv_size": [-1, -1]},
								"down": {"uv": [11, 19], "uv_size": [-1, -1]}
							}
						},
						{
							"origin": [-0.5, 34, -13.5],
							"size": [1, 1, 1],
							"uv": {
								"north": {"uv": [17, 17], "uv_size": [1, 1]},
								"east": {"uv": [17, 17], "uv_size": [1, 1]},
								"south": {"uv": [17, 17], "uv_size": [1, 1]},
								"west": {"uv": [18, 17], "uv_size": [-1, 1]},
								"up": {"uv": [18, 18], "uv_size": [-1, -1]},
								"down": {"uv": [18, 18], "uv_size": [-1, -1]}
							}
						},
						{
							"origin": [-0.5, 34, -7.5],
							"size": [1, 1, 1],
							"uv": {
								"north": {"uv": [11, 17], "uv_size": [1, 1]},
								"east": {"uv": [11, 17], "uv_size": [1, 1]},
								"south": {"uv": [11, 17], "uv_size": [1, 1]},
								"west": {"uv": [12, 17], "uv_size": [-1, 1]},
								"up": {"uv": [12, 18], "uv_size": [-1, -1]},
								"down": {"uv": [12, 18], "uv_size": [-1, -1]}
							}
						},
						{
							"origin": [-0.5, 35, -14.5],
							"size": [1, 1, 1],
							"uv": {
								"north": {"uv": [18, 16], "uv_size": [1, 1]},
								"east": {"uv": [18, 16], "uv_size": [1, 1]},
								"south": {"uv": [18, 16], "uv_size": [1, 1]},
								"west": {"uv": [19, 16], "uv_size": [-1, 1]},
								"up": {"uv": [19, 17], "uv_size": [-1, -1]},
								"down": {"uv": [19, 17], "uv_size": [-1, -1]}
							}
						},
						{
							"origin": [-0.5, 35, -8.5],
							"size": [1, 1, 1],
							"uv": {
								"north": {"uv": [12, 16], "uv_size": [1, 1]},
								"east": {"uv": [12, 16], "uv_size": [1, 1]},
								"south": {"uv": [12, 16], "uv_size": [1, 1]},
								"west": {"uv": [13, 16], "uv_size": [-1, 1]},
								"up": {"uv": [13, 17], "uv_size": [-1, -1]},
								"down": {"uv": [13, 17], "uv_size": [-1, -1]}
							}
						},
						{
							"origin": [-0.5, 36, -15.5],
							"size": [1, 1, 1],
							"uv": {
								"north": {"uv": [19, 15], "uv_size": [1, 1]},
								"east": {"uv": [19, 15], "uv_size": [1, 1]},
								"south": {"uv": [19, 15], "uv_size": [1, 1]},
								"west": {"uv": [20, 15], "uv_size": [-1, 1]},
								"up": {"uv": [20, 16], "uv_size": [-1, -1]},
								"down": {"uv": [20, 16], "uv_size": [-1, -1]}
							}
						},
						{
							"origin": [-0.5, 36, -9.5],
							"size": [1, 1, 1],
							"uv": {
								"north": {"uv": [13, 15], "uv_size": [1, 1]},
								"east": {"uv": [13, 15], "uv_size": [1, 1]},
								"south": {"uv": [13, 15], "uv_size": [1, 1]},
								"west": {"uv": [14, 15], "uv_size": [-1, 1]},
								"up": {"uv": [14, 16], "uv_size": [-1, -1]},
								"down": {"uv": [14, 16], "uv_size": [-1, -1]}
							}
						},
						{
							"origin": [-0.5, 37, -16.5],
							"size": [1, 1, 1],
							"uv": {
								"north": {"uv": [20, 14], "uv_size": [1, 1]},
								"east": {"uv": [20, 14], "uv_size": [1, 1]},
								"south": {"uv": [20, 14], "uv_size": [1, 1]},
								"west": {"uv": [21, 14], "uv_size": [-1, 1]},
								"up": {"uv": [21, 15], "uv_size": [-1, -1]},
								"down": {"uv": [21, 15], "uv_size": [-1, -1]}
							}
						},
						{
							"origin": [-0.5, 37, -10.5],
							"size": [1, 1, 1],
							"uv": {
								"north": {"uv": [14, 14], "uv_size": [1, 1]},
								"east": {"uv": [14, 14], "uv_size": [1, 1]},
								"south": {"uv": [14, 14], "uv_size": [1, 1]},
								"west": {"uv": [15, 14], "uv_size": [-1, 1]},
								"up": {"uv": [15, 15], "uv_size": [-1, -1]},
								"down": {"uv": [15, 15], "uv_size": [-1, -1]}
							}
						},
						{
							"origin": [-0.5, 38, -17.5],
							"size": [1, 1, 1],
							"uv": {
								"north": {"uv": [21, 13], "uv_size": [1, 1]},
								"east": {"uv": [21, 13], "uv_size": [1, 1]},
								"south": {"uv": [21, 13], "uv_size": [1, 1]},
								"west": {"uv": [22, 13], "uv_size": [-1, 1]},
								"up": {"uv": [22, 14], "uv_size": [-1, -1]},
								"down": {"uv": [22, 14], "uv_size": [-1, -1]}
							}
						},
						{
							"origin": [-0.5, 38, -11.5],
							"size": [1, 1, 1],
							"uv": {
								"north": {"uv": [15, 13], "uv_size": [1, 1]},
								"east": {"uv": [15, 13], "uv_size": [1, 1]},
								"south": {"uv": [15, 13], "uv_size": [1, 1]},
								"west": {"uv": [16, 13], "uv_size": [-1, 1]},
								"up": {"uv": [16, 14], "uv_size": [-1, -1]},
								"down": {"uv": [16, 14], "uv_size": [-1, -1]}
							}
						},
						{
							"origin": [-0.5, 39, -18.5],
							"size": [1, 1, 1],
							"uv": {
								"north": {"uv": [22, 12], "uv_size": [1, 1]},
								"east": {"uv": [22, 12], "uv_size": [1, 1]},
								"south": {"uv": [22, 12], "uv_size": [1, 1]},
								"west": {"uv": [23, 12], "uv_size": [-1, 1]},
								"up": {"uv": [23, 13], "uv_size": [-1, -1]},
								"down": {"uv": [23, 13], "uv_size": [-1, -1]}
							}
						},
						{
							"origin": [-0.5, 39, -12.5],
							"size": [1, 1, 1],
							"uv": {
								"north": {"uv": [16, 12], "uv_size": [1, 1]},
								"east": {"uv": [16, 12], "uv_size": [1, 1]},
								"south": {"uv": [16, 12], "uv_size": [1, 1]},
								"west": {"uv": [17, 12], "uv_size": [-1, 1]},
								"up": {"uv": [17, 13], "uv_size": [-1, -1]},
								"down": {"uv": [17, 13], "uv_size": [-1, -1]}
							}
						},
						{
							"origin": [-0.5, 40, -19.5],
							"size": [1, 1, 1],
							"uv": {
								"north": {"uv": [23, 11], "uv_size": [1, 1]},
								"east": {"uv": [23, 11], "uv_size": [1, 1]},
								"south": {"uv": [23, 11], "uv_size": [1, 1]},
								"west": {"uv": [24, 11], "uv_size": [-1, 1]},
								"up": {"uv": [24, 12], "uv_size": [-1, -1]},
								"down": {"uv": [24, 12], "uv_size": [-1, -1]}
							}
						},
						{
							"origin": [-0.5, 40, -13.5],
							"size": [1, 1, 1],
							"uv": {
								"north": {"uv": [17, 11], "uv_size": [1, 1]},
								"east": {"uv": [17, 11], "uv_size": [1, 1]},
								"south": {"uv": [17, 11], "uv_size": [1, 1]},
								"west": {"uv": [18, 11], "uv_size": [-1, 1]},
								"up": {"uv": [18, 12], "uv_size": [-1, -1]},
								"down": {"uv": [18, 12], "uv_size": [-1, -1]}
							}
						},
						{
							"origin": [-0.5, 41, -20.5],
							"size": [1, 1, 1],
							"uv": {
								"north": {"uv": [24, 10], "uv_size": [1, 1]},
								"east": {"uv": [24, 10], "uv_size": [1, 1]},
								"south": {"uv": [24, 10], "uv_size": [1, 1]},
								"west": {"uv": [25, 10], "uv_size": [-1, 1]},
								"up": {"uv": [25, 11], "uv_size": [-1, -1]},
								"down": {"uv": [25, 11], "uv_size": [-1, -1]}
							}
						},
						{
							"origin": [-0.5, 41, -14.5],
							"size": [1, 1, 1],
							"uv": {
								"north": {"uv": [18, 10], "uv_size": [1, 1]},
								"east": {"uv": [18, 10], "uv_size": [1, 1]},
								"south": {"uv": [18, 10], "uv_size": [1, 1]},
								"west": {"uv": [19, 10], "uv_size": [-1, 1]},
								"up": {"uv": [19, 11], "uv_size": [-1, -1]},
								"down": {"uv": [19, 11], "uv_size": [-1, -1]}
							}
						},
						{
							"origin": [-0.5, 42, -21.5],
							"size": [1, 1, 1],
							"uv": {
								"north": {"uv": [25, 9], "uv_size": [1, 1]},
								"east": {"uv": [25, 9], "uv_size": [1, 1]},
								"south": {"uv": [25, 9], "uv_size": [1, 1]},
								"west": {"uv": [26, 9], "uv_size": [-1, 1]},
								"up": {"uv": [26, 10], "uv_size": [-1, -1]},
								"down": {"uv": [26, 10], "uv_size": [-1, -1]}
							}
						},
						{
							"origin": [-0.5, 42, -15.5],
							"size": [1, 1, 1],
							"uv": {
								"north": {"uv": [19, 9], "uv_size": [1, 1]},
								"east": {"uv": [19, 9], "uv_size": [1, 1]},
								"south": {"uv": [19, 9], "uv_size": [1, 1]},
								"west": {"uv": [20, 9], "uv_size": [-1, 1]},
								"up": {"uv": [20, 10], "uv_size": [-1, -1]},
								"down": {"uv": [20, 10], "uv_size": [-1, -1]}
							}
						},
						{
							"origin": [-0.5, 43, -22.5],
							"size": [1, 1, 1],
							"uv": {
								"north": {"uv": [26, 8], "uv_size": [1, 1]},
								"east": {"uv": [26, 8], "uv_size": [1, 1]},
								"south": {"uv": [26, 8], "uv_size": [1, 1]},
								"west": {"uv": [27, 8], "uv_size": [-1, 1]},
								"up": {"uv": [27, 9], "uv_size": [-1, -1]},
								"down": {"uv": [27, 9], "uv_size": [-1, -1]}
							}
						},
						{
							"origin": [-0.5, 43, -16.5],
							"size": [1, 1, 1],
							"uv": {
								"north": {"uv": [20, 8], "uv_size": [1, 1]},
								"east": {"uv": [20, 8], "uv_size": [1, 1]},
								"south": {"uv": [20, 8], "uv_size": [1, 1]},
								"west": {"uv": [21, 8], "uv_size": [-1, 1]},
								"up": {"uv": [21, 9], "uv_size": [-1, -1]},
								"down": {"uv": [21, 9], "uv_size": [-1, -1]}
							}
						},
						{
							"origin": [-0.5, 44, -23.5],
							"size": [1, 1, 1],
							"uv": {
								"north": {"uv": [27, 7], "uv_size": [1, 1]},
								"east": {"uv": [27, 7], "uv_size": [1, 1]},
								"south": {"uv": [27, 7], "uv_size": [1, 1]},
								"west": {"uv": [28, 7], "uv_size": [-1, 1]},
								"up": {"uv": [28, 8], "uv_size": [-1, -1]},
								"down": {"uv": [28, 8], "uv_size": [-1, -1]}
							}
						},
						{
							"origin": [-0.5, 44, -17.5],
							"size": [1, 1, 1],
							"uv": {
								"north": {"uv": [21, 7], "uv_size": [1, 1]},
								"east": {"uv": [21, 7], "uv_size": [1, 1]},
								"south": {"uv": [21, 7], "uv_size": [1, 1]},
								"west": {"uv": [22, 7], "uv_size": [-1, 1]},
								"up": {"uv": [22, 8], "uv_size": [-1, -1]},
								"down": {"uv": [22, 8], "uv_size": [-1, -1]}
							}
						},
						{
							"origin": [-0.5, 45, -24.5],
							"size": [1, 1, 1],
							"uv": {
								"north": {"uv": [28, 6], "uv_size": [1, 1]},
								"east": {"uv": [28, 6], "uv_size": [1, 1]},
								"south": {"uv": [28, 6], "uv_size": [1, 1]},
								"west": {"uv": [29, 6], "uv_size": [-1, 1]},
								"up": {"uv": [29, 7], "uv_size": [-1, -1]},
								"down": {"uv": [29, 7], "uv_size": [-1, -1]}
							}
						},
						{
							"origin": [-0.5, 45, -18.5],
							"size": [1, 1, 1],
							"uv": {
								"north": {"uv": [22, 6], "uv_size": [1, 1]},
								"east": {"uv": [22, 6], "uv_size": [1, 1]},
								"south": {"uv": [22, 6], "uv_size": [1, 1]},
								"west": {"uv": [23, 6], "uv_size": [-1, 1]},
								"up": {"uv": [23, 7], "uv_size": [-1, -1]},
								"down": {"uv": [23, 7], "uv_size": [-1, -1]}
							}
						},
						{
							"origin": [-0.5, 46, -24.5],
							"size": [1, 1, 1],
							"uv": {
								"north": {"uv": [28, 5], "uv_size": [1, 1]},
								"east": {"uv": [28, 5], "uv_size": [1, 1]},
								"south": {"uv": [28, 5], "uv_size": [1, 1]},
								"west": {"uv": [29, 5], "uv_size": [-1, 1]},
								"up": {"uv": [29, 6], "uv_size": [-1, -1]},
								"down": {"uv": [29, 6], "uv_size": [-1, -1]}
							}
						},
						{
							"origin": [-0.5, 46, -19.5],
							"size": [1, 1, 1],
							"uv": {
								"north": {"uv": [23, 5], "uv_size": [1, 1]},
								"east": {"uv": [23, 5], "uv_size": [1, 1]},
								"south": {"uv": [23, 5], "uv_size": [1, 1]},
								"west": {"uv": [24, 5], "uv_size": [-1, 1]},
								"up": {"uv": [24, 6], "uv_size": [-1, -1]},
								"down": {"uv": [24, 6], "uv_size": [-1, -1]}
							}
						},
						{
							"origin": [-0.5, 47, -24.5],
							"size": [1, 1, 1],
							"uv": {
								"north": {"uv": [28, 4], "uv_size": [1, 1]},
								"east": {"uv": [28, 4], "uv_size": [1, 1]},
								"south": {"uv": [28, 4], "uv_size": [1, 1]},
								"west": {"uv": [29, 4], "uv_size": [-1, 1]},
								"up": {"uv": [29, 5], "uv_size": [-1, -1]},
								"down": {"uv": [29, 5], "uv_size": [-1, -1]}
							}
						},
						{
							"origin": [-0.5, 47, -20.5],
							"size": [1, 1, 1],
							"uv": {
								"north": {"uv": [24, 4], "uv_size": [1, 1]},
								"east": {"uv": [24, 4], "uv_size": [1, 1]},
								"south": {"uv": [24, 4], "uv_size": [1, 1]},
								"west": {"uv": [25, 4], "uv_size": [-1, 1]},
								"up": {"uv": [25, 5], "uv_size": [-1, -1]},
								"down": {"uv": [25, 5], "uv_size": [-1, -1]}
							}
						},
						{
							"origin": [-0.5, 48, -24.5],
							"size": [1, 1, 1],
							"uv": {
								"north": {"uv": [28, 3], "uv_size": [1, 1]},
								"east": {"uv": [28, 3], "uv_size": [1, 1]},
								"south": {"uv": [28, 3], "uv_size": [1, 1]},
								"west": {"uv": [29, 3], "uv_size": [-1, 1]},
								"up": {"uv": [29, 4], "uv_size": [-1, -1]},
								"down": {"uv": [29, 4], "uv_size": [-1, -1]}
							}
						},
						{
							"origin": [-0.5, 48, -23.5],
							"size": [1, 1, 1],
							"uv": {
								"north": {"uv": [27, 3], "uv_size": [1, 1]},
								"east": {"uv": [27, 3], "uv_size": [1, 1]},
								"south": {"uv": [27, 3], "uv_size": [1, 1]},
								"west": {"uv": [28, 3], "uv_size": [-1, 1]},
								"up": {"uv": [28, 4], "uv_size": [-1, -1]},
								"down": {"uv": [28, 4], "uv_size": [-1, -1]}
							}
						},
						{
							"origin": [-0.5, 48, -22.5],
							"size": [1, 1, 1],
							"uv": {
								"north": {"uv": [26, 3], "uv_size": [1, 1]},
								"east": {"uv": [26, 3], "uv_size": [1, 1]},
								"south": {"uv": [26, 3], "uv_size": [1, 1]},
								"west": {"uv": [27, 3], "uv_size": [-1, 1]},
								"up": {"uv": [27, 4], "uv_size": [-1, -1]},
								"down": {"uv": [27, 4], "uv_size": [-1, -1]}
							}
						},
						{
							"origin": [-0.5, 48, -21.5],
							"size": [1, 1, 1],
							"uv": {
								"north": {"uv": [25, 3], "uv_size": [1, 1]},
								"east": {"uv": [25, 3], "uv_size": [1, 1]},
								"south": {"uv": [25, 3], "uv_size": [1, 1]},
								"west": {"uv": [26, 3], "uv_size": [-1, 1]},
								"up": {"uv": [26, 4], "uv_size": [-1, -1]},
								"down": {"uv": [26, 4], "uv_size": [-1, -1]}
							}
						}
					]
				}
			]
		}
	]
}