{
	"format_version": "1.12.0",
	"minecraft:geometry": [
		{
			"description": {
				"identifier": "geometry.humanoid.armor.boots",
				"texture_width": 64,
				"texture_height": 32,
				"visible_bounds_width": 2,
				"visible_bounds_height": 2,
				"visible_bounds_offset": [0, 0, 0]
			},
			"bones": [
				{
					"name": "root",
					"pivot": [0, 0, 0]
				},
				{
					"name": "leftLeg",
					"parent": "root",
					"pivot": [2.28, 0, 0]
				},
				{
					"name": "leftLeg2",
					"parent": "leftLeg",
					"pivot": [2.28, -6, 0],
					"cubes": [
						{
							"origin": [-0.6, 37.8, -56.4],
							"size": [6, 6, 0.6],
							"pivot": [13.2, -14.4, -55.2],
							"rotation": [-90, 0, 0],
							"uv": {
								"north": {"uv": [12, 16], "uv_size": [-4, 4]},
								"east": {"uv": [11, 16], "uv_size": [1, 4]},
								"south": {"uv": [8, 16], "uv_size": [4, 4]},
								"west": {"uv": [8, 16], "uv_size": [1, 4]},
								"up": {"uv": [12, 17], "uv_size": [-4, -1]},
								"down": {"uv": [12, 20], "uv_size": [-4, -1]}
							}
						},
						{
							"origin": [-10.8, -13.2, -10.8],
							"size": [4.8, 6, 0.6],
							"pivot": [3.6, -52.8, -12],
							"rotation": [0, 90, 0],
							"uv": {
								"north": {"uv": [12, 26], "uv_size": [-4, 6]},
								"east": {"uv": [11, 26], "uv_size": [1, 6]},
								"south": {"uv": [8, 26], "uv_size": [4, 6]},
								"west": {"uv": [8, 26], "uv_size": [1, 6]},
								"up": {"uv": [12, 27], "uv_size": [-4, -1]},
								"down": {"uv": [12, 32], "uv_size": [-4, -1]}
							}
						},
						{
							"origin": [-4.8, -13.2, 2.4],
							"size": [4.8, 6, 0.6],
							"pivot": [0, -52.8, 2.4],
							"rotation": [0, -90, 0],
							"uv": {
								"north": {"uv": [4, 26], "uv_size": [-4, 6]},
								"east": {"uv": [3, 26], "uv_size": [1, 6]},
								"south": {"uv": [0, 26], "uv_size": [4, 6]},
								"west": {"uv": [0, 26], "uv_size": [1, 6]},
								"up": {"uv": [4, 27], "uv_size": [-4, -1]},
								"down": {"uv": [4, 32], "uv_size": [-4, -1]}
							}
						},
						{
							"origin": [-0.6, -13.2, -3],
							"size": [6, 6, 0.6],
							"uv": {
								"north": {"uv": [8, 26], "uv_size": [-4, 6]},
								"east": {"uv": [7, 26], "uv_size": [1, 6]},
								"south": {"uv": [4, 26], "uv_size": [4, 6]},
								"west": {"uv": [4, 26], "uv_size": [1, 6]},
								"up": {"uv": [8, 27], "uv_size": [-4, -1]},
								"down": {"uv": [8, 32], "uv_size": [-4, -1]}
							}
						},
						{
							"origin": [-0.6, -13.2, 2.4],
							"size": [6, 6, 0.6],
							"uv": {
								"north": {"uv": [16, 26], "uv_size": [-4, 6]},
								"east": {"uv": [15, 26], "uv_size": [1, 6]},
								"south": {"uv": [12, 26], "uv_size": [4, 6]},
								"west": {"uv": [12, 26], "uv_size": [1, 6]},
								"up": {"uv": [16, 27], "uv_size": [-4, -1]},
								"down": {"uv": [16, 32], "uv_size": [-4, -1]}
							}
						}
					]
				},
				{
					"name": "rightLeg",
					"parent": "root",
					"pivot": [-2.28, 0, 0]
				},
				{
					"name": "rightLeg2",
					"parent": "rightLeg",
					"pivot": [-2.28, -6, 0],
					"cubes": [
						{
							"origin": [-5.4, 37.8, -56.4],
							"size": [6, 6, 0.6],
							"pivot": [7.2, -14.4, -55.2],
							"rotation": [-90, 0, 0],
							"uv": {
								"north": {"uv": [8, 16], "uv_size": [4, 4]},
								"east": {"uv": [12, 16], "uv_size": [-1, 4]},
								"south": {"uv": [12, 16], "uv_size": [-4, 4]},
								"west": {"uv": [9, 16], "uv_size": [-1, 4]},
								"up": {"uv": [8, 17], "uv_size": [4, -1]},
								"down": {"uv": [8, 20], "uv_size": [4, -1]}
							}
						},
						{
							"origin": [-16.8, -13.2, -9.6],
							"size": [4.8, 6, 0.6],
							"pivot": [-2.4, -52.8, -12],
							"rotation": [0, 90, 0],
							"uv": {
								"north": {"uv": [8, 26], "uv_size": [4, 6]},
								"east": {"uv": [12, 26], "uv_size": [-1, 6]},
								"south": {"uv": [12, 26], "uv_size": [-4, 6]},
								"west": {"uv": [9, 26], "uv_size": [-1, 6]},
								"up": {"uv": [8, 27], "uv_size": [4, -1]},
								"down": {"uv": [8, 32], "uv_size": [4, -1]}
							}
						},
						{
							"origin": [-10.8, -13.2, 1.2],
							"size": [4.8, 6, 0.6],
							"pivot": [-6, -52.8, 2.4],
							"rotation": [0, -90, 0],
							"uv": {
								"north": {"uv": [0, 26], "uv_size": [4, 6]},
								"east": {"uv": [4, 26], "uv_size": [-1, 6]},
								"south": {"uv": [4, 26], "uv_size": [-4, 6]},
								"west": {"uv": [1, 26], "uv_size": [-1, 6]},
								"up": {"uv": [0, 27], "uv_size": [4, -1]},
								"down": {"uv": [0, 32], "uv_size": [4, -1]}
							}
						},
						{
							"origin": [-5.4, -13.2, -3],
							"size": [6, 6, 0.6],
							"uv": {
								"north": {"uv": [4, 26], "uv_size": [4, 6]},
								"east": {"uv": [8, 26], "uv_size": [-1, 6]},
								"south": {"uv": [8, 26], "uv_size": [-4, 6]},
								"west": {"uv": [5, 26], "uv_size": [-1, 6]},
								"up": {"uv": [4, 27], "uv_size": [4, -1]},
								"down": {"uv": [4, 32], "uv_size": [4, -1]}
							}
						},
						{
							"origin": [-5.4, -13.2, 2.4],
							"size": [6, 6, 0.6],
							"uv": {
								"north": {"uv": [12, 26], "uv_size": [4, 6]},
								"east": {"uv": [16, 26], "uv_size": [-1, 6]},
								"south": {"uv": [16, 26], "uv_size": [-4, 6]},
								"west": {"uv": [13, 26], "uv_size": [-1, 6]},
								"up": {"uv": [12, 27], "uv_size": [4, -1]},
								"down": {"uv": [12, 32], "uv_size": [4, -1]}
							}
						}
					]
				}
			]
		}
	]
}