{
	"format_version": "1.12.0",
	"minecraft:geometry": [
		{
			"description": {
				"identifier": "geometry.lz_bow_standby",
				"texture_width": 32,
				"texture_height": 32,
				"visible_bounds_width": 2,
				"visible_bounds_height": 1.5,
				"visible_bounds_offset": [0, 0.25, 0]
			},
			"bones": [
				{
					"name": "rightitem",
					"pivot": [0, 0, 0],
					"cubes": [
						{
							"origin": [1, 4, 8.31371],
							"size": [1, 1, 1],
							"pivot": [0.5, 2, 9.31371],
							"rotation": [45, 0, 0],
							"uv": {
								"north": {"uv": [1, 14], "uv_size": [1, 1]},
								"east": {"uv": [2, 14], "uv_size": [-1, 1]},
								"south": {"uv": [1, 14], "uv_size": [1, 1]},
								"west": {"uv": [1, 14], "uv_size": [1, 1]},
								"up": {"uv": [2, 15], "uv_size": [-1, -1]},
								"down": {"uv": [2, 15], "uv_size": [-1, -1]}
							}
						},
						{
							"origin": [1, 5, 7.31371],
							"size": [1, 1, 1],
							"pivot": [0.5, 2, 9.31371],
							"rotation": [45, 0, 0],
							"uv": {
								"north": {"uv": [2, 13], "uv_size": [1, 1]},
								"east": {"uv": [3, 13], "uv_size": [-1, 1]},
								"south": {"uv": [2, 13], "uv_size": [1, 1]},
								"west": {"uv": [2, 13], "uv_size": [1, 1]},
								"up": {"uv": [3, 14], "uv_size": [-1, -1]},
								"down": {"uv": [3, 14], "uv_size": [-1, -1]}
							}
						},
						{
							"origin": [1, 3, 7.31371],
							"size": [1, 1, 1],
							"pivot": [0.5, 2, 9.31371],
							"rotation": [45, 0, 0],
							"uv": {
								"north": {"uv": [0, 13], "uv_size": [1, 1]},
								"east": {"uv": [1, 13], "uv_size": [-1, 1]},
								"south": {"uv": [0, 13], "uv_size": [1, 1]},
								"west": {"uv": [0, 13], "uv_size": [1, 1]},
								"up": {"uv": [1, 14], "uv_size": [-1, -1]},
								"down": {"uv": [1, 14], "uv_size": [-1, -1]}
							}
						},
						{
							"origin": [1, 5, 6.31371],
							"size": [1, 1, 1],
							"pivot": [0.5, 2, 9.31371],
							"rotation": [45, 0, 0],
							"uv": {
								"north": {"uv": [2, 12], "uv_size": [1, 1]},
								"east": {"uv": [3, 12], "uv_size": [-1, 1]},
								"south": {"uv": [2, 12], "uv_size": [1, 1]},
								"west": {"uv": [2, 12], "uv_size": [1, 1]},
								"up": {"uv": [3, 13], "uv_size": [-1, -1]},
								"down": {"uv": [3, 13], "uv_size": [-1, -1]}
							}
						},
						{
							"origin": [1, 3, 6.31371],
							"size": [1, 1, 1],
							"pivot": [0.5, 2, 9.31371],
							"rotation": [45, 0, 0],
							"uv": {
								"north": {"uv": [0, 12], "uv_size": [1, 1]},
								"east": {"uv": [1, 12], "uv_size": [-1, 1]},
								"south": {"uv": [0, 12], "uv_size": [1, 1]},
								"west": {"uv": [0, 12], "uv_size": [1, 1]},
								"up": {"uv": [1, 13], "uv_size": [-1, -1]},
								"down": {"uv": [1, 13], "uv_size": [-1, -1]}
							}
						},
						{
							"origin": [1, 5, 5.31371],
							"size": [1, 1, 1],
							"pivot": [0.5, 2, 9.31371],
							"rotation": [45, 0, 0],
							"uv": {
								"north": {"uv": [2, 11], "uv_size": [1, 1]},
								"east": {"uv": [3, 11], "uv_size": [-1, 1]},
								"south": {"uv": [2, 11], "uv_size": [1, 1]},
								"west": {"uv": [2, 11], "uv_size": [1, 1]},
								"up": {"uv": [3, 12], "uv_size": [-1, -1]},
								"down": {"uv": [3, 12], "uv_size": [-1, -1]}
							}
						},
						{
							"origin": [1, 3, 5.31371],
							"size": [1, 1, 1],
							"pivot": [0.5, 2, 9.31371],
							"rotation": [45, 0, 0],
							"uv": {
								"north": {"uv": [0, 11], "uv_size": [1, 1]},
								"east": {"uv": [1, 11], "uv_size": [-1, 1]},
								"south": {"uv": [0, 11], "uv_size": [1, 1]},
								"west": {"uv": [0, 11], "uv_size": [1, 1]},
								"up": {"uv": [1, 12], "uv_size": [-1, -1]},
								"down": {"uv": [1, 12], "uv_size": [-1, -1]}
							}
						},
						{
							"origin": [1, 5, 4.31371],
							"size": [1, 1, 1],
							"pivot": [0.5, 2, 9.31371],
							"rotation": [45, 0, 0],
							"uv": {
								"north": {"uv": [2, 10], "uv_size": [1, 1]},
								"east": {"uv": [3, 10], "uv_size": [-1, 1]},
								"south": {"uv": [2, 10], "uv_size": [1, 1]},
								"west": {"uv": [2, 10], "uv_size": [1, 1]},
								"up": {"uv": [3, 11], "uv_size": [-1, -1]},
								"down": {"uv": [3, 11], "uv_size": [-1, -1]}
							}
						},
						{
							"origin": [1, 3, 4.31371],
							"size": [1, 1, 1],
							"pivot": [0.5, 2, 9.31371],
							"rotation": [45, 0, 0],
							"uv": {
								"north": {"uv": [0, 10], "uv_size": [1, 1]},
								"east": {"uv": [1, 10], "uv_size": [-1, 1]},
								"south": {"uv": [0, 10], "uv_size": [1, 1]},
								"west": {"uv": [0, 10], "uv_size": [1, 1]},
								"up": {"uv": [1, 11], "uv_size": [-1, -1]},
								"down": {"uv": [1, 11], "uv_size": [-1, -1]}
							}
						},
						{
							"origin": [1, 6, 3.31371],
							"size": [1, 1, 1],
							"pivot": [0.5, 2, 9.31371],
							"rotation": [45, 0, 0],
							"uv": {
								"north": {"uv": [3, 9], "uv_size": [1, 1]},
								"east": {"uv": [4, 9], "uv_size": [-1, 1]},
								"south": {"uv": [3, 9], "uv_size": [1, 1]},
								"west": {"uv": [3, 9], "uv_size": [1, 1]},
								"up": {"uv": [4, 10], "uv_size": [-1, -1]},
								"down": {"uv": [4, 10], "uv_size": [-1, -1]}
							}
						},
						{
							"origin": [1, 4, 3.31371],
							"size": [1, 1, 1],
							"pivot": [0.5, 2, 9.31371],
							"rotation": [45, 0, 0],
							"uv": {
								"north": {"uv": [1, 9], "uv_size": [1, 1]},
								"east": {"uv": [2, 9], "uv_size": [-1, 1]},
								"south": {"uv": [1, 9], "uv_size": [1, 1]},
								"west": {"uv": [1, 9], "uv_size": [1, 1]},
								"up": {"uv": [2, 10], "uv_size": [-1, -1]},
								"down": {"uv": [2, 10], "uv_size": [-1, -1]}
							}
						},
						{
							"origin": [1, 6, 2.31371],
							"size": [1, 1, 1],
							"pivot": [0.5, 2, 9.31371],
							"rotation": [45, 0, 0],
							"uv": {
								"north": {"uv": [3, 8], "uv_size": [1, 1]},
								"east": {"uv": [4, 8], "uv_size": [-1, 1]},
								"south": {"uv": [3, 8], "uv_size": [1, 1]},
								"west": {"uv": [3, 8], "uv_size": [1, 1]},
								"up": {"uv": [4, 9], "uv_size": [-1, -1]},
								"down": {"uv": [4, 9], "uv_size": [-1, -1]}
							}
						},
						{
							"origin": [1, 4, 2.31371],
							"size": [1, 1, 1],
							"pivot": [0.5, 2, 9.31371],
							"rotation": [45, 0, 0],
							"uv": {
								"north": {"uv": [1, 8], "uv_size": [1, 1]},
								"east": {"uv": [2, 8], "uv_size": [-1, 1]},
								"south": {"uv": [1, 8], "uv_size": [1, 1]},
								"west": {"uv": [1, 8], "uv_size": [1, 1]},
								"up": {"uv": [2, 9], "uv_size": [-1, -1]},
								"down": {"uv": [2, 9], "uv_size": [-1, -1]}
							}
						},
						{
							"origin": [1, 6, 1.31371],
							"size": [1, 1, 1],
							"pivot": [0.5, 2, 9.31371],
							"rotation": [45, 0, 0],
							"uv": {
								"north": {"uv": [3, 7], "uv_size": [1, 1]},
								"east": {"uv": [4, 7], "uv_size": [-1, 1]},
								"south": {"uv": [3, 7], "uv_size": [1, 1]},
								"west": {"uv": [3, 7], "uv_size": [1, 1]},
								"up": {"uv": [4, 8], "uv_size": [-1, -1]},
								"down": {"uv": [4, 8], "uv_size": [-1, -1]}
							}
						},
						{
							"origin": [1, 4, 1.31371],
							"size": [1, 1, 1],
							"pivot": [0.5, 2, 9.31371],
							"rotation": [45, 0, 0],
							"uv": {
								"north": {"uv": [1, 7], "uv_size": [1, 1]},
								"east": {"uv": [2, 7], "uv_size": [-1, 1]},
								"south": {"uv": [1, 7], "uv_size": [1, 1]},
								"west": {"uv": [1, 7], "uv_size": [1, 1]},
								"up": {"uv": [2, 8], "uv_size": [-1, -1]},
								"down": {"uv": [2, 8], "uv_size": [-1, -1]}
							}
						},
						{
							"origin": [1, 7, 0.31371],
							"size": [1, 1, 1],
							"pivot": [0.5, 2, 9.31371],
							"rotation": [45, 0, 0],
							"uv": {
								"north": {"uv": [4, 6], "uv_size": [1, 1]},
								"east": {"uv": [5, 6], "uv_size": [-1, 1]},
								"south": {"uv": [4, 6], "uv_size": [1, 1]},
								"west": {"uv": [4, 6], "uv_size": [1, 1]},
								"up": {"uv": [5, 7], "uv_size": [-1, -1]},
								"down": {"uv": [5, 7], "uv_size": [-1, -1]}
							}
						},
						{
							"origin": [1, 5, 0.31371],
							"size": [1, 1, 1],
							"pivot": [0.5, 2, 9.31371],
							"rotation": [45, 0, 0],
							"uv": {
								"north": {"uv": [2, 6], "uv_size": [1, 1]},
								"east": {"uv": [3, 6], "uv_size": [-1, 1]},
								"south": {"uv": [2, 6], "uv_size": [1, 1]},
								"west": {"uv": [2, 6], "uv_size": [1, 1]},
								"up": {"uv": [3, 7], "uv_size": [-1, -1]},
								"down": {"uv": [3, 7], "uv_size": [-1, -1]}
							}
						},
						{
							"origin": [1, 8, -0.68629],
							"size": [1, 1, 1],
							"pivot": [0.5, 2, 9.31371],
							"rotation": [45, 0, 0],
							"uv": {
								"north": {"uv": [5, 5], "uv_size": [1, 1]},
								"east": {"uv": [6, 5], "uv_size": [-1, 1]},
								"south": {"uv": [5, 5], "uv_size": [1, 1]},
								"west": {"uv": [5, 5], "uv_size": [1, 1]},
								"up": {"uv": [6, 6], "uv_size": [-1, -1]},
								"down": {"uv": [6, 6], "uv_size": [-1, -1]}
							}
						},
						{
							"origin": [1, 6, -0.68629],
							"size": [1, 1, 1],
							"pivot": [0.5, 2, 9.31371],
							"rotation": [45, 0, 0],
							"uv": {
								"north": {"uv": [3, 5], "uv_size": [1, 1]},
								"east": {"uv": [4, 5], "uv_size": [-1, 1]},
								"south": {"uv": [3, 5], "uv_size": [1, 1]},
								"west": {"uv": [3, 5], "uv_size": [1, 1]},
								"up": {"uv": [4, 6], "uv_size": [-1, -1]},
								"down": {"uv": [4, 6], "uv_size": [-1, -1]}
							}
						},
						{
							"origin": [1, 5, -0.68629],
							"size": [1, 1, 1],
							"pivot": [0.5, 2, 9.31371],
							"rotation": [45, 0, 0],
							"uv": {
								"north": {"uv": [2, 5], "uv_size": [1, 1]},
								"east": {"uv": [3, 5], "uv_size": [-1, 1]},
								"south": {"uv": [2, 5], "uv_size": [1, 1]},
								"west": {"uv": [2, 5], "uv_size": [1, 1]},
								"up": {"uv": [3, 6], "uv_size": [-1, -1]},
								"down": {"uv": [3, 6], "uv_size": [-1, -1]}
							}
						},
						{
							"origin": [1, 9, -1.68629],
							"size": [1, 1, 1],
							"pivot": [0.5, 2, 9.31371],
							"rotation": [45, 0, 0],
							"uv": {
								"north": {"uv": [6, 4], "uv_size": [1, 1]},
								"east": {"uv": [7, 4], "uv_size": [-1, 1]},
								"south": {"uv": [6, 4], "uv_size": [1, 1]},
								"west": {"uv": [6, 4], "uv_size": [1, 1]},
								"up": {"uv": [7, 5], "uv_size": [-1, -1]},
								"down": {"uv": [7, 5], "uv_size": [-1, -1]}
							}
						},
						{
							"origin": [1, 7, -1.68629],
							"size": [1, 1, 1],
							"pivot": [0.5, 2, 9.31371],
							"rotation": [45, 0, 0],
							"uv": {
								"north": {"uv": [4, 4], "uv_size": [1, 1]},
								"east": {"uv": [5, 4], "uv_size": [-1, 1]},
								"south": {"uv": [4, 4], "uv_size": [1, 1]},
								"west": {"uv": [4, 4], "uv_size": [1, 1]},
								"up": {"uv": [5, 5], "uv_size": [-1, -1]},
								"down": {"uv": [5, 5], "uv_size": [-1, -1]}
							}
						},
						{
							"origin": [1, 6, -1.68629],
							"size": [1, 1, 1],
							"pivot": [0.5, 2, 9.31371],
							"rotation": [45, 0, 0],
							"uv": {
								"north": {"uv": [3, 4], "uv_size": [1, 1]},
								"east": {"uv": [4, 4], "uv_size": [-1, 1]},
								"south": {"uv": [3, 4], "uv_size": [1, 1]},
								"west": {"uv": [3, 4], "uv_size": [1, 1]},
								"up": {"uv": [4, 5], "uv_size": [-1, -1]},
								"down": {"uv": [4, 5], "uv_size": [-1, -1]}
							}
						},
						{
							"origin": [1, 12, -2.68629],
							"size": [1, 1, 1],
							"pivot": [0.5, 2, 9.31371],
							"rotation": [45, 0, 0],
							"uv": {
								"north": {"uv": [9, 3], "uv_size": [1, 1]},
								"east": {"uv": [10, 3], "uv_size": [-1, 1]},
								"south": {"uv": [9, 3], "uv_size": [1, 1]},
								"west": {"uv": [9, 3], "uv_size": [1, 1]},
								"up": {"uv": [10, 4], "uv_size": [-1, -1]},
								"down": {"uv": [10, 4], "uv_size": [-1, -1]}
							}
						},
						{
							"origin": [1, 11, -2.68629],
							"size": [1, 1, 1],
							"pivot": [0.5, 2, 9.31371],
							"rotation": [45, 0, 0],
							"uv": {
								"north": {"uv": [8, 3], "uv_size": [1, 1]},
								"east": {"uv": [9, 3], "uv_size": [-1, 1]},
								"south": {"uv": [8, 3], "uv_size": [1, 1]},
								"west": {"uv": [8, 3], "uv_size": [1, 1]},
								"up": {"uv": [9, 4], "uv_size": [-1, -1]},
								"down": {"uv": [9, 4], "uv_size": [-1, -1]}
							}
						},
						{
							"origin": [1, 10, -2.68629],
							"size": [1, 1, 1],
							"pivot": [0.5, 2, 9.31371],
							"rotation": [45, 0, 0],
							"uv": {
								"north": {"uv": [7, 3], "uv_size": [1, 1]},
								"east": {"uv": [8, 3], "uv_size": [-1, 1]},
								"south": {"uv": [7, 3], "uv_size": [1, 1]},
								"west": {"uv": [7, 3], "uv_size": [1, 1]},
								"up": {"uv": [8, 4], "uv_size": [-1, -1]},
								"down": {"uv": [8, 4], "uv_size": [-1, -1]}
							}
						},
						{
							"origin": [1, 8, -2.68629],
							"size": [1, 1, 1],
							"pivot": [0.5, 2, 9.31371],
							"rotation": [45, 0, 0],
							"uv": {
								"north": {"uv": [5, 3], "uv_size": [1, 1]},
								"east": {"uv": [6, 3], "uv_size": [-1, 1]},
								"south": {"uv": [5, 3], "uv_size": [1, 1]},
								"west": {"uv": [5, 3], "uv_size": [1, 1]},
								"up": {"uv": [6, 4], "uv_size": [-1, -1]},
								"down": {"uv": [6, 4], "uv_size": [-1, -1]}
							}
						},
						{
							"origin": [1, 7, -2.68629],
							"size": [1, 1, 1],
							"pivot": [0.5, 2, 9.31371],
							"rotation": [45, 0, 0],
							"uv": {
								"north": {"uv": [4, 3], "uv_size": [1, 1]},
								"east": {"uv": [5, 3], "uv_size": [-1, 1]},
								"south": {"uv": [4, 3], "uv_size": [1, 1]},
								"west": {"uv": [4, 3], "uv_size": [1, 1]},
								"up": {"uv": [5, 4], "uv_size": [-1, -1]},
								"down": {"uv": [5, 4], "uv_size": [-1, -1]}
							}
						},
						{
							"origin": [1, 16, -3.68629],
							"size": [1, 1, 1],
							"pivot": [0.5, 2, 9.31371],
							"rotation": [45, 0, 0],
							"uv": {
								"north": {"uv": [13, 2], "uv_size": [1, 1]},
								"east": {"uv": [14, 2], "uv_size": [-1, 1]},
								"south": {"uv": [13, 2], "uv_size": [1, 1]},
								"west": {"uv": [13, 2], "uv_size": [1, 1]},
								"up": {"uv": [14, 3], "uv_size": [-1, -1]},
								"down": {"uv": [14, 3], "uv_size": [-1, -1]}
							}
						},
						{
							"origin": [1, 15, -3.68629],
							"size": [1, 1, 1],
							"pivot": [0.5, 2, 9.31371],
							"rotation": [45, 0, 0],
							"uv": {
								"north": {"uv": [12, 2], "uv_size": [1, 1]},
								"east": {"uv": [13, 2], "uv_size": [-1, 1]},
								"south": {"uv": [12, 2], "uv_size": [1, 1]},
								"west": {"uv": [12, 2], "uv_size": [1, 1]},
								"up": {"uv": [13, 3], "uv_size": [-1, -1]},
								"down": {"uv": [13, 3], "uv_size": [-1, -1]}
							}
						},
						{
							"origin": [1, 14, -3.68629],
							"size": [1, 1, 1],
							"pivot": [0.5, 2, 9.31371],
							"rotation": [45, 0, 0],
							"uv": {
								"north": {"uv": [11, 2], "uv_size": [1, 1]},
								"east": {"uv": [12, 2], "uv_size": [-1, 1]},
								"south": {"uv": [11, 2], "uv_size": [1, 1]},
								"west": {"uv": [11, 2], "uv_size": [1, 1]},
								"up": {"uv": [12, 3], "uv_size": [-1, -1]},
								"down": {"uv": [12, 3], "uv_size": [-1, -1]}
							}
						},
						{
							"origin": [1, 13, -3.68629],
							"size": [1, 1, 1],
							"pivot": [0.5, 2, 9.31371],
							"rotation": [45, 0, 0],
							"uv": {
								"north": {"uv": [10, 2], "uv_size": [1, 1]},
								"east": {"uv": [11, 2], "uv_size": [-1, 1]},
								"south": {"uv": [10, 2], "uv_size": [1, 1]},
								"west": {"uv": [10, 2], "uv_size": [1, 1]},
								"up": {"uv": [11, 3], "uv_size": [-1, -1]},
								"down": {"uv": [11, 3], "uv_size": [-1, -1]}
							}
						},
						{
							"origin": [1, 9, -3.68629],
							"size": [1, 1, 1],
							"pivot": [0.5, 2, 9.31371],
							"rotation": [45, 0, 0],
							"uv": {
								"north": {"uv": [6, 2], "uv_size": [1, 1]},
								"east": {"uv": [7, 2], "uv_size": [-1, 1]},
								"south": {"uv": [6, 2], "uv_size": [1, 1]},
								"west": {"uv": [6, 2], "uv_size": [1, 1]},
								"up": {"uv": [7, 3], "uv_size": [-1, -1]},
								"down": {"uv": [7, 3], "uv_size": [-1, -1]}
							}
						},
						{
							"origin": [1, 8, -3.68629],
							"size": [1, 1, 1],
							"pivot": [0.5, 2, 9.31371],
							"rotation": [45, 0, 0],
							"uv": {
								"north": {"uv": [5, 2], "uv_size": [1, 1]},
								"east": {"uv": [6, 2], "uv_size": [-1, 1]},
								"south": {"uv": [5, 2], "uv_size": [1, 1]},
								"west": {"uv": [5, 2], "uv_size": [1, 1]},
								"up": {"uv": [6, 3], "uv_size": [-1, -1]},
								"down": {"uv": [6, 3], "uv_size": [-1, -1]}
							}
						},
						{
							"origin": [1, 17, -4.68629],
							"size": [1, 1, 1],
							"pivot": [0.5, 2, 9.31371],
							"rotation": [45, 0, 0],
							"uv": {
								"north": {"uv": [14, 1], "uv_size": [1, 1]},
								"east": {"uv": [15, 1], "uv_size": [-1, 1]},
								"south": {"uv": [14, 1], "uv_size": [1, 1]},
								"west": {"uv": [14, 1], "uv_size": [1, 1]},
								"up": {"uv": [15, 2], "uv_size": [-1, -1]},
								"down": {"uv": [15, 2], "uv_size": [-1, -1]}
							}
						},
						{
							"origin": [1, 12, -4.68629],
							"size": [1, 1, 1],
							"pivot": [0.5, 2, 9.31371],
							"rotation": [45, 0, 0],
							"uv": {
								"north": {"uv": [9, 1], "uv_size": [1, 1]},
								"east": {"uv": [10, 1], "uv_size": [-1, 1]},
								"south": {"uv": [9, 1], "uv_size": [1, 1]},
								"west": {"uv": [9, 1], "uv_size": [1, 1]},
								"up": {"uv": [10, 2], "uv_size": [-1, -1]},
								"down": {"uv": [10, 2], "uv_size": [-1, -1]}
							}
						},
						{
							"origin": [1, 11, -4.68629],
							"size": [1, 1, 1],
							"pivot": [0.5, 2, 9.31371],
							"rotation": [45, 0, 0],
							"uv": {
								"north": {"uv": [8, 1], "uv_size": [1, 1]},
								"east": {"uv": [9, 1], "uv_size": [-1, 1]},
								"south": {"uv": [8, 1], "uv_size": [1, 1]},
								"west": {"uv": [8, 1], "uv_size": [1, 1]},
								"up": {"uv": [9, 2], "uv_size": [-1, -1]},
								"down": {"uv": [9, 2], "uv_size": [-1, -1]}
							}
						},
						{
							"origin": [1, 10, -4.68629],
							"size": [1, 1, 1],
							"pivot": [0.5, 2, 9.31371],
							"rotation": [45, 0, 0],
							"uv": {
								"north": {"uv": [7, 1], "uv_size": [1, 1]},
								"east": {"uv": [8, 1], "uv_size": [-1, 1]},
								"south": {"uv": [7, 1], "uv_size": [1, 1]},
								"west": {"uv": [7, 1], "uv_size": [1, 1]},
								"up": {"uv": [8, 2], "uv_size": [-1, -1]},
								"down": {"uv": [8, 2], "uv_size": [-1, -1]}
							}
						},
						{
							"origin": [1, 16, -5.68629],
							"size": [1, 1, 1],
							"pivot": [0.5, 2, 9.31371],
							"rotation": [45, 0, 0],
							"uv": {
								"north": {"uv": [13, 0], "uv_size": [1, 1]},
								"east": {"uv": [14, 0], "uv_size": [-1, 1]},
								"south": {"uv": [13, 0], "uv_size": [1, 1]},
								"west": {"uv": [13, 0], "uv_size": [1, 1]},
								"up": {"uv": [14, 1], "uv_size": [-1, -1]},
								"down": {"uv": [14, 1], "uv_size": [-1, -1]}
							}
						},
						{
							"origin": [1, 15, -5.68629],
							"size": [1, 1, 1],
							"pivot": [0.5, 2, 9.31371],
							"rotation": [45, 0, 0],
							"uv": {
								"north": {"uv": [12, 0], "uv_size": [1, 1]},
								"east": {"uv": [13, 0], "uv_size": [-1, 1]},
								"south": {"uv": [12, 0], "uv_size": [1, 1]},
								"west": {"uv": [12, 0], "uv_size": [1, 1]},
								"up": {"uv": [13, 1], "uv_size": [-1, -1]},
								"down": {"uv": [13, 1], "uv_size": [-1, -1]}
							}
						},
						{
							"origin": [1, 14, -5.68629],
							"size": [1, 1, 1],
							"pivot": [0.5, 2, 9.31371],
							"rotation": [45, 0, 0],
							"uv": {
								"north": {"uv": [11, 0], "uv_size": [1, 1]},
								"east": {"uv": [12, 0], "uv_size": [-1, 1]},
								"south": {"uv": [11, 0], "uv_size": [1, 1]},
								"west": {"uv": [11, 0], "uv_size": [1, 1]},
								"up": {"uv": [12, 1], "uv_size": [-1, -1]},
								"down": {"uv": [12, 1], "uv_size": [-1, -1]}
							}
						},
						{
							"origin": [1, 13, -5.68629],
							"size": [1, 1, 1],
							"pivot": [0.5, 2, 9.31371],
							"rotation": [45, 0, 0],
							"uv": {
								"north": {"uv": [10, 0], "uv_size": [1, 1]},
								"east": {"uv": [11, 0], "uv_size": [-1, 1]},
								"south": {"uv": [10, 0], "uv_size": [1, 1]},
								"west": {"uv": [10, 0], "uv_size": [1, 1]},
								"up": {"uv": [11, 1], "uv_size": [-1, -1]},
								"down": {"uv": [11, 1], "uv_size": [-1, -1]}
							}
						},
						{
							"origin": [0.9, 4, 7.31371],
							"size": [1.2, 1, 1],
							"pivot": [1.5, 2, 9.31371],
							"rotation": [45, 0, 0],
							"uv": {
								"north": {"uv": [1, 13], "uv_size": [1, 1]},
								"east": {"uv": [2, 13], "uv_size": [-1, 1]},
								"south": {"uv": [1, 13], "uv_size": [1, 1]},
								"west": {"uv": [1, 13], "uv_size": [1, 1]},
								"up": {"uv": [2, 14], "uv_size": [-1, -1]},
								"down": {"uv": [2, 14], "uv_size": [-1, -1]}
							}
						},
						{
							"origin": [0.85, 4, 6.31371],
							"size": [1.3, 1, 1],
							"pivot": [1.5, 2, 9.31371],
							"rotation": [45, 0, 0],
							"uv": {
								"north": {"uv": [1, 12], "uv_size": [1, 1]},
								"east": {"uv": [2, 12], "uv_size": [-1, 1]},
								"south": {"uv": [1, 12], "uv_size": [1, 1]},
								"west": {"uv": [1, 12], "uv_size": [1, 1]},
								"up": {"uv": [2, 13], "uv_size": [-1, -1]},
								"down": {"uv": [2, 13], "uv_size": [-1, -1]}
							}
						},
						{
							"origin": [0.8, 4, 5.31371],
							"size": [1.4, 1, 1],
							"pivot": [1.5, 2, 9.31371],
							"rotation": [45, 0, 0],
							"uv": {
								"north": {"uv": [1, 11], "uv_size": [1, 1]},
								"east": {"uv": [2, 11], "uv_size": [-1, 1]},
								"south": {"uv": [1, 11], "uv_size": [1, 1]},
								"west": {"uv": [1, 11], "uv_size": [1, 1]},
								"up": {"uv": [2, 12], "uv_size": [-1, -1]},
								"down": {"uv": [2, 12], "uv_size": [-1, -1]}
							}
						},
						{
							"origin": [0.8, 4, 4.31371],
							"size": [1.4, 1, 1],
							"pivot": [1.5, 2, 9.31371],
							"rotation": [45, 0, 0],
							"uv": {
								"north": {"uv": [1, 10], "uv_size": [1, 1]},
								"east": {"uv": [2, 10], "uv_size": [-1, 1]},
								"south": {"uv": [1, 10], "uv_size": [1, 1]},
								"west": {"uv": [1, 10], "uv_size": [1, 1]},
								"up": {"uv": [2, 11], "uv_size": [-1, -1]},
								"down": {"uv": [2, 11], "uv_size": [-1, -1]}
							}
						},
						{
							"origin": [0.8, 5, 3.31371],
							"size": [1.4, 1, 1],
							"pivot": [1.5, 2, 9.31371],
							"rotation": [45, 0, 0],
							"uv": {
								"north": {"uv": [2, 9], "uv_size": [1, 1]},
								"east": {"uv": [3, 9], "uv_size": [-1, 1]},
								"south": {"uv": [2, 9], "uv_size": [1, 1]},
								"west": {"uv": [2, 9], "uv_size": [1, 1]},
								"up": {"uv": [3, 10], "uv_size": [-1, -1]},
								"down": {"uv": [3, 10], "uv_size": [-1, -1]}
							}
						},
						{
							"origin": [0.8, 5, 2.31371],
							"size": [1.4, 1, 1],
							"pivot": [1.5, 2, 9.31371],
							"rotation": [45, 0, 0],
							"uv": {
								"north": {"uv": [2, 8], "uv_size": [1, 1]},
								"east": {"uv": [3, 8], "uv_size": [-1, 1]},
								"south": {"uv": [2, 8], "uv_size": [1, 1]},
								"west": {"uv": [2, 8], "uv_size": [1, 1]},
								"up": {"uv": [3, 9], "uv_size": [-1, -1]},
								"down": {"uv": [3, 9], "uv_size": [-1, -1]}
							}
						},
						{
							"origin": [0.8, 5, 1.31371],
							"size": [1.4, 1, 1],
							"pivot": [1.5, 2, 9.31371],
							"rotation": [45, 0, 0],
							"uv": {
								"north": {"uv": [2, 7], "uv_size": [1, 1]},
								"east": {"uv": [3, 7], "uv_size": [-1, 1]},
								"south": {"uv": [2, 7], "uv_size": [1, 1]},
								"west": {"uv": [2, 7], "uv_size": [1, 1]},
								"up": {"uv": [3, 8], "uv_size": [-1, -1]},
								"down": {"uv": [3, 8], "uv_size": [-1, -1]}
							}
						},
						{
							"origin": [0.8, 6, 0.31371],
							"size": [1.4, 1, 1],
							"pivot": [1.5, 2, 9.31371],
							"rotation": [45, 0, 0],
							"uv": {
								"north": {"uv": [3, 6], "uv_size": [1, 1]},
								"east": {"uv": [4, 6], "uv_size": [-1, 1]},
								"south": {"uv": [3, 6], "uv_size": [1, 1]},
								"west": {"uv": [3, 6], "uv_size": [1, 1]},
								"up": {"uv": [4, 7], "uv_size": [-1, -1]},
								"down": {"uv": [4, 7], "uv_size": [-1, -1]}
							}
						},
						{
							"origin": [0.75, 7, -0.68629],
							"size": [1.5, 1, 1],
							"pivot": [1.5, 2, 9.31371],
							"rotation": [45, 0, 0],
							"uv": {
								"north": {"uv": [4, 5], "uv_size": [1, 1]},
								"east": {"uv": [5, 5], "uv_size": [-1, 1]},
								"south": {"uv": [4, 5], "uv_size": [1, 1]},
								"west": {"uv": [4, 5], "uv_size": [1, 1]},
								"up": {"uv": [5, 6], "uv_size": [-1, -1]},
								"down": {"uv": [5, 6], "uv_size": [-1, -1]}
							}
						},
						{
							"origin": [0.75, 8, -1.68629],
							"size": [1.5, 1, 1],
							"pivot": [1.5, 2, 9.31371],
							"rotation": [45, 0, 0],
							"uv": {
								"north": {"uv": [5, 4], "uv_size": [1, 1]},
								"east": {"uv": [6, 4], "uv_size": [-1, 1]},
								"south": {"uv": [5, 4], "uv_size": [1, 1]},
								"west": {"uv": [5, 4], "uv_size": [1, 1]},
								"up": {"uv": [6, 5], "uv_size": [-1, -1]},
								"down": {"uv": [6, 5], "uv_size": [-1, -1]}
							}
						},
						{
							"origin": [0.8, 9, -2.68629],
							"size": [1.4, 1, 1],
							"pivot": [1.5, 2, 9.31371],
							"rotation": [45, 0, 0],
							"uv": {
								"north": {"uv": [6, 3], "uv_size": [1, 1]},
								"east": {"uv": [7, 3], "uv_size": [-1, 1]},
								"south": {"uv": [6, 3], "uv_size": [1, 1]},
								"west": {"uv": [6, 3], "uv_size": [1, 1]},
								"up": {"uv": [7, 4], "uv_size": [-1, -1]},
								"down": {"uv": [7, 4], "uv_size": [-1, -1]}
							}
						},
						{
							"origin": [0.8, 10, -3.68629],
							"size": [1.4, 1, 1],
							"pivot": [1.5, 2, 9.31371],
							"rotation": [45, 0, 0],
							"uv": {
								"north": {"uv": [7, 2], "uv_size": [1, 1]},
								"east": {"uv": [8, 2], "uv_size": [-1, 1]},
								"south": {"uv": [7, 2], "uv_size": [1, 1]},
								"west": {"uv": [7, 2], "uv_size": [1, 1]},
								"up": {"uv": [8, 3], "uv_size": [-1, -1]},
								"down": {"uv": [8, 3], "uv_size": [-1, -1]}
							}
						},
						{
							"origin": [0.8, 11, -3.68629],
							"size": [1.4, 1, 1],
							"pivot": [1.5, 2, 9.31371],
							"rotation": [45, 0, 0],
							"uv": {
								"north": {"uv": [8, 2], "uv_size": [1, 1]},
								"east": {"uv": [9, 2], "uv_size": [-1, 1]},
								"south": {"uv": [8, 2], "uv_size": [1, 1]},
								"west": {"uv": [8, 2], "uv_size": [1, 1]},
								"up": {"uv": [9, 3], "uv_size": [-1, -1]},
								"down": {"uv": [9, 3], "uv_size": [-1, -1]}
							}
						},
						{
							"origin": [0.8, 12, -3.68629],
							"size": [1.4, 1, 1],
							"pivot": [1.5, 2, 9.31371],
							"rotation": [45, 0, 0],
							"uv": {
								"north": {"uv": [9, 2], "uv_size": [1, 1]},
								"east": {"uv": [10, 2], "uv_size": [-1, 1]},
								"south": {"uv": [9, 2], "uv_size": [1, 1]},
								"west": {"uv": [9, 2], "uv_size": [1, 1]},
								"up": {"uv": [10, 3], "uv_size": [-1, -1]},
								"down": {"uv": [10, 3], "uv_size": [-1, -1]}
							}
						},
						{
							"origin": [0.8, 13, -4.68629],
							"size": [1.4, 1, 1],
							"pivot": [1.5, 2, 9.31371],
							"rotation": [45, 0, 0],
							"uv": {
								"north": {"uv": [10, 1], "uv_size": [1, 1]},
								"east": {"uv": [11, 1], "uv_size": [-1, 1]},
								"south": {"uv": [10, 1], "uv_size": [1, 1]},
								"west": {"uv": [10, 1], "uv_size": [1, 1]},
								"up": {"uv": [11, 2], "uv_size": [-1, -1]},
								"down": {"uv": [11, 2], "uv_size": [-1, -1]}
							}
						},
						{
							"origin": [0.8, 14, -4.68629],
							"size": [1.4, 1, 1],
							"pivot": [1.5, 2, 9.31371],
							"rotation": [45, 0, 0],
							"uv": {
								"north": {"uv": [11, 1], "uv_size": [1, 1]},
								"east": {"uv": [12, 1], "uv_size": [-1, 1]},
								"south": {"uv": [11, 1], "uv_size": [1, 1]},
								"west": {"uv": [11, 1], "uv_size": [1, 1]},
								"up": {"uv": [12, 2], "uv_size": [-1, -1]},
								"down": {"uv": [12, 2], "uv_size": [-1, -1]}
							}
						},
						{
							"origin": [0.85, 15, -4.68629],
							"size": [1.3, 1, 1],
							"pivot": [1.5, 2, 9.31371],
							"rotation": [45, 0, 0],
							"uv": {
								"north": {"uv": [12, 1], "uv_size": [1, 1]},
								"east": {"uv": [13, 1], "uv_size": [-1, 1]},
								"south": {"uv": [12, 1], "uv_size": [1, 1]},
								"west": {"uv": [12, 1], "uv_size": [1, 1]},
								"up": {"uv": [13, 2], "uv_size": [-1, -1]},
								"down": {"uv": [13, 2], "uv_size": [-1, -1]}
							}
						},
						{
							"origin": [0.9, 16, -4.68629],
							"size": [1.2, 1, 1],
							"pivot": [1.5, 2, 9.31371],
							"rotation": [45, 0, 0],
							"uv": {
								"north": {"uv": [13, 1], "uv_size": [1, 1]},
								"east": {"uv": [14, 1], "uv_size": [-1, 1]},
								"south": {"uv": [13, 1], "uv_size": [1, 1]},
								"west": {"uv": [13, 1], "uv_size": [1, 1]},
								"up": {"uv": [14, 2], "uv_size": [-1, -1]},
								"down": {"uv": [14, 2], "uv_size": [-1, -1]}
							}
						},
						{
							"origin": [1.05, 15, -2.68629],
							"size": [0.9, 1, 1],
							"pivot": [0.5, 2, 9.31371],
							"rotation": [45, 0, 0],
							"uv": {
								"north": {"uv": [12, 3], "uv_size": [1, 1]},
								"east": {"uv": [13, 3], "uv_size": [-1, 1]},
								"south": {"uv": [12, 3], "uv_size": [1, 1]},
								"west": {"uv": [12, 3], "uv_size": [1, 1]},
								"up": {"uv": [13, 4], "uv_size": [-1, -1]},
								"down": {"uv": [13, 4], "uv_size": [-1, -1]}
							}
						},
						{
							"origin": [1.05, 14, -1.68629],
							"size": [0.9, 1, 1],
							"pivot": [0.5, 2, 9.31371],
							"rotation": [45, 0, 0],
							"uv": {
								"north": {"uv": [11, 4], "uv_size": [1, 1]},
								"east": {"uv": [12, 4], "uv_size": [-1, 1]},
								"south": {"uv": [11, 4], "uv_size": [1, 1]},
								"west": {"uv": [11, 4], "uv_size": [1, 1]},
								"up": {"uv": [12, 5], "uv_size": [-1, -1]},
								"down": {"uv": [12, 5], "uv_size": [-1, -1]}
							}
						},
						{
							"origin": [1.05, 13, -0.68629],
							"size": [0.9, 1, 1],
							"pivot": [0.5, 2, 9.31371],
							"rotation": [45, 0, 0],
							"uv": {
								"north": {"uv": [10, 5], "uv_size": [1, 1]},
								"east": {"uv": [11, 5], "uv_size": [-1, 1]},
								"south": {"uv": [10, 5], "uv_size": [1, 1]},
								"west": {"uv": [10, 5], "uv_size": [1, 1]},
								"up": {"uv": [11, 6], "uv_size": [-1, -1]},
								"down": {"uv": [11, 6], "uv_size": [-1, -1]}
							}
						},
						{
							"origin": [1.05, 12, 0.31371],
							"size": [0.9, 1, 1],
							"pivot": [0.5, 2, 9.31371],
							"rotation": [45, 0, 0],
							"uv": {
								"north": {"uv": [9, 6], "uv_size": [1, 1]},
								"east": {"uv": [10, 6], "uv_size": [-1, 1]},
								"south": {"uv": [9, 6], "uv_size": [1, 1]},
								"west": {"uv": [9, 6], "uv_size": [1, 1]},
								"up": {"uv": [10, 7], "uv_size": [-1, -1]},
								"down": {"uv": [10, 7], "uv_size": [-1, -1]}
							}
						},
						{
							"origin": [1.05, 11, 1.31371],
							"size": [0.9, 1, 1],
							"pivot": [0.5, 2, 9.31371],
							"rotation": [45, 0, 0],
							"uv": {
								"north": {"uv": [8, 7], "uv_size": [1, 1]},
								"east": {"uv": [9, 7], "uv_size": [-1, 1]},
								"south": {"uv": [8, 7], "uv_size": [1, 1]},
								"west": {"uv": [8, 7], "uv_size": [1, 1]},
								"up": {"uv": [9, 8], "uv_size": [-1, -1]},
								"down": {"uv": [9, 8], "uv_size": [-1, -1]}
							}
						},
						{
							"origin": [1.05, 10, 2.31371],
							"size": [0.9, 1, 1],
							"pivot": [0.5, 2, 9.31371],
							"rotation": [45, 0, 0],
							"uv": {
								"north": {"uv": [7, 8], "uv_size": [1, 1]},
								"east": {"uv": [8, 8], "uv_size": [-1, 1]},
								"south": {"uv": [7, 8], "uv_size": [1, 1]},
								"west": {"uv": [7, 8], "uv_size": [1, 1]},
								"up": {"uv": [8, 9], "uv_size": [-1, -1]},
								"down": {"uv": [8, 9], "uv_size": [-1, -1]}
							}
						},
						{
							"origin": [1.05, 9, 3.31371],
							"size": [0.9, 1, 1],
							"pivot": [0.5, 2, 9.31371],
							"rotation": [45, 0, 0],
							"uv": {
								"north": {"uv": [6, 9], "uv_size": [1, 1]},
								"east": {"uv": [7, 9], "uv_size": [-1, 1]},
								"south": {"uv": [6, 9], "uv_size": [1, 1]},
								"west": {"uv": [6, 9], "uv_size": [1, 1]},
								"up": {"uv": [7, 10], "uv_size": [-1, -1]},
								"down": {"uv": [7, 10], "uv_size": [-1, -1]}
							}
						},
						{
							"origin": [1.05, 8, 4.31371],
							"size": [0.9, 1, 1],
							"pivot": [0.5, 2, 9.31371],
							"rotation": [45, 0, 0],
							"uv": {
								"north": {"uv": [5, 10], "uv_size": [1, 1]},
								"east": {"uv": [6, 10], "uv_size": [-1, 1]},
								"south": {"uv": [5, 10], "uv_size": [1, 1]},
								"west": {"uv": [5, 10], "uv_size": [1, 1]},
								"up": {"uv": [6, 11], "uv_size": [-1, -1]},
								"down": {"uv": [6, 11], "uv_size": [-1, -1]}
							}
						},
						{
							"origin": [1.05, 7, 5.31371],
							"size": [0.9, 1, 1],
							"pivot": [0.5, 2, 9.31371],
							"rotation": [45, 0, 0],
							"uv": {
								"north": {"uv": [4, 11], "uv_size": [1, 1]},
								"east": {"uv": [5, 11], "uv_size": [-1, 1]},
								"south": {"uv": [4, 11], "uv_size": [1, 1]},
								"west": {"uv": [4, 11], "uv_size": [1, 1]},
								"up": {"uv": [5, 12], "uv_size": [-1, -1]},
								"down": {"uv": [5, 12], "uv_size": [-1, -1]}
							}
						},
						{
							"origin": [1.05, 6, 6.31371],
							"size": [0.9, 1, 1],
							"pivot": [0.5, 2, 9.31371],
							"rotation": [45, 0, 0],
							"uv": {
								"north": {"uv": [3, 12], "uv_size": [1, 1]},
								"east": {"uv": [4, 12], "uv_size": [-1, 1]},
								"south": {"uv": [3, 12], "uv_size": [1, 1]},
								"west": {"uv": [3, 12], "uv_size": [1, 1]},
								"up": {"uv": [4, 13], "uv_size": [-1, -1]},
								"down": {"uv": [4, 13], "uv_size": [-1, -1]}
							}
						}
					]
				}
			]
		}
	]
}