{
	"format_version": "1.12.0",
	"minecraft:geometry": [
		{
			"description": {
				"identifier": "geometry.lz_bow_pulling_2",
				"texture_width": 32,
				"texture_height": 32,
				"visible_bounds_width": 2,
				"visible_bounds_height": 2.5,
				"visible_bounds_offset": [0, 0.75, 0]
			},
			"bones": [
				{
					"name": "rightitem",
					"pivot": [0, 0, 0],
					"cubes": [
						{
							"origin": [1, 5.70711, 9.02082],
							"size": [1, 1, 1],
							"pivot": [0.5, 2, 9.31371],
							"rotation": [45, 0, 0],
							"uv": {
								"north": {"uv": [2, 14], "uv_size": [1, 1]},
								"east": {"uv": [3, 14], "uv_size": [-1, 1]},
								"south": {"uv": [2, 14], "uv_size": [1, 1]},
								"west": {"uv": [2, 14], "uv_size": [1, 1]},
								"up": {"uv": [3, 15], "uv_size": [-1, -1]},
								"down": {"uv": [3, 15], "uv_size": [-1, -1]}
							}
						},
						{
							"origin": [1, 6.70711, 8.02082],
							"size": [1, 1, 1],
							"pivot": [0.5, 2, 9.31371],
							"rotation": [45, 0, 0],
							"uv": {
								"north": {"uv": [3, 13], "uv_size": [1, 1]},
								"east": {"uv": [4, 13], "uv_size": [-1, 1]},
								"south": {"uv": [3, 13], "uv_size": [1, 1]},
								"west": {"uv": [3, 13], "uv_size": [1, 1]},
								"up": {"uv": [4, 14], "uv_size": [-1, -1]},
								"down": {"uv": [4, 14], "uv_size": [-1, -1]}
							}
						},
						{
							"origin": [1, 4.70711, 8.02082],
							"size": [1, 1, 1],
							"pivot": [0.5, 2, 9.31371],
							"rotation": [45, 0, 0],
							"uv": {
								"north": {"uv": [1, 13], "uv_size": [1, 1]},
								"east": {"uv": [2, 13], "uv_size": [-1, 1]},
								"south": {"uv": [1, 13], "uv_size": [1, 1]},
								"west": {"uv": [1, 13], "uv_size": [1, 1]},
								"up": {"uv": [2, 14], "uv_size": [-1, -1]},
								"down": {"uv": [2, 14], "uv_size": [-1, -1]}
							}
						},
						{
							"origin": [1, 6.70711, 7.02082],
							"size": [1, 1, 1],
							"pivot": [0.5, 2, 9.31371],
							"rotation": [45, 0, 0],
							"uv": {
								"north": {"uv": [3, 12], "uv_size": [1, 1]},
								"east": {"uv": [4, 12], "uv_size": [-1, 1]},
								"south": {"uv": [3, 12], "uv_size": [1, 1]},
								"west": {"uv": [3, 12], "uv_size": [1, 1]},
								"up": {"uv": [4, 13], "uv_size": [-1, -1]},
								"down": {"uv": [4, 13], "uv_size": [-1, -1]}
							}
						},
						{
							"origin": [1, 4.70711, 7.02082],
							"size": [1, 1, 1],
							"pivot": [0.5, 2, 9.31371],
							"rotation": [45, 0, 0],
							"uv": {
								"north": {"uv": [1, 12], "uv_size": [1, 1]},
								"east": {"uv": [2, 12], "uv_size": [-1, 1]},
								"south": {"uv": [1, 12], "uv_size": [1, 1]},
								"west": {"uv": [1, 12], "uv_size": [1, 1]},
								"up": {"uv": [2, 13], "uv_size": [-1, -1]},
								"down": {"uv": [2, 13], "uv_size": [-1, -1]}
							}
						},
						{
							"origin": [1, 6.70711, 6.02082],
							"size": [1, 1, 1],
							"pivot": [0.5, 2, 9.31371],
							"rotation": [45, 0, 0],
							"uv": {
								"north": {"uv": [3, 11], "uv_size": [1, 1]},
								"east": {"uv": [4, 11], "uv_size": [-1, 1]},
								"south": {"uv": [3, 11], "uv_size": [1, 1]},
								"west": {"uv": [3, 11], "uv_size": [1, 1]},
								"up": {"uv": [4, 12], "uv_size": [-1, -1]},
								"down": {"uv": [4, 12], "uv_size": [-1, -1]}
							}
						},
						{
							"origin": [1, 4.70711, 6.02082],
							"size": [1, 1, 1],
							"pivot": [0.5, 2, 9.31371],
							"rotation": [45, 0, 0],
							"uv": {
								"north": {"uv": [1, 11], "uv_size": [1, 1]},
								"east": {"uv": [2, 11], "uv_size": [-1, 1]},
								"south": {"uv": [1, 11], "uv_size": [1, 1]},
								"west": {"uv": [1, 11], "uv_size": [1, 1]},
								"up": {"uv": [2, 12], "uv_size": [-1, -1]},
								"down": {"uv": [2, 12], "uv_size": [-1, -1]}
							}
						},
						{
							"origin": [1, 6.70711, 5.02082],
							"size": [1, 1, 1],
							"pivot": [0.5, 2, 9.31371],
							"rotation": [45, 0, 0],
							"uv": {
								"north": {"uv": [3, 10], "uv_size": [1, 1]},
								"east": {"uv": [4, 10], "uv_size": [-1, 1]},
								"south": {"uv": [3, 10], "uv_size": [1, 1]},
								"west": {"uv": [3, 10], "uv_size": [1, 1]},
								"up": {"uv": [4, 11], "uv_size": [-1, -1]},
								"down": {"uv": [4, 11], "uv_size": [-1, -1]}
							}
						},
						{
							"origin": [1, 4.70711, 5.02082],
							"size": [1, 1, 1],
							"pivot": [0.5, 2, 9.31371],
							"rotation": [45, 0, 0],
							"uv": {
								"north": {"uv": [1, 10], "uv_size": [1, 1]},
								"east": {"uv": [2, 10], "uv_size": [-1, 1]},
								"south": {"uv": [1, 10], "uv_size": [1, 1]},
								"west": {"uv": [1, 10], "uv_size": [1, 1]},
								"up": {"uv": [2, 11], "uv_size": [-1, -1]},
								"down": {"uv": [2, 11], "uv_size": [-1, -1]}
							}
						},
						{
							"origin": [1, 6.70711, 4.02082],
							"size": [1, 1, 1],
							"pivot": [0.5, 2, 9.31371],
							"rotation": [45, 0, 0],
							"uv": {
								"north": {"uv": [3, 9], "uv_size": [1, 1]},
								"east": {"uv": [4, 9], "uv_size": [-1, 1]},
								"south": {"uv": [3, 9], "uv_size": [1, 1]},
								"west": {"uv": [3, 9], "uv_size": [1, 1]},
								"up": {"uv": [4, 10], "uv_size": [-1, -1]},
								"down": {"uv": [4, 10], "uv_size": [-1, -1]}
							}
						},
						{
							"origin": [1, 4.70711, 4.02082],
							"size": [1, 1, 1],
							"pivot": [0.5, 2, 9.31371],
							"rotation": [45, 0, 0],
							"uv": {
								"north": {"uv": [1, 9], "uv_size": [1, 1]},
								"east": {"uv": [2, 9], "uv_size": [-1, 1]},
								"south": {"uv": [1, 9], "uv_size": [1, 1]},
								"west": {"uv": [1, 9], "uv_size": [1, 1]},
								"up": {"uv": [2, 10], "uv_size": [-1, -1]},
								"down": {"uv": [2, 10], "uv_size": [-1, -1]}
							}
						},
						{
							"origin": [1, 6.70711, 3.02082],
							"size": [1, 1, 1],
							"pivot": [0.5, 2, 9.31371],
							"rotation": [45, 0, 0],
							"uv": {
								"north": {"uv": [3, 8], "uv_size": [1, 1]},
								"east": {"uv": [4, 8], "uv_size": [-1, 1]},
								"south": {"uv": [3, 8], "uv_size": [1, 1]},
								"west": {"uv": [3, 8], "uv_size": [1, 1]},
								"up": {"uv": [4, 9], "uv_size": [-1, -1]},
								"down": {"uv": [4, 9], "uv_size": [-1, -1]}
							}
						},
						{
							"origin": [1, 4.70711, 3.02082],
							"size": [1, 1, 1],
							"pivot": [0.5, 2, 9.31371],
							"rotation": [45, 0, 0],
							"uv": {
								"north": {"uv": [1, 8], "uv_size": [1, 1]},
								"east": {"uv": [2, 8], "uv_size": [-1, 1]},
								"south": {"uv": [1, 8], "uv_size": [1, 1]},
								"west": {"uv": [1, 8], "uv_size": [1, 1]},
								"up": {"uv": [2, 9], "uv_size": [-1, -1]},
								"down": {"uv": [2, 9], "uv_size": [-1, -1]}
							}
						},
						{
							"origin": [1, 6.70711, 2.02082],
							"size": [1, 1, 1],
							"pivot": [0.5, 2, 9.31371],
							"rotation": [45, 0, 0],
							"uv": {
								"north": {"uv": [3, 7], "uv_size": [1, 1]},
								"east": {"uv": [4, 7], "uv_size": [-1, 1]},
								"south": {"uv": [3, 7], "uv_size": [1, 1]},
								"west": {"uv": [3, 7], "uv_size": [1, 1]},
								"up": {"uv": [4, 8], "uv_size": [-1, -1]},
								"down": {"uv": [4, 8], "uv_size": [-1, -1]}
							}
						},
						{
							"origin": [1, 4.70711, 2.02082],
							"size": [1, 1, 1],
							"pivot": [0.5, 2, 9.31371],
							"rotation": [45, 0, 0],
							"uv": {
								"north": {"uv": [1, 7], "uv_size": [1, 1]},
								"east": {"uv": [2, 7], "uv_size": [-1, 1]},
								"south": {"uv": [1, 7], "uv_size": [1, 1]},
								"west": {"uv": [1, 7], "uv_size": [1, 1]},
								"up": {"uv": [2, 8], "uv_size": [-1, -1]},
								"down": {"uv": [2, 8], "uv_size": [-1, -1]}
							}
						},
						{
							"origin": [1, 7.70711, 1.02082],
							"size": [1, 1, 1],
							"pivot": [0.5, 2, 9.31371],
							"rotation": [45, 0, 0],
							"uv": {
								"north": {"uv": [4, 6], "uv_size": [1, 1]},
								"east": {"uv": [5, 6], "uv_size": [-1, 1]},
								"south": {"uv": [4, 6], "uv_size": [1, 1]},
								"west": {"uv": [4, 6], "uv_size": [1, 1]},
								"up": {"uv": [5, 7], "uv_size": [-1, -1]},
								"down": {"uv": [5, 7], "uv_size": [-1, -1]}
							}
						},
						{
							"origin": [1, 5.70711, 1.02082],
							"size": [1, 1, 1],
							"pivot": [0.5, 2, 9.31371],
							"rotation": [45, 0, 0],
							"uv": {
								"north": {"uv": [2, 6], "uv_size": [1, 1]},
								"east": {"uv": [3, 6], "uv_size": [-1, 1]},
								"south": {"uv": [2, 6], "uv_size": [1, 1]},
								"west": {"uv": [2, 6], "uv_size": [1, 1]},
								"up": {"uv": [3, 7], "uv_size": [-1, -1]},
								"down": {"uv": [3, 7], "uv_size": [-1, -1]}
							}
						},
						{
							"origin": [1, 8.70711, 0.02082],
							"size": [1, 1, 1],
							"pivot": [0.5, 2, 9.31371],
							"rotation": [45, 0, 0],
							"uv": {
								"north": {"uv": [5, 5], "uv_size": [1, 1]},
								"east": {"uv": [6, 5], "uv_size": [-1, 1]},
								"south": {"uv": [5, 5], "uv_size": [1, 1]},
								"west": {"uv": [5, 5], "uv_size": [1, 1]},
								"up": {"uv": [6, 6], "uv_size": [-1, -1]},
								"down": {"uv": [6, 6], "uv_size": [-1, -1]}
							}
						},
						{
							"origin": [1, 6.70711, 0.02082],
							"size": [1, 1, 1],
							"pivot": [0.5, 2, 9.31371],
							"rotation": [45, 0, 0],
							"uv": {
								"north": {"uv": [3, 5], "uv_size": [1, 1]},
								"east": {"uv": [4, 5], "uv_size": [-1, 1]},
								"south": {"uv": [3, 5], "uv_size": [1, 1]},
								"west": {"uv": [3, 5], "uv_size": [1, 1]},
								"up": {"uv": [4, 6], "uv_size": [-1, -1]},
								"down": {"uv": [4, 6], "uv_size": [-1, -1]}
							}
						},
						{
							"origin": [1, 5.70711, 0.02082],
							"size": [1, 1, 1],
							"pivot": [0.5, 2, 9.31371],
							"rotation": [45, 0, 0],
							"uv": {
								"north": {"uv": [2, 5], "uv_size": [1, 1]},
								"east": {"uv": [3, 5], "uv_size": [-1, 1]},
								"south": {"uv": [2, 5], "uv_size": [1, 1]},
								"west": {"uv": [2, 5], "uv_size": [1, 1]},
								"up": {"uv": [3, 6], "uv_size": [-1, -1]},
								"down": {"uv": [3, 6], "uv_size": [-1, -1]}
							}
						},
						{
							"origin": [1, 9.70711, -0.97918],
							"size": [1, 1, 1],
							"pivot": [0.5, 2, 9.31371],
							"rotation": [45, 0, 0],
							"uv": {
								"north": {"uv": [6, 4], "uv_size": [1, 1]},
								"east": {"uv": [7, 4], "uv_size": [-1, 1]},
								"south": {"uv": [6, 4], "uv_size": [1, 1]},
								"west": {"uv": [6, 4], "uv_size": [1, 1]},
								"up": {"uv": [7, 5], "uv_size": [-1, -1]},
								"down": {"uv": [7, 5], "uv_size": [-1, -1]}
							}
						},
						{
							"origin": [1, 7.70711, -0.97918],
							"size": [1, 1, 1],
							"pivot": [0.5, 2, 9.31371],
							"rotation": [45, 0, 0],
							"uv": {
								"north": {"uv": [4, 4], "uv_size": [1, 1]},
								"east": {"uv": [5, 4], "uv_size": [-1, 1]},
								"south": {"uv": [4, 4], "uv_size": [1, 1]},
								"west": {"uv": [4, 4], "uv_size": [1, 1]},
								"up": {"uv": [5, 5], "uv_size": [-1, -1]},
								"down": {"uv": [5, 5], "uv_size": [-1, -1]}
							}
						},
						{
							"origin": [1, 6.70711, -0.97918],
							"size": [1, 1, 1],
							"pivot": [0.5, 2, 9.31371],
							"rotation": [45, 0, 0],
							"uv": {
								"north": {"uv": [3, 4], "uv_size": [1, 1]},
								"east": {"uv": [4, 4], "uv_size": [-1, 1]},
								"south": {"uv": [3, 4], "uv_size": [1, 1]},
								"west": {"uv": [3, 4], "uv_size": [1, 1]},
								"up": {"uv": [4, 5], "uv_size": [-1, -1]},
								"down": {"uv": [4, 5], "uv_size": [-1, -1]}
							}
						},
						{
							"origin": [1, 16.70711, -1.97918],
							"size": [1, 1, 1],
							"pivot": [0.5, 2, 9.31371],
							"rotation": [45, 0, 0],
							"uv": {
								"north": {"uv": [13, 3], "uv_size": [1, 1]},
								"east": {"uv": [14, 3], "uv_size": [-1, 1]},
								"south": {"uv": [13, 3], "uv_size": [1, 1]},
								"west": {"uv": [13, 3], "uv_size": [1, 1]},
								"up": {"uv": [14, 4], "uv_size": [-1, -1]},
								"down": {"uv": [14, 4], "uv_size": [-1, -1]}
							}
						},
						{
							"origin": [1, 15.70711, -1.97918],
							"size": [1, 1, 1],
							"pivot": [0.5, 2, 9.31371],
							"rotation": [45, 0, 0],
							"uv": {
								"north": {"uv": [12, 3], "uv_size": [1, 1]},
								"east": {"uv": [13, 3], "uv_size": [-1, 1]},
								"south": {"uv": [12, 3], "uv_size": [1, 1]},
								"west": {"uv": [12, 3], "uv_size": [1, 1]},
								"up": {"uv": [13, 4], "uv_size": [-1, -1]},
								"down": {"uv": [13, 4], "uv_size": [-1, -1]}
							}
						},
						{
							"origin": [1, 14.70711, -1.97918],
							"size": [1, 1, 1],
							"pivot": [0.5, 2, 9.31371],
							"rotation": [45, 0, 0],
							"uv": {
								"north": {"uv": [11, 3], "uv_size": [1, 1]},
								"east": {"uv": [12, 3], "uv_size": [-1, 1]},
								"south": {"uv": [11, 3], "uv_size": [1, 1]},
								"west": {"uv": [11, 3], "uv_size": [1, 1]},
								"up": {"uv": [12, 4], "uv_size": [-1, -1]},
								"down": {"uv": [12, 4], "uv_size": [-1, -1]}
							}
						},
						{
							"origin": [1, 13.70711, -1.97918],
							"size": [1, 1, 1],
							"pivot": [0.5, 2, 9.31371],
							"rotation": [45, 0, 0],
							"uv": {
								"north": {"uv": [10, 3], "uv_size": [1, 1]},
								"east": {"uv": [11, 3], "uv_size": [-1, 1]},
								"south": {"uv": [10, 3], "uv_size": [1, 1]},
								"west": {"uv": [10, 3], "uv_size": [1, 1]},
								"up": {"uv": [11, 4], "uv_size": [-1, -1]},
								"down": {"uv": [11, 4], "uv_size": [-1, -1]}
							}
						},
						{
							"origin": [1, 12.70711, -1.97918],
							"size": [1, 1, 1],
							"pivot": [0.5, 2, 9.31371],
							"rotation": [45, 0, 0],
							"uv": {
								"north": {"uv": [9, 3], "uv_size": [1, 1]},
								"east": {"uv": [10, 3], "uv_size": [-1, 1]},
								"south": {"uv": [9, 3], "uv_size": [1, 1]},
								"west": {"uv": [9, 3], "uv_size": [1, 1]},
								"up": {"uv": [10, 4], "uv_size": [-1, -1]},
								"down": {"uv": [10, 4], "uv_size": [-1, -1]}
							}
						},
						{
							"origin": [1, 11.70711, -1.97918],
							"size": [1, 1, 1],
							"pivot": [0.5, 2, 9.31371],
							"rotation": [45, 0, 0],
							"uv": {
								"north": {"uv": [8, 3], "uv_size": [1, 1]},
								"east": {"uv": [9, 3], "uv_size": [-1, 1]},
								"south": {"uv": [8, 3], "uv_size": [1, 1]},
								"west": {"uv": [8, 3], "uv_size": [1, 1]},
								"up": {"uv": [9, 4], "uv_size": [-1, -1]},
								"down": {"uv": [9, 4], "uv_size": [-1, -1]}
							}
						},
						{
							"origin": [1, 10.70711, -1.97918],
							"size": [1, 1, 1],
							"pivot": [0.5, 2, 9.31371],
							"rotation": [45, 0, 0],
							"uv": {
								"north": {"uv": [7, 3], "uv_size": [1, 1]},
								"east": {"uv": [8, 3], "uv_size": [-1, 1]},
								"south": {"uv": [7, 3], "uv_size": [1, 1]},
								"west": {"uv": [7, 3], "uv_size": [1, 1]},
								"up": {"uv": [8, 4], "uv_size": [-1, -1]},
								"down": {"uv": [8, 4], "uv_size": [-1, -1]}
							}
						},
						{
							"origin": [1, 8.70711, -1.97918],
							"size": [1, 1, 1],
							"pivot": [0.5, 2, 9.31371],
							"rotation": [45, 0, 0],
							"uv": {
								"north": {"uv": [5, 3], "uv_size": [1, 1]},
								"east": {"uv": [6, 3], "uv_size": [-1, 1]},
								"south": {"uv": [5, 3], "uv_size": [1, 1]},
								"west": {"uv": [5, 3], "uv_size": [1, 1]},
								"up": {"uv": [6, 4], "uv_size": [-1, -1]},
								"down": {"uv": [6, 4], "uv_size": [-1, -1]}
							}
						},
						{
							"origin": [1, 7.70711, -1.97918],
							"size": [1, 1, 1],
							"pivot": [0.5, 2, 9.31371],
							"rotation": [45, 0, 0],
							"uv": {
								"north": {"uv": [4, 3], "uv_size": [1, 1]},
								"east": {"uv": [5, 3], "uv_size": [-1, 1]},
								"south": {"uv": [4, 3], "uv_size": [1, 1]},
								"west": {"uv": [4, 3], "uv_size": [1, 1]},
								"up": {"uv": [5, 4], "uv_size": [-1, -1]},
								"down": {"uv": [5, 4], "uv_size": [-1, -1]}
							}
						},
						{
							"origin": [1, 17.70711, -2.97918],
							"size": [1, 1, 1],
							"pivot": [0.5, 2, 9.31371],
							"rotation": [45, 0, 0],
							"uv": {
								"north": {"uv": [14, 2], "uv_size": [1, 1]},
								"east": {"uv": [15, 2], "uv_size": [-1, 1]},
								"south": {"uv": [14, 2], "uv_size": [1, 1]},
								"west": {"uv": [14, 2], "uv_size": [1, 1]},
								"up": {"uv": [15, 3], "uv_size": [-1, -1]},
								"down": {"uv": [15, 3], "uv_size": [-1, -1]}
							}
						},
						{
							"origin": [1, 9.70711, -2.97918],
							"size": [1, 1, 1],
							"pivot": [0.5, 2, 9.31371],
							"rotation": [45, 0, 0],
							"uv": {
								"north": {"uv": [6, 2], "uv_size": [1, 1]},
								"east": {"uv": [7, 2], "uv_size": [-1, 1]},
								"south": {"uv": [6, 2], "uv_size": [1, 1]},
								"west": {"uv": [6, 2], "uv_size": [1, 1]},
								"up": {"uv": [7, 3], "uv_size": [-1, -1]},
								"down": {"uv": [7, 3], "uv_size": [-1, -1]}
							}
						},
						{
							"origin": [1, 8.70711, -2.97918],
							"size": [1, 1, 1],
							"pivot": [0.5, 2, 9.31371],
							"rotation": [45, 0, 0],
							"uv": {
								"north": {"uv": [5, 2], "uv_size": [1, 1]},
								"east": {"uv": [6, 2], "uv_size": [-1, 1]},
								"south": {"uv": [5, 2], "uv_size": [1, 1]},
								"west": {"uv": [5, 2], "uv_size": [1, 1]},
								"up": {"uv": [6, 3], "uv_size": [-1, -1]},
								"down": {"uv": [6, 3], "uv_size": [-1, -1]}
							}
						},
						{
							"origin": [1, 16.70711, -3.97918],
							"size": [1, 1, 1],
							"pivot": [0.5, 2, 9.31371],
							"rotation": [45, 0, 0],
							"uv": {
								"north": {"uv": [13, 1], "uv_size": [1, 1]},
								"east": {"uv": [14, 1], "uv_size": [-1, 1]},
								"south": {"uv": [13, 1], "uv_size": [1, 1]},
								"west": {"uv": [13, 1], "uv_size": [1, 1]},
								"up": {"uv": [14, 2], "uv_size": [-1, -1]},
								"down": {"uv": [14, 2], "uv_size": [-1, -1]}
							}
						},
						{
							"origin": [1, 15.70711, -3.97918],
							"size": [1, 1, 1],
							"pivot": [0.5, 2, 9.31371],
							"rotation": [45, 0, 0],
							"uv": {
								"north": {"uv": [12, 1], "uv_size": [1, 1]},
								"east": {"uv": [13, 1], "uv_size": [-1, 1]},
								"south": {"uv": [12, 1], "uv_size": [1, 1]},
								"west": {"uv": [12, 1], "uv_size": [1, 1]},
								"up": {"uv": [13, 2], "uv_size": [-1, -1]},
								"down": {"uv": [13, 2], "uv_size": [-1, -1]}
							}
						},
						{
							"origin": [1, 14.70711, -3.97918],
							"size": [1, 1, 1],
							"pivot": [0.5, 2, 9.31371],
							"rotation": [45, 0, 0],
							"uv": {
								"north": {"uv": [11, 1], "uv_size": [1, 1]},
								"east": {"uv": [12, 1], "uv_size": [-1, 1]},
								"south": {"uv": [11, 1], "uv_size": [1, 1]},
								"west": {"uv": [11, 1], "uv_size": [1, 1]},
								"up": {"uv": [12, 2], "uv_size": [-1, -1]},
								"down": {"uv": [12, 2], "uv_size": [-1, -1]}
							}
						},
						{
							"origin": [1, 13.70711, -3.97918],
							"size": [1, 1, 1],
							"pivot": [0.5, 2, 9.31371],
							"rotation": [45, 0, 0],
							"uv": {
								"north": {"uv": [10, 1], "uv_size": [1, 1]},
								"east": {"uv": [11, 1], "uv_size": [-1, 1]},
								"south": {"uv": [10, 1], "uv_size": [1, 1]},
								"west": {"uv": [10, 1], "uv_size": [1, 1]},
								"up": {"uv": [11, 2], "uv_size": [-1, -1]},
								"down": {"uv": [11, 2], "uv_size": [-1, -1]}
							}
						},
						{
							"origin": [1, 12.70711, -3.97918],
							"size": [1, 1, 1],
							"pivot": [0.5, 2, 9.31371],
							"rotation": [45, 0, 0],
							"uv": {
								"north": {"uv": [9, 1], "uv_size": [1, 1]},
								"east": {"uv": [10, 1], "uv_size": [-1, 1]},
								"south": {"uv": [9, 1], "uv_size": [1, 1]},
								"west": {"uv": [9, 1], "uv_size": [1, 1]},
								"up": {"uv": [10, 2], "uv_size": [-1, -1]},
								"down": {"uv": [10, 2], "uv_size": [-1, -1]}
							}
						},
						{
							"origin": [1, 11.70711, -3.97918],
							"size": [1, 1, 1],
							"pivot": [0.5, 2, 9.31371],
							"rotation": [45, 0, 0],
							"uv": {
								"north": {"uv": [8, 1], "uv_size": [1, 1]},
								"east": {"uv": [9, 1], "uv_size": [-1, 1]},
								"south": {"uv": [8, 1], "uv_size": [1, 1]},
								"west": {"uv": [8, 1], "uv_size": [1, 1]},
								"up": {"uv": [9, 2], "uv_size": [-1, -1]},
								"down": {"uv": [9, 2], "uv_size": [-1, -1]}
							}
						},
						{
							"origin": [1, 10.70711, -3.97918],
							"size": [1, 1, 1],
							"pivot": [0.5, 2, 9.31371],
							"rotation": [45, 0, 0],
							"uv": {
								"north": {"uv": [7, 1], "uv_size": [1, 1]},
								"east": {"uv": [8, 1], "uv_size": [-1, 1]},
								"south": {"uv": [7, 1], "uv_size": [1, 1]},
								"west": {"uv": [7, 1], "uv_size": [1, 1]},
								"up": {"uv": [8, 2], "uv_size": [-1, -1]},
								"down": {"uv": [8, 2], "uv_size": [-1, -1]}
							}
						},
						{
							"origin": [0.9, 16.70711, -2.97918],
							"size": [1.2, 1, 1],
							"pivot": [0.5, 2, 9.31371],
							"rotation": [45, 0, 0],
							"uv": {
								"north": {"uv": [13, 2], "uv_size": [1, 1]},
								"east": {"uv": [14, 2], "uv_size": [-1, 1]},
								"south": {"uv": [13, 2], "uv_size": [1, 1]},
								"west": {"uv": [13, 2], "uv_size": [1, 1]},
								"up": {"uv": [14, 3], "uv_size": [-1, -1]},
								"down": {"uv": [14, 3], "uv_size": [-1, -1]}
							}
						},
						{
							"origin": [0.85, 15.70711, -2.97918],
							"size": [1.3, 1, 1],
							"pivot": [0.5, 2, 9.31371],
							"rotation": [45, 0, 0],
							"uv": {
								"north": {"uv": [12, 2], "uv_size": [1, 1]},
								"east": {"uv": [13, 2], "uv_size": [-1, 1]},
								"south": {"uv": [12, 2], "uv_size": [1, 1]},
								"west": {"uv": [12, 2], "uv_size": [1, 1]},
								"up": {"uv": [13, 3], "uv_size": [-1, -1]},
								"down": {"uv": [13, 3], "uv_size": [-1, -1]}
							}
						},
						{
							"origin": [0.8, 14.70711, -2.97918],
							"size": [1.4, 1, 1],
							"pivot": [0.5, 2, 9.31371],
							"rotation": [45, 0, 0],
							"uv": {
								"north": {"uv": [11, 2], "uv_size": [1, 1]},
								"east": {"uv": [12, 2], "uv_size": [-1, 1]},
								"south": {"uv": [11, 2], "uv_size": [1, 1]},
								"west": {"uv": [11, 2], "uv_size": [1, 1]},
								"up": {"uv": [12, 3], "uv_size": [-1, -1]},
								"down": {"uv": [12, 3], "uv_size": [-1, -1]}
							}
						},
						{
							"origin": [0.8, 13.70711, -2.97918],
							"size": [1.4, 1, 1],
							"pivot": [0.5, 2, 9.31371],
							"rotation": [45, 0, 0],
							"uv": {
								"north": {"uv": [10, 2], "uv_size": [1, 1]},
								"east": {"uv": [11, 2], "uv_size": [-1, 1]},
								"south": {"uv": [10, 2], "uv_size": [1, 1]},
								"west": {"uv": [10, 2], "uv_size": [1, 1]},
								"up": {"uv": [11, 3], "uv_size": [-1, -1]},
								"down": {"uv": [11, 3], "uv_size": [-1, -1]}
							}
						},
						{
							"origin": [0.8, 12.70711, -2.97918],
							"size": [1.4, 1, 1],
							"pivot": [0.5, 2, 9.31371],
							"rotation": [45, 0, 0],
							"uv": {
								"north": {"uv": [9, 2], "uv_size": [1, 1]},
								"east": {"uv": [10, 2], "uv_size": [-1, 1]},
								"south": {"uv": [9, 2], "uv_size": [1, 1]},
								"west": {"uv": [9, 2], "uv_size": [1, 1]},
								"up": {"uv": [10, 3], "uv_size": [-1, -1]},
								"down": {"uv": [10, 3], "uv_size": [-1, -1]}
							}
						},
						{
							"origin": [0.8, 11.70711, -2.97918],
							"size": [1.4, 1, 1],
							"pivot": [0.5, 2, 9.31371],
							"rotation": [45, 0, 0],
							"uv": {
								"north": {"uv": [8, 2], "uv_size": [1, 1]},
								"east": {"uv": [9, 2], "uv_size": [-1, 1]},
								"south": {"uv": [8, 2], "uv_size": [1, 1]},
								"west": {"uv": [8, 2], "uv_size": [1, 1]},
								"up": {"uv": [9, 3], "uv_size": [-1, -1]},
								"down": {"uv": [9, 3], "uv_size": [-1, -1]}
							}
						},
						{
							"origin": [0.8, 10.70711, -2.97918],
							"size": [1.4, 1, 1],
							"pivot": [0.5, 2, 9.31371],
							"rotation": [45, 0, 0],
							"uv": {
								"north": {"uv": [7, 2], "uv_size": [1, 1]},
								"east": {"uv": [8, 2], "uv_size": [-1, 1]},
								"south": {"uv": [7, 2], "uv_size": [1, 1]},
								"west": {"uv": [7, 2], "uv_size": [1, 1]},
								"up": {"uv": [8, 3], "uv_size": [-1, -1]},
								"down": {"uv": [8, 3], "uv_size": [-1, -1]}
							}
						},
						{
							"origin": [0.8, 9.70711, -1.97918],
							"size": [1.4, 1, 1],
							"pivot": [0.5, 2, 9.31371],
							"rotation": [45, 0, 0],
							"uv": {
								"north": {"uv": [6, 3], "uv_size": [1, 1]},
								"east": {"uv": [7, 3], "uv_size": [-1, 1]},
								"south": {"uv": [6, 3], "uv_size": [1, 1]},
								"west": {"uv": [6, 3], "uv_size": [1, 1]},
								"up": {"uv": [7, 4], "uv_size": [-1, -1]},
								"down": {"uv": [7, 4], "uv_size": [-1, -1]}
							}
						},
						{
							"origin": [0.75, 8.70711, -0.97918],
							"size": [1.5, 1, 1],
							"pivot": [0.5, 2, 9.31371],
							"rotation": [45, 0, 0],
							"uv": {
								"north": {"uv": [5, 4], "uv_size": [1, 1]},
								"east": {"uv": [6, 4], "uv_size": [-1, 1]},
								"south": {"uv": [5, 4], "uv_size": [1, 1]},
								"west": {"uv": [5, 4], "uv_size": [1, 1]},
								"up": {"uv": [6, 5], "uv_size": [-1, -1]},
								"down": {"uv": [6, 5], "uv_size": [-1, -1]}
							}
						},
						{
							"origin": [0.75, 7.70711, 0.02082],
							"size": [1.5, 1, 1],
							"pivot": [0.5, 2, 9.31371],
							"rotation": [45, 0, 0],
							"uv": {
								"north": {"uv": [4, 5], "uv_size": [1, 1]},
								"east": {"uv": [5, 5], "uv_size": [-1, 1]},
								"south": {"uv": [4, 5], "uv_size": [1, 1]},
								"west": {"uv": [4, 5], "uv_size": [1, 1]},
								"up": {"uv": [5, 6], "uv_size": [-1, -1]},
								"down": {"uv": [5, 6], "uv_size": [-1, -1]}
							}
						},
						{
							"origin": [0.8, 6.70711, 1.02082],
							"size": [1.4, 1, 1],
							"pivot": [0.5, 2, 9.31371],
							"rotation": [45, 0, 0],
							"uv": {
								"north": {"uv": [3, 6], "uv_size": [1, 1]},
								"east": {"uv": [4, 6], "uv_size": [-1, 1]},
								"south": {"uv": [3, 6], "uv_size": [1, 1]},
								"west": {"uv": [3, 6], "uv_size": [1, 1]},
								"up": {"uv": [4, 7], "uv_size": [-1, -1]},
								"down": {"uv": [4, 7], "uv_size": [-1, -1]}
							}
						},
						{
							"origin": [0.8, 5.70711, 2.02082],
							"size": [1.4, 1, 1],
							"pivot": [0.5, 2, 9.31371],
							"rotation": [45, 0, 0],
							"uv": {
								"north": {"uv": [2, 7], "uv_size": [1, 1]},
								"east": {"uv": [3, 7], "uv_size": [-1, 1]},
								"south": {"uv": [2, 7], "uv_size": [1, 1]},
								"west": {"uv": [2, 7], "uv_size": [1, 1]},
								"up": {"uv": [3, 8], "uv_size": [-1, -1]},
								"down": {"uv": [3, 8], "uv_size": [-1, -1]}
							}
						},
						{
							"origin": [0.8, 5.70711, 3.02082],
							"size": [1.4, 1, 1],
							"pivot": [0.5, 2, 9.31371],
							"rotation": [45, 0, 0],
							"uv": {
								"north": {"uv": [2, 8], "uv_size": [1, 1]},
								"east": {"uv": [3, 8], "uv_size": [-1, 1]},
								"south": {"uv": [2, 8], "uv_size": [1, 1]},
								"west": {"uv": [2, 8], "uv_size": [1, 1]},
								"up": {"uv": [3, 9], "uv_size": [-1, -1]},
								"down": {"uv": [3, 9], "uv_size": [-1, -1]}
							}
						},
						{
							"origin": [0.8, 5.70711, 4.02082],
							"size": [1.4, 1, 1],
							"pivot": [0.5, 2, 9.31371],
							"rotation": [45, 0, 0],
							"uv": {
								"north": {"uv": [2, 9], "uv_size": [1, 1]},
								"east": {"uv": [3, 9], "uv_size": [-1, 1]},
								"south": {"uv": [2, 9], "uv_size": [1, 1]},
								"west": {"uv": [2, 9], "uv_size": [1, 1]},
								"up": {"uv": [3, 10], "uv_size": [-1, -1]},
								"down": {"uv": [3, 10], "uv_size": [-1, -1]}
							}
						},
						{
							"origin": [0.8, 5.70711, 5.02082],
							"size": [1.4, 1, 1],
							"pivot": [0.5, 2, 9.31371],
							"rotation": [45, 0, 0],
							"uv": {
								"north": {"uv": [2, 10], "uv_size": [1, 1]},
								"east": {"uv": [3, 10], "uv_size": [-1, 1]},
								"south": {"uv": [2, 10], "uv_size": [1, 1]},
								"west": {"uv": [2, 10], "uv_size": [1, 1]},
								"up": {"uv": [3, 11], "uv_size": [-1, -1]},
								"down": {"uv": [3, 11], "uv_size": [-1, -1]}
							}
						},
						{
							"origin": [0.8, 5.70711, 6.02082],
							"size": [1.4, 1, 1],
							"pivot": [0.5, 2, 9.31371],
							"rotation": [45, 0, 0],
							"uv": {
								"north": {"uv": [2, 11], "uv_size": [1, 1]},
								"east": {"uv": [3, 11], "uv_size": [-1, 1]},
								"south": {"uv": [2, 11], "uv_size": [1, 1]},
								"west": {"uv": [2, 11], "uv_size": [1, 1]},
								"up": {"uv": [3, 12], "uv_size": [-1, -1]},
								"down": {"uv": [3, 12], "uv_size": [-1, -1]}
							}
						},
						{
							"origin": [0.85, 5.70711, 7.02082],
							"size": [1.3, 1, 1],
							"pivot": [0.5, 2, 9.31371],
							"rotation": [45, 0, 0],
							"uv": {
								"north": {"uv": [2, 12], "uv_size": [1, 1]},
								"east": {"uv": [3, 12], "uv_size": [-1, 1]},
								"south": {"uv": [2, 12], "uv_size": [1, 1]},
								"west": {"uv": [2, 12], "uv_size": [1, 1]},
								"up": {"uv": [3, 13], "uv_size": [-1, -1]},
								"down": {"uv": [3, 13], "uv_size": [-1, -1]}
							}
						},
						{
							"origin": [0.9, 5.70711, 8.02082],
							"size": [1.2, 1, 1],
							"pivot": [0.5, 2, 9.31371],
							"rotation": [45, 0, 0],
							"uv": {
								"north": {"uv": [2, 13], "uv_size": [1, 1]},
								"east": {"uv": [3, 13], "uv_size": [-1, 1]},
								"south": {"uv": [2, 13], "uv_size": [1, 1]},
								"west": {"uv": [2, 13], "uv_size": [1, 1]},
								"up": {"uv": [3, 14], "uv_size": [-1, -1]},
								"down": {"uv": [3, 14], "uv_size": [-1, -1]}
							}
						},
						{
							"origin": [1.05, 16.70711, -0.97918],
							"size": [0.9, 1, 1],
							"pivot": [0.5, 2, 9.31371],
							"rotation": [45, 0, 0],
							"uv": {
								"north": {"uv": [13, 4], "uv_size": [1, 1]},
								"east": {"uv": [14, 4], "uv_size": [-1, 1]},
								"south": {"uv": [13, 4], "uv_size": [1, 1]},
								"west": {"uv": [13, 4], "uv_size": [1, 1]},
								"up": {"uv": [14, 5], "uv_size": [-1, -1]},
								"down": {"uv": [14, 5], "uv_size": [-1, -1]}
							}
						},
						{
							"origin": [1.05, 16.70711, 0.02082],
							"size": [0.9, 1, 1],
							"pivot": [0.5, 2, 9.31371],
							"rotation": [45, 0, 0],
							"uv": {
								"north": {"uv": [13, 5], "uv_size": [1, 1]},
								"east": {"uv": [14, 5], "uv_size": [-1, 1]},
								"south": {"uv": [13, 5], "uv_size": [1, 1]},
								"west": {"uv": [13, 5], "uv_size": [1, 1]},
								"up": {"uv": [14, 6], "uv_size": [-1, -1]},
								"down": {"uv": [14, 6], "uv_size": [-1, -1]}
							}
						},
						{
							"origin": [1.05, 15.70711, 1.02082],
							"size": [0.9, 1, 1],
							"pivot": [0.5, 2, 9.31371],
							"rotation": [45, 0, 0],
							"uv": {
								"north": {"uv": [12, 6], "uv_size": [1, 1]},
								"east": {"uv": [13, 6], "uv_size": [-1, 1]},
								"south": {"uv": [12, 6], "uv_size": [1, 1]},
								"west": {"uv": [12, 6], "uv_size": [1, 1]},
								"up": {"uv": [13, 7], "uv_size": [-1, -1]},
								"down": {"uv": [13, 7], "uv_size": [-1, -1]}
							}
						},
						{
							"origin": [1.05, 15.70711, 2.02082],
							"size": [0.9, 1, 1],
							"pivot": [0.5, 2, 9.31371],
							"rotation": [45, 0, 0],
							"uv": {
								"north": {"uv": [12, 7], "uv_size": [1, 1]},
								"east": {"uv": [13, 7], "uv_size": [-1, 1]},
								"south": {"uv": [12, 7], "uv_size": [1, 1]},
								"west": {"uv": [12, 7], "uv_size": [1, 1]},
								"up": {"uv": [13, 8], "uv_size": [-1, -1]},
								"down": {"uv": [13, 8], "uv_size": [-1, -1]}
							}
						},
						{
							"origin": [1.05, 15.70711, 3.02082],
							"size": [0.9, 1, 1],
							"pivot": [0.5, 2, 9.31371],
							"rotation": [45, 0, 0],
							"uv": {
								"north": {"uv": [12, 8], "uv_size": [1, 1]},
								"east": {"uv": [13, 8], "uv_size": [-1, 1]},
								"south": {"uv": [12, 8], "uv_size": [1, 1]},
								"west": {"uv": [12, 8], "uv_size": [1, 1]},
								"up": {"uv": [13, 9], "uv_size": [-1, -1]},
								"down": {"uv": [13, 9], "uv_size": [-1, -1]}
							}
						},
						{
							"origin": [1.05, 15.70711, 4.02082],
							"size": [0.9, 1, 1],
							"pivot": [0.5, 2, 9.31371],
							"rotation": [45, 0, 0],
							"uv": {
								"north": {"uv": [12, 9], "uv_size": [1, 1]},
								"east": {"uv": [13, 9], "uv_size": [-1, 1]},
								"south": {"uv": [12, 9], "uv_size": [1, 1]},
								"west": {"uv": [12, 9], "uv_size": [1, 1]},
								"up": {"uv": [13, 10], "uv_size": [-1, -1]},
								"down": {"uv": [13, 10], "uv_size": [-1, -1]}
							}
						},
						{
							"origin": [1.05, 14.70711, 5.02082],
							"size": [0.9, 1, 1],
							"pivot": [0.5, 2, 9.31371],
							"rotation": [45, 0, 0],
							"uv": {
								"north": {"uv": [11, 10], "uv_size": [1, 1]},
								"east": {"uv": [12, 10], "uv_size": [-1, 1]},
								"south": {"uv": [11, 10], "uv_size": [1, 1]},
								"west": {"uv": [11, 10], "uv_size": [1, 1]},
								"up": {"uv": [12, 11], "uv_size": [-1, -1]},
								"down": {"uv": [12, 11], "uv_size": [-1, -1]}
							}
						},
						{
							"origin": [1.05, 13.70711, 6.02082],
							"size": [0.9, 1, 1],
							"pivot": [0.5, 2, 9.31371],
							"rotation": [45, 0, 0],
							"uv": {
								"north": {"uv": [10, 11], "uv_size": [1, 1]},
								"east": {"uv": [11, 11], "uv_size": [-1, 1]},
								"south": {"uv": [10, 11], "uv_size": [1, 1]},
								"west": {"uv": [10, 11], "uv_size": [1, 1]},
								"up": {"uv": [11, 12], "uv_size": [-1, -1]},
								"down": {"uv": [11, 12], "uv_size": [-1, -1]}
							}
						},
						{
							"origin": [1.05, 12.70711, 7.02082],
							"size": [0.9, 1, 1],
							"pivot": [0.5, 2, 9.31371],
							"rotation": [45, 0, 0],
							"uv": {
								"north": {"uv": [9, 12], "uv_size": [1, 1]},
								"east": {"uv": [10, 12], "uv_size": [-1, 1]},
								"south": {"uv": [9, 12], "uv_size": [1, 1]},
								"west": {"uv": [9, 12], "uv_size": [1, 1]},
								"up": {"uv": [10, 13], "uv_size": [-1, -1]},
								"down": {"uv": [10, 13], "uv_size": [-1, -1]}
							}
						},
						{
							"origin": [1.05, 11.70711, 7.02082],
							"size": [0.9, 1, 1],
							"pivot": [0.5, 2, 9.31371],
							"rotation": [45, 0, 0],
							"uv": {
								"north": {"uv": [8, 12], "uv_size": [1, 1]},
								"east": {"uv": [9, 12], "uv_size": [-1, 1]},
								"south": {"uv": [8, 12], "uv_size": [1, 1]},
								"west": {"uv": [8, 12], "uv_size": [1, 1]},
								"up": {"uv": [9, 13], "uv_size": [-1, -1]},
								"down": {"uv": [9, 13], "uv_size": [-1, -1]}
							}
						},
						{
							"origin": [1.05, 10.70711, 7.02082],
							"size": [0.9, 1, 1],
							"pivot": [0.5, 2, 9.31371],
							"rotation": [45, 0, 0],
							"uv": {
								"north": {"uv": [7, 12], "uv_size": [1, 1]},
								"east": {"uv": [8, 12], "uv_size": [-1, 1]},
								"south": {"uv": [7, 12], "uv_size": [1, 1]},
								"west": {"uv": [7, 12], "uv_size": [1, 1]},
								"up": {"uv": [8, 13], "uv_size": [-1, -1]},
								"down": {"uv": [8, 13], "uv_size": [-1, -1]}
							}
						},
						{
							"origin": [1.05, 9.70711, 7.02082],
							"size": [0.9, 1, 1],
							"pivot": [0.5, 2, 9.31371],
							"rotation": [45, 0, 0],
							"uv": {
								"north": {"uv": [6, 12], "uv_size": [1, 1]},
								"east": {"uv": [7, 12], "uv_size": [-1, 1]},
								"south": {"uv": [6, 12], "uv_size": [1, 1]},
								"west": {"uv": [6, 12], "uv_size": [1, 1]},
								"up": {"uv": [7, 13], "uv_size": [-1, -1]},
								"down": {"uv": [7, 13], "uv_size": [-1, -1]}
							}
						},
						{
							"origin": [1.05, 8.70711, 8.02082],
							"size": [0.9, 1, 1],
							"pivot": [0.5, 2, 9.31371],
							"rotation": [45, 0, 0],
							"uv": {
								"north": {"uv": [5, 13], "uv_size": [1, 1]},
								"east": {"uv": [6, 13], "uv_size": [-1, 1]},
								"south": {"uv": [5, 13], "uv_size": [1, 1]},
								"west": {"uv": [5, 13], "uv_size": [1, 1]},
								"up": {"uv": [6, 14], "uv_size": [-1, -1]},
								"down": {"uv": [6, 14], "uv_size": [-1, -1]}
							}
						},
						{
							"origin": [1.05, 7.70711, 8.02082],
							"size": [0.9, 1, 1],
							"pivot": [0.5, 2, 9.31371],
							"rotation": [45, 0, 0],
							"uv": {
								"north": {"uv": [4, 13], "uv_size": [1, 1]},
								"east": {"uv": [5, 13], "uv_size": [-1, 1]},
								"south": {"uv": [4, 13], "uv_size": [1, 1]},
								"west": {"uv": [4, 13], "uv_size": [1, 1]},
								"up": {"uv": [5, 14], "uv_size": [-1, -1]},
								"down": {"uv": [5, 14], "uv_size": [-1, -1]}
							}
						},
						{
							"origin": [3.5, 1.5, 11],
							"size": [1, 1, 1],
							"pivot": [2, 1, -1],
							"rotation": [90, 0, 0],
							"uv": {
								"north": {"uv": [18, 22], "uv_size": [1, 1]},
								"east": {"uv": [18, 22], "uv_size": [1, 1]},
								"south": {"uv": [18, 22], "uv_size": [1, 1]},
								"west": {"uv": [18, 22], "uv_size": [1, 1]},
								"up": {"uv": [19, 23], "uv_size": [-1, -1]},
								"down": {"uv": [19, 23], "uv_size": [-1, -1]}
							}
						},
						{
							"origin": [3.5, 1.5, 9],
							"size": [1, 1, 1],
							"pivot": [2, 1, -1],
							"rotation": [90, 0, 0],
							"uv": {
								"north": {"uv": [18, 22], "uv_size": [1, 1]},
								"east": {"uv": [18, 22], "uv_size": [1, 1]},
								"south": {"uv": [18, 22], "uv_size": [1, 1]},
								"west": {"uv": [18, 22], "uv_size": [1, 1]},
								"up": {"uv": [19, 23], "uv_size": [-1, -1]},
								"down": {"uv": [19, 23], "uv_size": [-1, -1]}
							}
						},
						{
							"origin": [1.5, -0.5, 11],
							"size": [1, 1, 1],
							"pivot": [2, 1, -1],
							"rotation": [90, 0, 0],
							"uv": {
								"north": {"uv": [18, 22], "uv_size": [1, 1]},
								"east": {"uv": [18, 22], "uv_size": [1, 1]},
								"south": {"uv": [18, 22], "uv_size": [1, 1]},
								"west": {"uv": [18, 22], "uv_size": [1, 1]},
								"up": {"uv": [19, 23], "uv_size": [-1, -1]},
								"down": {"uv": [19, 23], "uv_size": [-1, -1]}
							}
						},
						{
							"origin": [1.5, -0.5, 9],
							"size": [1, 1, 1],
							"pivot": [2, 1, -1],
							"rotation": [90, 0, 0],
							"uv": {
								"north": {"uv": [18, 22], "uv_size": [1, 1]},
								"east": {"uv": [18, 22], "uv_size": [1, 1]},
								"south": {"uv": [18, 22], "uv_size": [1, 1]},
								"west": {"uv": [18, 22], "uv_size": [1, 1]},
								"up": {"uv": [19, 23], "uv_size": [-1, -1]},
								"down": {"uv": [19, 23], "uv_size": [-1, -1]}
							}
						},
						{
							"origin": [1.5, 0.5, 10],
							"size": [1, 1, 1],
							"pivot": [2, 1, -1],
							"rotation": [90, 0, 0],
							"uv": {
								"north": {"uv": [17, 21], "uv_size": [1, 1]},
								"east": {"uv": [17, 21], "uv_size": [1, 1]},
								"south": {"uv": [17, 21], "uv_size": [1, 1]},
								"west": {"uv": [17, 21], "uv_size": [1, 1]},
								"up": {"uv": [18, 22], "uv_size": [-1, -1]},
								"down": {"uv": [18, 22], "uv_size": [-1, -1]}
							}
						},
						{
							"origin": [-0.5, 1.5, 11],
							"size": [1, 1, 1],
							"pivot": [2, 1, -1],
							"rotation": [90, 0, 0],
							"uv": {
								"north": {"uv": [18, 22], "uv_size": [1, 1]},
								"east": {"uv": [18, 22], "uv_size": [1, 1]},
								"south": {"uv": [18, 22], "uv_size": [1, 1]},
								"west": {"uv": [18, 22], "uv_size": [1, 1]},
								"up": {"uv": [19, 23], "uv_size": [-1, -1]},
								"down": {"uv": [19, 23], "uv_size": [-1, -1]}
							}
						},
						{
							"origin": [-0.5, 1.5, 9],
							"size": [1, 1, 1],
							"pivot": [2, 1, -1],
							"rotation": [90, 0, 0],
							"uv": {
								"north": {"uv": [18, 22], "uv_size": [1, 1]},
								"east": {"uv": [18, 22], "uv_size": [1, 1]},
								"south": {"uv": [18, 22], "uv_size": [1, 1]},
								"west": {"uv": [18, 22], "uv_size": [1, 1]},
								"up": {"uv": [19, 23], "uv_size": [-1, -1]},
								"down": {"uv": [19, 23], "uv_size": [-1, -1]}
							}
						},
						{
							"origin": [1.5, 0.5, 8],
							"size": [1, 1, 1],
							"pivot": [2, 1, -1],
							"rotation": [90, 0, 0],
							"uv": {
								"north": {"uv": [18, 22], "uv_size": [1, 1]},
								"east": {"uv": [18, 22], "uv_size": [1, 1]},
								"south": {"uv": [18, 22], "uv_size": [1, 1]},
								"west": {"uv": [18, 22], "uv_size": [1, 1]},
								"up": {"uv": [19, 23], "uv_size": [-1, -1]},
								"down": {"uv": [19, 23], "uv_size": [-1, -1]}
							}
						},
						{
							"origin": [2.5, 1.5, 8],
							"size": [1, 1, 1],
							"pivot": [2, 1, -1],
							"rotation": [90, 0, 0],
							"uv": {
								"north": {"uv": [18, 22], "uv_size": [1, 1]},
								"east": {"uv": [18, 22], "uv_size": [1, 1]},
								"south": {"uv": [18, 22], "uv_size": [1, 1]},
								"west": {"uv": [18, 22], "uv_size": [1, 1]},
								"up": {"uv": [19, 23], "uv_size": [-1, -1]},
								"down": {"uv": [19, 23], "uv_size": [-1, -1]}
							}
						},
						{
							"origin": [2.5, 1.5, 10],
							"size": [1, 1, 1],
							"pivot": [2, 1, -1],
							"rotation": [90, 0, 0],
							"uv": {
								"north": {"uv": [17, 21], "uv_size": [1, 1]},
								"east": {"uv": [17, 21], "uv_size": [1, 1]},
								"south": {"uv": [17, 21], "uv_size": [1, 1]},
								"west": {"uv": [17, 21], "uv_size": [1, 1]},
								"up": {"uv": [18, 22], "uv_size": [-1, -1]},
								"down": {"uv": [18, 22], "uv_size": [-1, -1]}
							}
						},
						{
							"origin": [0.5, 1.5, 10],
							"size": [1, 1, 1],
							"pivot": [2, 1, -1],
							"rotation": [90, 0, 0],
							"uv": {
								"north": {"uv": [17, 21], "uv_size": [1, 1]},
								"east": {"uv": [17, 21], "uv_size": [1, 1]},
								"south": {"uv": [17, 21], "uv_size": [1, 1]},
								"west": {"uv": [17, 21], "uv_size": [1, 1]},
								"up": {"uv": [18, 22], "uv_size": [-1, -1]},
								"down": {"uv": [18, 22], "uv_size": [-1, -1]}
							}
						},
						{
							"origin": [0.5, 1.5, 8],
							"size": [1, 1, 1],
							"pivot": [2, 1, -1],
							"rotation": [90, 0, 0],
							"uv": {
								"north": {"uv": [18, 22], "uv_size": [1, 1]},
								"east": {"uv": [18, 22], "uv_size": [1, 1]},
								"south": {"uv": [18, 22], "uv_size": [1, 1]},
								"west": {"uv": [18, 22], "uv_size": [1, 1]},
								"up": {"uv": [19, 23], "uv_size": [-1, -1]},
								"down": {"uv": [19, 23], "uv_size": [-1, -1]}
							}
						},
						{
							"origin": [1.5, 2.5, 10],
							"size": [1, 1, 1],
							"pivot": [2, 1, -1],
							"rotation": [90, 0, 0],
							"uv": {
								"north": {"uv": [17, 21], "uv_size": [1, 1]},
								"east": {"uv": [17, 21], "uv_size": [1, 1]},
								"south": {"uv": [17, 21], "uv_size": [1, 1]},
								"west": {"uv": [17, 21], "uv_size": [1, 1]},
								"up": {"uv": [18, 22], "uv_size": [-1, -1]},
								"down": {"uv": [18, 22], "uv_size": [-1, -1]}
							}
						},
						{
							"origin": [1.5, 2.5, 8],
							"size": [1, 1, 1],
							"pivot": [2, 1, -1],
							"rotation": [90, 0, 0],
							"uv": {
								"north": {"uv": [18, 22], "uv_size": [1, 1]},
								"east": {"uv": [18, 22], "uv_size": [1, 1]},
								"south": {"uv": [18, 22], "uv_size": [1, 1]},
								"west": {"uv": [18, 22], "uv_size": [1, 1]},
								"up": {"uv": [19, 23], "uv_size": [-1, -1]},
								"down": {"uv": [19, 23], "uv_size": [-1, -1]}
							}
						},
						{
							"origin": [1.5, -0.5, 12],
							"size": [1, 1, 1],
							"pivot": [2, 1, -1],
							"rotation": [90, 0, 0],
							"uv": {
								"north": {"uv": [16, 21], "uv_size": [1, 1]},
								"east": {"uv": [16, 21], "uv_size": [1, 1]},
								"south": {"uv": [16, 21], "uv_size": [1, 1]},
								"west": {"uv": [16, 21], "uv_size": [1, 1]},
								"up": {"uv": [17, 22], "uv_size": [-1, -1]},
								"down": {"uv": [17, 22], "uv_size": [-1, -1]}
							}
						},
						{
							"origin": [1.5, -0.5, 10],
							"size": [1, 1, 1],
							"pivot": [2, 1, -1],
							"rotation": [90, 0, 0],
							"uv": {
								"north": {"uv": [16, 21], "uv_size": [1, 1]},
								"east": {"uv": [16, 21], "uv_size": [1, 1]},
								"south": {"uv": [16, 21], "uv_size": [1, 1]},
								"west": {"uv": [16, 21], "uv_size": [1, 1]},
								"up": {"uv": [17, 22], "uv_size": [-1, -1]},
								"down": {"uv": [17, 22], "uv_size": [-1, -1]}
							}
						},
						{
							"origin": [1.5, 0.5, 9],
							"size": [1, 1, 1],
							"pivot": [2, 1, -1],
							"rotation": [90, 0, 0],
							"uv": {
								"north": {"uv": [16, 21], "uv_size": [1, 1]},
								"east": {"uv": [16, 21], "uv_size": [1, 1]},
								"south": {"uv": [16, 21], "uv_size": [1, 1]},
								"west": {"uv": [16, 21], "uv_size": [1, 1]},
								"up": {"uv": [17, 22], "uv_size": [-1, -1]},
								"down": {"uv": [17, 22], "uv_size": [-1, -1]}
							}
						},
						{
							"origin": [3.5, 1.5, 10],
							"size": [1, 1, 1],
							"pivot": [2, 1, -1],
							"rotation": [90, 0, 0],
							"uv": {
								"north": {"uv": [16, 21], "uv_size": [1, 1]},
								"east": {"uv": [16, 21], "uv_size": [1, 1]},
								"south": {"uv": [16, 21], "uv_size": [1, 1]},
								"west": {"uv": [16, 21], "uv_size": [1, 1]},
								"up": {"uv": [17, 22], "uv_size": [-1, -1]},
								"down": {"uv": [17, 22], "uv_size": [-1, -1]}
							}
						},
						{
							"origin": [2.5, 1.5, 9],
							"size": [1, 1, 1],
							"pivot": [2, 1, -1],
							"rotation": [90, 0, 0],
							"uv": {
								"north": {"uv": [16, 21], "uv_size": [1, 1]},
								"east": {"uv": [16, 21], "uv_size": [1, 1]},
								"south": {"uv": [16, 21], "uv_size": [1, 1]},
								"west": {"uv": [16, 21], "uv_size": [1, 1]},
								"up": {"uv": [17, 22], "uv_size": [-1, -1]},
								"down": {"uv": [17, 22], "uv_size": [-1, -1]}
							}
						},
						{
							"origin": [0.5, 1.5, 9],
							"size": [1, 1, 1],
							"pivot": [2, 1, -1],
							"rotation": [90, 0, 0],
							"uv": {
								"north": {"uv": [16, 21], "uv_size": [1, 1]},
								"east": {"uv": [16, 21], "uv_size": [1, 1]},
								"south": {"uv": [16, 21], "uv_size": [1, 1]},
								"west": {"uv": [16, 21], "uv_size": [1, 1]},
								"up": {"uv": [17, 22], "uv_size": [-1, -1]},
								"down": {"uv": [17, 22], "uv_size": [-1, -1]}
							}
						},
						{
							"origin": [-0.5, 1.5, 12],
							"size": [1, 1, 1],
							"pivot": [2, 1, -1],
							"rotation": [90, 0, 0],
							"uv": {
								"north": {"uv": [16, 21], "uv_size": [1, 1]},
								"east": {"uv": [16, 21], "uv_size": [1, 1]},
								"south": {"uv": [16, 21], "uv_size": [1, 1]},
								"west": {"uv": [16, 21], "uv_size": [1, 1]},
								"up": {"uv": [17, 22], "uv_size": [-1, -1]},
								"down": {"uv": [17, 22], "uv_size": [-1, -1]}
							}
						},
						{
							"origin": [-0.5, 1.5, 10],
							"size": [1, 1, 1],
							"pivot": [2, 1, -1],
							"rotation": [90, 0, 0],
							"uv": {
								"north": {"uv": [16, 21], "uv_size": [1, 1]},
								"east": {"uv": [16, 21], "uv_size": [1, 1]},
								"south": {"uv": [16, 21], "uv_size": [1, 1]},
								"west": {"uv": [16, 21], "uv_size": [1, 1]},
								"up": {"uv": [17, 22], "uv_size": [-1, -1]},
								"down": {"uv": [17, 22], "uv_size": [-1, -1]}
							}
						},
						{
							"origin": [1.5, 3.5, 12],
							"size": [1, 1, 1],
							"pivot": [2, 1, -1],
							"rotation": [90, 0, 0],
							"uv": {
								"north": {"uv": [16, 21], "uv_size": [1, 1]},
								"east": {"uv": [16, 21], "uv_size": [1, 1]},
								"south": {"uv": [16, 21], "uv_size": [1, 1]},
								"west": {"uv": [16, 21], "uv_size": [1, 1]},
								"up": {"uv": [17, 22], "uv_size": [-1, -1]},
								"down": {"uv": [17, 22], "uv_size": [-1, -1]}
							}
						},
						{
							"origin": [1.5, 3.5, 11],
							"size": [1, 1, 1],
							"pivot": [2, 1, -1],
							"rotation": [90, 0, 0],
							"uv": {
								"north": {"uv": [17, 21], "uv_size": [1, 1]},
								"east": {"uv": [17, 21], "uv_size": [1, 1]},
								"south": {"uv": [17, 21], "uv_size": [1, 1]},
								"west": {"uv": [17, 21], "uv_size": [1, 1]},
								"up": {"uv": [18, 22], "uv_size": [-1, -1]},
								"down": {"uv": [18, 22], "uv_size": [-1, -1]}
							}
						},
						{
							"origin": [1.5, 3.5, 10],
							"size": [1, 1, 1],
							"pivot": [2, 1, -1],
							"rotation": [90, 0, 0],
							"uv": {
								"north": {"uv": [18, 21], "uv_size": [1, 1]},
								"east": {"uv": [18, 21], "uv_size": [1, 1]},
								"south": {"uv": [18, 21], "uv_size": [1, 1]},
								"west": {"uv": [18, 21], "uv_size": [1, 1]},
								"up": {"uv": [19, 22], "uv_size": [-1, -1]},
								"down": {"uv": [19, 22], "uv_size": [-1, -1]}
							}
						},
						{
							"origin": [1.5, 2.5, 9],
							"size": [1, 1, 1],
							"pivot": [2, 1, -1],
							"rotation": [90, 0, 0],
							"uv": {
								"north": {"uv": [16, 21], "uv_size": [1, 1]},
								"east": {"uv": [16, 21], "uv_size": [1, 1]},
								"south": {"uv": [16, 21], "uv_size": [1, 1]},
								"west": {"uv": [16, 21], "uv_size": [1, 1]},
								"up": {"uv": [17, 22], "uv_size": [-1, -1]},
								"down": {"uv": [17, 22], "uv_size": [-1, -1]}
							}
						},
						{
							"origin": [1.5, 0.5, -6],
							"size": [1, 1, 1],
							"pivot": [2, 1, -1],
							"rotation": [90, 0, 0],
							"uv": {
								"north": {"uv": [30, 24], "uv_size": [1, 1]},
								"east": {"uv": [30, 24], "uv_size": [1, 1]},
								"south": {"uv": [30, 24], "uv_size": [1, 1]},
								"west": {"uv": [30, 24], "uv_size": [1, 1]},
								"up": {"uv": [31, 25], "uv_size": [-1, -1]},
								"down": {"uv": [31, 25], "uv_size": [-1, -1]}
							}
						},
						{
							"origin": [1.5, 0.5, -5],
							"size": [1, 1, 1],
							"pivot": [2, 1, -1],
							"rotation": [90, 0, 0],
							"uv": {
								"north": {"uv": [29, 24], "uv_size": [1, 1]},
								"east": {"uv": [29, 24], "uv_size": [1, 1]},
								"south": {"uv": [29, 24], "uv_size": [1, 1]},
								"west": {"uv": [29, 24], "uv_size": [1, 1]},
								"up": {"uv": [30, 25], "uv_size": [-1, -1]},
								"down": {"uv": [30, 25], "uv_size": [-1, -1]}
							}
						},
						{
							"origin": [0.5, 1.5, -6],
							"size": [3, 1, 1],
							"pivot": [2, 1, -1],
							"rotation": [90, 0, 0],
							"uv": {
								"north": {"uv": [30, 23], "uv_size": [1, 1]},
								"east": {"uv": [30, 23], "uv_size": [1, 1]},
								"south": {"uv": [30, 23], "uv_size": [1, 1]},
								"west": {"uv": [30, 23], "uv_size": [1, 1]},
								"up": {"uv": [31, 24], "uv_size": [-1, -1]},
								"down": {"uv": [31, 24], "uv_size": [-1, -1]}
							}
						},
						{
							"origin": [0.5, 1.5, -5],
							"size": [3, 1, 1],
							"pivot": [2, 1, -1],
							"rotation": [90, 0, 0],
							"uv": {
								"north": {"uv": [29, 23], "uv_size": [1, 1]},
								"east": {"uv": [29, 23], "uv_size": [1, 1]},
								"south": {"uv": [29, 23], "uv_size": [1, 1]},
								"west": {"uv": [29, 23], "uv_size": [1, 1]},
								"up": {"uv": [30, 24], "uv_size": [-1, -1]},
								"down": {"uv": [30, 24], "uv_size": [-1, -1]}
							}
						},
						{
							"origin": [1.5, 2.5, -6],
							"size": [1, 1, 1],
							"pivot": [2, 1, -1],
							"rotation": [90, 0, 0],
							"uv": {
								"north": {"uv": [30, 22], "uv_size": [1, 1]},
								"east": {"uv": [30, 22], "uv_size": [1, 1]},
								"south": {"uv": [30, 22], "uv_size": [1, 1]},
								"west": {"uv": [30, 22], "uv_size": [1, 1]},
								"up": {"uv": [31, 23], "uv_size": [-1, -1]},
								"down": {"uv": [31, 23], "uv_size": [-1, -1]}
							}
						},
						{
							"origin": [1.5, 2.5, -5],
							"size": [1, 1, 1],
							"pivot": [2, 1, -1],
							"rotation": [90, 0, 0],
							"uv": {
								"north": {"uv": [29, 22], "uv_size": [1, 1]},
								"east": {"uv": [29, 22], "uv_size": [1, 1]},
								"south": {"uv": [29, 22], "uv_size": [1, 1]},
								"west": {"uv": [29, 22], "uv_size": [1, 1]},
								"up": {"uv": [30, 23], "uv_size": [-1, -1]},
								"down": {"uv": [30, 23], "uv_size": [-1, -1]}
							}
						},
						{
							"origin": [1.5, 1.5, -7],
							"size": [1, 1, 1],
							"pivot": [2, 1, -1],
							"rotation": [90, 0, 0],
							"uv": {
								"north": {"uv": [31, 23], "uv_size": [1, 1]},
								"east": {"uv": [31, 23], "uv_size": [1, 1]},
								"south": {"uv": [31, 23], "uv_size": [1, 1]},
								"west": {"uv": [31, 23], "uv_size": [1, 1]},
								"up": {"uv": [32, 24], "uv_size": [-1, -1]},
								"down": {"uv": [32, 24], "uv_size": [-1, -1]}
							}
						},
						{
							"origin": [1.5, 1.5, -4],
							"size": [1, 1, 1],
							"pivot": [2, 1, -1],
							"rotation": [90, 0, 0],
							"uv": {
								"north": {"uv": [16, 23], "uv_size": [1, 1]},
								"east": {"uv": [16, 23], "uv_size": [1, 1]},
								"south": {"uv": [16, 23], "uv_size": [1, 1]},
								"west": {"uv": [16, 23], "uv_size": [1, 1]},
								"up": {"uv": [17, 24], "uv_size": [-1, -1]},
								"down": {"uv": [17, 24], "uv_size": [-1, -1]}
							}
						},
						{
							"origin": [1.5, 1.5, 11],
							"size": [1, 1, 1],
							"pivot": [2, 1, -1],
							"rotation": [90, 0, 0],
							"uv": {
								"north": {"uv": [16, 23], "uv_size": [1, 1]},
								"east": {"uv": [16, 23], "uv_size": [1, 1]},
								"south": {"uv": [16, 23], "uv_size": [1, 1]},
								"west": {"uv": [16, 23], "uv_size": [1, 1]},
								"up": {"uv": [17, 24], "uv_size": [-1, -1]},
								"down": {"uv": [17, 24], "uv_size": [-1, -1]}
							}
						},
						{
							"origin": [1.5, 1.5, 10],
							"size": [1, 1, 1],
							"pivot": [2, 1, -1],
							"rotation": [90, 0, 0],
							"uv": {
								"north": {"uv": [17, 23], "uv_size": [1, 1]},
								"east": {"uv": [17, 23], "uv_size": [1, 1]},
								"south": {"uv": [17, 23], "uv_size": [1, 1]},
								"west": {"uv": [17, 23], "uv_size": [1, 1]},
								"up": {"uv": [18, 24], "uv_size": [-1, -1]},
								"down": {"uv": [18, 24], "uv_size": [-1, -1]}
							}
						},
						{
							"origin": [1.5, 1.5, 9],
							"size": [1, 1, 1],
							"pivot": [2, 1, -1],
							"rotation": [90, 0, 0],
							"uv": {
								"north": {"uv": [18, 23], "uv_size": [1, 1]},
								"east": {"uv": [18, 23], "uv_size": [1, 1]},
								"south": {"uv": [18, 23], "uv_size": [1, 1]},
								"west": {"uv": [18, 23], "uv_size": [1, 1]},
								"up": {"uv": [19, 24], "uv_size": [-1, -1]},
								"down": {"uv": [19, 24], "uv_size": [-1, -1]}
							}
						},
						{
							"origin": [1.5, 1.5, 8],
							"size": [1, 1, 1],
							"pivot": [2, 1, -1],
							"rotation": [90, 0, 0],
							"uv": {
								"north": {"uv": [19, 23], "uv_size": [1, 1]},
								"east": {"uv": [19, 23], "uv_size": [1, 1]},
								"south": {"uv": [19, 23], "uv_size": [1, 1]},
								"west": {"uv": [19, 23], "uv_size": [1, 1]},
								"up": {"uv": [20, 24], "uv_size": [-1, -1]},
								"down": {"uv": [20, 24], "uv_size": [-1, -1]}
							}
						},
						{
							"origin": [1.5, 1.5, 7],
							"size": [1, 1, 1],
							"pivot": [2, 1, -1],
							"rotation": [90, 0, 0],
							"uv": {
								"north": {"uv": [20, 23], "uv_size": [1, 1]},
								"east": {"uv": [20, 23], "uv_size": [1, 1]},
								"south": {"uv": [20, 23], "uv_size": [1, 1]},
								"west": {"uv": [20, 23], "uv_size": [1, 1]},
								"up": {"uv": [21, 24], "uv_size": [-1, -1]},
								"down": {"uv": [21, 24], "uv_size": [-1, -1]}
							}
						},
						{
							"origin": [1.5, 1.5, 6],
							"size": [1, 1, 1],
							"pivot": [2, 1, -1],
							"rotation": [90, 0, 0],
							"uv": {
								"north": {"uv": [21, 23], "uv_size": [1, 1]},
								"east": {"uv": [21, 23], "uv_size": [1, 1]},
								"south": {"uv": [21, 23], "uv_size": [1, 1]},
								"west": {"uv": [21, 23], "uv_size": [1, 1]},
								"up": {"uv": [22, 24], "uv_size": [-1, -1]},
								"down": {"uv": [22, 24], "uv_size": [-1, -1]}
							}
						},
						{
							"origin": [1.5, 1.5, 5],
							"size": [1, 1, 1],
							"pivot": [2, 1, -1],
							"rotation": [90, 0, 0],
							"uv": {
								"north": {"uv": [22, 23], "uv_size": [1, 1]},
								"east": {"uv": [22, 23], "uv_size": [1, 1]},
								"south": {"uv": [22, 23], "uv_size": [1, 1]},
								"west": {"uv": [22, 23], "uv_size": [1, 1]},
								"up": {"uv": [23, 24], "uv_size": [-1, -1]},
								"down": {"uv": [23, 24], "uv_size": [-1, -1]}
							}
						},
						{
							"origin": [1.5, 1.5, 4],
							"size": [1, 1, 1],
							"pivot": [2, 1, -1],
							"rotation": [90, 0, 0],
							"uv": {
								"north": {"uv": [23, 23], "uv_size": [1, 1]},
								"east": {"uv": [23, 23], "uv_size": [1, 1]},
								"south": {"uv": [23, 23], "uv_size": [1, 1]},
								"west": {"uv": [23, 23], "uv_size": [1, 1]},
								"up": {"uv": [24, 24], "uv_size": [-1, -1]},
								"down": {"uv": [24, 24], "uv_size": [-1, -1]}
							}
						},
						{
							"origin": [1.5, 1.5, 3],
							"size": [1, 1, 1],
							"pivot": [2, 1, -1],
							"rotation": [90, 0, 0],
							"uv": {
								"north": {"uv": [24, 23], "uv_size": [1, 1]},
								"east": {"uv": [24, 23], "uv_size": [1, 1]},
								"south": {"uv": [24, 23], "uv_size": [1, 1]},
								"west": {"uv": [24, 23], "uv_size": [1, 1]},
								"up": {"uv": [25, 24], "uv_size": [-1, -1]},
								"down": {"uv": [25, 24], "uv_size": [-1, -1]}
							}
						},
						{
							"origin": [1.5, 1.5, 2],
							"size": [1, 1, 1],
							"pivot": [2, 1, -1],
							"rotation": [90, 0, 0],
							"uv": {
								"north": {"uv": [25, 23], "uv_size": [1, 1]},
								"east": {"uv": [25, 23], "uv_size": [1, 1]},
								"south": {"uv": [25, 23], "uv_size": [1, 1]},
								"west": {"uv": [25, 23], "uv_size": [1, 1]},
								"up": {"uv": [26, 24], "uv_size": [-1, -1]},
								"down": {"uv": [26, 24], "uv_size": [-1, -1]}
							}
						},
						{
							"origin": [1.5, 1.5, 1],
							"size": [1, 1, 1],
							"pivot": [2, 1, -1],
							"rotation": [90, 0, 0],
							"uv": {
								"north": {"uv": [26, 23], "uv_size": [1, 1]},
								"east": {"uv": [26, 23], "uv_size": [1, 1]},
								"south": {"uv": [26, 23], "uv_size": [1, 1]},
								"west": {"uv": [26, 23], "uv_size": [1, 1]},
								"up": {"uv": [27, 24], "uv_size": [-1, -1]},
								"down": {"uv": [27, 24], "uv_size": [-1, -1]}
							}
						},
						{
							"origin": [1.5, 1.5, 0],
							"size": [1, 1, 1],
							"pivot": [2, 1, -1],
							"rotation": [90, 0, 0],
							"uv": {
								"north": {"uv": [27, 23], "uv_size": [1, 1]},
								"east": {"uv": [27, 23], "uv_size": [1, 1]},
								"south": {"uv": [27, 23], "uv_size": [1, 1]},
								"west": {"uv": [27, 23], "uv_size": [1, 1]},
								"up": {"uv": [28, 24], "uv_size": [-1, -1]},
								"down": {"uv": [28, 24], "uv_size": [-1, -1]}
							}
						},
						{
							"origin": [1.5, 1.5, -3],
							"size": [1, 1, 1],
							"pivot": [2, 1, -1],
							"rotation": [90, 0, 0],
							"uv": {
								"north": {"uv": [24, 23], "uv_size": [1, 1]},
								"east": {"uv": [24, 23], "uv_size": [1, 1]},
								"south": {"uv": [24, 23], "uv_size": [1, 1]},
								"west": {"uv": [24, 23], "uv_size": [1, 1]},
								"up": {"uv": [25, 24], "uv_size": [-1, -1]},
								"down": {"uv": [25, 24], "uv_size": [-1, -1]}
							}
						},
						{
							"origin": [1.5, 1.5, -2],
							"size": [1, 1, 1],
							"pivot": [2, 1, -1],
							"rotation": [90, 0, 0],
							"uv": {
								"north": {"uv": [26, 23], "uv_size": [1, 1]},
								"east": {"uv": [26, 23], "uv_size": [1, 1]},
								"south": {"uv": [26, 23], "uv_size": [1, 1]},
								"west": {"uv": [26, 23], "uv_size": [1, 1]},
								"up": {"uv": [27, 24], "uv_size": [-1, -1]},
								"down": {"uv": [27, 24], "uv_size": [-1, -1]}
							}
						},
						{
							"origin": [1.5, 1.5, -1],
							"size": [1, 1, 1],
							"pivot": [2, 1, -1],
							"rotation": [90, 0, 0],
							"uv": {
								"north": {"uv": [28, 23], "uv_size": [1, 1]},
								"east": {"uv": [28, 23], "uv_size": [1, 1]},
								"south": {"uv": [28, 23], "uv_size": [1, 1]},
								"west": {"uv": [28, 23], "uv_size": [1, 1]},
								"up": {"uv": [29, 24], "uv_size": [-1, -1]},
								"down": {"uv": [29, 24], "uv_size": [-1, -1]}
							}
						},
						{
							"origin": [1.5, 3.5, 9],
							"size": [1, 1, 1],
							"pivot": [2, 1, -1],
							"rotation": [90, 0, 0],
							"uv": {
								"north": {"uv": [18, 22], "uv_size": [1, 1]},
								"east": {"uv": [18, 22], "uv_size": [1, 1]},
								"south": {"uv": [18, 22], "uv_size": [1, 1]},
								"west": {"uv": [18, 22], "uv_size": [1, 1]},
								"up": {"uv": [19, 23], "uv_size": [-1, -1]},
								"down": {"uv": [19, 23], "uv_size": [-1, -1]}
							}
						},
						{
							"origin": [3.5, 1.5, 12],
							"size": [1, 1, 1],
							"pivot": [2, 1, -1],
							"rotation": [90, 0, 0],
							"uv": {
								"north": {"uv": [16, 21], "uv_size": [1, 1]},
								"east": {"uv": [16, 21], "uv_size": [1, 1]},
								"south": {"uv": [16, 21], "uv_size": [1, 1]},
								"west": {"uv": [16, 21], "uv_size": [1, 1]},
								"up": {"uv": [17, 22], "uv_size": [-1, -1]},
								"down": {"uv": [17, 22], "uv_size": [-1, -1]}
							}
						}
					]
				}
			]
		}
	]
}