{
	"format_version": "1.16.0",
	"minecraft:geometry": [
		{
			"description": {
				"identifier": "geometry.lz_cmqsj",
				"texture_width": 24,
				"texture_height": 24,
				"visible_bounds_width": 2,
				"visible_bounds_height": 4.5,
				"visible_bounds_offset": [0, 1.75, 0]
			},
			"bones": [
				{
					"name": "rightitem",
					"pivot": [0, 22, 0],
					"binding": "q.item_slot_to_bone_name(c.item_slot)",
					"cubes": [
						{
							"origin": [-0.5, 43, -17],
							"size": [1, 1, 1],
							"uv": {
								"north": {"uv": [19, 1], "uv_size": [1, 1]},
								"east": {"uv": [19, 1], "uv_size": [1, 1]},
								"south": {"uv": [19, 1], "uv_size": [1, 1]},
								"west": {"uv": [20, 1], "uv_size": [-1, 1]},
								"up": {"uv": [20, 2], "uv_size": [-1, -1]},
								"down": {"uv": [20, 2], "uv_size": [-1, -1]}
							}
						},
						{
							"origin": [-0.5, 43, -18],
							"size": [1, 1, 1],
							"uv": {
								"north": {"uv": [20, 1], "uv_size": [1, 1]},
								"east": {"uv": [20, 1], "uv_size": [1, 1]},
								"south": {"uv": [20, 1], "uv_size": [1, 1]},
								"west": {"uv": [21, 1], "uv_size": [-1, 1]},
								"up": {"uv": [21, 2], "uv_size": [-1, -1]},
								"down": {"uv": [21, 2], "uv_size": [-1, -1]}
							}
						},
						{
							"origin": [-0.5, 43, -19],
							"size": [1, 1, 1],
							"uv": {
								"north": {"uv": [21, 1], "uv_size": [1, 1]},
								"east": {"uv": [21, 1], "uv_size": [1, 1]},
								"south": {"uv": [21, 1], "uv_size": [1, 1]},
								"west": {"uv": [22, 1], "uv_size": [-1, 1]},
								"up": {"uv": [22, 2], "uv_size": [-1, -1]},
								"down": {"uv": [22, 2], "uv_size": [-1, -1]}
							}
						},
						{
							"origin": [-0.5, 43, -20],
							"size": [1, 1, 1],
							"uv": {
								"north": {"uv": [22, 1], "uv_size": [1, 1]},
								"east": {"uv": [22, 1], "uv_size": [1, 1]},
								"south": {"uv": [22, 1], "uv_size": [1, 1]},
								"west": {"uv": [23, 1], "uv_size": [-1, 1]},
								"up": {"uv": [23, 2], "uv_size": [-1, -1]},
								"down": {"uv": [23, 2], "uv_size": [-1, -1]}
							}
						},
						{
							"origin": [-0.5, 42, -16],
							"size": [1, 1, 1],
							"uv": {
								"north": {"uv": [18, 2], "uv_size": [1, 1]},
								"east": {"uv": [18, 2], "uv_size": [1, 1]},
								"south": {"uv": [18, 2], "uv_size": [1, 1]},
								"west": {"uv": [19, 2], "uv_size": [-1, 1]},
								"up": {"uv": [19, 3], "uv_size": [-1, -1]},
								"down": {"uv": [19, 3], "uv_size": [-1, -1]}
							}
						},
						{
							"origin": [-0.5, 42, -20],
							"size": [1, 1, 1],
							"uv": {
								"north": {"uv": [22, 2], "uv_size": [1, 1]},
								"east": {"uv": [22, 2], "uv_size": [1, 1]},
								"south": {"uv": [22, 2], "uv_size": [1, 1]},
								"west": {"uv": [23, 2], "uv_size": [-1, 1]},
								"up": {"uv": [23, 3], "uv_size": [-1, -1]},
								"down": {"uv": [23, 3], "uv_size": [-1, -1]}
							}
						},
						{
							"origin": [-0.5, 41, -15],
							"size": [1, 1, 1],
							"uv": {
								"north": {"uv": [17, 3], "uv_size": [1, 1]},
								"east": {"uv": [17, 3], "uv_size": [1, 1]},
								"south": {"uv": [17, 3], "uv_size": [1, 1]},
								"west": {"uv": [18, 3], "uv_size": [-1, 1]},
								"up": {"uv": [18, 4], "uv_size": [-1, -1]},
								"down": {"uv": [18, 4], "uv_size": [-1, -1]}
							}
						},
						{
							"origin": [-0.5, 41, -20],
							"size": [1, 1, 1],
							"uv": {
								"north": {"uv": [22, 3], "uv_size": [1, 1]},
								"east": {"uv": [22, 3], "uv_size": [1, 1]},
								"south": {"uv": [22, 3], "uv_size": [1, 1]},
								"west": {"uv": [23, 3], "uv_size": [-1, 1]},
								"up": {"uv": [23, 4], "uv_size": [-1, -1]},
								"down": {"uv": [23, 4], "uv_size": [-1, -1]}
							}
						},
						{
							"origin": [-0.5, 40, -14],
							"size": [1, 1, 1],
							"uv": {
								"north": {"uv": [16, 4], "uv_size": [1, 1]},
								"east": {"uv": [16, 4], "uv_size": [1, 1]},
								"south": {"uv": [16, 4], "uv_size": [1, 1]},
								"west": {"uv": [17, 4], "uv_size": [-1, 1]},
								"up": {"uv": [17, 5], "uv_size": [-1, -1]},
								"down": {"uv": [17, 5], "uv_size": [-1, -1]}
							}
						},
						{
							"origin": [-0.5, 40, -20],
							"size": [1, 1, 1],
							"uv": {
								"north": {"uv": [22, 4], "uv_size": [1, 1]},
								"east": {"uv": [22, 4], "uv_size": [1, 1]},
								"south": {"uv": [22, 4], "uv_size": [1, 1]},
								"west": {"uv": [23, 4], "uv_size": [-1, 1]},
								"up": {"uv": [23, 5], "uv_size": [-1, -1]},
								"down": {"uv": [23, 5], "uv_size": [-1, -1]}
							}
						},
						{
							"origin": [-0.5, 39, -14],
							"size": [1, 1, 1],
							"uv": {
								"north": {"uv": [16, 5], "uv_size": [1, 1]},
								"east": {"uv": [16, 5], "uv_size": [1, 1]},
								"south": {"uv": [16, 5], "uv_size": [1, 1]},
								"west": {"uv": [17, 5], "uv_size": [-1, 1]},
								"up": {"uv": [17, 6], "uv_size": [-1, -1]},
								"down": {"uv": [17, 6], "uv_size": [-1, -1]}
							}
						},
						{
							"origin": [-0.5, 39, -19],
							"size": [1, 1, 1],
							"uv": {
								"north": {"uv": [21, 5], "uv_size": [1, 1]},
								"east": {"uv": [21, 5], "uv_size": [1, 1]},
								"south": {"uv": [21, 5], "uv_size": [1, 1]},
								"west": {"uv": [22, 5], "uv_size": [-1, 1]},
								"up": {"uv": [22, 6], "uv_size": [-1, -1]},
								"down": {"uv": [22, 6], "uv_size": [-1, -1]}
							}
						},
						{
							"origin": [-0.5, 38, -11],
							"size": [1, 1, 1],
							"uv": {
								"north": {"uv": [13, 6], "uv_size": [1, 1]},
								"east": {"uv": [13, 6], "uv_size": [1, 1]},
								"south": {"uv": [13, 6], "uv_size": [1, 1]},
								"west": {"uv": [14, 6], "uv_size": [-1, 1]},
								"up": {"uv": [14, 7], "uv_size": [-1, -1]},
								"down": {"uv": [14, 7], "uv_size": [-1, -1]}
							}
						},
						{
							"origin": [-0.5, 38, -12],
							"size": [1, 1, 1],
							"uv": {
								"north": {"uv": [14, 6], "uv_size": [1, 1]},
								"east": {"uv": [14, 6], "uv_size": [1, 1]},
								"south": {"uv": [14, 6], "uv_size": [1, 1]},
								"west": {"uv": [15, 6], "uv_size": [-1, 1]},
								"up": {"uv": [15, 7], "uv_size": [-1, -1]},
								"down": {"uv": [15, 7], "uv_size": [-1, -1]}
							}
						},
						{
							"origin": [-0.5, 38, -13],
							"size": [1, 1, 1],
							"uv": {
								"north": {"uv": [15, 6], "uv_size": [1, 1]},
								"east": {"uv": [15, 6], "uv_size": [1, 1]},
								"south": {"uv": [15, 6], "uv_size": [1, 1]},
								"west": {"uv": [16, 6], "uv_size": [-1, 1]},
								"up": {"uv": [16, 7], "uv_size": [-1, -1]},
								"down": {"uv": [16, 7], "uv_size": [-1, -1]}
							}
						},
						{
							"origin": [-0.5, 38, -18],
							"size": [1, 1, 1],
							"uv": {
								"north": {"uv": [20, 6], "uv_size": [1, 1]},
								"east": {"uv": [20, 6], "uv_size": [1, 1]},
								"south": {"uv": [20, 6], "uv_size": [1, 1]},
								"west": {"uv": [21, 6], "uv_size": [-1, 1]},
								"up": {"uv": [21, 7], "uv_size": [-1, -1]},
								"down": {"uv": [21, 7], "uv_size": [-1, -1]}
							}
						},
						{
							"origin": [-0.5, 37, -10],
							"size": [1, 1, 1],
							"uv": {
								"north": {"uv": [12, 7], "uv_size": [1, 1]},
								"east": {"uv": [12, 7], "uv_size": [1, 1]},
								"south": {"uv": [12, 7], "uv_size": [1, 1]},
								"west": {"uv": [13, 7], "uv_size": [-1, 1]},
								"up": {"uv": [13, 8], "uv_size": [-1, -1]},
								"down": {"uv": [13, 8], "uv_size": [-1, -1]}
							}
						},
						{
							"origin": [-0.5, 37, -16],
							"size": [1, 1, 1],
							"uv": {
								"north": {"uv": [18, 7], "uv_size": [1, 1]},
								"east": {"uv": [18, 7], "uv_size": [1, 1]},
								"south": {"uv": [18, 7], "uv_size": [1, 1]},
								"west": {"uv": [19, 7], "uv_size": [-1, 1]},
								"up": {"uv": [19, 8], "uv_size": [-1, -1]},
								"down": {"uv": [19, 8], "uv_size": [-1, -1]}
							}
						},
						{
							"origin": [-0.5, 37, -17],
							"size": [1, 1, 1],
							"uv": {
								"north": {"uv": [19, 7], "uv_size": [1, 1]},
								"east": {"uv": [19, 7], "uv_size": [1, 1]},
								"south": {"uv": [19, 7], "uv_size": [1, 1]},
								"west": {"uv": [20, 7], "uv_size": [-1, 1]},
								"up": {"uv": [20, 8], "uv_size": [-1, -1]},
								"down": {"uv": [20, 8], "uv_size": [-1, -1]}
							}
						},
						{
							"origin": [-0.5, 36, -11],
							"size": [1, 1, 1],
							"uv": {
								"north": {"uv": [13, 8], "uv_size": [1, 1]},
								"east": {"uv": [13, 8], "uv_size": [1, 1]},
								"south": {"uv": [13, 8], "uv_size": [1, 1]},
								"west": {"uv": [14, 8], "uv_size": [-1, 1]},
								"up": {"uv": [14, 9], "uv_size": [-1, -1]},
								"down": {"uv": [14, 9], "uv_size": [-1, -1]}
							}
						},
						{
							"origin": [-0.5, 36, -15],
							"size": [1, 1, 1],
							"uv": {
								"north": {"uv": [17, 8], "uv_size": [1, 1]},
								"east": {"uv": [17, 8], "uv_size": [1, 1]},
								"south": {"uv": [17, 8], "uv_size": [1, 1]},
								"west": {"uv": [18, 8], "uv_size": [-1, 1]},
								"up": {"uv": [18, 9], "uv_size": [-1, -1]},
								"down": {"uv": [18, 9], "uv_size": [-1, -1]}
							}
						},
						{
							"origin": [-0.5, 35, 0],
							"size": [1, 1, 1],
							"uv": {
								"north": {"uv": [2, 9], "uv_size": [1, 1]},
								"east": {"uv": [2, 9], "uv_size": [1, 1]},
								"south": {"uv": [2, 9], "uv_size": [1, 1]},
								"west": {"uv": [3, 9], "uv_size": [-1, 1]},
								"up": {"uv": [3, 10], "uv_size": [-1, -1]},
								"down": {"uv": [3, 10], "uv_size": [-1, -1]}
							}
						},
						{
							"origin": [-0.5, 35, -1],
							"size": [1, 1, 1],
							"uv": {
								"north": {"uv": [3, 9], "uv_size": [1, 1]},
								"east": {"uv": [3, 9], "uv_size": [1, 1]},
								"south": {"uv": [3, 9], "uv_size": [1, 1]},
								"west": {"uv": [4, 9], "uv_size": [-1, 1]},
								"up": {"uv": [4, 10], "uv_size": [-1, -1]},
								"down": {"uv": [4, 10], "uv_size": [-1, -1]}
							}
						},
						{
							"origin": [-0.5, 35, -9],
							"size": [1, 1, 1],
							"uv": {
								"north": {"uv": [11, 9], "uv_size": [1, 1]},
								"east": {"uv": [11, 9], "uv_size": [1, 1]},
								"south": {"uv": [11, 9], "uv_size": [1, 1]},
								"west": {"uv": [12, 9], "uv_size": [-1, 1]},
								"up": {"uv": [12, 10], "uv_size": [-1, -1]},
								"down": {"uv": [12, 10], "uv_size": [-1, -1]}
							}
						},
						{
							"origin": [-0.5, 35, -10],
							"size": [1, 1, 1],
							"uv": {
								"north": {"uv": [12, 9], "uv_size": [1, 1]},
								"east": {"uv": [12, 9], "uv_size": [1, 1]},
								"south": {"uv": [12, 9], "uv_size": [1, 1]},
								"west": {"uv": [13, 9], "uv_size": [-1, 1]},
								"up": {"uv": [13, 10], "uv_size": [-1, -1]},
								"down": {"uv": [13, 10], "uv_size": [-1, -1]}
							}
						},
						{
							"origin": [-0.5, 35, -15],
							"size": [1, 1, 1],
							"uv": {
								"north": {"uv": [17, 9], "uv_size": [1, 1]},
								"east": {"uv": [17, 9], "uv_size": [1, 1]},
								"south": {"uv": [17, 9], "uv_size": [1, 1]},
								"west": {"uv": [18, 9], "uv_size": [-1, 1]},
								"up": {"uv": [18, 10], "uv_size": [-1, -1]},
								"down": {"uv": [18, 10], "uv_size": [-1, -1]}
							}
						},
						{
							"origin": [-0.5, 34, 0],
							"size": [1, 1, 1],
							"uv": {
								"north": {"uv": [2, 10], "uv_size": [1, 1]},
								"east": {"uv": [2, 10], "uv_size": [1, 1]},
								"south": {"uv": [2, 10], "uv_size": [1, 1]},
								"west": {"uv": [3, 10], "uv_size": [-1, 1]},
								"up": {"uv": [3, 11], "uv_size": [-1, -1]},
								"down": {"uv": [3, 11], "uv_size": [-1, -1]}
							}
						},
						{
							"origin": [-0.5, 34, -2],
							"size": [1, 1, 1],
							"uv": {
								"north": {"uv": [4, 10], "uv_size": [1, 1]},
								"east": {"uv": [4, 10], "uv_size": [1, 1]},
								"south": {"uv": [4, 10], "uv_size": [1, 1]},
								"west": {"uv": [5, 10], "uv_size": [-1, 1]},
								"up": {"uv": [5, 11], "uv_size": [-1, -1]},
								"down": {"uv": [5, 11], "uv_size": [-1, -1]}
							}
						},
						{
							"origin": [-0.5, 34, -8],
							"size": [1, 1, 1],
							"uv": {
								"north": {"uv": [10, 10], "uv_size": [1, 1]},
								"east": {"uv": [10, 10], "uv_size": [1, 1]},
								"south": {"uv": [10, 10], "uv_size": [1, 1]},
								"west": {"uv": [11, 10], "uv_size": [-1, 1]},
								"up": {"uv": [11, 11], "uv_size": [-1, -1]},
								"down": {"uv": [11, 11], "uv_size": [-1, -1]}
							}
						},
						{
							"origin": [-0.5, 34, -13],
							"size": [1, 1, 1],
							"uv": {
								"north": {"uv": [15, 10], "uv_size": [1, 1]},
								"east": {"uv": [15, 10], "uv_size": [1, 1]},
								"south": {"uv": [15, 10], "uv_size": [1, 1]},
								"west": {"uv": [16, 10], "uv_size": [-1, 1]},
								"up": {"uv": [16, 11], "uv_size": [-1, -1]},
								"down": {"uv": [16, 11], "uv_size": [-1, -1]}
							}
						},
						{
							"origin": [-0.5, 34, -15],
							"size": [1, 1, 1],
							"uv": {
								"north": {"uv": [17, 10], "uv_size": [1, 1]},
								"east": {"uv": [17, 10], "uv_size": [1, 1]},
								"south": {"uv": [17, 10], "uv_size": [1, 1]},
								"west": {"uv": [18, 10], "uv_size": [-1, 1]},
								"up": {"uv": [18, 11], "uv_size": [-1, -1]},
								"down": {"uv": [18, 11], "uv_size": [-1, -1]}
							}
						},
						{
							"origin": [-0.5, 33, -1],
							"size": [1, 1, 1],
							"uv": {
								"north": {"uv": [3, 11], "uv_size": [1, 1]},
								"east": {"uv": [3, 11], "uv_size": [1, 1]},
								"south": {"uv": [3, 11], "uv_size": [1, 1]},
								"west": {"uv": [4, 11], "uv_size": [-1, 1]},
								"up": {"uv": [4, 12], "uv_size": [-1, -1]},
								"down": {"uv": [4, 12], "uv_size": [-1, -1]}
							}
						},
						{
							"origin": [-0.5, 33, -3],
							"size": [1, 1, 1],
							"uv": {
								"north": {"uv": [5, 11], "uv_size": [1, 1]},
								"east": {"uv": [5, 11], "uv_size": [1, 1]},
								"south": {"uv": [5, 11], "uv_size": [1, 1]},
								"west": {"uv": [6, 11], "uv_size": [-1, 1]},
								"up": {"uv": [6, 12], "uv_size": [-1, -1]},
								"down": {"uv": [6, 12], "uv_size": [-1, -1]}
							}
						},
						{
							"origin": [-0.5, 33, -7],
							"size": [1, 1, 1],
							"uv": {
								"north": {"uv": [9, 11], "uv_size": [1, 1]},
								"east": {"uv": [9, 11], "uv_size": [1, 1]},
								"south": {"uv": [9, 11], "uv_size": [1, 1]},
								"west": {"uv": [10, 11], "uv_size": [-1, 1]},
								"up": {"uv": [10, 12], "uv_size": [-1, -1]},
								"down": {"uv": [10, 12], "uv_size": [-1, -1]}
							}
						},
						{
							"origin": [-0.5, 33, -12],
							"size": [1, 1, 1],
							"uv": {
								"north": {"uv": [14, 11], "uv_size": [1, 1]},
								"east": {"uv": [14, 11], "uv_size": [1, 1]},
								"south": {"uv": [14, 11], "uv_size": [1, 1]},
								"west": {"uv": [15, 11], "uv_size": [-1, 1]},
								"up": {"uv": [15, 12], "uv_size": [-1, -1]},
								"down": {"uv": [15, 12], "uv_size": [-1, -1]}
							}
						},
						{
							"origin": [-0.5, 33, -14],
							"size": [1, 1, 1],
							"uv": {
								"north": {"uv": [16, 11], "uv_size": [1, 1]},
								"east": {"uv": [16, 11], "uv_size": [1, 1]},
								"south": {"uv": [16, 11], "uv_size": [1, 1]},
								"west": {"uv": [17, 11], "uv_size": [-1, 1]},
								"up": {"uv": [17, 12], "uv_size": [-1, -1]},
								"down": {"uv": [17, 12], "uv_size": [-1, -1]}
							}
						},
						{
							"origin": [-0.5, 32, -2],
							"size": [1, 1, 1],
							"uv": {
								"north": {"uv": [4, 12], "uv_size": [1, 1]},
								"east": {"uv": [4, 12], "uv_size": [1, 1]},
								"south": {"uv": [4, 12], "uv_size": [1, 1]},
								"west": {"uv": [5, 12], "uv_size": [-1, 1]},
								"up": {"uv": [5, 13], "uv_size": [-1, -1]},
								"down": {"uv": [5, 13], "uv_size": [-1, -1]}
							}
						},
						{
							"origin": [-0.5, 32, -4],
							"size": [1, 1, 1],
							"uv": {
								"north": {"uv": [6, 12], "uv_size": [1, 1]},
								"east": {"uv": [6, 12], "uv_size": [1, 1]},
								"south": {"uv": [6, 12], "uv_size": [1, 1]},
								"west": {"uv": [7, 12], "uv_size": [-1, 1]},
								"up": {"uv": [7, 13], "uv_size": [-1, -1]},
								"down": {"uv": [7, 13], "uv_size": [-1, -1]}
							}
						},
						{
							"origin": [-0.5, 32, -6],
							"size": [1, 1, 1],
							"uv": {
								"north": {"uv": [8, 12], "uv_size": [1, 1]},
								"east": {"uv": [8, 12], "uv_size": [1, 1]},
								"south": {"uv": [8, 12], "uv_size": [1, 1]},
								"west": {"uv": [9, 12], "uv_size": [-1, 1]},
								"up": {"uv": [9, 13], "uv_size": [-1, -1]},
								"down": {"uv": [9, 13], "uv_size": [-1, -1]}
							}
						},
						{
							"origin": [-0.5, 32, -12],
							"size": [1, 1, 1],
							"uv": {
								"north": {"uv": [14, 12], "uv_size": [1, 1]},
								"east": {"uv": [14, 12], "uv_size": [1, 1]},
								"south": {"uv": [14, 12], "uv_size": [1, 1]},
								"west": {"uv": [15, 12], "uv_size": [-1, 1]},
								"up": {"uv": [15, 13], "uv_size": [-1, -1]},
								"down": {"uv": [15, 13], "uv_size": [-1, -1]}
							}
						},
						{
							"origin": [-0.5, 31, -2],
							"size": [1, 1, 1],
							"uv": {
								"north": {"uv": [4, 13], "uv_size": [1, 1]},
								"east": {"uv": [4, 13], "uv_size": [1, 1]},
								"south": {"uv": [4, 13], "uv_size": [1, 1]},
								"west": {"uv": [5, 13], "uv_size": [-1, 1]},
								"up": {"uv": [5, 14], "uv_size": [-1, -1]},
								"down": {"uv": [5, 14], "uv_size": [-1, -1]}
							}
						},
						{
							"origin": [-0.5, 31, -3],
							"size": [1, 1, 1],
							"uv": {
								"north": {"uv": [5, 13], "uv_size": [1, 1]},
								"east": {"uv": [5, 13], "uv_size": [1, 1]},
								"south": {"uv": [5, 13], "uv_size": [1, 1]},
								"west": {"uv": [6, 13], "uv_size": [-1, 1]},
								"up": {"uv": [6, 14], "uv_size": [-1, -1]},
								"down": {"uv": [6, 14], "uv_size": [-1, -1]}
							}
						},
						{
							"origin": [-0.5, 31, -5],
							"size": [1, 1, 1],
							"uv": {
								"north": {"uv": [7, 13], "uv_size": [1, 1]},
								"east": {"uv": [7, 13], "uv_size": [1, 1]},
								"south": {"uv": [7, 13], "uv_size": [1, 1]},
								"west": {"uv": [8, 13], "uv_size": [-1, 1]},
								"up": {"uv": [8, 14], "uv_size": [-1, -1]},
								"down": {"uv": [8, 14], "uv_size": [-1, -1]}
							}
						},
						{
							"origin": [-0.5, 31, -11],
							"size": [1, 1, 1],
							"uv": {
								"north": {"uv": [13, 13], "uv_size": [1, 1]},
								"east": {"uv": [13, 13], "uv_size": [1, 1]},
								"south": {"uv": [13, 13], "uv_size": [1, 1]},
								"west": {"uv": [14, 13], "uv_size": [-1, 1]},
								"up": {"uv": [14, 14], "uv_size": [-1, -1]},
								"down": {"uv": [14, 14], "uv_size": [-1, -1]}
							}
						},
						{
							"origin": [-0.5, 30, -3],
							"size": [1, 1, 1],
							"uv": {
								"north": {"uv": [5, 14], "uv_size": [1, 1]},
								"east": {"uv": [5, 14], "uv_size": [1, 1]},
								"south": {"uv": [5, 14], "uv_size": [1, 1]},
								"west": {"uv": [6, 14], "uv_size": [-1, 1]},
								"up": {"uv": [6, 15], "uv_size": [-1, -1]},
								"down": {"uv": [6, 15], "uv_size": [-1, -1]}
							}
						},
						{
							"origin": [-0.5, 30, -5],
							"size": [1, 1, 1],
							"uv": {
								"north": {"uv": [7, 14], "uv_size": [1, 1]},
								"east": {"uv": [7, 14], "uv_size": [1, 1]},
								"south": {"uv": [7, 14], "uv_size": [1, 1]},
								"west": {"uv": [8, 14], "uv_size": [-1, 1]},
								"up": {"uv": [8, 15], "uv_size": [-1, -1]},
								"down": {"uv": [8, 15], "uv_size": [-1, -1]}
							}
						},
						{
							"origin": [-0.5, 30, -10],
							"size": [1, 1, 1],
							"uv": {
								"north": {"uv": [12, 14], "uv_size": [1, 1]},
								"east": {"uv": [12, 14], "uv_size": [1, 1]},
								"south": {"uv": [12, 14], "uv_size": [1, 1]},
								"west": {"uv": [13, 14], "uv_size": [-1, 1]},
								"up": {"uv": [13, 15], "uv_size": [-1, -1]},
								"down": {"uv": [13, 15], "uv_size": [-1, -1]}
							}
						},
						{
							"origin": [-0.5, 29, -3],
							"size": [1, 1, 1],
							"uv": {
								"north": {"uv": [5, 15], "uv_size": [1, 1]},
								"east": {"uv": [5, 15], "uv_size": [1, 1]},
								"south": {"uv": [5, 15], "uv_size": [1, 1]},
								"west": {"uv": [6, 15], "uv_size": [-1, 1]},
								"up": {"uv": [6, 16], "uv_size": [-1, -1]},
								"down": {"uv": [6, 16], "uv_size": [-1, -1]}
							}
						},
						{
							"origin": [-0.5, 29, -5],
							"size": [1, 1, 1],
							"uv": {
								"north": {"uv": [7, 15], "uv_size": [1, 1]},
								"east": {"uv": [7, 15], "uv_size": [1, 1]},
								"south": {"uv": [7, 15], "uv_size": [1, 1]},
								"west": {"uv": [8, 15], "uv_size": [-1, 1]},
								"up": {"uv": [8, 16], "uv_size": [-1, -1]},
								"down": {"uv": [8, 16], "uv_size": [-1, -1]}
							}
						},
						{
							"origin": [-0.5, 29, -9],
							"size": [1, 1, 1],
							"uv": {
								"north": {"uv": [11, 15], "uv_size": [1, 1]},
								"east": {"uv": [11, 15], "uv_size": [1, 1]},
								"south": {"uv": [11, 15], "uv_size": [1, 1]},
								"west": {"uv": [12, 15], "uv_size": [-1, 1]},
								"up": {"uv": [12, 16], "uv_size": [-1, -1]},
								"down": {"uv": [12, 16], "uv_size": [-1, -1]}
							}
						},
						{
							"origin": [-0.5, 28, -4],
							"size": [1, 1, 1],
							"uv": {
								"north": {"uv": [6, 16], "uv_size": [1, 1]},
								"east": {"uv": [6, 16], "uv_size": [1, 1]},
								"south": {"uv": [6, 16], "uv_size": [1, 1]},
								"west": {"uv": [7, 16], "uv_size": [-1, 1]},
								"up": {"uv": [7, 17], "uv_size": [-1, -1]},
								"down": {"uv": [7, 17], "uv_size": [-1, -1]}
							}
						},
						{
							"origin": [-0.5, 28, -6],
							"size": [1, 1, 1],
							"uv": {
								"north": {"uv": [8, 16], "uv_size": [1, 1]},
								"east": {"uv": [8, 16], "uv_size": [1, 1]},
								"south": {"uv": [8, 16], "uv_size": [1, 1]},
								"west": {"uv": [9, 16], "uv_size": [-1, 1]},
								"up": {"uv": [9, 17], "uv_size": [-1, -1]},
								"down": {"uv": [9, 17], "uv_size": [-1, -1]}
							}
						},
						{
							"origin": [-0.5, 28, -7],
							"size": [1, 1, 1],
							"uv": {
								"north": {"uv": [9, 16], "uv_size": [1, 1]},
								"east": {"uv": [9, 16], "uv_size": [1, 1]},
								"south": {"uv": [9, 16], "uv_size": [1, 1]},
								"west": {"uv": [10, 16], "uv_size": [-1, 1]},
								"up": {"uv": [10, 17], "uv_size": [-1, -1]},
								"down": {"uv": [10, 17], "uv_size": [-1, -1]}
							}
						},
						{
							"origin": [-0.5, 28, -8],
							"size": [1, 1, 1],
							"uv": {
								"north": {"uv": [10, 16], "uv_size": [1, 1]},
								"east": {"uv": [10, 16], "uv_size": [1, 1]},
								"south": {"uv": [10, 16], "uv_size": [1, 1]},
								"west": {"uv": [11, 16], "uv_size": [-1, 1]},
								"up": {"uv": [11, 17], "uv_size": [-1, -1]},
								"down": {"uv": [11, 17], "uv_size": [-1, -1]}
							}
						},
						{
							"origin": [-0.5, 27, -3],
							"size": [1, 1, 1],
							"uv": {
								"north": {"uv": [5, 17], "uv_size": [1, 1]},
								"east": {"uv": [5, 17], "uv_size": [1, 1]},
								"south": {"uv": [5, 17], "uv_size": [1, 1]},
								"west": {"uv": [6, 17], "uv_size": [-1, 1]},
								"up": {"uv": [6, 18], "uv_size": [-1, -1]},
								"down": {"uv": [6, 18], "uv_size": [-1, -1]}
							}
						},
						{
							"origin": [-0.5, 27, -5],
							"size": [1, 1, 1],
							"uv": {
								"north": {"uv": [7, 17], "uv_size": [1, 1]},
								"east": {"uv": [7, 17], "uv_size": [1, 1]},
								"south": {"uv": [7, 17], "uv_size": [1, 1]},
								"west": {"uv": [8, 17], "uv_size": [-1, 1]},
								"up": {"uv": [8, 18], "uv_size": [-1, -1]},
								"down": {"uv": [8, 18], "uv_size": [-1, -1]}
							}
						},
						{
							"origin": [-0.5, 27, -9],
							"size": [1, 1, 1],
							"uv": {
								"north": {"uv": [11, 17], "uv_size": [1, 1]},
								"east": {"uv": [11, 17], "uv_size": [1, 1]},
								"south": {"uv": [11, 17], "uv_size": [1, 1]},
								"west": {"uv": [12, 17], "uv_size": [-1, 1]},
								"up": {"uv": [12, 18], "uv_size": [-1, -1]},
								"down": {"uv": [12, 18], "uv_size": [-1, -1]}
							}
						},
						{
							"origin": [-0.5, 26, -2],
							"size": [1, 1, 1],
							"uv": {
								"north": {"uv": [4, 18], "uv_size": [1, 1]},
								"east": {"uv": [4, 18], "uv_size": [1, 1]},
								"south": {"uv": [4, 18], "uv_size": [1, 1]},
								"west": {"uv": [5, 18], "uv_size": [-1, 1]},
								"up": {"uv": [5, 19], "uv_size": [-1, -1]},
								"down": {"uv": [5, 19], "uv_size": [-1, -1]}
							}
						},
						{
							"origin": [-0.5, 26, -4],
							"size": [1, 1, 1],
							"uv": {
								"north": {"uv": [6, 18], "uv_size": [1, 1]},
								"east": {"uv": [6, 18], "uv_size": [1, 1]},
								"south": {"uv": [6, 18], "uv_size": [1, 1]},
								"west": {"uv": [7, 18], "uv_size": [-1, 1]},
								"up": {"uv": [7, 19], "uv_size": [-1, -1]},
								"down": {"uv": [7, 19], "uv_size": [-1, -1]}
							}
						},
						{
							"origin": [-0.5, 26, -6],
							"size": [1, 1, 1],
							"uv": {
								"north": {"uv": [8, 18], "uv_size": [1, 1]},
								"east": {"uv": [8, 18], "uv_size": [1, 1]},
								"south": {"uv": [8, 18], "uv_size": [1, 1]},
								"west": {"uv": [9, 18], "uv_size": [-1, 1]},
								"up": {"uv": [9, 19], "uv_size": [-1, -1]},
								"down": {"uv": [9, 19], "uv_size": [-1, -1]}
							}
						},
						{
							"origin": [-0.5, 26, -7],
							"size": [1, 1, 1],
							"uv": {
								"north": {"uv": [9, 18], "uv_size": [1, 1]},
								"east": {"uv": [9, 18], "uv_size": [1, 1]},
								"south": {"uv": [9, 18], "uv_size": [1, 1]},
								"west": {"uv": [10, 18], "uv_size": [-1, 1]},
								"up": {"uv": [10, 19], "uv_size": [-1, -1]},
								"down": {"uv": [10, 19], "uv_size": [-1, -1]}
							}
						},
						{
							"origin": [-0.5, 26, -8],
							"size": [1, 1, 1],
							"uv": {
								"north": {"uv": [10, 18], "uv_size": [1, 1]},
								"east": {"uv": [10, 18], "uv_size": [1, 1]},
								"south": {"uv": [10, 18], "uv_size": [1, 1]},
								"west": {"uv": [11, 18], "uv_size": [-1, 1]},
								"up": {"uv": [11, 19], "uv_size": [-1, -1]},
								"down": {"uv": [11, 19], "uv_size": [-1, -1]}
							}
						},
						{
							"origin": [-0.5, 26, -10],
							"size": [1, 1, 1],
							"uv": {
								"north": {"uv": [12, 18], "uv_size": [1, 1]},
								"east": {"uv": [12, 18], "uv_size": [1, 1]},
								"south": {"uv": [12, 18], "uv_size": [1, 1]},
								"west": {"uv": [13, 18], "uv_size": [-1, 1]},
								"up": {"uv": [13, 19], "uv_size": [-1, -1]},
								"down": {"uv": [13, 19], "uv_size": [-1, -1]}
							}
						},
						{
							"origin": [-0.5, 25, -1],
							"size": [1, 1, 1],
							"uv": {
								"north": {"uv": [3, 19], "uv_size": [1, 1]},
								"east": {"uv": [3, 19], "uv_size": [1, 1]},
								"south": {"uv": [3, 19], "uv_size": [1, 1]},
								"west": {"uv": [4, 19], "uv_size": [-1, 1]},
								"up": {"uv": [4, 20], "uv_size": [-1, -1]},
								"down": {"uv": [4, 20], "uv_size": [-1, -1]}
							}
						},
						{
							"origin": [-0.5, 25, -3],
							"size": [1, 1, 1],
							"uv": {
								"north": {"uv": [5, 19], "uv_size": [1, 1]},
								"east": {"uv": [5, 19], "uv_size": [1, 1]},
								"south": {"uv": [5, 19], "uv_size": [1, 1]},
								"west": {"uv": [6, 19], "uv_size": [-1, 1]},
								"up": {"uv": [6, 20], "uv_size": [-1, -1]},
								"down": {"uv": [6, 20], "uv_size": [-1, -1]}
							}
						},
						{
							"origin": [-0.5, 25, -8],
							"size": [1, 1, 1],
							"uv": {
								"north": {"uv": [10, 19], "uv_size": [1, 1]},
								"east": {"uv": [10, 19], "uv_size": [1, 1]},
								"south": {"uv": [10, 19], "uv_size": [1, 1]},
								"west": {"uv": [11, 19], "uv_size": [-1, 1]},
								"up": {"uv": [11, 20], "uv_size": [-1, -1]},
								"down": {"uv": [11, 20], "uv_size": [-1, -1]}
							}
						},
						{
							"origin": [-0.5, 25, -9],
							"size": [1, 1, 1],
							"uv": {
								"north": {"uv": [11, 19], "uv_size": [1, 1]},
								"east": {"uv": [11, 19], "uv_size": [1, 1]},
								"south": {"uv": [11, 19], "uv_size": [1, 1]},
								"west": {"uv": [12, 19], "uv_size": [-1, 1]},
								"up": {"uv": [12, 20], "uv_size": [-1, -1]},
								"down": {"uv": [12, 20], "uv_size": [-1, -1]}
							}
						},
						{
							"origin": [-0.5, 25, -11],
							"size": [1, 1, 1],
							"uv": {
								"north": {"uv": [13, 19], "uv_size": [1, 1]},
								"east": {"uv": [13, 19], "uv_size": [1, 1]},
								"south": {"uv": [13, 19], "uv_size": [1, 1]},
								"west": {"uv": [14, 19], "uv_size": [-1, 1]},
								"up": {"uv": [14, 20], "uv_size": [-1, -1]},
								"down": {"uv": [14, 20], "uv_size": [-1, -1]}
							}
						},
						{
							"origin": [-0.5, 24, 1],
							"size": [1, 1, 1],
							"uv": {
								"north": {"uv": [1, 20], "uv_size": [1, 1]},
								"east": {"uv": [1, 20], "uv_size": [1, 1]},
								"south": {"uv": [1, 20], "uv_size": [1, 1]},
								"west": {"uv": [2, 20], "uv_size": [-1, 1]},
								"up": {"uv": [2, 21], "uv_size": [-1, -1]},
								"down": {"uv": [2, 21], "uv_size": [-1, -1]}
							}
						},
						{
							"origin": [-0.5, 24, 0],
							"size": [1, 1, 1],
							"uv": {
								"north": {"uv": [2, 20], "uv_size": [1, 1]},
								"east": {"uv": [2, 20], "uv_size": [1, 1]},
								"south": {"uv": [2, 20], "uv_size": [1, 1]},
								"west": {"uv": [3, 20], "uv_size": [-1, 1]},
								"up": {"uv": [3, 21], "uv_size": [-1, -1]},
								"down": {"uv": [3, 21], "uv_size": [-1, -1]}
							}
						},
						{
							"origin": [-0.5, 24, -1],
							"size": [1, 1, 1],
							"uv": {
								"north": {"uv": [3, 20], "uv_size": [1, 1]},
								"east": {"uv": [3, 20], "uv_size": [1, 1]},
								"south": {"uv": [3, 20], "uv_size": [1, 1]},
								"west": {"uv": [4, 20], "uv_size": [-1, 1]},
								"up": {"uv": [4, 21], "uv_size": [-1, -1]},
								"down": {"uv": [4, 21], "uv_size": [-1, -1]}
							}
						},
						{
							"origin": [-0.5, 24, -2],
							"size": [1, 1, 1],
							"uv": {
								"north": {"uv": [4, 20], "uv_size": [1, 1]},
								"east": {"uv": [4, 20], "uv_size": [1, 1]},
								"south": {"uv": [4, 20], "uv_size": [1, 1]},
								"west": {"uv": [5, 20], "uv_size": [-1, 1]},
								"up": {"uv": [5, 21], "uv_size": [-1, -1]},
								"down": {"uv": [5, 21], "uv_size": [-1, -1]}
							}
						},
						{
							"origin": [-0.5, 24, -10],
							"size": [1, 1, 1],
							"uv": {
								"north": {"uv": [12, 20], "uv_size": [1, 1]},
								"east": {"uv": [12, 20], "uv_size": [1, 1]},
								"south": {"uv": [12, 20], "uv_size": [1, 1]},
								"west": {"uv": [13, 20], "uv_size": [-1, 1]},
								"up": {"uv": [13, 21], "uv_size": [-1, -1]},
								"down": {"uv": [13, 21], "uv_size": [-1, -1]}
							}
						},
						{
							"origin": [-0.5, 24, -12],
							"size": [1, 1, 1],
							"uv": {
								"north": {"uv": [14, 20], "uv_size": [1, 1]},
								"east": {"uv": [14, 20], "uv_size": [1, 1]},
								"south": {"uv": [14, 20], "uv_size": [1, 1]},
								"west": {"uv": [15, 20], "uv_size": [-1, 1]},
								"up": {"uv": [15, 21], "uv_size": [-1, -1]},
								"down": {"uv": [15, 21], "uv_size": [-1, -1]}
							}
						},
						{
							"origin": [-0.5, 23, 1],
							"size": [1, 1, 1],
							"uv": {
								"north": {"uv": [1, 21], "uv_size": [1, 1]},
								"east": {"uv": [1, 21], "uv_size": [1, 1]},
								"south": {"uv": [1, 21], "uv_size": [1, 1]},
								"west": {"uv": [2, 21], "uv_size": [-1, 1]},
								"up": {"uv": [2, 22], "uv_size": [-1, -1]},
								"down": {"uv": [2, 22], "uv_size": [-1, -1]}
							}
						},
						{
							"origin": [-0.5, 23, -1],
							"size": [1, 1, 1],
							"uv": {
								"north": {"uv": [3, 21], "uv_size": [1, 1]},
								"east": {"uv": [3, 21], "uv_size": [1, 1]},
								"south": {"uv": [3, 21], "uv_size": [1, 1]},
								"west": {"uv": [4, 21], "uv_size": [-1, 1]},
								"up": {"uv": [4, 22], "uv_size": [-1, -1]},
								"down": {"uv": [4, 22], "uv_size": [-1, -1]}
							}
						},
						{
							"origin": [-0.5, 23, -11],
							"size": [1, 1, 1],
							"uv": {
								"north": {"uv": [13, 21], "uv_size": [1, 1]},
								"east": {"uv": [13, 21], "uv_size": [1, 1]},
								"south": {"uv": [13, 21], "uv_size": [1, 1]},
								"west": {"uv": [14, 21], "uv_size": [-1, 1]},
								"up": {"uv": [14, 22], "uv_size": [-1, -1]},
								"down": {"uv": [14, 22], "uv_size": [-1, -1]}
							}
						},
						{
							"origin": [-0.5, 23, -12],
							"size": [1, 1, 1],
							"uv": {
								"north": {"uv": [14, 21], "uv_size": [1, 1]},
								"east": {"uv": [14, 21], "uv_size": [1, 1]},
								"south": {"uv": [14, 21], "uv_size": [1, 1]},
								"west": {"uv": [15, 21], "uv_size": [-1, 1]},
								"up": {"uv": [15, 22], "uv_size": [-1, -1]},
								"down": {"uv": [15, 22], "uv_size": [-1, -1]}
							}
						},
						{
							"origin": [-0.5, 22, 1],
							"size": [1, 1, 1],
							"uv": {
								"north": {"uv": [1, 22], "uv_size": [1, 1]},
								"east": {"uv": [1, 22], "uv_size": [1, 1]},
								"south": {"uv": [1, 22], "uv_size": [1, 1]},
								"west": {"uv": [2, 22], "uv_size": [-1, 1]},
								"up": {"uv": [2, 23], "uv_size": [-1, -1]},
								"down": {"uv": [2, 23], "uv_size": [-1, -1]}
							}
						},
						{
							"origin": [-0.5, 22, 0],
							"size": [1, 1, 1],
							"uv": {
								"north": {"uv": [2, 22], "uv_size": [1, 1]},
								"east": {"uv": [2, 22], "uv_size": [1, 1]},
								"south": {"uv": [2, 22], "uv_size": [1, 1]},
								"west": {"uv": [3, 22], "uv_size": [-1, 1]},
								"up": {"uv": [3, 23], "uv_size": [-1, -1]},
								"down": {"uv": [3, 23], "uv_size": [-1, -1]}
							}
						},
						{
							"origin": [-0.5, 22, -1],
							"size": [1, 1, 1],
							"uv": {
								"north": {"uv": [3, 22], "uv_size": [1, 1]},
								"east": {"uv": [3, 22], "uv_size": [1, 1]},
								"south": {"uv": [3, 22], "uv_size": [1, 1]},
								"west": {"uv": [4, 22], "uv_size": [-1, 1]},
								"up": {"uv": [4, 23], "uv_size": [-1, -1]},
								"down": {"uv": [4, 23], "uv_size": [-1, -1]}
							}
						},
						{
							"origin": [-0.75, 23, 0],
							"size": [1.5, 1, 1],
							"uv": {
								"north": {"uv": [2, 21], "uv_size": [1, 1]},
								"east": {"uv": [2, 21], "uv_size": [1, 1]},
								"south": {"uv": [2, 21], "uv_size": [1, 1]},
								"west": {"uv": [3, 21], "uv_size": [-1, 1]},
								"up": {"uv": [3, 22], "uv_size": [-1, -1]},
								"down": {"uv": [3, 22], "uv_size": [-1, -1]}
							}
						},
						{
							"origin": [-0.75, 24, -11],
							"size": [1.5, 1, 1],
							"uv": {
								"north": {"uv": [13, 20], "uv_size": [1, 1]},
								"east": {"uv": [13, 20], "uv_size": [1, 1]},
								"south": {"uv": [13, 20], "uv_size": [1, 1]},
								"west": {"uv": [14, 20], "uv_size": [-1, 1]},
								"up": {"uv": [14, 21], "uv_size": [-1, -1]},
								"down": {"uv": [14, 21], "uv_size": [-1, -1]}
							}
						},
						{
							"origin": [-0.75, 25, -10],
							"size": [1.5, 1, 1],
							"uv": {
								"north": {"uv": [12, 19], "uv_size": [1, 1]},
								"east": {"uv": [12, 19], "uv_size": [1, 1]},
								"south": {"uv": [12, 19], "uv_size": [1, 1]},
								"west": {"uv": [13, 19], "uv_size": [-1, 1]},
								"up": {"uv": [13, 20], "uv_size": [-1, -1]},
								"down": {"uv": [13, 20], "uv_size": [-1, -1]}
							}
						},
						{
							"origin": [-0.75, 25, -2],
							"size": [1.5, 1, 1],
							"uv": {
								"north": {"uv": [4, 19], "uv_size": [1, 1]},
								"east": {"uv": [4, 19], "uv_size": [1, 1]},
								"south": {"uv": [4, 19], "uv_size": [1, 1]},
								"west": {"uv": [5, 19], "uv_size": [-1, 1]},
								"up": {"uv": [5, 20], "uv_size": [-1, -1]},
								"down": {"uv": [5, 20], "uv_size": [-1, -1]}
							}
						},
						{
							"origin": [-0.75, 26, -9],
							"size": [1.5, 1, 1],
							"uv": {
								"north": {"uv": [11, 18], "uv_size": [1, 1]},
								"east": {"uv": [11, 18], "uv_size": [1, 1]},
								"south": {"uv": [11, 18], "uv_size": [1, 1]},
								"west": {"uv": [12, 18], "uv_size": [-1, 1]},
								"up": {"uv": [12, 19], "uv_size": [-1, -1]},
								"down": {"uv": [12, 19], "uv_size": [-1, -1]}
							}
						},
						{
							"origin": [-0.75, 26, -3],
							"size": [1.5, 1, 1],
							"uv": {
								"north": {"uv": [5, 18], "uv_size": [1, 1]},
								"east": {"uv": [5, 18], "uv_size": [1, 1]},
								"south": {"uv": [5, 18], "uv_size": [1, 1]},
								"west": {"uv": [6, 18], "uv_size": [-1, 1]},
								"up": {"uv": [6, 19], "uv_size": [-1, -1]},
								"down": {"uv": [6, 19], "uv_size": [-1, -1]}
							}
						},
						{
							"origin": [-0.75, 27, -8],
							"size": [1.5, 1, 1],
							"uv": {
								"north": {"uv": [10, 17], "uv_size": [1, 1]},
								"east": {"uv": [10, 17], "uv_size": [1, 1]},
								"south": {"uv": [10, 17], "uv_size": [1, 1]},
								"west": {"uv": [11, 17], "uv_size": [-1, 1]},
								"up": {"uv": [11, 18], "uv_size": [-1, -1]},
								"down": {"uv": [11, 18], "uv_size": [-1, -1]}
							}
						},
						{
							"origin": [-0.75, 27, -7],
							"size": [1.5, 1, 1],
							"uv": {
								"north": {"uv": [9, 17], "uv_size": [1, 1]},
								"east": {"uv": [9, 17], "uv_size": [1, 1]},
								"south": {"uv": [9, 17], "uv_size": [1, 1]},
								"west": {"uv": [10, 17], "uv_size": [-1, 1]},
								"up": {"uv": [10, 18], "uv_size": [-1, -1]},
								"down": {"uv": [10, 18], "uv_size": [-1, -1]}
							}
						},
						{
							"origin": [-0.75, 27, -4],
							"size": [1.5, 1, 1],
							"uv": {
								"north": {"uv": [6, 17], "uv_size": [1, 1]},
								"east": {"uv": [6, 17], "uv_size": [1, 1]},
								"south": {"uv": [6, 17], "uv_size": [1, 1]},
								"west": {"uv": [7, 17], "uv_size": [-1, 1]},
								"up": {"uv": [7, 18], "uv_size": [-1, -1]},
								"down": {"uv": [7, 18], "uv_size": [-1, -1]}
							}
						},
						{
							"origin": [-0.75, 29, -8],
							"size": [1.5, 1, 1],
							"uv": {
								"north": {"uv": [10, 15], "uv_size": [1, 1]},
								"east": {"uv": [10, 15], "uv_size": [1, 1]},
								"south": {"uv": [10, 15], "uv_size": [1, 1]},
								"west": {"uv": [11, 15], "uv_size": [-1, 1]},
								"up": {"uv": [11, 16], "uv_size": [-1, -1]},
								"down": {"uv": [11, 16], "uv_size": [-1, -1]}
							}
						},
						{
							"origin": [-0.75, 30, -9],
							"size": [1.5, 1, 1],
							"uv": {
								"north": {"uv": [11, 14], "uv_size": [1, 1]},
								"east": {"uv": [11, 14], "uv_size": [1, 1]},
								"south": {"uv": [11, 14], "uv_size": [1, 1]},
								"west": {"uv": [12, 14], "uv_size": [-1, 1]},
								"up": {"uv": [12, 15], "uv_size": [-1, -1]},
								"down": {"uv": [12, 15], "uv_size": [-1, -1]}
							}
						},
						{
							"origin": [-0.75, 30, -4],
							"size": [1.5, 1, 1],
							"uv": {
								"north": {"uv": [6, 14], "uv_size": [1, 1]},
								"east": {"uv": [6, 14], "uv_size": [1, 1]},
								"south": {"uv": [6, 14], "uv_size": [1, 1]},
								"west": {"uv": [7, 14], "uv_size": [-1, 1]},
								"up": {"uv": [7, 15], "uv_size": [-1, -1]},
								"down": {"uv": [7, 15], "uv_size": [-1, -1]}
							}
						},
						{
							"origin": [-0.75, 31, -10],
							"size": [1.5, 1, 1],
							"uv": {
								"north": {"uv": [12, 13], "uv_size": [1, 1]},
								"east": {"uv": [12, 13], "uv_size": [1, 1]},
								"south": {"uv": [12, 13], "uv_size": [1, 1]},
								"west": {"uv": [13, 13], "uv_size": [-1, 1]},
								"up": {"uv": [13, 14], "uv_size": [-1, -1]},
								"down": {"uv": [13, 14], "uv_size": [-1, -1]}
							}
						},
						{
							"origin": [-0.75, 31, -6],
							"size": [1.5, 1, 1],
							"uv": {
								"north": {"uv": [8, 13], "uv_size": [1, 1]},
								"east": {"uv": [8, 13], "uv_size": [1, 1]},
								"south": {"uv": [8, 13], "uv_size": [1, 1]},
								"west": {"uv": [9, 13], "uv_size": [-1, 1]},
								"up": {"uv": [9, 14], "uv_size": [-1, -1]},
								"down": {"uv": [9, 14], "uv_size": [-1, -1]}
							}
						},
						{
							"origin": [-0.75, 31, -4],
							"size": [1.5, 1, 1],
							"uv": {
								"north": {"uv": [6, 13], "uv_size": [1, 1]},
								"east": {"uv": [6, 13], "uv_size": [1, 1]},
								"south": {"uv": [6, 13], "uv_size": [1, 1]},
								"west": {"uv": [7, 13], "uv_size": [-1, 1]},
								"up": {"uv": [7, 14], "uv_size": [-1, -1]},
								"down": {"uv": [7, 14], "uv_size": [-1, -1]}
							}
						},
						{
							"origin": [-0.75, 32, -11],
							"size": [1.5, 1, 1],
							"uv": {
								"north": {"uv": [13, 12], "uv_size": [1, 1]},
								"east": {"uv": [13, 12], "uv_size": [1, 1]},
								"south": {"uv": [13, 12], "uv_size": [1, 1]},
								"west": {"uv": [14, 12], "uv_size": [-1, 1]},
								"up": {"uv": [14, 13], "uv_size": [-1, -1]},
								"down": {"uv": [14, 13], "uv_size": [-1, -1]}
							}
						},
						{
							"origin": [-0.75, 32, -7],
							"size": [1.5, 1, 1],
							"uv": {
								"north": {"uv": [9, 12], "uv_size": [1, 1]},
								"east": {"uv": [9, 12], "uv_size": [1, 1]},
								"south": {"uv": [9, 12], "uv_size": [1, 1]},
								"west": {"uv": [10, 12], "uv_size": [-1, 1]},
								"up": {"uv": [10, 13], "uv_size": [-1, -1]},
								"down": {"uv": [10, 13], "uv_size": [-1, -1]}
							}
						},
						{
							"origin": [-0.75, 32, -3],
							"size": [1.5, 1, 1],
							"uv": {
								"north": {"uv": [5, 12], "uv_size": [1, 1]},
								"east": {"uv": [5, 12], "uv_size": [1, 1]},
								"south": {"uv": [5, 12], "uv_size": [1, 1]},
								"west": {"uv": [6, 12], "uv_size": [-1, 1]},
								"up": {"uv": [6, 13], "uv_size": [-1, -1]},
								"down": {"uv": [6, 13], "uv_size": [-1, -1]}
							}
						},
						{
							"origin": [-0.75, 33, -8],
							"size": [1.5, 1, 1],
							"uv": {
								"north": {"uv": [10, 11], "uv_size": [1, 1]},
								"east": {"uv": [10, 11], "uv_size": [1, 1]},
								"south": {"uv": [10, 11], "uv_size": [1, 1]},
								"west": {"uv": [11, 11], "uv_size": [-1, 1]},
								"up": {"uv": [11, 12], "uv_size": [-1, -1]},
								"down": {"uv": [11, 12], "uv_size": [-1, -1]}
							}
						},
						{
							"origin": [-0.75, 33, -2],
							"size": [1.5, 1, 1],
							"uv": {
								"north": {"uv": [4, 11], "uv_size": [1, 1]},
								"east": {"uv": [4, 11], "uv_size": [1, 1]},
								"south": {"uv": [4, 11], "uv_size": [1, 1]},
								"west": {"uv": [5, 11], "uv_size": [-1, 1]},
								"up": {"uv": [5, 12], "uv_size": [-1, -1]},
								"down": {"uv": [5, 12], "uv_size": [-1, -1]}
							}
						},
						{
							"origin": [-0.75, 34, -14],
							"size": [1.5, 1, 1],
							"uv": {
								"north": {"uv": [16, 10], "uv_size": [1, 1]},
								"east": {"uv": [16, 10], "uv_size": [1, 1]},
								"south": {"uv": [16, 10], "uv_size": [1, 1]},
								"west": {"uv": [17, 10], "uv_size": [-1, 1]},
								"up": {"uv": [17, 11], "uv_size": [-1, -1]},
								"down": {"uv": [17, 11], "uv_size": [-1, -1]}
							}
						},
						{
							"origin": [-0.75, 34, -9],
							"size": [1.5, 1, 1],
							"uv": {
								"north": {"uv": [11, 10], "uv_size": [1, 1]},
								"east": {"uv": [11, 10], "uv_size": [1, 1]},
								"south": {"uv": [11, 10], "uv_size": [1, 1]},
								"west": {"uv": [12, 10], "uv_size": [-1, 1]},
								"up": {"uv": [12, 11], "uv_size": [-1, -1]},
								"down": {"uv": [12, 11], "uv_size": [-1, -1]}
							}
						},
						{
							"origin": [-0.75, 34, -1],
							"size": [1.5, 1, 1],
							"uv": {
								"north": {"uv": [3, 10], "uv_size": [1, 1]},
								"east": {"uv": [3, 10], "uv_size": [1, 1]},
								"south": {"uv": [3, 10], "uv_size": [1, 1]},
								"west": {"uv": [4, 10], "uv_size": [-1, 1]},
								"up": {"uv": [4, 11], "uv_size": [-1, -1]},
								"down": {"uv": [4, 11], "uv_size": [-1, -1]}
							}
						},
						{
							"origin": [-0.75, 35, -14],
							"size": [1.5, 1, 1],
							"uv": {
								"north": {"uv": [16, 9], "uv_size": [1, 1]},
								"east": {"uv": [16, 9], "uv_size": [1, 1]},
								"south": {"uv": [16, 9], "uv_size": [1, 1]},
								"west": {"uv": [17, 9], "uv_size": [-1, 1]},
								"up": {"uv": [17, 10], "uv_size": [-1, -1]},
								"down": {"uv": [17, 10], "uv_size": [-1, -1]}
							}
						},
						{
							"origin": [-0.75, 37, -12],
							"size": [1.5, 1, 1],
							"uv": {
								"north": {"uv": [14, 7], "uv_size": [1, 1]},
								"east": {"uv": [14, 7], "uv_size": [1, 1]},
								"south": {"uv": [14, 7], "uv_size": [1, 1]},
								"west": {"uv": [15, 7], "uv_size": [-1, 1]},
								"up": {"uv": [15, 8], "uv_size": [-1, -1]},
								"down": {"uv": [15, 8], "uv_size": [-1, -1]}
							}
						},
						{
							"origin": [-0.75, 37, -11],
							"size": [1.5, 1, 1],
							"uv": {
								"north": {"uv": [13, 7], "uv_size": [1, 1]},
								"east": {"uv": [13, 7], "uv_size": [1, 1]},
								"south": {"uv": [13, 7], "uv_size": [1, 1]},
								"west": {"uv": [14, 7], "uv_size": [-1, 1]},
								"up": {"uv": [14, 8], "uv_size": [-1, -1]},
								"down": {"uv": [14, 8], "uv_size": [-1, -1]}
							}
						},
						{
							"origin": [-0.75, 38, -17],
							"size": [1.5, 1, 1],
							"uv": {
								"north": {"uv": [19, 6], "uv_size": [1, 1]},
								"east": {"uv": [19, 6], "uv_size": [1, 1]},
								"south": {"uv": [19, 6], "uv_size": [1, 1]},
								"west": {"uv": [20, 6], "uv_size": [-1, 1]},
								"up": {"uv": [20, 7], "uv_size": [-1, -1]},
								"down": {"uv": [20, 7], "uv_size": [-1, -1]}
							}
						},
						{
							"origin": [-0.75, 39, -18],
							"size": [1.5, 1, 1],
							"uv": {
								"north": {"uv": [20, 5], "uv_size": [1, 1]},
								"east": {"uv": [20, 5], "uv_size": [1, 1]},
								"south": {"uv": [20, 5], "uv_size": [1, 1]},
								"west": {"uv": [21, 5], "uv_size": [-1, 1]},
								"up": {"uv": [21, 6], "uv_size": [-1, -1]},
								"down": {"uv": [21, 6], "uv_size": [-1, -1]}
							}
						},
						{
							"origin": [-0.75, 40, -19],
							"size": [1.5, 1, 1],
							"uv": {
								"north": {"uv": [21, 4], "uv_size": [1, 1]},
								"east": {"uv": [21, 4], "uv_size": [1, 1]},
								"south": {"uv": [21, 4], "uv_size": [1, 1]},
								"west": {"uv": [22, 4], "uv_size": [-1, 1]},
								"up": {"uv": [22, 5], "uv_size": [-1, -1]},
								"down": {"uv": [22, 5], "uv_size": [-1, -1]}
							}
						},
						{
							"origin": [-0.75, 40, -15],
							"size": [1.5, 1, 1],
							"uv": {
								"north": {"uv": [17, 4], "uv_size": [1, 1]},
								"east": {"uv": [17, 4], "uv_size": [1, 1]},
								"south": {"uv": [17, 4], "uv_size": [1, 1]},
								"west": {"uv": [18, 4], "uv_size": [-1, 1]},
								"up": {"uv": [18, 5], "uv_size": [-1, -1]},
								"down": {"uv": [18, 5], "uv_size": [-1, -1]}
							}
						},
						{
							"origin": [-0.75, 41, -19],
							"size": [1.5, 1, 1],
							"uv": {
								"north": {"uv": [21, 3], "uv_size": [1, 1]},
								"east": {"uv": [21, 3], "uv_size": [1, 1]},
								"south": {"uv": [21, 3], "uv_size": [1, 1]},
								"west": {"uv": [22, 3], "uv_size": [-1, 1]},
								"up": {"uv": [22, 4], "uv_size": [-1, -1]},
								"down": {"uv": [22, 4], "uv_size": [-1, -1]}
							}
						},
						{
							"origin": [-0.75, 41, -16],
							"size": [1.5, 1, 1],
							"uv": {
								"north": {"uv": [18, 3], "uv_size": [1, 1]},
								"east": {"uv": [18, 3], "uv_size": [1, 1]},
								"south": {"uv": [18, 3], "uv_size": [1, 1]},
								"west": {"uv": [19, 3], "uv_size": [-1, 1]},
								"up": {"uv": [19, 4], "uv_size": [-1, -1]},
								"down": {"uv": [19, 4], "uv_size": [-1, -1]}
							}
						},
						{
							"origin": [-0.75, 42, -19],
							"size": [1.5, 1, 1],
							"uv": {
								"north": {"uv": [21, 2], "uv_size": [1, 1]},
								"east": {"uv": [21, 2], "uv_size": [1, 1]},
								"south": {"uv": [21, 2], "uv_size": [1, 1]},
								"west": {"uv": [22, 2], "uv_size": [-1, 1]},
								"up": {"uv": [22, 3], "uv_size": [-1, -1]},
								"down": {"uv": [22, 3], "uv_size": [-1, -1]}
							}
						},
						{
							"origin": [-0.75, 42, -18],
							"size": [1.5, 1, 1],
							"uv": {
								"north": {"uv": [20, 2], "uv_size": [1, 1]},
								"east": {"uv": [20, 2], "uv_size": [1, 1]},
								"south": {"uv": [20, 2], "uv_size": [1, 1]},
								"west": {"uv": [21, 2], "uv_size": [-1, 1]},
								"up": {"uv": [21, 3], "uv_size": [-1, -1]},
								"down": {"uv": [21, 3], "uv_size": [-1, -1]}
							}
						},
						{
							"origin": [-0.75, 42, -17],
							"size": [1.5, 1, 1],
							"uv": {
								"north": {"uv": [19, 2], "uv_size": [1, 1]},
								"east": {"uv": [19, 2], "uv_size": [1, 1]},
								"south": {"uv": [19, 2], "uv_size": [1, 1]},
								"west": {"uv": [20, 2], "uv_size": [-1, 1]},
								"up": {"uv": [20, 3], "uv_size": [-1, -1]},
								"down": {"uv": [20, 3], "uv_size": [-1, -1]}
							}
						},
						{
							"origin": [-0.875, 27, -6],
							"size": [1.75, 1, 1],
							"uv": {
								"north": {"uv": [8, 17], "uv_size": [1, 1]},
								"east": {"uv": [8, 17], "uv_size": [1, 1]},
								"south": {"uv": [8, 17], "uv_size": [1, 1]},
								"west": {"uv": [9, 17], "uv_size": [-1, 1]},
								"up": {"uv": [9, 18], "uv_size": [-1, -1]},
								"down": {"uv": [9, 18], "uv_size": [-1, -1]}
							}
						},
						{
							"origin": [-0.875, 28, -5],
							"size": [1.75, 1, 1],
							"uv": {
								"north": {"uv": [7, 16], "uv_size": [1, 1]},
								"east": {"uv": [7, 16], "uv_size": [1, 1]},
								"south": {"uv": [7, 16], "uv_size": [1, 1]},
								"west": {"uv": [8, 16], "uv_size": [-1, 1]},
								"up": {"uv": [8, 17], "uv_size": [-1, -1]},
								"down": {"uv": [8, 17], "uv_size": [-1, -1]}
							}
						},
						{
							"origin": [-0.875, 29, -7],
							"size": [1.75, 1, 1],
							"uv": {
								"north": {"uv": [9, 15], "uv_size": [1, 1]},
								"east": {"uv": [9, 15], "uv_size": [1, 1]},
								"south": {"uv": [9, 15], "uv_size": [1, 1]},
								"west": {"uv": [10, 15], "uv_size": [-1, 1]},
								"up": {"uv": [10, 16], "uv_size": [-1, -1]},
								"down": {"uv": [10, 16], "uv_size": [-1, -1]}
							}
						},
						{
							"origin": [-0.875, 29, -6],
							"size": [1.75, 1, 1],
							"uv": {
								"north": {"uv": [8, 15], "uv_size": [1, 1]},
								"east": {"uv": [8, 15], "uv_size": [1, 1]},
								"south": {"uv": [8, 15], "uv_size": [1, 1]},
								"west": {"uv": [9, 15], "uv_size": [-1, 1]},
								"up": {"uv": [9, 16], "uv_size": [-1, -1]},
								"down": {"uv": [9, 16], "uv_size": [-1, -1]}
							}
						},
						{
							"origin": [-0.875, 29, -4],
							"size": [1.75, 1, 1],
							"uv": {
								"north": {"uv": [6, 15], "uv_size": [1, 1]},
								"east": {"uv": [6, 15], "uv_size": [1, 1]},
								"south": {"uv": [6, 15], "uv_size": [1, 1]},
								"west": {"uv": [7, 15], "uv_size": [-1, 1]},
								"up": {"uv": [7, 16], "uv_size": [-1, -1]},
								"down": {"uv": [7, 16], "uv_size": [-1, -1]}
							}
						},
						{
							"origin": [-0.875, 30, -8],
							"size": [1.75, 1, 1],
							"uv": {
								"north": {"uv": [10, 14], "uv_size": [1, 1]},
								"east": {"uv": [10, 14], "uv_size": [1, 1]},
								"south": {"uv": [10, 14], "uv_size": [1, 1]},
								"west": {"uv": [11, 14], "uv_size": [-1, 1]},
								"up": {"uv": [11, 15], "uv_size": [-1, -1]},
								"down": {"uv": [11, 15], "uv_size": [-1, -1]}
							}
						},
						{
							"origin": [-0.875, 30, -7],
							"size": [1.75, 1, 1],
							"uv": {
								"north": {"uv": [9, 14], "uv_size": [1, 1]},
								"east": {"uv": [9, 14], "uv_size": [1, 1]},
								"south": {"uv": [9, 14], "uv_size": [1, 1]},
								"west": {"uv": [10, 14], "uv_size": [-1, 1]},
								"up": {"uv": [10, 15], "uv_size": [-1, -1]},
								"down": {"uv": [10, 15], "uv_size": [-1, -1]}
							}
						},
						{
							"origin": [-0.875, 30, -6],
							"size": [1.75, 1, 1],
							"uv": {
								"north": {"uv": [8, 14], "uv_size": [1, 1]},
								"east": {"uv": [8, 14], "uv_size": [1, 1]},
								"south": {"uv": [8, 14], "uv_size": [1, 1]},
								"west": {"uv": [9, 14], "uv_size": [-1, 1]},
								"up": {"uv": [9, 15], "uv_size": [-1, -1]},
								"down": {"uv": [9, 15], "uv_size": [-1, -1]}
							}
						},
						{
							"origin": [-0.875, 31, -9],
							"size": [1.75, 1, 1],
							"uv": {
								"north": {"uv": [11, 13], "uv_size": [1, 1]},
								"east": {"uv": [11, 13], "uv_size": [1, 1]},
								"south": {"uv": [11, 13], "uv_size": [1, 1]},
								"west": {"uv": [12, 13], "uv_size": [-1, 1]},
								"up": {"uv": [12, 14], "uv_size": [-1, -1]},
								"down": {"uv": [12, 14], "uv_size": [-1, -1]}
							}
						},
						{
							"origin": [-0.875, 31, -8],
							"size": [1.75, 1, 1],
							"uv": {
								"north": {"uv": [10, 13], "uv_size": [1, 1]},
								"east": {"uv": [10, 13], "uv_size": [1, 1]},
								"south": {"uv": [10, 13], "uv_size": [1, 1]},
								"west": {"uv": [11, 13], "uv_size": [-1, 1]},
								"up": {"uv": [11, 14], "uv_size": [-1, -1]},
								"down": {"uv": [11, 14], "uv_size": [-1, -1]}
							}
						},
						{
							"origin": [-0.875, 31, -7],
							"size": [1.75, 1, 1],
							"uv": {
								"north": {"uv": [9, 13], "uv_size": [1, 1]},
								"east": {"uv": [9, 13], "uv_size": [1, 1]},
								"south": {"uv": [9, 13], "uv_size": [1, 1]},
								"west": {"uv": [10, 13], "uv_size": [-1, 1]},
								"up": {"uv": [10, 14], "uv_size": [-1, -1]},
								"down": {"uv": [10, 14], "uv_size": [-1, -1]}
							}
						},
						{
							"origin": [-0.875, 32, -10],
							"size": [1.75, 1, 1],
							"uv": {
								"north": {"uv": [12, 12], "uv_size": [1, 1]},
								"east": {"uv": [12, 12], "uv_size": [1, 1]},
								"south": {"uv": [12, 12], "uv_size": [1, 1]},
								"west": {"uv": [13, 12], "uv_size": [-1, 1]},
								"up": {"uv": [13, 13], "uv_size": [-1, -1]},
								"down": {"uv": [13, 13], "uv_size": [-1, -1]}
							}
						},
						{
							"origin": [-0.875, 32, -9],
							"size": [1.75, 1, 1],
							"uv": {
								"north": {"uv": [11, 12], "uv_size": [1, 1]},
								"east": {"uv": [11, 12], "uv_size": [1, 1]},
								"south": {"uv": [11, 12], "uv_size": [1, 1]},
								"west": {"uv": [12, 12], "uv_size": [-1, 1]},
								"up": {"uv": [12, 13], "uv_size": [-1, -1]},
								"down": {"uv": [12, 13], "uv_size": [-1, -1]}
							}
						},
						{
							"origin": [-0.875, 32, -8],
							"size": [1.75, 1, 1],
							"uv": {
								"north": {"uv": [10, 12], "uv_size": [1, 1]},
								"east": {"uv": [10, 12], "uv_size": [1, 1]},
								"south": {"uv": [10, 12], "uv_size": [1, 1]},
								"west": {"uv": [11, 12], "uv_size": [-1, 1]},
								"up": {"uv": [11, 13], "uv_size": [-1, -1]},
								"down": {"uv": [11, 13], "uv_size": [-1, -1]}
							}
						},
						{
							"origin": [-0.875, 33, -11],
							"size": [1.75, 1, 1],
							"uv": {
								"north": {"uv": [13, 11], "uv_size": [1, 1]},
								"east": {"uv": [13, 11], "uv_size": [1, 1]},
								"south": {"uv": [13, 11], "uv_size": [1, 1]},
								"west": {"uv": [14, 11], "uv_size": [-1, 1]},
								"up": {"uv": [14, 12], "uv_size": [-1, -1]},
								"down": {"uv": [14, 12], "uv_size": [-1, -1]}
							}
						},
						{
							"origin": [-0.875, 33, -10],
							"size": [1.75, 1, 1],
							"uv": {
								"north": {"uv": [12, 11], "uv_size": [1, 1]},
								"east": {"uv": [12, 11], "uv_size": [1, 1]},
								"south": {"uv": [12, 11], "uv_size": [1, 1]},
								"west": {"uv": [13, 11], "uv_size": [-1, 1]},
								"up": {"uv": [13, 12], "uv_size": [-1, -1]},
								"down": {"uv": [13, 12], "uv_size": [-1, -1]}
							}
						},
						{
							"origin": [-0.875, 33, -9],
							"size": [1.75, 1, 1],
							"uv": {
								"north": {"uv": [11, 11], "uv_size": [1, 1]},
								"east": {"uv": [11, 11], "uv_size": [1, 1]},
								"south": {"uv": [11, 11], "uv_size": [1, 1]},
								"west": {"uv": [12, 11], "uv_size": [-1, 1]},
								"up": {"uv": [12, 12], "uv_size": [-1, -1]},
								"down": {"uv": [12, 12], "uv_size": [-1, -1]}
							}
						},
						{
							"origin": [-0.875, 34, -12],
							"size": [1.75, 1, 1],
							"uv": {
								"north": {"uv": [14, 10], "uv_size": [1, 1]},
								"east": {"uv": [14, 10], "uv_size": [1, 1]},
								"south": {"uv": [14, 10], "uv_size": [1, 1]},
								"west": {"uv": [15, 10], "uv_size": [-1, 1]},
								"up": {"uv": [15, 11], "uv_size": [-1, -1]},
								"down": {"uv": [15, 11], "uv_size": [-1, -1]}
							}
						},
						{
							"origin": [-0.875, 34, -11],
							"size": [1.75, 1, 1],
							"uv": {
								"north": {"uv": [13, 10], "uv_size": [1, 1]},
								"east": {"uv": [13, 10], "uv_size": [1, 1]},
								"south": {"uv": [13, 10], "uv_size": [1, 1]},
								"west": {"uv": [14, 10], "uv_size": [-1, 1]},
								"up": {"uv": [14, 11], "uv_size": [-1, -1]},
								"down": {"uv": [14, 11], "uv_size": [-1, -1]}
							}
						},
						{
							"origin": [-0.875, 34, -10],
							"size": [1.75, 1, 1],
							"uv": {
								"north": {"uv": [12, 10], "uv_size": [1, 1]},
								"east": {"uv": [12, 10], "uv_size": [1, 1]},
								"south": {"uv": [12, 10], "uv_size": [1, 1]},
								"west": {"uv": [13, 10], "uv_size": [-1, 1]},
								"up": {"uv": [13, 11], "uv_size": [-1, -1]},
								"down": {"uv": [13, 11], "uv_size": [-1, -1]}
							}
						},
						{
							"origin": [-0.875, 35, -13],
							"size": [1.75, 1, 1],
							"uv": {
								"north": {"uv": [15, 9], "uv_size": [1, 1]},
								"east": {"uv": [15, 9], "uv_size": [1, 1]},
								"south": {"uv": [15, 9], "uv_size": [1, 1]},
								"west": {"uv": [16, 9], "uv_size": [-1, 1]},
								"up": {"uv": [16, 10], "uv_size": [-1, -1]},
								"down": {"uv": [16, 10], "uv_size": [-1, -1]}
							}
						},
						{
							"origin": [-0.875, 35, -12],
							"size": [1.75, 1, 1],
							"uv": {
								"north": {"uv": [14, 9], "uv_size": [1, 1]},
								"east": {"uv": [14, 9], "uv_size": [1, 1]},
								"south": {"uv": [14, 9], "uv_size": [1, 1]},
								"west": {"uv": [15, 9], "uv_size": [-1, 1]},
								"up": {"uv": [15, 10], "uv_size": [-1, -1]},
								"down": {"uv": [15, 10], "uv_size": [-1, -1]}
							}
						},
						{
							"origin": [-0.875, 35, -11],
							"size": [1.75, 1, 1],
							"uv": {
								"north": {"uv": [13, 9], "uv_size": [1, 1]},
								"east": {"uv": [13, 9], "uv_size": [1, 1]},
								"south": {"uv": [13, 9], "uv_size": [1, 1]},
								"west": {"uv": [14, 9], "uv_size": [-1, 1]},
								"up": {"uv": [14, 10], "uv_size": [-1, -1]},
								"down": {"uv": [14, 10], "uv_size": [-1, -1]}
							}
						},
						{
							"origin": [-0.875, 36, -14],
							"size": [1.75, 1, 1],
							"uv": {
								"north": {"uv": [16, 8], "uv_size": [1, 1]},
								"east": {"uv": [16, 8], "uv_size": [1, 1]},
								"south": {"uv": [16, 8], "uv_size": [1, 1]},
								"west": {"uv": [17, 8], "uv_size": [-1, 1]},
								"up": {"uv": [17, 9], "uv_size": [-1, -1]},
								"down": {"uv": [17, 9], "uv_size": [-1, -1]}
							}
						},
						{
							"origin": [-0.875, 36, -13],
							"size": [1.75, 1, 1],
							"uv": {
								"north": {"uv": [15, 8], "uv_size": [1, 1]},
								"east": {"uv": [15, 8], "uv_size": [1, 1]},
								"south": {"uv": [15, 8], "uv_size": [1, 1]},
								"west": {"uv": [16, 8], "uv_size": [-1, 1]},
								"up": {"uv": [16, 9], "uv_size": [-1, -1]},
								"down": {"uv": [16, 9], "uv_size": [-1, -1]}
							}
						},
						{
							"origin": [-0.875, 36, -12],
							"size": [1.75, 1, 1],
							"uv": {
								"north": {"uv": [14, 8], "uv_size": [1, 1]},
								"east": {"uv": [14, 8], "uv_size": [1, 1]},
								"south": {"uv": [14, 8], "uv_size": [1, 1]},
								"west": {"uv": [15, 8], "uv_size": [-1, 1]},
								"up": {"uv": [15, 9], "uv_size": [-1, -1]},
								"down": {"uv": [15, 9], "uv_size": [-1, -1]}
							}
						},
						{
							"origin": [-0.875, 37, -15],
							"size": [1.75, 1, 1],
							"uv": {
								"north": {"uv": [17, 7], "uv_size": [1, 1]},
								"east": {"uv": [17, 7], "uv_size": [1, 1]},
								"south": {"uv": [17, 7], "uv_size": [1, 1]},
								"west": {"uv": [18, 7], "uv_size": [-1, 1]},
								"up": {"uv": [18, 8], "uv_size": [-1, -1]},
								"down": {"uv": [18, 8], "uv_size": [-1, -1]}
							}
						},
						{
							"origin": [-0.875, 37, -14],
							"size": [1.75, 1, 1],
							"uv": {
								"north": {"uv": [16, 7], "uv_size": [1, 1]},
								"east": {"uv": [16, 7], "uv_size": [1, 1]},
								"south": {"uv": [16, 7], "uv_size": [1, 1]},
								"west": {"uv": [17, 7], "uv_size": [-1, 1]},
								"up": {"uv": [17, 8], "uv_size": [-1, -1]},
								"down": {"uv": [17, 8], "uv_size": [-1, -1]}
							}
						},
						{
							"origin": [-0.875, 37, -13],
							"size": [1.75, 1, 1],
							"uv": {
								"north": {"uv": [15, 7], "uv_size": [1, 1]},
								"east": {"uv": [15, 7], "uv_size": [1, 1]},
								"south": {"uv": [15, 7], "uv_size": [1, 1]},
								"west": {"uv": [16, 7], "uv_size": [-1, 1]},
								"up": {"uv": [16, 8], "uv_size": [-1, -1]},
								"down": {"uv": [16, 8], "uv_size": [-1, -1]}
							}
						},
						{
							"origin": [-0.875, 38, -16],
							"size": [1.75, 1, 1],
							"uv": {
								"north": {"uv": [18, 6], "uv_size": [1, 1]},
								"east": {"uv": [18, 6], "uv_size": [1, 1]},
								"south": {"uv": [18, 6], "uv_size": [1, 1]},
								"west": {"uv": [19, 6], "uv_size": [-1, 1]},
								"up": {"uv": [19, 7], "uv_size": [-1, -1]},
								"down": {"uv": [19, 7], "uv_size": [-1, -1]}
							}
						},
						{
							"origin": [-0.875, 38, -15],
							"size": [1.75, 1, 1],
							"uv": {
								"north": {"uv": [17, 6], "uv_size": [1, 1]},
								"east": {"uv": [17, 6], "uv_size": [1, 1]},
								"south": {"uv": [17, 6], "uv_size": [1, 1]},
								"west": {"uv": [18, 6], "uv_size": [-1, 1]},
								"up": {"uv": [18, 7], "uv_size": [-1, -1]},
								"down": {"uv": [18, 7], "uv_size": [-1, -1]}
							}
						},
						{
							"origin": [-0.875, 38, -14],
							"size": [1.75, 1, 1],
							"uv": {
								"north": {"uv": [16, 6], "uv_size": [1, 1]},
								"east": {"uv": [16, 6], "uv_size": [1, 1]},
								"south": {"uv": [16, 6], "uv_size": [1, 1]},
								"west": {"uv": [17, 6], "uv_size": [-1, 1]},
								"up": {"uv": [17, 7], "uv_size": [-1, -1]},
								"down": {"uv": [17, 7], "uv_size": [-1, -1]}
							}
						},
						{
							"origin": [-0.875, 39, -17],
							"size": [1.75, 1, 1],
							"uv": {
								"north": {"uv": [19, 5], "uv_size": [1, 1]},
								"east": {"uv": [19, 5], "uv_size": [1, 1]},
								"south": {"uv": [19, 5], "uv_size": [1, 1]},
								"west": {"uv": [20, 5], "uv_size": [-1, 1]},
								"up": {"uv": [20, 6], "uv_size": [-1, -1]},
								"down": {"uv": [20, 6], "uv_size": [-1, -1]}
							}
						},
						{
							"origin": [-0.875, 39, -16],
							"size": [1.75, 1, 1],
							"uv": {
								"north": {"uv": [18, 5], "uv_size": [1, 1]},
								"east": {"uv": [18, 5], "uv_size": [1, 1]},
								"south": {"uv": [18, 5], "uv_size": [1, 1]},
								"west": {"uv": [19, 5], "uv_size": [-1, 1]},
								"up": {"uv": [19, 6], "uv_size": [-1, -1]},
								"down": {"uv": [19, 6], "uv_size": [-1, -1]}
							}
						},
						{
							"origin": [-0.875, 39, -15],
							"size": [1.75, 1, 1],
							"uv": {
								"north": {"uv": [17, 5], "uv_size": [1, 1]},
								"east": {"uv": [17, 5], "uv_size": [1, 1]},
								"south": {"uv": [17, 5], "uv_size": [1, 1]},
								"west": {"uv": [18, 5], "uv_size": [-1, 1]},
								"up": {"uv": [18, 6], "uv_size": [-1, -1]},
								"down": {"uv": [18, 6], "uv_size": [-1, -1]}
							}
						},
						{
							"origin": [-0.875, 40, -18],
							"size": [1.75, 1, 1],
							"uv": {
								"north": {"uv": [20, 4], "uv_size": [1, 1]},
								"east": {"uv": [20, 4], "uv_size": [1, 1]},
								"south": {"uv": [20, 4], "uv_size": [1, 1]},
								"west": {"uv": [21, 4], "uv_size": [-1, 1]},
								"up": {"uv": [21, 5], "uv_size": [-1, -1]},
								"down": {"uv": [21, 5], "uv_size": [-1, -1]}
							}
						},
						{
							"origin": [-0.875, 40, -17],
							"size": [1.75, 1, 1],
							"uv": {
								"north": {"uv": [19, 4], "uv_size": [1, 1]},
								"east": {"uv": [19, 4], "uv_size": [1, 1]},
								"south": {"uv": [19, 4], "uv_size": [1, 1]},
								"west": {"uv": [20, 4], "uv_size": [-1, 1]},
								"up": {"uv": [20, 5], "uv_size": [-1, -1]},
								"down": {"uv": [20, 5], "uv_size": [-1, -1]}
							}
						},
						{
							"origin": [-0.875, 40, -16],
							"size": [1.75, 1, 1],
							"uv": {
								"north": {"uv": [18, 4], "uv_size": [1, 1]},
								"east": {"uv": [18, 4], "uv_size": [1, 1]},
								"south": {"uv": [18, 4], "uv_size": [1, 1]},
								"west": {"uv": [19, 4], "uv_size": [-1, 1]},
								"up": {"uv": [19, 5], "uv_size": [-1, -1]},
								"down": {"uv": [19, 5], "uv_size": [-1, -1]}
							}
						},
						{
							"origin": [-0.875, 41, -18],
							"size": [1.75, 1, 1],
							"uv": {
								"north": {"uv": [20, 3], "uv_size": [1, 1]},
								"east": {"uv": [20, 3], "uv_size": [1, 1]},
								"south": {"uv": [20, 3], "uv_size": [1, 1]},
								"west": {"uv": [21, 3], "uv_size": [-1, 1]},
								"up": {"uv": [21, 4], "uv_size": [-1, -1]},
								"down": {"uv": [21, 4], "uv_size": [-1, -1]}
							}
						},
						{
							"origin": [-0.875, 41, -17],
							"size": [1.75, 1, 1],
							"uv": {
								"north": {"uv": [19, 3], "uv_size": [1, 1]},
								"east": {"uv": [19, 3], "uv_size": [1, 1]},
								"south": {"uv": [19, 3], "uv_size": [1, 1]},
								"west": {"uv": [20, 3], "uv_size": [-1, 1]},
								"up": {"uv": [20, 4], "uv_size": [-1, -1]},
								"down": {"uv": [20, 4], "uv_size": [-1, -1]}
							}
						}
					]
				}
			]
		}
	]
}