{
	"format_version": "1.12.0",
	"minecraft:geometry": [
		{
			"description": {
				"identifier": "geometry.diamond_chestplate_shadow",
				"texture_width": 64,
				"texture_height": 64,
				"visible_bounds_width": 5,
				"visible_bounds_height": 5,
				"visible_bounds_offset": [0, 1.5, 0]
			},
			"bones": [
				{
					"name": "waist",
					"pivot": [0, 0, 0]
				},
				{
					"name": "body",
					"parent": "waist",
					"pivot": [0, 11, 0],
					"cubes": [
						{"origin": [-4, 0, -2], "size": [8, 11, 4], "inflate": 0.8, "uv": [16, 16]},
						{
							"origin": [0.2, 5, -5],
							"size": [1.8, 6, 1.8],
							"pivot": [0, 0, 0],
							"rotation": [-60, 25, 0],
							"uv": {
								"north": {"uv": [7, 48], "uv_size": [4, 12]},
								"east": {"uv": [5, 48], "uv_size": [4, 12]},
								"south": {"uv": [11, 48], "uv_size": [4, 12]},
								"west": {"uv": [11, 52], "uv_size": [4, 12]},
								"up": {"uv": [16, 52], "uv_size": [-4, -4]},
								"down": {"uv": [12, 52], "uv_size": [-4, -4]}
							}
						},
						{
							"origin": [-0.8, -6, 3],
							"size": [1.8, 6, 1.8],
							"pivot": [0, 0, 0],
							"rotation": [85, 0, -25],
							"uv": {
								"north": {"uv": [7, 48], "uv_size": [4, 12]},
								"east": {"uv": [5, 48], "uv_size": [4, 12]},
								"south": {"uv": [11, 48], "uv_size": [4, 12]},
								"west": {"uv": [11, 52], "uv_size": [4, 12]},
								"up": {"uv": [16, 52], "uv_size": [-4, -4]},
								"down": {"uv": [12, 52], "uv_size": [-4, -4]}
							}
						},
						{
							"origin": [-1.8, -4, 3],
							"size": [1.8, 6, 1.8],
							"pivot": [0, 0, 0],
							"rotation": [60, 25, 0],
							"uv": {
								"north": {"uv": [7, 48], "uv_size": [4, 12]},
								"east": {"uv": [5, 48], "uv_size": [4, 12]},
								"south": {"uv": [11, 48], "uv_size": [4, 12]},
								"west": {"uv": [11, 52], "uv_size": [4, 12]},
								"up": {"uv": [16, 52], "uv_size": [-4, -4]},
								"down": {"uv": [12, 52], "uv_size": [-4, -4]}
							}
						},
						{
							"origin": [-3.8, -5, 0],
							"size": [1.8, 6, 1.8],
							"pivot": [0, 0, 0],
							"rotation": [50, 10, 65],
							"uv": {
								"north": {"uv": [7, 48], "uv_size": [4, 12]},
								"east": {"uv": [5, 48], "uv_size": [4, 12]},
								"south": {"uv": [11, 48], "uv_size": [4, 12]},
								"west": {"uv": [11, 52], "uv_size": [4, 12]},
								"up": {"uv": [16, 52], "uv_size": [-4, -4]},
								"down": {"uv": [12, 52], "uv_size": [-4, -4]}
							}
						},
						{
							"origin": [-1.3, 5, 3.5],
							"size": [1.8, 6, 1.8],
							"pivot": [0, 0, 0],
							"rotation": [60, 25, 0],
							"uv": {
								"north": {"uv": [7, 48], "uv_size": [4, 12]},
								"east": {"uv": [5, 48], "uv_size": [4, 12]},
								"south": {"uv": [11, 48], "uv_size": [4, 12]},
								"west": {"uv": [11, 52], "uv_size": [4, 12]},
								"up": {"uv": [16, 52], "uv_size": [-4, -4]},
								"down": {"uv": [12, 52], "uv_size": [-4, -4]}
							}
						},
						{
							"origin": [-4.8, 4, -0.3],
							"size": [1.8, 6, 1.8],
							"pivot": [0, 0, 0],
							"rotation": [50, 10, 65],
							"uv": {
								"north": {"uv": [7, 48], "uv_size": [4, 12]},
								"east": {"uv": [5, 48], "uv_size": [4, 12]},
								"south": {"uv": [11, 48], "uv_size": [4, 12]},
								"west": {"uv": [11, 52], "uv_size": [4, 12]},
								"up": {"uv": [16, 52], "uv_size": [-4, -4]},
								"down": {"uv": [12, 52], "uv_size": [-4, -4]}
							}
						},
						{
							"origin": [-3.8, 1, -1],
							"size": [1.8, 6, 1.8],
							"pivot": [0, 0, 0],
							"rotation": [100, 5, 65],
							"uv": {
								"north": {"uv": [7, 48], "uv_size": [4, 12]},
								"east": {"uv": [5, 48], "uv_size": [4, 12]},
								"south": {"uv": [11, 48], "uv_size": [4, 12]},
								"west": {"uv": [11, 52], "uv_size": [4, 12]},
								"up": {"uv": [16, 52], "uv_size": [-4, -4]},
								"down": {"uv": [12, 52], "uv_size": [-4, -4]}
							}
						}
					]
				},
				{
					"name": "leftArm",
					"parent": "body",
					"pivot": [5, 9, 0],
					"cubes": [
						{"origin": [4, 1, -2], "size": [4, 10, 4], "inflate": 0.76, "uv": [40, 16], "mirror": true},
						{
							"origin": [5, 3, -11.5],
							"size": [1.5, 6, 1.5],
							"pivot": [0, 0, 0],
							"rotation": [-100, 45, 0],
							"uv": {
								"north": {"uv": [7, 48], "uv_size": [4, 12]},
								"east": {"uv": [5, 48], "uv_size": [4, 12]},
								"south": {"uv": [11, 48], "uv_size": [4, 12]},
								"west": {"uv": [11, 52], "uv_size": [4, 12]},
								"up": {"uv": [16, 52], "uv_size": [-4, -4]},
								"down": {"uv": [12, 52], "uv_size": [-4, -4]}
							}
						},
						{
							"origin": [4.7, 3, -8],
							"size": [1.8, 6, 1.8],
							"pivot": [0, 0, 0],
							"rotation": [-65, 45, 0],
							"uv": {
								"north": {"uv": [7, 48], "uv_size": [4, 12]},
								"east": {"uv": [5, 48], "uv_size": [4, 12]},
								"south": {"uv": [11, 48], "uv_size": [4, 12]},
								"west": {"uv": [11, 52], "uv_size": [4, 12]},
								"up": {"uv": [16, 52], "uv_size": [-4, -4]},
								"down": {"uv": [12, 52], "uv_size": [-4, -4]}
							}
						},
						{
							"origin": [4.7, -3, -11.5],
							"size": [1.8, 6, 1.8],
							"pivot": [0, 0, 0],
							"rotation": [-100, 45, 0],
							"uv": {
								"north": {"uv": [7, 48], "uv_size": [4, 12]},
								"east": {"uv": [5, 48], "uv_size": [4, 12]},
								"south": {"uv": [11, 48], "uv_size": [4, 12]},
								"west": {"uv": [11, 52], "uv_size": [4, 12]},
								"up": {"uv": [16, 52], "uv_size": [-4, -4]},
								"down": {"uv": [12, 52], "uv_size": [-4, -4]}
							}
						},
						{
							"origin": [4.7, 8, -8],
							"size": [1.8, 6, 1.8],
							"pivot": [0, 0, 0],
							"rotation": [-65, 45, 0],
							"uv": {
								"north": {"uv": [7, 48], "uv_size": [4, 12]},
								"east": {"uv": [5, 48], "uv_size": [4, 12]},
								"south": {"uv": [11, 48], "uv_size": [4, 12]},
								"west": {"uv": [11, 52], "uv_size": [4, 12]},
								"up": {"uv": [16, 52], "uv_size": [-4, -4]},
								"down": {"uv": [12, 52], "uv_size": [-4, -4]}
							}
						}
					]
				},
				{
					"name": "rightArm",
					"parent": "body",
					"pivot": [-5, 9, 0],
					"cubes": [
						{"origin": [-8, 1, -2], "size": [4, 10, 4], "inflate": 0.76, "uv": [40, 16]}
					]
				}
			]
		}
	]
}