{
	"format_version": "1.12.0",
	"minecraft:geometry": [
		{
			"description": {
				"identifier": "geometry.lz_ed",
				"texture_width": 32,
				"texture_height": 32,
				"visible_bounds_width": 3,
				"visible_bounds_height": 3.5,
				"visible_bounds_offset": [0, 1.25, 0]
			},
			"bones": [
				{
					"name": "rightitem",
					"binding": "q.item_slot_to_bone_name(c.item_slot)",
					"pivot": [-7, 8, 5],
					"rotation": [0, 0, 0],
					"cubes": [
						{"origin": [-8, 5, 0], "size": [1, 5, 2], "uv": [10, 19]},
						{"origin": [-8, 0, -1], "size": [1, 1, 1], "uv": [0, 24]},
						{"origin": [-9, 1, -1], "size": [3, 1, 1], "uv": [20, 9]},
						{"origin": [-10, 2, -1], "size": [5, 1, 1], "uv": [19, 7]},
						{"origin": [-11, 3, -1], "size": [7, 2, 1], "uv": [16, 14]},
						{"origin": [-13, 7, -1], "size": [11, 4, 1], "uv": [0, 0]},
						{"origin": [-4, 11, -1], "size": [1, 1, 1], "uv": [20, 23]},
						{"origin": [-3, 12, -1], "size": [1, 1, 1], "uv": [16, 23]},
						{"origin": [-13, 12, -1], "size": [1, 1, 1], "uv": [0, 22]},
						{"origin": [-12, 5, -1], "size": [9, 2, 1], "uv": [0, 8]},
						{"origin": [-13, 11, -1], "size": [1, 1, 1], "uv": [23, 22]},
						{"origin": [-3, 11, -1], "size": [1, 1, 1], "uv": [22, 19]},
						{"origin": [-12, 11, -1], "size": [1, 1, 1], "uv": [4, 22]},
						{"origin": [-10, 11, -1], "size": [5, 1, 1], "uv": [12, 17]},
						{"origin": [-9, 12, -1], "size": [3, 1, 1], "uv": [20, 5]},
						{"origin": [-8, 13, -1], "size": [1, 1, 1], "uv": [20, 21]},
						{"origin": [-8, 1, -2], "size": [1, 1, 1], "uv": [16, 21]},
						{"origin": [-9, 2, -2], "size": [3, 1, 1], "uv": [0, 20]},
						{"origin": [-10, 3, -2], "size": [5, 1, 1], "uv": [16, 11]},
						{"origin": [-10, 4, -2], "size": [5, 2, 1], "uv": [0, 17]},
						{"origin": [-11, 6, -2], "size": [7, 2, 1], "uv": [0, 14]},
						{"origin": [-12, 8, -2], "size": [9, 2, 1], "uv": [0, 5]},
						{"origin": [-11, 10, -2], "size": [7, 1, 2], "uv": [0, 11]},
						{"origin": [-9, 11, -2], "size": [3, 1, 1], "uv": [14, 19]}
					]
				}
			]
		}
	]
}