{
	"format_version": "1.12.0",
	"minecraft:geometry": [
		{
			"description": {
				"identifier": "geometry.entity_tntbs",
				"texture_width": 32,
				"texture_height": 32,
				"visible_bounds_width": 3,
				"visible_bounds_height": 3.5,
				"visible_bounds_offset": [0, 1.25, 0]
			},
			"bones": [
				{
					"name": "body",
					"pivot": [0, 3, 7],
					"rotation": [45, 0, 0],
					"cubes": [
						{
							"origin": [-0.73, 8, 3],
							"size": [1.46, 1, 1],
							"uv": {
								"north": {"uv": [6, 25], "uv_size": [1, 1]},
								"east": {"uv": [6, 25], "uv_size": [1, 1]},
								"south": {"uv": [6, 25], "uv_size": [1, 1]},
								"west": {"uv": [7, 25], "uv_size": [-1, 1]},
								"up": {"uv": [7, 26], "uv_size": [-1, -1]},
								"down": {"uv": [7, 26], "uv_size": [-1, -1]}
							}
						},
						{
							"origin": [-0.73, 9, 2],
							"size": [1.46, 1, 1],
							"uv": {
								"north": {"uv": [7, 24], "uv_size": [1, 1]},
								"east": {"uv": [7, 24], "uv_size": [1, 1]},
								"south": {"uv": [7, 24], "uv_size": [1, 1]},
								"west": {"uv": [8, 24], "uv_size": [-1, 1]},
								"up": {"uv": [8, 25], "uv_size": [-1, -1]},
								"down": {"uv": [8, 25], "uv_size": [-1, -1]}
							}
						},
						{
							"origin": [-0.73, 10, 1],
							"size": [1.46, 1, 1],
							"uv": {
								"north": {"uv": [8, 23], "uv_size": [1, 1]},
								"east": {"uv": [8, 23], "uv_size": [1, 1]},
								"south": {"uv": [8, 23], "uv_size": [1, 1]},
								"west": {"uv": [9, 23], "uv_size": [-1, 1]},
								"up": {"uv": [9, 24], "uv_size": [-1, -1]},
								"down": {"uv": [9, 24], "uv_size": [-1, -1]}
							}
						},
						{
							"origin": [-0.73, 11, 0],
							"size": [1.46, 1, 1],
							"uv": {
								"north": {"uv": [9, 22], "uv_size": [1, 1]},
								"east": {"uv": [9, 22], "uv_size": [1, 1]},
								"south": {"uv": [9, 22], "uv_size": [1, 1]},
								"west": {"uv": [10, 22], "uv_size": [-1, 1]},
								"up": {"uv": [10, 23], "uv_size": [-1, -1]},
								"down": {"uv": [10, 23], "uv_size": [-1, -1]}
							}
						},
						{
							"origin": [-0.73, 12, -1],
							"size": [1.46, 1, 1],
							"uv": {
								"north": {"uv": [10, 21], "uv_size": [1, 1]},
								"east": {"uv": [10, 21], "uv_size": [1, 1]},
								"south": {"uv": [10, 21], "uv_size": [1, 1]},
								"west": {"uv": [11, 21], "uv_size": [-1, 1]},
								"up": {"uv": [11, 22], "uv_size": [-1, -1]},
								"down": {"uv": [11, 22], "uv_size": [-1, -1]}
							}
						},
						{
							"origin": [-0.73, 13, -2],
							"size": [1.46, 1, 1],
							"uv": {
								"north": {"uv": [11, 20], "uv_size": [1, 1]},
								"east": {"uv": [11, 20], "uv_size": [1, 1]},
								"south": {"uv": [11, 20], "uv_size": [1, 1]},
								"west": {"uv": [12, 20], "uv_size": [-1, 1]},
								"up": {"uv": [12, 21], "uv_size": [-1, -1]},
								"down": {"uv": [12, 21], "uv_size": [-1, -1]}
							}
						},
						{
							"origin": [-0.65, 8, 6],
							"size": [1.3, 1, 1],
							"uv": {
								"north": {"uv": [3, 25], "uv_size": [1, 1]},
								"east": {"uv": [3, 25], "uv_size": [1, 1]},
								"south": {"uv": [3, 25], "uv_size": [1, 1]},
								"west": {"uv": [4, 25], "uv_size": [-1, 1]},
								"up": {"uv": [4, 26], "uv_size": [-1, -1]},
								"down": {"uv": [4, 26], "uv_size": [-1, -1]}
							}
						},
						{
							"origin": [-0.65, 7, 5],
							"size": [1.3, 1, 1],
							"uv": {
								"north": {"uv": [4, 26], "uv_size": [1, 1]},
								"east": {"uv": [4, 26], "uv_size": [1, 1]},
								"south": {"uv": [4, 26], "uv_size": [1, 1]},
								"west": {"uv": [5, 26], "uv_size": [-1, 1]},
								"up": {"uv": [5, 27], "uv_size": [-1, -1]},
								"down": {"uv": [5, 27], "uv_size": [-1, -1]}
							}
						},
						{
							"origin": [-0.65, 6, 4],
							"size": [1.3, 1, 1],
							"uv": {
								"north": {"uv": [5, 27], "uv_size": [1, 1]},
								"east": {"uv": [5, 27], "uv_size": [1, 1]},
								"south": {"uv": [5, 27], "uv_size": [1, 1]},
								"west": {"uv": [6, 27], "uv_size": [-1, 1]},
								"up": {"uv": [6, 28], "uv_size": [-1, -1]},
								"down": {"uv": [6, 28], "uv_size": [-1, -1]}
							}
						},
						{
							"origin": [-0.65, 5, 3],
							"size": [1.3, 1, 1],
							"uv": {
								"north": {"uv": [6, 28], "uv_size": [1, 1]},
								"east": {"uv": [6, 28], "uv_size": [1, 1]},
								"south": {"uv": [6, 28], "uv_size": [1, 1]},
								"west": {"uv": [7, 28], "uv_size": [-1, 1]},
								"up": {"uv": [7, 29], "uv_size": [-1, -1]},
								"down": {"uv": [7, 29], "uv_size": [-1, -1]}
							}
						},
						{
							"origin": [-0.7, 15, -3],
							"size": [1.4, 1, 1],
							"uv": {
								"north": {"uv": [12, 18], "uv_size": [1, 1]},
								"east": {"uv": [12, 18], "uv_size": [1, 1]},
								"south": {"uv": [12, 18], "uv_size": [1, 1]},
								"west": {"uv": [13, 18], "uv_size": [-1, 1]},
								"up": {"uv": [13, 19], "uv_size": [-1, -1]},
								"down": {"uv": [13, 19], "uv_size": [-1, -1]}
							}
						},
						{
							"origin": [-0.7, 14, -2],
							"size": [1.4, 1, 1],
							"uv": {
								"north": {"uv": [11, 19], "uv_size": [1, 1]},
								"east": {"uv": [11, 19], "uv_size": [1, 1]},
								"south": {"uv": [11, 19], "uv_size": [1, 1]},
								"west": {"uv": [12, 19], "uv_size": [-1, 1]},
								"up": {"uv": [12, 20], "uv_size": [-1, -1]},
								"down": {"uv": [12, 20], "uv_size": [-1, -1]}
							}
						},
						{
							"origin": [-0.7, 14, -3],
							"size": [1.4, 1, 1],
							"uv": {
								"north": {"uv": [12, 19], "uv_size": [1, 1]},
								"east": {"uv": [12, 19], "uv_size": [1, 1]},
								"south": {"uv": [12, 19], "uv_size": [1, 1]},
								"west": {"uv": [13, 19], "uv_size": [-1, 1]},
								"up": {"uv": [13, 20], "uv_size": [-1, -1]},
								"down": {"uv": [13, 20], "uv_size": [-1, -1]}
							}
						},
						{
							"origin": [-0.7, 13, -1],
							"size": [1.4, 1, 1],
							"uv": {
								"north": {"uv": [10, 20], "uv_size": [1, 1]},
								"east": {"uv": [10, 20], "uv_size": [1, 1]},
								"south": {"uv": [10, 20], "uv_size": [1, 1]},
								"west": {"uv": [11, 20], "uv_size": [-1, 1]},
								"up": {"uv": [11, 21], "uv_size": [-1, -1]},
								"down": {"uv": [11, 21], "uv_size": [-1, -1]}
							}
						},
						{
							"origin": [-0.7, 12, 0],
							"size": [1.4, 1, 1],
							"uv": {
								"north": {"uv": [9, 21], "uv_size": [1, 1]},
								"east": {"uv": [9, 21], "uv_size": [1, 1]},
								"south": {"uv": [9, 21], "uv_size": [1, 1]},
								"west": {"uv": [10, 21], "uv_size": [-1, 1]},
								"up": {"uv": [10, 22], "uv_size": [-1, -1]},
								"down": {"uv": [10, 22], "uv_size": [-1, -1]}
							}
						},
						{
							"origin": [-0.7, 11, 1],
							"size": [1.4, 1, 1],
							"uv": {
								"north": {"uv": [8, 22], "uv_size": [1, 1]},
								"east": {"uv": [8, 22], "uv_size": [1, 1]},
								"south": {"uv": [8, 22], "uv_size": [1, 1]},
								"west": {"uv": [9, 22], "uv_size": [-1, 1]},
								"up": {"uv": [9, 23], "uv_size": [-1, -1]},
								"down": {"uv": [9, 23], "uv_size": [-1, -1]}
							}
						},
						{
							"origin": [-0.7, 11, -1],
							"size": [1.4, 1, 1],
							"uv": {
								"north": {"uv": [10, 22], "uv_size": [1, 1]},
								"east": {"uv": [10, 22], "uv_size": [1, 1]},
								"south": {"uv": [10, 22], "uv_size": [1, 1]},
								"west": {"uv": [11, 22], "uv_size": [-1, 1]},
								"up": {"uv": [11, 23], "uv_size": [-1, -1]},
								"down": {"uv": [11, 23], "uv_size": [-1, -1]}
							}
						},
						{
							"origin": [-0.7, 10, 2],
							"size": [1.4, 1, 1],
							"uv": {
								"north": {"uv": [7, 23], "uv_size": [1, 1]},
								"east": {"uv": [7, 23], "uv_size": [1, 1]},
								"south": {"uv": [7, 23], "uv_size": [1, 1]},
								"west": {"uv": [8, 23], "uv_size": [-1, 1]},
								"up": {"uv": [8, 24], "uv_size": [-1, -1]},
								"down": {"uv": [8, 24], "uv_size": [-1, -1]}
							}
						},
						{
							"origin": [-0.7, 10, 0],
							"size": [1.4, 1, 1],
							"uv": {
								"north": {"uv": [9, 23], "uv_size": [1, 1]},
								"east": {"uv": [9, 23], "uv_size": [1, 1]},
								"south": {"uv": [9, 23], "uv_size": [1, 1]},
								"west": {"uv": [10, 23], "uv_size": [-1, 1]},
								"up": {"uv": [10, 24], "uv_size": [-1, -1]},
								"down": {"uv": [10, 24], "uv_size": [-1, -1]}
							}
						},
						{
							"origin": [-0.7, 9, 3],
							"size": [1.4, 1, 1],
							"uv": {
								"north": {"uv": [6, 24], "uv_size": [1, 1]},
								"east": {"uv": [6, 24], "uv_size": [1, 1]},
								"south": {"uv": [6, 24], "uv_size": [1, 1]},
								"west": {"uv": [7, 24], "uv_size": [-1, 1]},
								"up": {"uv": [7, 25], "uv_size": [-1, -1]},
								"down": {"uv": [7, 25], "uv_size": [-1, -1]}
							}
						},
						{
							"origin": [-0.7, 9, 1],
							"size": [1.4, 1, 1],
							"uv": {
								"north": {"uv": [8, 24], "uv_size": [1, 1]},
								"east": {"uv": [8, 24], "uv_size": [1, 1]},
								"south": {"uv": [8, 24], "uv_size": [1, 1]},
								"west": {"uv": [9, 24], "uv_size": [-1, 1]},
								"up": {"uv": [9, 25], "uv_size": [-1, -1]},
								"down": {"uv": [9, 25], "uv_size": [-1, -1]}
							}
						},
						{
							"origin": [-0.7, 8, 4],
							"size": [1.4, 1, 1],
							"uv": {
								"north": {"uv": [5, 25], "uv_size": [1, 1]},
								"east": {"uv": [5, 25], "uv_size": [1, 1]},
								"south": {"uv": [5, 25], "uv_size": [1, 1]},
								"west": {"uv": [6, 25], "uv_size": [-1, 1]},
								"up": {"uv": [6, 26], "uv_size": [-1, -1]},
								"down": {"uv": [6, 26], "uv_size": [-1, -1]}
							}
						},
						{
							"origin": [-0.7, 8, 2],
							"size": [1.4, 1, 1],
							"uv": {
								"north": {"uv": [7, 25], "uv_size": [1, 1]},
								"east": {"uv": [7, 25], "uv_size": [1, 1]},
								"south": {"uv": [7, 25], "uv_size": [1, 1]},
								"west": {"uv": [8, 25], "uv_size": [-1, 1]},
								"up": {"uv": [8, 26], "uv_size": [-1, -1]},
								"down": {"uv": [8, 26], "uv_size": [-1, -1]}
							}
						},
						{
							"origin": [-0.7, 7, 3],
							"size": [1.4, 1, 1],
							"uv": {
								"north": {"uv": [6, 26], "uv_size": [1, 1]},
								"east": {"uv": [6, 26], "uv_size": [1, 1]},
								"south": {"uv": [6, 26], "uv_size": [1, 1]},
								"west": {"uv": [7, 26], "uv_size": [-1, 1]},
								"up": {"uv": [7, 27], "uv_size": [-1, -1]},
								"down": {"uv": [7, 27], "uv_size": [-1, -1]}
							}
						},
						{
							"origin": [-0.65, 6, 6],
							"size": [1.3, 1, 1],
							"uv": {
								"north": {"uv": [3, 27], "uv_size": [1, 1]},
								"east": {"uv": [3, 27], "uv_size": [1, 1]},
								"south": {"uv": [3, 27], "uv_size": [1, 1]},
								"west": {"uv": [4, 27], "uv_size": [-1, 1]},
								"up": {"uv": [4, 28], "uv_size": [-1, -1]},
								"down": {"uv": [4, 28], "uv_size": [-1, -1]}
							}
						},
						{
							"origin": [-0.7, 6, 5],
							"size": [1.4, 1, 1],
							"uv": {
								"north": {"uv": [4, 27], "uv_size": [1, 1]},
								"east": {"uv": [4, 27], "uv_size": [1, 1]},
								"south": {"uv": [4, 27], "uv_size": [1, 1]},
								"west": {"uv": [5, 27], "uv_size": [-1, 1]},
								"up": {"uv": [5, 28], "uv_size": [-1, -1]},
								"down": {"uv": [5, 28], "uv_size": [-1, -1]}
							}
						},
						{
							"origin": [-0.7, 5, 7],
							"size": [1.4, 1, 1],
							"uv": {
								"north": {"uv": [2, 28], "uv_size": [1, 1]},
								"east": {"uv": [2, 28], "uv_size": [1, 1]},
								"south": {"uv": [2, 28], "uv_size": [1, 1]},
								"west": {"uv": [3, 28], "uv_size": [-1, 1]},
								"up": {"uv": [3, 29], "uv_size": [-1, -1]},
								"down": {"uv": [3, 29], "uv_size": [-1, -1]}
							}
						},
						{
							"origin": [-0.7, 5, 6],
							"size": [1.4, 1, 1],
							"uv": {
								"north": {"uv": [3, 28], "uv_size": [1, 1]},
								"east": {"uv": [3, 28], "uv_size": [1, 1]},
								"south": {"uv": [3, 28], "uv_size": [1, 1]},
								"west": {"uv": [4, 28], "uv_size": [-1, 1]},
								"up": {"uv": [4, 29], "uv_size": [-1, -1]},
								"down": {"uv": [4, 29], "uv_size": [-1, -1]}
							}
						},
						{
							"origin": [-0.7, 4, 8],
							"size": [1.4, 1, 1],
							"uv": {
								"north": {"uv": [1, 29], "uv_size": [1, 1]},
								"east": {"uv": [1, 29], "uv_size": [1, 1]},
								"south": {"uv": [1, 29], "uv_size": [1, 1]},
								"west": {"uv": [2, 29], "uv_size": [-1, 1]},
								"up": {"uv": [2, 30], "uv_size": [-1, -1]},
								"down": {"uv": [2, 30], "uv_size": [-1, -1]}
							}
						},
						{
							"origin": [-0.7, 4, 7],
							"size": [1.4, 1, 1],
							"uv": {
								"north": {"uv": [2, 29], "uv_size": [1, 1]},
								"east": {"uv": [2, 29], "uv_size": [1, 1]},
								"south": {"uv": [2, 29], "uv_size": [1, 1]},
								"west": {"uv": [3, 29], "uv_size": [-1, 1]},
								"up": {"uv": [3, 30], "uv_size": [-1, -1]},
								"down": {"uv": [3, 30], "uv_size": [-1, -1]}
							}
						},
						{
							"origin": [-0.5, 3, 7],
							"size": [1, 1, 1],
							"uv": {
								"north": {"uv": [2, 30], "uv_size": [1, 1]},
								"east": {"uv": [2, 30], "uv_size": [1, 1]},
								"south": {"uv": [2, 30], "uv_size": [1, 1]},
								"west": {"uv": [3, 30], "uv_size": [-1, 1]},
								"up": {"uv": [3, 31], "uv_size": [-1, -1]},
								"down": {"uv": [3, 31], "uv_size": [-1, -1]}
							}
						},
						{
							"origin": [-0.5, 3, 8],
							"size": [1, 1, 1],
							"uv": {
								"north": {"uv": [1, 30], "uv_size": [1, 1]},
								"east": {"uv": [1, 30], "uv_size": [1, 1]},
								"south": {"uv": [1, 30], "uv_size": [1, 1]},
								"west": {"uv": [2, 30], "uv_size": [-1, 1]},
								"up": {"uv": [2, 31], "uv_size": [-1, -1]},
								"down": {"uv": [2, 31], "uv_size": [-1, -1]}
							}
						},
						{
							"origin": [-0.5, 4, 3],
							"size": [1, 1, 1],
							"uv": {
								"north": {"uv": [6, 29], "uv_size": [1, 1]},
								"east": {"uv": [6, 29], "uv_size": [1, 1]},
								"south": {"uv": [6, 29], "uv_size": [1, 1]},
								"west": {"uv": [7, 29], "uv_size": [-1, 1]},
								"up": {"uv": [7, 30], "uv_size": [-1, -1]},
								"down": {"uv": [7, 30], "uv_size": [-1, -1]}
							}
						},
						{
							"origin": [-0.5, 4, 6],
							"size": [1, 1, 1],
							"uv": {
								"north": {"uv": [3, 29], "uv_size": [1, 1]},
								"east": {"uv": [3, 29], "uv_size": [1, 1]},
								"south": {"uv": [3, 29], "uv_size": [1, 1]},
								"west": {"uv": [4, 29], "uv_size": [-1, 1]},
								"up": {"uv": [4, 30], "uv_size": [-1, -1]},
								"down": {"uv": [4, 30], "uv_size": [-1, -1]}
							}
						},
						{
							"origin": [-0.5, 4, 9],
							"size": [1, 1, 1],
							"uv": {
								"north": {"uv": [0, 29], "uv_size": [1, 1]},
								"east": {"uv": [0, 29], "uv_size": [1, 1]},
								"south": {"uv": [0, 29], "uv_size": [1, 1]},
								"west": {"uv": [1, 29], "uv_size": [-1, 1]},
								"up": {"uv": [1, 30], "uv_size": [-1, -1]},
								"down": {"uv": [1, 30], "uv_size": [-1, -1]}
							}
						},
						{
							"origin": [-0.5, 5, 2],
							"size": [1, 1, 1],
							"uv": {
								"north": {"uv": [7, 28], "uv_size": [1, 1]},
								"east": {"uv": [7, 28], "uv_size": [1, 1]},
								"south": {"uv": [7, 28], "uv_size": [1, 1]},
								"west": {"uv": [8, 28], "uv_size": [-1, 1]},
								"up": {"uv": [8, 29], "uv_size": [-1, -1]},
								"down": {"uv": [8, 29], "uv_size": [-1, -1]}
							}
						},
						{
							"origin": [-0.5, 5, 4],
							"size": [1, 1, 1],
							"uv": {
								"north": {"uv": [5, 28], "uv_size": [1, 1]},
								"east": {"uv": [5, 28], "uv_size": [1, 1]},
								"south": {"uv": [5, 28], "uv_size": [1, 1]},
								"west": {"uv": [6, 28], "uv_size": [-1, 1]},
								"up": {"uv": [6, 29], "uv_size": [-1, -1]},
								"down": {"uv": [6, 29], "uv_size": [-1, -1]}
							}
						},
						{
							"origin": [-0.5, 5, 5],
							"size": [1, 1, 1],
							"uv": {
								"north": {"uv": [4, 28], "uv_size": [1, 1]},
								"east": {"uv": [4, 28], "uv_size": [1, 1]},
								"south": {"uv": [4, 28], "uv_size": [1, 1]},
								"west": {"uv": [5, 28], "uv_size": [-1, 1]},
								"up": {"uv": [5, 29], "uv_size": [-1, -1]},
								"down": {"uv": [5, 29], "uv_size": [-1, -1]}
							}
						},
						{
							"origin": [-0.5, 5, 8],
							"size": [1, 1, 1],
							"uv": {
								"north": {"uv": [1, 28], "uv_size": [1, 1]},
								"east": {"uv": [1, 28], "uv_size": [1, 1]},
								"south": {"uv": [1, 28], "uv_size": [1, 1]},
								"west": {"uv": [2, 28], "uv_size": [-1, 1]},
								"up": {"uv": [2, 29], "uv_size": [-1, -1]},
								"down": {"uv": [2, 29], "uv_size": [-1, -1]}
							}
						},
						{
							"origin": [-0.5, 6, 3],
							"size": [1, 1, 1],
							"uv": {
								"north": {"uv": [6, 27], "uv_size": [1, 1]},
								"east": {"uv": [6, 27], "uv_size": [1, 1]},
								"south": {"uv": [6, 27], "uv_size": [1, 1]},
								"west": {"uv": [7, 27], "uv_size": [-1, 1]},
								"up": {"uv": [7, 28], "uv_size": [-1, -1]},
								"down": {"uv": [7, 28], "uv_size": [-1, -1]}
							}
						},
						{
							"origin": [-0.5, 6, 7],
							"size": [1, 1, 1],
							"uv": {
								"north": {"uv": [2, 27], "uv_size": [1, 1]},
								"east": {"uv": [2, 27], "uv_size": [1, 1]},
								"south": {"uv": [2, 27], "uv_size": [1, 1]},
								"west": {"uv": [3, 27], "uv_size": [-1, 1]},
								"up": {"uv": [3, 28], "uv_size": [-1, -1]},
								"down": {"uv": [3, 28], "uv_size": [-1, -1]}
							}
						},
						{
							"origin": [-0.5, 7, 2],
							"size": [1, 1, 1],
							"uv": {
								"north": {"uv": [7, 26], "uv_size": [1, 1]},
								"east": {"uv": [7, 26], "uv_size": [1, 1]},
								"south": {"uv": [7, 26], "uv_size": [1, 1]},
								"west": {"uv": [8, 26], "uv_size": [-1, 1]},
								"up": {"uv": [8, 27], "uv_size": [-1, -1]},
								"down": {"uv": [8, 27], "uv_size": [-1, -1]}
							}
						},
						{
							"origin": [-0.5, 7, 4],
							"size": [1, 1, 1],
							"uv": {
								"north": {"uv": [5, 26], "uv_size": [1, 1]},
								"east": {"uv": [5, 26], "uv_size": [1, 1]},
								"south": {"uv": [5, 26], "uv_size": [1, 1]},
								"west": {"uv": [6, 26], "uv_size": [-1, 1]},
								"up": {"uv": [6, 27], "uv_size": [-1, -1]},
								"down": {"uv": [6, 27], "uv_size": [-1, -1]}
							}
						},
						{
							"origin": [-0.5, 7, 6],
							"size": [1, 1, 1],
							"uv": {
								"north": {"uv": [3, 26], "uv_size": [1, 1]},
								"east": {"uv": [3, 26], "uv_size": [1, 1]},
								"south": {"uv": [3, 26], "uv_size": [1, 1]},
								"west": {"uv": [4, 26], "uv_size": [-1, 1]},
								"up": {"uv": [4, 27], "uv_size": [-1, -1]},
								"down": {"uv": [4, 27], "uv_size": [-1, -1]}
							}
						},
						{
							"origin": [-0.5, 8, 1],
							"size": [1, 1, 1],
							"uv": {
								"north": {"uv": [8, 25], "uv_size": [1, 1]},
								"east": {"uv": [8, 25], "uv_size": [1, 1]},
								"south": {"uv": [8, 25], "uv_size": [1, 1]},
								"west": {"uv": [9, 25], "uv_size": [-1, 1]},
								"up": {"uv": [9, 26], "uv_size": [-1, -1]},
								"down": {"uv": [9, 26], "uv_size": [-1, -1]}
							}
						},
						{
							"origin": [-0.5, 8, 5],
							"size": [1, 1, 1],
							"uv": {
								"north": {"uv": [4, 25], "uv_size": [1, 1]},
								"east": {"uv": [4, 25], "uv_size": [1, 1]},
								"south": {"uv": [4, 25], "uv_size": [1, 1]},
								"west": {"uv": [5, 25], "uv_size": [-1, 1]},
								"up": {"uv": [5, 26], "uv_size": [-1, -1]},
								"down": {"uv": [5, 26], "uv_size": [-1, -1]}
							}
						},
						{
							"origin": [-0.5, 8, 7],
							"size": [1, 1, 1],
							"uv": {
								"north": {"uv": [2, 25], "uv_size": [1, 1]},
								"east": {"uv": [2, 25], "uv_size": [1, 1]},
								"south": {"uv": [2, 25], "uv_size": [1, 1]},
								"west": {"uv": [3, 25], "uv_size": [-1, 1]},
								"up": {"uv": [3, 26], "uv_size": [-1, -1]},
								"down": {"uv": [3, 26], "uv_size": [-1, -1]}
							}
						},
						{
							"origin": [-0.5, 9, 0],
							"size": [1, 1, 1],
							"uv": {
								"north": {"uv": [9, 24], "uv_size": [1, 1]},
								"east": {"uv": [9, 24], "uv_size": [1, 1]},
								"south": {"uv": [9, 24], "uv_size": [1, 1]},
								"west": {"uv": [10, 24], "uv_size": [-1, 1]},
								"up": {"uv": [10, 25], "uv_size": [-1, -1]},
								"down": {"uv": [10, 25], "uv_size": [-1, -1]}
							}
						},
						{
							"origin": [-0.5, 9, 4],
							"size": [1, 1, 1],
							"uv": {
								"north": {"uv": [5, 24], "uv_size": [1, 1]},
								"east": {"uv": [5, 24], "uv_size": [1, 1]},
								"south": {"uv": [5, 24], "uv_size": [1, 1]},
								"west": {"uv": [6, 24], "uv_size": [-1, 1]},
								"up": {"uv": [6, 25], "uv_size": [-1, -1]},
								"down": {"uv": [6, 25], "uv_size": [-1, -1]}
							}
						},
						{
							"origin": [-0.5, 9, 6],
							"size": [1, 1, 1],
							"uv": {
								"north": {"uv": [3, 24], "uv_size": [1, 1]},
								"east": {"uv": [3, 24], "uv_size": [1, 1]},
								"south": {"uv": [3, 24], "uv_size": [1, 1]},
								"west": {"uv": [4, 24], "uv_size": [-1, 1]},
								"up": {"uv": [4, 25], "uv_size": [-1, -1]},
								"down": {"uv": [4, 25], "uv_size": [-1, -1]}
							}
						},
						{
							"origin": [-0.5, 10, -1],
							"size": [1, 1, 1],
							"uv": {
								"north": {"uv": [10, 23], "uv_size": [1, 1]},
								"east": {"uv": [10, 23], "uv_size": [1, 1]},
								"south": {"uv": [10, 23], "uv_size": [1, 1]},
								"west": {"uv": [11, 23], "uv_size": [-1, 1]},
								"up": {"uv": [11, 24], "uv_size": [-1, -1]},
								"down": {"uv": [11, 24], "uv_size": [-1, -1]}
							}
						},
						{
							"origin": [-0.5, 10, 3],
							"size": [1, 1, 1],
							"uv": {
								"north": {"uv": [6, 23], "uv_size": [1, 1]},
								"east": {"uv": [6, 23], "uv_size": [1, 1]},
								"south": {"uv": [6, 23], "uv_size": [1, 1]},
								"west": {"uv": [7, 23], "uv_size": [-1, 1]},
								"up": {"uv": [7, 24], "uv_size": [-1, -1]},
								"down": {"uv": [7, 24], "uv_size": [-1, -1]}
							}
						},
						{
							"origin": [-0.5, 11, -2],
							"size": [1, 1, 1],
							"uv": {
								"north": {"uv": [11, 22], "uv_size": [1, 1]},
								"east": {"uv": [11, 22], "uv_size": [1, 1]},
								"south": {"uv": [11, 22], "uv_size": [1, 1]},
								"west": {"uv": [12, 22], "uv_size": [-1, 1]},
								"up": {"uv": [12, 23], "uv_size": [-1, -1]},
								"down": {"uv": [12, 23], "uv_size": [-1, -1]}
							}
						},
						{
							"origin": [-0.5, 11, 2],
							"size": [1, 1, 1],
							"uv": {
								"north": {"uv": [7, 22], "uv_size": [1, 1]},
								"east": {"uv": [7, 22], "uv_size": [1, 1]},
								"south": {"uv": [7, 22], "uv_size": [1, 1]},
								"west": {"uv": [8, 22], "uv_size": [-1, 1]},
								"up": {"uv": [8, 23], "uv_size": [-1, -1]},
								"down": {"uv": [8, 23], "uv_size": [-1, -1]}
							}
						},
						{
							"origin": [-0.5, 12, -2],
							"size": [1, 1, 1],
							"uv": {
								"north": {"uv": [11, 21], "uv_size": [1, 1]},
								"east": {"uv": [11, 21], "uv_size": [1, 1]},
								"south": {"uv": [11, 21], "uv_size": [1, 1]},
								"west": {"uv": [12, 21], "uv_size": [-1, 1]},
								"up": {"uv": [12, 22], "uv_size": [-1, -1]},
								"down": {"uv": [12, 22], "uv_size": [-1, -1]}
							}
						},
						{
							"origin": [-0.5, 12, 1],
							"size": [1, 1, 1],
							"uv": {
								"north": {"uv": [8, 21], "uv_size": [1, 1]},
								"east": {"uv": [8, 21], "uv_size": [1, 1]},
								"south": {"uv": [8, 21], "uv_size": [1, 1]},
								"west": {"uv": [9, 21], "uv_size": [-1, 1]},
								"up": {"uv": [9, 22], "uv_size": [-1, -1]},
								"down": {"uv": [9, 22], "uv_size": [-1, -1]}
							}
						},
						{
							"origin": [-0.5, 13, -3],
							"size": [1, 1, 1],
							"uv": {
								"north": {"uv": [12, 20], "uv_size": [1, 1]},
								"east": {"uv": [12, 20], "uv_size": [1, 1]},
								"south": {"uv": [12, 20], "uv_size": [1, 1]},
								"west": {"uv": [13, 20], "uv_size": [-1, 1]},
								"up": {"uv": [13, 21], "uv_size": [-1, -1]},
								"down": {"uv": [13, 21], "uv_size": [-1, -1]}
							}
						},
						{
							"origin": [-0.5, 13, 0],
							"size": [1, 1, 1],
							"uv": {
								"north": {"uv": [9, 20], "uv_size": [1, 1]},
								"east": {"uv": [9, 20], "uv_size": [1, 1]},
								"south": {"uv": [9, 20], "uv_size": [1, 1]},
								"west": {"uv": [10, 20], "uv_size": [-1, 1]},
								"up": {"uv": [10, 21], "uv_size": [-1, -1]},
								"down": {"uv": [10, 21], "uv_size": [-1, -1]}
							}
						},
						{
							"origin": [-0.5, 14, -4],
							"size": [1, 1, 1],
							"uv": {
								"north": {"uv": [13, 19], "uv_size": [1, 1]},
								"east": {"uv": [13, 19], "uv_size": [1, 1]},
								"south": {"uv": [13, 19], "uv_size": [1, 1]},
								"west": {"uv": [14, 19], "uv_size": [-1, 1]},
								"up": {"uv": [14, 20], "uv_size": [-1, -1]},
								"down": {"uv": [14, 20], "uv_size": [-1, -1]}
							}
						},
						{
							"origin": [-0.5, 14, -1],
							"size": [1, 1, 1],
							"uv": {
								"north": {"uv": [10, 19], "uv_size": [1, 1]},
								"east": {"uv": [10, 19], "uv_size": [1, 1]},
								"south": {"uv": [10, 19], "uv_size": [1, 1]},
								"west": {"uv": [11, 19], "uv_size": [-1, 1]},
								"up": {"uv": [11, 20], "uv_size": [-1, -1]},
								"down": {"uv": [11, 20], "uv_size": [-1, -1]}
							}
						},
						{
							"origin": [-0.5, 15, -4],
							"size": [1, 1, 1],
							"uv": {
								"north": {"uv": [13, 18], "uv_size": [1, 1]},
								"east": {"uv": [13, 18], "uv_size": [1, 1]},
								"south": {"uv": [13, 18], "uv_size": [1, 1]},
								"west": {"uv": [14, 18], "uv_size": [-1, 1]},
								"up": {"uv": [14, 19], "uv_size": [-1, -1]},
								"down": {"uv": [14, 19], "uv_size": [-1, -1]}
							}
						},
						{
							"origin": [-0.5, 15, -2],
							"size": [1, 1, 1],
							"uv": {
								"north": {"uv": [11, 18], "uv_size": [1, 1]},
								"east": {"uv": [11, 18], "uv_size": [1, 1]},
								"south": {"uv": [11, 18], "uv_size": [1, 1]},
								"west": {"uv": [12, 18], "uv_size": [-1, 1]},
								"up": {"uv": [12, 19], "uv_size": [-1, -1]},
								"down": {"uv": [12, 19], "uv_size": [-1, -1]}
							}
						},
						{
							"origin": [-0.5, 16, -4],
							"size": [1, 1, 1],
							"uv": {
								"north": {"uv": [13, 17], "uv_size": [1, 1]},
								"east": {"uv": [13, 17], "uv_size": [1, 1]},
								"south": {"uv": [13, 17], "uv_size": [1, 1]},
								"west": {"uv": [14, 17], "uv_size": [-1, 1]},
								"up": {"uv": [14, 18], "uv_size": [-1, -1]},
								"down": {"uv": [14, 18], "uv_size": [-1, -1]}
							}
						},
						{
							"origin": [-0.5, 16, -3],
							"size": [1, 1, 1],
							"uv": {
								"north": {"uv": [12, 17], "uv_size": [1, 1]},
								"east": {"uv": [12, 17], "uv_size": [1, 1]},
								"south": {"uv": [12, 17], "uv_size": [1, 1]},
								"west": {"uv": [13, 17], "uv_size": [-1, 1]},
								"up": {"uv": [13, 18], "uv_size": [-1, -1]},
								"down": {"uv": [13, 18], "uv_size": [-1, -1]}
							}
						},
						{
							"origin": [-0.5, 17, -4],
							"size": [1, 1, 1],
							"uv": {
								"north": {"uv": [13, 16], "uv_size": [1, 1]},
								"east": {"uv": [13, 16], "uv_size": [1, 1]},
								"south": {"uv": [13, 16], "uv_size": [1, 1]},
								"west": {"uv": [14, 16], "uv_size": [-1, 1]},
								"up": {"uv": [14, 17], "uv_size": [-1, -1]},
								"down": {"uv": [14, 17], "uv_size": [-1, -1]}
							}
						},
						{
							"origin": [-3, 8, 0],
							"size": [6, 6, 6],
							"pivot": [2, 8, 1],
							"rotation": [45, 0, 0],
							"uv": {
								"north": {"uv": [0, 0], "uv_size": [16, 16]},
								"east": {"uv": [0, 0], "uv_size": [16, 16]},
								"south": {"uv": [0, 0], "uv_size": [16, 16]},
								"west": {"uv": [0, 0], "uv_size": [16, 16]},
								"up": {"uv": [32, 16], "uv_size": [-16, -16]},
								"down": {"uv": [32, 32], "uv_size": [-16, -16]}
							}
						}
					]
				}
			]
		}
	]
}