{
	"format_version": "1.10.0",
	"geometry.errorcs": {
		"texturewidth": 32,
		"textureheight": 32,
		"visible_bounds_width": 2,
		"visible_bounds_height": 2,
		"visible_bounds_offset": [0, 1, 0],
		"bones": [
			{
				"name": "body",
				"pivot": [0, 0, 0]
			},
			{
				"name": "bone",
				"parent": "body",
				"pivot": [0, 0, 0],
				"cubes": [
					{"origin": [-3, -1, -3], "size": [6, 1.5, 6], "uv": [0, 0]}
				]
			},
			{
				"name": "bone2",
				"parent": "bone",
				"pivot": [0, 0, 0],
				"cubes": [
					{"origin": [-2.5, 0, -2.5], "size": [5, 1, 5], "uv": [0, 6]}
				]
			},
			{
				"name": "bone3",
				"parent": "bone2",
				"pivot": [0, 0, 0],
				"cubes": [
					{"origin": [-2, 1, -2], "size": [4, 1, 4], "uv": [0, 10]}
				]
			},
			{
				"name": "bone4",
				"parent": "bone3",
				"pivot": [0, 0, 0],
				"cubes": [
					{"origin": [-1.5, 1.5, -1.5], "size": [3, 1, 3], "uv": [9, 10]}
				]
			},
			{
				"name": "bone5",
				"parent": "bone4",
				"pivot": [0, 0, 0],
				"cubes": [
					{"origin": [-1.5, 2.5, -1.5], "size": [3, 1, 3], "uv": [12, 6]}
				]
			},
			{
				"name": "bone6",
				"parent": "bone5",
				"pivot": [0, 0, 0],
				"cubes": [
					{"origin": [-1.25, 3, -1.25], "size": [2.5, 1, 2.5], "uv": [0, 1]}
				]
			},
			{
				"name": "bone7",
				"parent": "bone6",
				"pivot": [0, 0, 0],
				"cubes": [
					{"origin": [-1, 4, -1], "size": [2, 1, 2], "uv": [0, 0]}
				]
			},
			{
				"name": "bone8",
				"parent": "bone7",
				"pivot": [0, 1, 0],
				"cubes": [
					{"origin": [-0.875, 5, -0.875], "size": [1.75, 2, 1.75], "uv": [11, 13]}
				]
			},
			{
				"name": "bone9",
				"parent": "bone8",
				"pivot": [0, 1, 0],
				"cubes": [
					{"origin": [-0.875, 5, -0.875], "size": [1.75, 2, 1.75], "uv": [0, 12]}
				]
			},
			{
				"name": "bone10",
				"parent": "bone9",
				"pivot": [0, 3, 0],
				"cubes": [
					{"origin": [-0.75, 7, -0.75], "size": [1.5, 2, 1.5], "uv": [0, 9]}
				]
			},
			{
				"name": "bone11",
				"parent": "bone10",
				"pivot": [0, 3, 0],
				"cubes": [
					{"origin": [-0.625, 9, -0.625], "size": [1.25, 3, 1.25], "uv": [0, 2]}
				]
			},
			{
				"name": "bone12",
				"parent": "bone11",
				"pivot": [0, 3, 0],
				"cubes": [
					{"origin": [-0.5, 12, -0.5], "size": [1, 2, 1], "uv": [0, 6]}
				]
			},
			{
				"name": "bone13",
				"parent": "bone12",
				"pivot": [0, 3, 0],
				"cubes": [
					{"origin": [-0.5, 14, -0.5], "size": [1, 2, 1], "uv": [0, 0]}
				]
			}
		]
	}
}