{
	"format_version": "1.16.0",
	"minecraft:geometry": [
		{
			"description": {
				"identifier": "geometry.lz_gj",
				"texture_width": 16,
				"texture_height": 16,
				"visible_bounds_width": 2,
				"visible_bounds_height": 3.5,
				"visible_bounds_offset": [0, 1.25, 0]
			},
			"bones": [
				{
					"name": "rightitem",
					"pivot": [0, 20, 0],
					"binding": "q.item_slot_to_bone_name(c.item_slot)",
					"cubes": [
						{
							"origin": [-0.75, 25, -12.5],
							"size": [1.5, 1, 1],
							"uv": {
								"north": {"uv": [6, 2], "uv_size": [1, 1], "uv_rotation": 270},
								"east": {"uv": [7, 2], "uv_size": [-1, 1], "uv_rotation": 90},
								"south": {"uv": [6, 2], "uv_size": [1, 1], "uv_rotation": 270},
								"west": {"uv": [6, 2], "uv_size": [1, 1], "uv_rotation": 270},
								"up": {"uv": [7, 3], "uv_size": [-1, -1]},
								"down": {"uv": [7, 3], "uv_size": [-1, -1], "uv_rotation": 180}
							}
						},
						{
							"origin": [-0.75, 26, -12.5],
							"size": [1.5, 1, 1],
							"uv": {
								"north": {"uv": [7, 2], "uv_size": [1, 1], "uv_rotation": 270},
								"east": {"uv": [8, 2], "uv_size": [-1, 1], "uv_rotation": 90},
								"south": {"uv": [7, 2], "uv_size": [1, 1], "uv_rotation": 270},
								"west": {"uv": [7, 2], "uv_size": [1, 1], "uv_rotation": 270},
								"up": {"uv": [8, 3], "uv_size": [-1, -1]},
								"down": {"uv": [8, 3], "uv_size": [-1, -1], "uv_rotation": 180}
							}
						},
						{
							"origin": [-0.75, 27, -12.5],
							"size": [1.5, 1, 1],
							"uv": {
								"north": {"uv": [8, 2], "uv_size": [1, 1], "uv_rotation": 270},
								"east": {"uv": [9, 2], "uv_size": [-1, 1], "uv_rotation": 90},
								"south": {"uv": [8, 2], "uv_size": [1, 1], "uv_rotation": 270},
								"west": {"uv": [8, 2], "uv_size": [1, 1], "uv_rotation": 270},
								"up": {"uv": [9, 3], "uv_size": [-1, -1]},
								"down": {"uv": [9, 3], "uv_size": [-1, -1], "uv_rotation": 180}
							}
						},
						{
							"origin": [-0.75, 28, -12.5],
							"size": [1.5, 1, 1],
							"uv": {
								"north": {"uv": [9, 2], "uv_size": [1, 1], "uv_rotation": 270},
								"east": {"uv": [10, 2], "uv_size": [-1, 1], "uv_rotation": 90},
								"south": {"uv": [9, 2], "uv_size": [1, 1], "uv_rotation": 270},
								"west": {"uv": [9, 2], "uv_size": [1, 1], "uv_rotation": 270},
								"up": {"uv": [10, 3], "uv_size": [-1, -1]},
								"down": {"uv": [10, 3], "uv_size": [-1, -1], "uv_rotation": 180}
							}
						},
						{
							"origin": [-0.75, 29, -12.5],
							"size": [1.5, 1, 1],
							"uv": {
								"north": {"uv": [10, 2], "uv_size": [1, 1], "uv_rotation": 270},
								"east": {"uv": [11, 2], "uv_size": [-1, 1], "uv_rotation": 90},
								"south": {"uv": [10, 2], "uv_size": [1, 1], "uv_rotation": 270},
								"west": {"uv": [10, 2], "uv_size": [1, 1], "uv_rotation": 270},
								"up": {"uv": [11, 3], "uv_size": [-1, -1]},
								"down": {"uv": [11, 3], "uv_size": [-1, -1], "uv_rotation": 180}
							}
						},
						{
							"origin": [-0.75, 30, -12.5],
							"size": [1.5, 1, 1],
							"uv": {
								"north": {"uv": [11, 2], "uv_size": [1, 1], "uv_rotation": 270},
								"east": {"uv": [12, 2], "uv_size": [-1, 1], "uv_rotation": 90},
								"south": {"uv": [11, 2], "uv_size": [1, 1], "uv_rotation": 270},
								"west": {"uv": [11, 2], "uv_size": [1, 1], "uv_rotation": 270},
								"up": {"uv": [12, 3], "uv_size": [-1, -1]},
								"down": {"uv": [12, 3], "uv_size": [-1, -1], "uv_rotation": 180}
							}
						},
						{
							"origin": [-0.75, 31, -12.5],
							"size": [1.5, 1, 1],
							"uv": {
								"north": {"uv": [12, 2], "uv_size": [1, 1], "uv_rotation": 270},
								"east": {"uv": [13, 2], "uv_size": [-1, 1], "uv_rotation": 90},
								"south": {"uv": [12, 2], "uv_size": [1, 1], "uv_rotation": 270},
								"west": {"uv": [12, 2], "uv_size": [1, 1], "uv_rotation": 270},
								"up": {"uv": [13, 3], "uv_size": [-1, -1]},
								"down": {"uv": [13, 3], "uv_size": [-1, -1], "uv_rotation": 180}
							}
						},
						{
							"origin": [-0.75, 23, -11.5],
							"size": [1.5, 1, 1],
							"uv": {
								"north": {"uv": [4, 3], "uv_size": [1, 1], "uv_rotation": 270},
								"east": {"uv": [5, 3], "uv_size": [-1, 1], "uv_rotation": 90},
								"south": {"uv": [4, 3], "uv_size": [1, 1], "uv_rotation": 270},
								"west": {"uv": [4, 3], "uv_size": [1, 1], "uv_rotation": 270},
								"up": {"uv": [5, 4], "uv_size": [-1, -1]},
								"down": {"uv": [5, 4], "uv_size": [-1, -1], "uv_rotation": 180}
							}
						},
						{
							"origin": [-0.75, 24, -11.5],
							"size": [1.5, 1, 1],
							"uv": {
								"north": {"uv": [5, 3], "uv_size": [1, 1], "uv_rotation": 270},
								"east": {"uv": [6, 3], "uv_size": [-1, 1], "uv_rotation": 90},
								"south": {"uv": [5, 3], "uv_size": [1, 1], "uv_rotation": 270},
								"west": {"uv": [5, 3], "uv_size": [1, 1], "uv_rotation": 270},
								"up": {"uv": [6, 4], "uv_size": [-1, -1]},
								"down": {"uv": [6, 4], "uv_size": [-1, -1], "uv_rotation": 180}
							}
						},
						{
							"origin": [-0.75, 25, -11.5],
							"size": [1.5, 1, 1],
							"uv": {
								"north": {"uv": [6, 3], "uv_size": [1, 1], "uv_rotation": 270},
								"east": {"uv": [7, 3], "uv_size": [-1, 1], "uv_rotation": 90},
								"south": {"uv": [6, 3], "uv_size": [1, 1], "uv_rotation": 270},
								"west": {"uv": [6, 3], "uv_size": [1, 1], "uv_rotation": 270},
								"up": {"uv": [7, 4], "uv_size": [-1, -1]},
								"down": {"uv": [7, 4], "uv_size": [-1, -1], "uv_rotation": 180}
							}
						},
						{
							"origin": [-0.75, 30, -11.5],
							"size": [1.5, 1, 1],
							"uv": {
								"north": {"uv": [11, 3], "uv_size": [1, 1], "uv_rotation": 270},
								"east": {"uv": [12, 3], "uv_size": [-1, 1], "uv_rotation": 90},
								"south": {"uv": [11, 3], "uv_size": [1, 1], "uv_rotation": 270},
								"west": {"uv": [11, 3], "uv_size": [1, 1], "uv_rotation": 270},
								"up": {"uv": [12, 4], "uv_size": [-1, -1]},
								"down": {"uv": [12, 4], "uv_size": [-1, -1], "uv_rotation": 180}
							}
						},
						{
							"origin": [-0.75, 31, -11.5],
							"size": [1.5, 1, 1],
							"uv": {
								"north": {"uv": [12, 3], "uv_size": [1, 1], "uv_rotation": 270},
								"east": {"uv": [13, 3], "uv_size": [-1, 1], "uv_rotation": 90},
								"south": {"uv": [12, 3], "uv_size": [1, 1], "uv_rotation": 270},
								"west": {"uv": [12, 3], "uv_size": [1, 1], "uv_rotation": 270},
								"up": {"uv": [13, 4], "uv_size": [-1, -1]},
								"down": {"uv": [13, 4], "uv_size": [-1, -1], "uv_rotation": 180}
							}
						},
						{
							"origin": [-0.75, 32, -11.5],
							"size": [1.5, 1, 1],
							"uv": {
								"north": {"uv": [13, 3], "uv_size": [1, 1], "uv_rotation": 270},
								"east": {"uv": [14, 3], "uv_size": [-1, 1], "uv_rotation": 90},
								"south": {"uv": [13, 3], "uv_size": [1, 1], "uv_rotation": 270},
								"west": {"uv": [13, 3], "uv_size": [1, 1], "uv_rotation": 270},
								"up": {"uv": [14, 4], "uv_size": [-1, -1]},
								"down": {"uv": [14, 4], "uv_size": [-1, -1], "uv_rotation": 180}
							}
						},
						{
							"origin": [-0.75, 23, -10.5],
							"size": [1.5, 1, 1],
							"uv": {
								"north": {"uv": [4, 4], "uv_size": [1, 1], "uv_rotation": 270},
								"east": {"uv": [5, 4], "uv_size": [-1, 1], "uv_rotation": 90},
								"south": {"uv": [4, 4], "uv_size": [1, 1], "uv_rotation": 270},
								"west": {"uv": [4, 4], "uv_size": [1, 1], "uv_rotation": 270},
								"up": {"uv": [5, 5], "uv_size": [-1, -1]},
								"down": {"uv": [5, 5], "uv_size": [-1, -1], "uv_rotation": 180}
							}
						},
						{
							"origin": [-0.75, 31, -10.5],
							"size": [1.5, 1, 1],
							"uv": {
								"north": {"uv": [12, 4], "uv_size": [1, 1], "uv_rotation": 270},
								"east": {"uv": [13, 4], "uv_size": [-1, 1], "uv_rotation": 90},
								"south": {"uv": [12, 4], "uv_size": [1, 1], "uv_rotation": 270},
								"west": {"uv": [12, 4], "uv_size": [1, 1], "uv_rotation": 270},
								"up": {"uv": [13, 5], "uv_size": [-1, -1]},
								"down": {"uv": [13, 5], "uv_size": [-1, -1], "uv_rotation": 180}
							}
						},
						{
							"origin": [-0.75, 22, -9.5],
							"size": [1.5, 1, 1],
							"uv": {
								"north": {"uv": [3, 5], "uv_size": [1, 1], "uv_rotation": 270},
								"east": {"uv": [4, 5], "uv_size": [-1, 1], "uv_rotation": 90},
								"south": {"uv": [3, 5], "uv_size": [1, 1], "uv_rotation": 270},
								"west": {"uv": [3, 5], "uv_size": [1, 1], "uv_rotation": 270},
								"up": {"uv": [4, 6], "uv_size": [-1, -1]},
								"down": {"uv": [4, 6], "uv_size": [-1, -1], "uv_rotation": 180}
							}
						},
						{
							"origin": [-0.75, 31, -9.5],
							"size": [1.5, 1, 1],
							"uv": {
								"north": {"uv": [12, 5], "uv_size": [1, 1], "uv_rotation": 270},
								"east": {"uv": [13, 5], "uv_size": [-1, 1], "uv_rotation": 90},
								"south": {"uv": [12, 5], "uv_size": [1, 1], "uv_rotation": 270},
								"west": {"uv": [12, 5], "uv_size": [1, 1], "uv_rotation": 270},
								"up": {"uv": [13, 6], "uv_size": [-1, -1]},
								"down": {"uv": [13, 6], "uv_size": [-1, -1], "uv_rotation": 180}
							}
						},
						{
							"origin": [-0.75, 30, -8.5],
							"size": [1.5, 1, 1],
							"uv": {
								"north": {"uv": [11, 6], "uv_size": [1, 1], "uv_rotation": 270},
								"east": {"uv": [12, 6], "uv_size": [-1, 1], "uv_rotation": 90},
								"south": {"uv": [11, 6], "uv_size": [1, 1], "uv_rotation": 270},
								"west": {"uv": [11, 6], "uv_size": [1, 1], "uv_rotation": 270},
								"up": {"uv": [12, 7], "uv_size": [-1, -1]},
								"down": {"uv": [12, 7], "uv_size": [-1, -1], "uv_rotation": 180}
							}
						},
						{
							"origin": [-0.75, 28, -7.5],
							"size": [1.5, 1, 1],
							"uv": {
								"north": {"uv": [9, 7], "uv_size": [1, 1], "uv_rotation": 270},
								"east": {"uv": [10, 7], "uv_size": [-1, 1], "uv_rotation": 90},
								"south": {"uv": [9, 7], "uv_size": [1, 1], "uv_rotation": 270},
								"west": {"uv": [9, 7], "uv_size": [1, 1], "uv_rotation": 270},
								"up": {"uv": [10, 8], "uv_size": [-1, -1]},
								"down": {"uv": [10, 8], "uv_size": [-1, -1], "uv_rotation": 180}
							}
						},
						{
							"origin": [-0.75, 29, -7.5],
							"size": [1.5, 1, 1],
							"uv": {
								"north": {"uv": [10, 7], "uv_size": [1, 1], "uv_rotation": 270},
								"east": {"uv": [11, 7], "uv_size": [-1, 1], "uv_rotation": 90},
								"south": {"uv": [10, 7], "uv_size": [1, 1], "uv_rotation": 270},
								"west": {"uv": [10, 7], "uv_size": [1, 1], "uv_rotation": 270},
								"up": {"uv": [11, 8], "uv_size": [-1, -1]},
								"down": {"uv": [11, 8], "uv_size": [-1, -1], "uv_rotation": 180}
							}
						},
						{
							"origin": [-0.75, 27, -6.5],
							"size": [1.5, 1, 1],
							"uv": {
								"north": {"uv": [8, 8], "uv_size": [1, 1], "uv_rotation": 270},
								"east": {"uv": [9, 8], "uv_size": [-1, 1], "uv_rotation": 90},
								"south": {"uv": [8, 8], "uv_size": [1, 1], "uv_rotation": 270},
								"west": {"uv": [8, 8], "uv_size": [1, 1], "uv_rotation": 270},
								"up": {"uv": [9, 9], "uv_size": [-1, -1]},
								"down": {"uv": [9, 9], "uv_size": [-1, -1], "uv_rotation": 180}
							}
						},
						{
							"origin": [-0.75, 26, -5.5],
							"size": [1.5, 1, 1],
							"uv": {
								"north": {"uv": [7, 9], "uv_size": [1, 1], "uv_rotation": 270},
								"east": {"uv": [8, 9], "uv_size": [-1, 1], "uv_rotation": 90},
								"south": {"uv": [7, 9], "uv_size": [1, 1], "uv_rotation": 270},
								"west": {"uv": [7, 9], "uv_size": [1, 1], "uv_rotation": 270},
								"up": {"uv": [8, 10], "uv_size": [-1, -1]},
								"down": {"uv": [8, 10], "uv_size": [-1, -1], "uv_rotation": 180}
							}
						},
						{
							"origin": [-0.75, 25, -4.5],
							"size": [1.5, 1, 1],
							"uv": {
								"north": {"uv": [6, 10], "uv_size": [1, 1], "uv_rotation": 270},
								"east": {"uv": [7, 10], "uv_size": [-1, 1], "uv_rotation": 90},
								"south": {"uv": [6, 10], "uv_size": [1, 1], "uv_rotation": 270},
								"west": {"uv": [6, 10], "uv_size": [1, 1], "uv_rotation": 270},
								"up": {"uv": [7, 11], "uv_size": [-1, -1]},
								"down": {"uv": [7, 11], "uv_size": [-1, -1], "uv_rotation": 180}
							}
						},
						{
							"origin": [-0.75, 25, -3.5],
							"size": [1.5, 1, 1],
							"uv": {
								"north": {"uv": [6, 11], "uv_size": [1, 1], "uv_rotation": 270},
								"east": {"uv": [7, 11], "uv_size": [-1, 1], "uv_rotation": 90},
								"south": {"uv": [6, 11], "uv_size": [1, 1], "uv_rotation": 270},
								"west": {"uv": [6, 11], "uv_size": [1, 1], "uv_rotation": 270},
								"up": {"uv": [7, 12], "uv_size": [-1, -1]},
								"down": {"uv": [7, 12], "uv_size": [-1, -1], "uv_rotation": 180}
							}
						},
						{
							"origin": [-0.675, 28, -11.5],
							"size": [1.35, 1, 1],
							"uv": {
								"north": {"uv": [9, 3], "uv_size": [1, 1], "uv_rotation": 270},
								"east": {"uv": [10, 3], "uv_size": [-1, 1], "uv_rotation": 90},
								"south": {"uv": [9, 3], "uv_size": [1, 1], "uv_rotation": 270},
								"west": {"uv": [9, 3], "uv_size": [1, 1], "uv_rotation": 270},
								"up": {"uv": [10, 4], "uv_size": [-1, -1]},
								"down": {"uv": [10, 4], "uv_size": [-1, -1], "uv_rotation": 180}
							}
						},
						{
							"origin": [-0.675, 29, -11.5],
							"size": [1.35, 1, 1],
							"uv": {
								"north": {"uv": [10, 3], "uv_size": [1, 1], "uv_rotation": 270},
								"east": {"uv": [11, 3], "uv_size": [-1, 1], "uv_rotation": 90},
								"south": {"uv": [10, 3], "uv_size": [1, 1], "uv_rotation": 270},
								"west": {"uv": [10, 3], "uv_size": [1, 1], "uv_rotation": 270},
								"up": {"uv": [11, 4], "uv_size": [-1, -1]},
								"down": {"uv": [11, 4], "uv_size": [-1, -1], "uv_rotation": 180}
							}
						},
						{
							"origin": [-0.675, 29, -10.5],
							"size": [1.35, 1, 1],
							"uv": {
								"north": {"uv": [10, 4], "uv_size": [1, 1], "uv_rotation": 270},
								"east": {"uv": [11, 4], "uv_size": [-1, 1], "uv_rotation": 90},
								"south": {"uv": [10, 4], "uv_size": [1, 1], "uv_rotation": 270},
								"west": {"uv": [10, 4], "uv_size": [1, 1], "uv_rotation": 270},
								"up": {"uv": [11, 5], "uv_size": [-1, -1]},
								"down": {"uv": [11, 5], "uv_size": [-1, -1], "uv_rotation": 180}
							}
						},
						{
							"origin": [-0.675, 30, -10.5],
							"size": [1.35, 1, 1],
							"uv": {
								"north": {"uv": [11, 4], "uv_size": [1, 1], "uv_rotation": 270},
								"east": {"uv": [12, 4], "uv_size": [-1, 1], "uv_rotation": 90},
								"south": {"uv": [11, 4], "uv_size": [1, 1], "uv_rotation": 270},
								"west": {"uv": [11, 4], "uv_size": [1, 1], "uv_rotation": 270},
								"up": {"uv": [12, 5], "uv_size": [-1, -1]},
								"down": {"uv": [12, 5], "uv_size": [-1, -1], "uv_rotation": 180}
							}
						},
						{
							"origin": [-0.675, 28, -9.5],
							"size": [1.35, 1, 1],
							"uv": {
								"north": {"uv": [9, 5], "uv_size": [1, 1], "uv_rotation": 270},
								"east": {"uv": [10, 5], "uv_size": [-1, 1], "uv_rotation": 90},
								"south": {"uv": [9, 5], "uv_size": [1, 1], "uv_rotation": 270},
								"west": {"uv": [9, 5], "uv_size": [1, 1], "uv_rotation": 270},
								"up": {"uv": [10, 6], "uv_size": [-1, -1]},
								"down": {"uv": [10, 6], "uv_size": [-1, -1], "uv_rotation": 180}
							}
						},
						{
							"origin": [-0.675, 29, -9.5],
							"size": [1.35, 1, 1],
							"uv": {
								"north": {"uv": [10, 5], "uv_size": [1, 1], "uv_rotation": 270},
								"east": {"uv": [11, 5], "uv_size": [-1, 1], "uv_rotation": 90},
								"south": {"uv": [10, 5], "uv_size": [1, 1], "uv_rotation": 270},
								"west": {"uv": [10, 5], "uv_size": [1, 1], "uv_rotation": 270},
								"up": {"uv": [11, 6], "uv_size": [-1, -1]},
								"down": {"uv": [11, 6], "uv_size": [-1, -1], "uv_rotation": 180}
							}
						},
						{
							"origin": [-0.675, 30, -9.5],
							"size": [1.35, 1, 1],
							"uv": {
								"north": {"uv": [11, 5], "uv_size": [1, 1], "uv_rotation": 270},
								"east": {"uv": [12, 5], "uv_size": [-1, 1], "uv_rotation": 90},
								"south": {"uv": [11, 5], "uv_size": [1, 1], "uv_rotation": 270},
								"west": {"uv": [11, 5], "uv_size": [1, 1], "uv_rotation": 270},
								"up": {"uv": [12, 6], "uv_size": [-1, -1]},
								"down": {"uv": [12, 6], "uv_size": [-1, -1], "uv_rotation": 180}
							}
						},
						{
							"origin": [-0.675, 27, -8.5],
							"size": [1.35, 1, 1],
							"uv": {
								"north": {"uv": [8, 6], "uv_size": [1, 1], "uv_rotation": 270},
								"east": {"uv": [9, 6], "uv_size": [-1, 1], "uv_rotation": 90},
								"south": {"uv": [8, 6], "uv_size": [1, 1], "uv_rotation": 270},
								"west": {"uv": [8, 6], "uv_size": [1, 1], "uv_rotation": 270},
								"up": {"uv": [9, 7], "uv_size": [-1, -1]},
								"down": {"uv": [9, 7], "uv_size": [-1, -1], "uv_rotation": 180}
							}
						},
						{
							"origin": [-0.675, 28, -8.5],
							"size": [1.35, 1, 1],
							"uv": {
								"north": {"uv": [9, 6], "uv_size": [1, 1], "uv_rotation": 270},
								"east": {"uv": [10, 6], "uv_size": [-1, 1], "uv_rotation": 90},
								"south": {"uv": [9, 6], "uv_size": [1, 1], "uv_rotation": 270},
								"west": {"uv": [9, 6], "uv_size": [1, 1], "uv_rotation": 270},
								"up": {"uv": [10, 7], "uv_size": [-1, -1]},
								"down": {"uv": [10, 7], "uv_size": [-1, -1], "uv_rotation": 180}
							}
						},
						{
							"origin": [-0.675, 29, -8.5],
							"size": [1.35, 1, 1],
							"uv": {
								"north": {"uv": [10, 6], "uv_size": [1, 1], "uv_rotation": 270},
								"east": {"uv": [11, 6], "uv_size": [-1, 1], "uv_rotation": 90},
								"south": {"uv": [10, 6], "uv_size": [1, 1], "uv_rotation": 270},
								"west": {"uv": [10, 6], "uv_size": [1, 1], "uv_rotation": 270},
								"up": {"uv": [11, 7], "uv_size": [-1, -1]},
								"down": {"uv": [11, 7], "uv_size": [-1, -1], "uv_rotation": 180}
							}
						},
						{
							"origin": [-0.675, 26, -7.5],
							"size": [1.35, 1, 1],
							"uv": {
								"north": {"uv": [7, 7], "uv_size": [1, 1], "uv_rotation": 270},
								"east": {"uv": [8, 7], "uv_size": [-1, 1], "uv_rotation": 90},
								"south": {"uv": [7, 7], "uv_size": [1, 1], "uv_rotation": 270},
								"west": {"uv": [7, 7], "uv_size": [1, 1], "uv_rotation": 270},
								"up": {"uv": [8, 8], "uv_size": [-1, -1]},
								"down": {"uv": [8, 8], "uv_size": [-1, -1], "uv_rotation": 180}
							}
						},
						{
							"origin": [-0.675, 27, -7.5],
							"size": [1.35, 1, 1],
							"uv": {
								"north": {"uv": [8, 7], "uv_size": [1, 1], "uv_rotation": 270},
								"east": {"uv": [9, 7], "uv_size": [-1, 1], "uv_rotation": 90},
								"south": {"uv": [8, 7], "uv_size": [1, 1], "uv_rotation": 270},
								"west": {"uv": [8, 7], "uv_size": [1, 1], "uv_rotation": 270},
								"up": {"uv": [9, 8], "uv_size": [-1, -1]},
								"down": {"uv": [9, 8], "uv_size": [-1, -1], "uv_rotation": 180}
							}
						},
						{
							"origin": [-0.675, 26, -6.5],
							"size": [1.35, 1, 1],
							"uv": {
								"north": {"uv": [7, 8], "uv_size": [1, 1], "uv_rotation": 270},
								"east": {"uv": [8, 8], "uv_size": [-1, 1], "uv_rotation": 90},
								"south": {"uv": [7, 8], "uv_size": [1, 1], "uv_rotation": 270},
								"west": {"uv": [7, 8], "uv_size": [1, 1], "uv_rotation": 270},
								"up": {"uv": [8, 9], "uv_size": [-1, -1]},
								"down": {"uv": [8, 9], "uv_size": [-1, -1], "uv_rotation": 180}
							}
						},
						{
							"origin": [-0.675, 25, -5.5],
							"size": [1.35, 1, 1],
							"uv": {
								"north": {"uv": [6, 9], "uv_size": [1, 1], "uv_rotation": 270},
								"east": {"uv": [7, 9], "uv_size": [-1, 1], "uv_rotation": 90},
								"south": {"uv": [6, 9], "uv_size": [1, 1], "uv_rotation": 270},
								"west": {"uv": [6, 9], "uv_size": [1, 1], "uv_rotation": 270},
								"up": {"uv": [7, 10], "uv_size": [-1, -1]},
								"down": {"uv": [7, 10], "uv_size": [-1, -1], "uv_rotation": 180}
							}
						},
						{
							"origin": [-0.675, 24, -4.5],
							"size": [1.35, 1, 1],
							"uv": {
								"north": {"uv": [5, 10], "uv_size": [1, 1], "uv_rotation": 270},
								"east": {"uv": [6, 10], "uv_size": [-1, 1], "uv_rotation": 90},
								"south": {"uv": [5, 10], "uv_size": [1, 1], "uv_rotation": 270},
								"west": {"uv": [5, 10], "uv_size": [1, 1], "uv_rotation": 270},
								"up": {"uv": [6, 11], "uv_size": [-1, -1]},
								"down": {"uv": [6, 11], "uv_size": [-1, -1], "uv_rotation": 180}
							}
						},
						{
							"origin": [-0.675, 24, -3.5],
							"size": [1.35, 1, 1],
							"uv": {
								"north": {"uv": [5, 11], "uv_size": [1, 1], "uv_rotation": 270},
								"east": {"uv": [6, 11], "uv_size": [-1, 1], "uv_rotation": 90},
								"south": {"uv": [5, 11], "uv_size": [1, 1], "uv_rotation": 270},
								"west": {"uv": [5, 11], "uv_size": [1, 1], "uv_rotation": 270},
								"up": {"uv": [6, 12], "uv_size": [-1, -1]},
								"down": {"uv": [6, 12], "uv_size": [-1, -1], "uv_rotation": 180}
							}
						},
						{
							"origin": [-0.675, 20, -0.5],
							"size": [1.35, 1, 1],
							"uv": {
								"north": {"uv": [1, 14], "uv_size": [1, 1], "uv_rotation": 270},
								"east": {"uv": [2, 14], "uv_size": [-1, 1], "uv_rotation": 90},
								"south": {"uv": [1, 14], "uv_size": [1, 1], "uv_rotation": 270},
								"west": {"uv": [1, 14], "uv_size": [1, 1], "uv_rotation": 270},
								"up": {"uv": [2, 15], "uv_size": [-1, -1]},
								"down": {"uv": [2, 15], "uv_size": [-1, -1], "uv_rotation": 180}
							}
						},
						{
							"origin": [-0.675, 21, -0.5],
							"size": [1.35, 1, 1],
							"uv": {
								"north": {"uv": [2, 14], "uv_size": [1, 1], "uv_rotation": 270},
								"east": {"uv": [3, 14], "uv_size": [-1, 1], "uv_rotation": 90},
								"south": {"uv": [2, 14], "uv_size": [1, 1], "uv_rotation": 270},
								"west": {"uv": [2, 14], "uv_size": [1, 1], "uv_rotation": 270},
								"up": {"uv": [3, 15], "uv_size": [-1, -1]},
								"down": {"uv": [3, 15], "uv_size": [-1, -1], "uv_rotation": 180}
							}
						},
						{
							"origin": [-0.675, 20, 0.5],
							"size": [1.35, 1, 1],
							"uv": {
								"north": {"uv": [1, 15], "uv_size": [1, 1], "uv_rotation": 270},
								"east": {"uv": [2, 15], "uv_size": [-1, 1], "uv_rotation": 90},
								"south": {"uv": [1, 15], "uv_size": [1, 1], "uv_rotation": 270},
								"west": {"uv": [1, 15], "uv_size": [1, 1], "uv_rotation": 270},
								"up": {"uv": [2, 16], "uv_size": [-1, -1]},
								"down": {"uv": [2, 16], "uv_size": [-1, -1], "uv_rotation": 180}
							}
						},
						{
							"origin": [-0.65, 23, -2.5],
							"size": [1.3, 1, 1],
							"uv": {
								"north": {"uv": [4, 12], "uv_size": [1, 1], "uv_rotation": 270},
								"east": {"uv": [5, 12], "uv_size": [-1, 1], "uv_rotation": 90},
								"south": {"uv": [4, 12], "uv_size": [1, 1], "uv_rotation": 270},
								"west": {"uv": [4, 12], "uv_size": [1, 1], "uv_rotation": 270},
								"up": {"uv": [5, 13], "uv_size": [-1, -1]},
								"down": {"uv": [5, 13], "uv_size": [-1, -1], "uv_rotation": 180}
							}
						},
						{
							"origin": [-0.65, 22, -1.5],
							"size": [1.3, 1, 1],
							"uv": {
								"north": {"uv": [3, 13], "uv_size": [1, 1], "uv_rotation": 270},
								"east": {"uv": [4, 13], "uv_size": [-1, 1], "uv_rotation": 90},
								"south": {"uv": [3, 13], "uv_size": [1, 1], "uv_rotation": 270},
								"west": {"uv": [3, 13], "uv_size": [1, 1], "uv_rotation": 270},
								"up": {"uv": [4, 14], "uv_size": [-1, -1]},
								"down": {"uv": [4, 14], "uv_size": [-1, -1], "uv_rotation": 180}
							}
						},
						{
							"origin": [-0.5, 21, 0.5],
							"size": [1, 1, 1],
							"uv": {
								"north": {"uv": [2, 15], "uv_size": [1, 1], "uv_rotation": 270},
								"east": {"uv": [3, 15], "uv_size": [-1, 1], "uv_rotation": 90},
								"south": {"uv": [2, 15], "uv_size": [1, 1], "uv_rotation": 270},
								"west": {"uv": [2, 15], "uv_size": [1, 1], "uv_rotation": 270},
								"up": {"uv": [3, 16], "uv_size": [-1, -1]},
								"down": {"uv": [3, 16], "uv_size": [-1, -1], "uv_rotation": 180}
							}
						},
						{
							"origin": [-0.5, 22, -0.5],
							"size": [1, 1, 1],
							"uv": {
								"north": {"uv": [3, 14], "uv_size": [1, 1], "uv_rotation": 270},
								"east": {"uv": [4, 14], "uv_size": [-1, 1], "uv_rotation": 90},
								"south": {"uv": [3, 14], "uv_size": [1, 1], "uv_rotation": 270},
								"west": {"uv": [3, 14], "uv_size": [1, 1], "uv_rotation": 270},
								"up": {"uv": [4, 15], "uv_size": [-1, -1]},
								"down": {"uv": [4, 15], "uv_size": [-1, -1], "uv_rotation": 180}
							}
						},
						{
							"origin": [-0.5, 27, -1.5],
							"size": [1, 1, 1],
							"uv": {
								"north": {"uv": [8, 13], "uv_size": [1, 1], "uv_rotation": 270},
								"east": {"uv": [9, 13], "uv_size": [-1, 1], "uv_rotation": 90},
								"south": {"uv": [8, 13], "uv_size": [1, 1], "uv_rotation": 270},
								"west": {"uv": [8, 13], "uv_size": [1, 1], "uv_rotation": 270},
								"up": {"uv": [9, 14], "uv_size": [-1, -1]},
								"down": {"uv": [9, 14], "uv_size": [-1, -1], "uv_rotation": 180}
							}
						},
						{
							"origin": [-0.5, 26, -1.5],
							"size": [1, 1, 1],
							"uv": {
								"north": {"uv": [7, 13], "uv_size": [1, 1], "uv_rotation": 270},
								"east": {"uv": [8, 13], "uv_size": [-1, 1], "uv_rotation": 90},
								"south": {"uv": [7, 13], "uv_size": [1, 1], "uv_rotation": 270},
								"west": {"uv": [7, 13], "uv_size": [1, 1], "uv_rotation": 270},
								"up": {"uv": [8, 14], "uv_size": [-1, -1]},
								"down": {"uv": [8, 14], "uv_size": [-1, -1], "uv_rotation": 180}
							}
						},
						{
							"origin": [-0.5, 25, -1.5],
							"size": [1, 1, 1],
							"uv": {
								"north": {"uv": [6, 13], "uv_size": [1, 1], "uv_rotation": 270},
								"east": {"uv": [7, 13], "uv_size": [-1, 1], "uv_rotation": 90},
								"south": {"uv": [6, 13], "uv_size": [1, 1], "uv_rotation": 270},
								"west": {"uv": [6, 13], "uv_size": [1, 1], "uv_rotation": 270},
								"up": {"uv": [7, 14], "uv_size": [-1, -1]},
								"down": {"uv": [7, 14], "uv_size": [-1, -1], "uv_rotation": 180}
							}
						},
						{
							"origin": [-0.5, 24, -1.5],
							"size": [1, 1, 1],
							"uv": {
								"north": {"uv": [5, 13], "uv_size": [1, 1], "uv_rotation": 270},
								"east": {"uv": [6, 13], "uv_size": [-1, 1], "uv_rotation": 90},
								"south": {"uv": [5, 13], "uv_size": [1, 1], "uv_rotation": 270},
								"west": {"uv": [5, 13], "uv_size": [1, 1], "uv_rotation": 270},
								"up": {"uv": [6, 14], "uv_size": [-1, -1]},
								"down": {"uv": [6, 14], "uv_size": [-1, -1], "uv_rotation": 180}
							}
						},
						{
							"origin": [-0.5, 23, -1.5],
							"size": [1, 1, 1],
							"uv": {
								"north": {"uv": [4, 13], "uv_size": [1, 1], "uv_rotation": 270},
								"east": {"uv": [5, 13], "uv_size": [-1, 1], "uv_rotation": 90},
								"south": {"uv": [4, 13], "uv_size": [1, 1], "uv_rotation": 270},
								"west": {"uv": [4, 13], "uv_size": [1, 1], "uv_rotation": 270},
								"up": {"uv": [5, 14], "uv_size": [-1, -1]},
								"down": {"uv": [5, 14], "uv_size": [-1, -1], "uv_rotation": 180}
							}
						},
						{
							"origin": [-0.5, 21, -1.5],
							"size": [1, 1, 1],
							"uv": {
								"north": {"uv": [2, 13], "uv_size": [1, 1], "uv_rotation": 270},
								"east": {"uv": [3, 13], "uv_size": [-1, 1], "uv_rotation": 90},
								"south": {"uv": [2, 13], "uv_size": [1, 1], "uv_rotation": 270},
								"west": {"uv": [2, 13], "uv_size": [1, 1], "uv_rotation": 270},
								"up": {"uv": [3, 14], "uv_size": [-1, -1]},
								"down": {"uv": [3, 14], "uv_size": [-1, -1], "uv_rotation": 180}
							}
						},
						{
							"origin": [-0.5, 25, -2.5],
							"size": [1, 1, 1],
							"uv": {
								"north": {"uv": [6, 12], "uv_size": [1, 1], "uv_rotation": 270},
								"east": {"uv": [7, 12], "uv_size": [-1, 1], "uv_rotation": 90},
								"south": {"uv": [6, 12], "uv_size": [1, 1], "uv_rotation": 270},
								"west": {"uv": [6, 12], "uv_size": [1, 1], "uv_rotation": 270},
								"up": {"uv": [7, 13], "uv_size": [-1, -1]},
								"down": {"uv": [7, 13], "uv_size": [-1, -1], "uv_rotation": 180}
							}
						},
						{
							"origin": [-0.5, 24, -2.5],
							"size": [1, 1, 1],
							"uv": {
								"north": {"uv": [5, 12], "uv_size": [1, 1], "uv_rotation": 270},
								"east": {"uv": [6, 12], "uv_size": [-1, 1], "uv_rotation": 90},
								"south": {"uv": [5, 12], "uv_size": [1, 1], "uv_rotation": 270},
								"west": {"uv": [5, 12], "uv_size": [1, 1], "uv_rotation": 270},
								"up": {"uv": [6, 13], "uv_size": [-1, -1]},
								"down": {"uv": [6, 13], "uv_size": [-1, -1], "uv_rotation": 180}
							}
						},
						{
							"origin": [-0.5, 22, -2.5],
							"size": [1, 1, 1],
							"uv": {
								"north": {"uv": [3, 12], "uv_size": [1, 1], "uv_rotation": 270},
								"east": {"uv": [4, 12], "uv_size": [-1, 1], "uv_rotation": 90},
								"south": {"uv": [3, 12], "uv_size": [1, 1], "uv_rotation": 270},
								"west": {"uv": [3, 12], "uv_size": [1, 1], "uv_rotation": 270},
								"up": {"uv": [4, 13], "uv_size": [-1, -1]},
								"down": {"uv": [4, 13], "uv_size": [-1, -1], "uv_rotation": 180}
							}
						},
						{
							"origin": [-0.5, 26, -3.5],
							"size": [1, 1, 1],
							"uv": {
								"north": {"uv": [7, 11], "uv_size": [1, 1], "uv_rotation": 270},
								"east": {"uv": [8, 11], "uv_size": [-1, 1], "uv_rotation": 90},
								"south": {"uv": [7, 11], "uv_size": [1, 1], "uv_rotation": 270},
								"west": {"uv": [7, 11], "uv_size": [1, 1], "uv_rotation": 270},
								"up": {"uv": [8, 12], "uv_size": [-1, -1]},
								"down": {"uv": [8, 12], "uv_size": [-1, -1], "uv_rotation": 180}
							}
						},
						{
							"origin": [-0.5, 23, -3.5],
							"size": [1, 1, 1],
							"uv": {
								"north": {"uv": [4, 11], "uv_size": [1, 1], "uv_rotation": 270},
								"east": {"uv": [5, 11], "uv_size": [-1, 1], "uv_rotation": 90},
								"south": {"uv": [4, 11], "uv_size": [1, 1], "uv_rotation": 270},
								"west": {"uv": [4, 11], "uv_size": [1, 1], "uv_rotation": 270},
								"up": {"uv": [5, 12], "uv_size": [-1, -1]},
								"down": {"uv": [5, 12], "uv_size": [-1, -1], "uv_rotation": 180}
							}
						},
						{
							"origin": [-0.5, 26, -4.5],
							"size": [1, 1, 1],
							"uv": {
								"north": {"uv": [7, 10], "uv_size": [1, 1], "uv_rotation": 270},
								"east": {"uv": [8, 10], "uv_size": [-1, 1], "uv_rotation": 90},
								"south": {"uv": [7, 10], "uv_size": [1, 1], "uv_rotation": 270},
								"west": {"uv": [7, 10], "uv_size": [1, 1], "uv_rotation": 270},
								"up": {"uv": [8, 11], "uv_size": [-1, -1]},
								"down": {"uv": [8, 11], "uv_size": [-1, -1], "uv_rotation": 180}
							}
						},
						{
							"origin": [-0.5, 23, -4.5],
							"size": [1, 1, 1],
							"uv": {
								"north": {"uv": [4, 10], "uv_size": [1, 1], "uv_rotation": 270},
								"east": {"uv": [5, 10], "uv_size": [-1, 1], "uv_rotation": 90},
								"south": {"uv": [4, 10], "uv_size": [1, 1], "uv_rotation": 270},
								"west": {"uv": [4, 10], "uv_size": [1, 1], "uv_rotation": 270},
								"up": {"uv": [5, 11], "uv_size": [-1, -1]},
								"down": {"uv": [5, 11], "uv_size": [-1, -1], "uv_rotation": 180}
							}
						},
						{
							"origin": [-0.5, 27, -5.5],
							"size": [1, 1, 1],
							"uv": {
								"north": {"uv": [8, 9], "uv_size": [1, 1], "uv_rotation": 270},
								"east": {"uv": [9, 9], "uv_size": [-1, 1], "uv_rotation": 90},
								"south": {"uv": [8, 9], "uv_size": [1, 1], "uv_rotation": 270},
								"west": {"uv": [8, 9], "uv_size": [1, 1], "uv_rotation": 270},
								"up": {"uv": [9, 10], "uv_size": [-1, -1]},
								"down": {"uv": [9, 10], "uv_size": [-1, -1], "uv_rotation": 180}
							}
						},
						{
							"origin": [-0.5, 24, -5.5],
							"size": [1, 1, 1],
							"uv": {
								"north": {"uv": [5, 9], "uv_size": [1, 1], "uv_rotation": 270},
								"east": {"uv": [6, 9], "uv_size": [-1, 1], "uv_rotation": 90},
								"south": {"uv": [5, 9], "uv_size": [1, 1], "uv_rotation": 270},
								"west": {"uv": [5, 9], "uv_size": [1, 1], "uv_rotation": 270},
								"up": {"uv": [6, 10], "uv_size": [-1, -1]},
								"down": {"uv": [6, 10], "uv_size": [-1, -1], "uv_rotation": 180}
							}
						},
						{
							"origin": [-0.5, 29, -6.5],
							"size": [1, 1, 1],
							"uv": {
								"north": {"uv": [10, 8], "uv_size": [1, 1], "uv_rotation": 270},
								"east": {"uv": [11, 8], "uv_size": [-1, 1], "uv_rotation": 90},
								"south": {"uv": [10, 8], "uv_size": [1, 1], "uv_rotation": 270},
								"west": {"uv": [10, 8], "uv_size": [1, 1], "uv_rotation": 270},
								"up": {"uv": [11, 9], "uv_size": [-1, -1]},
								"down": {"uv": [11, 9], "uv_size": [-1, -1], "uv_rotation": 180}
							}
						},
						{
							"origin": [-0.5, 28, -6.5],
							"size": [1, 1, 1],
							"uv": {
								"north": {"uv": [9, 8], "uv_size": [1, 1], "uv_rotation": 270},
								"east": {"uv": [10, 8], "uv_size": [-1, 1], "uv_rotation": 90},
								"south": {"uv": [9, 8], "uv_size": [1, 1], "uv_rotation": 270},
								"west": {"uv": [9, 8], "uv_size": [1, 1], "uv_rotation": 270},
								"up": {"uv": [10, 9], "uv_size": [-1, -1]},
								"down": {"uv": [10, 9], "uv_size": [-1, -1], "uv_rotation": 180}
							}
						},
						{
							"origin": [-0.5, 25, -6.5],
							"size": [1, 1, 1],
							"uv": {
								"north": {"uv": [6, 8], "uv_size": [1, 1], "uv_rotation": 270},
								"east": {"uv": [7, 8], "uv_size": [-1, 1], "uv_rotation": 90},
								"south": {"uv": [6, 8], "uv_size": [1, 1], "uv_rotation": 270},
								"west": {"uv": [6, 8], "uv_size": [1, 1], "uv_rotation": 270},
								"up": {"uv": [7, 9], "uv_size": [-1, -1]},
								"down": {"uv": [7, 9], "uv_size": [-1, -1], "uv_rotation": 180}
							}
						},
						{
							"origin": [-0.5, 30, -7.5],
							"size": [1, 1, 1],
							"uv": {
								"north": {"uv": [11, 7], "uv_size": [1, 1], "uv_rotation": 270},
								"east": {"uv": [12, 7], "uv_size": [-1, 1], "uv_rotation": 90},
								"south": {"uv": [11, 7], "uv_size": [1, 1], "uv_rotation": 270},
								"west": {"uv": [11, 7], "uv_size": [1, 1], "uv_rotation": 270},
								"up": {"uv": [12, 8], "uv_size": [-1, -1]},
								"down": {"uv": [12, 8], "uv_size": [-1, -1], "uv_rotation": 180}
							}
						},
						{
							"origin": [-0.5, 25, -7.5],
							"size": [1, 1, 1],
							"uv": {
								"north": {"uv": [6, 7], "uv_size": [1, 1], "uv_rotation": 270},
								"east": {"uv": [7, 7], "uv_size": [-1, 1], "uv_rotation": 90},
								"south": {"uv": [6, 7], "uv_size": [1, 1], "uv_rotation": 270},
								"west": {"uv": [6, 7], "uv_size": [1, 1], "uv_rotation": 270},
								"up": {"uv": [7, 8], "uv_size": [-1, -1]},
								"down": {"uv": [7, 8], "uv_size": [-1, -1], "uv_rotation": 180}
							}
						},
						{
							"origin": [-0.5, 31, -8.5],
							"size": [1, 1, 1],
							"uv": {
								"north": {"uv": [12, 6], "uv_size": [1, 1], "uv_rotation": 270},
								"east": {"uv": [13, 6], "uv_size": [-1, 1], "uv_rotation": 90},
								"south": {"uv": [12, 6], "uv_size": [1, 1], "uv_rotation": 270},
								"west": {"uv": [12, 6], "uv_size": [1, 1], "uv_rotation": 270},
								"up": {"uv": [13, 7], "uv_size": [-1, -1]},
								"down": {"uv": [13, 7], "uv_size": [-1, -1], "uv_rotation": 180}
							}
						},
						{
							"origin": [-0.5, 26, -8.5],
							"size": [1, 1, 1],
							"uv": {
								"north": {"uv": [7, 6], "uv_size": [1, 1], "uv_rotation": 270},
								"east": {"uv": [8, 6], "uv_size": [-1, 1], "uv_rotation": 90},
								"south": {"uv": [7, 6], "uv_size": [1, 1], "uv_rotation": 270},
								"west": {"uv": [7, 6], "uv_size": [1, 1], "uv_rotation": 270},
								"up": {"uv": [8, 7], "uv_size": [-1, -1]},
								"down": {"uv": [8, 7], "uv_size": [-1, -1], "uv_rotation": 180}
							}
						},
						{
							"origin": [-0.5, 21, -8.5],
							"size": [1, 1, 1],
							"uv": {
								"north": {"uv": [2, 6], "uv_size": [1, 1], "uv_rotation": 270},
								"east": {"uv": [3, 6], "uv_size": [-1, 1], "uv_rotation": 90},
								"south": {"uv": [2, 6], "uv_size": [1, 1], "uv_rotation": 270},
								"west": {"uv": [2, 6], "uv_size": [1, 1], "uv_rotation": 270},
								"up": {"uv": [3, 7], "uv_size": [-1, -1]},
								"down": {"uv": [3, 7], "uv_size": [-1, -1], "uv_rotation": 180}
							}
						},
						{
							"origin": [-0.5, 32, -9.5],
							"size": [1, 1, 1],
							"uv": {
								"north": {"uv": [13, 5], "uv_size": [1, 1], "uv_rotation": 270},
								"east": {"uv": [14, 5], "uv_size": [-1, 1], "uv_rotation": 90},
								"south": {"uv": [13, 5], "uv_size": [1, 1], "uv_rotation": 270},
								"west": {"uv": [13, 5], "uv_size": [1, 1], "uv_rotation": 270},
								"up": {"uv": [14, 6], "uv_size": [-1, -1]},
								"down": {"uv": [14, 6], "uv_size": [-1, -1], "uv_rotation": 180}
							}
						},
						{
							"origin": [-0.5, 27, -9.5],
							"size": [1, 1, 1],
							"uv": {
								"north": {"uv": [8, 5], "uv_size": [1, 1], "uv_rotation": 270},
								"east": {"uv": [9, 5], "uv_size": [-1, 1], "uv_rotation": 90},
								"south": {"uv": [8, 5], "uv_size": [1, 1], "uv_rotation": 270},
								"west": {"uv": [8, 5], "uv_size": [1, 1], "uv_rotation": 270},
								"up": {"uv": [9, 6], "uv_size": [-1, -1]},
								"down": {"uv": [9, 6], "uv_size": [-1, -1], "uv_rotation": 180}
							}
						},
						{
							"origin": [-0.5, 23, -9.5],
							"size": [1, 1, 1],
							"uv": {
								"north": {"uv": [4, 5], "uv_size": [1, 1], "uv_rotation": 270},
								"east": {"uv": [5, 5], "uv_size": [-1, 1], "uv_rotation": 90},
								"south": {"uv": [4, 5], "uv_size": [1, 1], "uv_rotation": 270},
								"west": {"uv": [4, 5], "uv_size": [1, 1], "uv_rotation": 270},
								"up": {"uv": [5, 6], "uv_size": [-1, -1]},
								"down": {"uv": [5, 6], "uv_size": [-1, -1], "uv_rotation": 180}
							}
						},
						{
							"origin": [-0.5, 21, -9.5],
							"size": [1, 1, 1],
							"uv": {
								"north": {"uv": [2, 5], "uv_size": [1, 1], "uv_rotation": 270},
								"east": {"uv": [3, 5], "uv_size": [-1, 1], "uv_rotation": 90},
								"south": {"uv": [2, 5], "uv_size": [1, 1], "uv_rotation": 270},
								"west": {"uv": [2, 5], "uv_size": [1, 1], "uv_rotation": 270},
								"up": {"uv": [3, 6], "uv_size": [-1, -1]},
								"down": {"uv": [3, 6], "uv_size": [-1, -1], "uv_rotation": 180}
							}
						},
						{
							"origin": [-0.5, 32, -10.5],
							"size": [1, 1, 1],
							"uv": {
								"north": {"uv": [13, 4], "uv_size": [1, 1], "uv_rotation": 270},
								"east": {"uv": [14, 4], "uv_size": [-1, 1], "uv_rotation": 90},
								"south": {"uv": [13, 4], "uv_size": [1, 1], "uv_rotation": 270},
								"west": {"uv": [13, 4], "uv_size": [1, 1], "uv_rotation": 270},
								"up": {"uv": [14, 5], "uv_size": [-1, -1]},
								"down": {"uv": [14, 5], "uv_size": [-1, -1], "uv_rotation": 180}
							}
						},
						{
							"origin": [-0.5, 28, -10.5],
							"size": [1, 1, 1],
							"uv": {
								"north": {"uv": [9, 4], "uv_size": [1, 1], "uv_rotation": 270},
								"east": {"uv": [10, 4], "uv_size": [-1, 1], "uv_rotation": 90},
								"south": {"uv": [9, 4], "uv_size": [1, 1], "uv_rotation": 270},
								"west": {"uv": [9, 4], "uv_size": [1, 1], "uv_rotation": 270},
								"up": {"uv": [10, 5], "uv_size": [-1, -1]},
								"down": {"uv": [10, 5], "uv_size": [-1, -1], "uv_rotation": 180}
							}
						},
						{
							"origin": [-0.5, 25, -10.5],
							"size": [1, 1, 1],
							"uv": {
								"north": {"uv": [6, 4], "uv_size": [1, 1], "uv_rotation": 270},
								"east": {"uv": [7, 4], "uv_size": [-1, 1], "uv_rotation": 90},
								"south": {"uv": [6, 4], "uv_size": [1, 1], "uv_rotation": 270},
								"west": {"uv": [6, 4], "uv_size": [1, 1], "uv_rotation": 270},
								"up": {"uv": [7, 5], "uv_size": [-1, -1]},
								"down": {"uv": [7, 5], "uv_size": [-1, -1], "uv_rotation": 180}
							}
						},
						{
							"origin": [-0.5, 24, -10.5],
							"size": [1, 1, 1],
							"uv": {
								"north": {"uv": [5, 4], "uv_size": [1, 1], "uv_rotation": 270},
								"east": {"uv": [6, 4], "uv_size": [-1, 1], "uv_rotation": 90},
								"south": {"uv": [5, 4], "uv_size": [1, 1], "uv_rotation": 270},
								"west": {"uv": [5, 4], "uv_size": [1, 1], "uv_rotation": 270},
								"up": {"uv": [6, 5], "uv_size": [-1, -1]},
								"down": {"uv": [6, 5], "uv_size": [-1, -1], "uv_rotation": 180}
							}
						},
						{
							"origin": [-0.5, 22, -10.5],
							"size": [1, 1, 1],
							"uv": {
								"north": {"uv": [3, 4], "uv_size": [1, 1], "uv_rotation": 270},
								"east": {"uv": [4, 4], "uv_size": [-1, 1], "uv_rotation": 90},
								"south": {"uv": [3, 4], "uv_size": [1, 1], "uv_rotation": 270},
								"west": {"uv": [3, 4], "uv_size": [1, 1], "uv_rotation": 270},
								"up": {"uv": [4, 5], "uv_size": [-1, -1]},
								"down": {"uv": [4, 5], "uv_size": [-1, -1], "uv_rotation": 180}
							}
						},
						{
							"origin": [-0.5, 33, -11.5],
							"size": [1, 1, 1],
							"uv": {
								"north": {"uv": [14, 3], "uv_size": [1, 1], "uv_rotation": 270},
								"east": {"uv": [15, 3], "uv_size": [-1, 1], "uv_rotation": 90},
								"south": {"uv": [14, 3], "uv_size": [1, 1], "uv_rotation": 270},
								"west": {"uv": [14, 3], "uv_size": [1, 1], "uv_rotation": 270},
								"up": {"uv": [15, 4], "uv_size": [-1, -1]},
								"down": {"uv": [15, 4], "uv_size": [-1, -1], "uv_rotation": 180}
							}
						},
						{
							"origin": [-0.5, 27, -11.5],
							"size": [1, 1, 1],
							"uv": {
								"north": {"uv": [8, 3], "uv_size": [1, 1], "uv_rotation": 270},
								"east": {"uv": [9, 3], "uv_size": [-1, 1], "uv_rotation": 90},
								"south": {"uv": [8, 3], "uv_size": [1, 1], "uv_rotation": 270},
								"west": {"uv": [8, 3], "uv_size": [1, 1], "uv_rotation": 270},
								"up": {"uv": [9, 4], "uv_size": [-1, -1]},
								"down": {"uv": [9, 4], "uv_size": [-1, -1], "uv_rotation": 180}
							}
						},
						{
							"origin": [-0.5, 26, -11.5],
							"size": [1, 1, 1],
							"uv": {
								"north": {"uv": [7, 3], "uv_size": [1, 1], "uv_rotation": 270},
								"east": {"uv": [8, 3], "uv_size": [-1, 1], "uv_rotation": 90},
								"south": {"uv": [7, 3], "uv_size": [1, 1], "uv_rotation": 270},
								"west": {"uv": [7, 3], "uv_size": [1, 1], "uv_rotation": 270},
								"up": {"uv": [8, 4], "uv_size": [-1, -1]},
								"down": {"uv": [8, 4], "uv_size": [-1, -1], "uv_rotation": 180}
							}
						},
						{
							"origin": [-0.5, 22, -11.5],
							"size": [1, 1, 1],
							"uv": {
								"north": {"uv": [3, 3], "uv_size": [1, 1], "uv_rotation": 270},
								"east": {"uv": [4, 3], "uv_size": [-1, 1], "uv_rotation": 90},
								"south": {"uv": [3, 3], "uv_size": [1, 1], "uv_rotation": 270},
								"west": {"uv": [3, 3], "uv_size": [1, 1], "uv_rotation": 270},
								"up": {"uv": [4, 4], "uv_size": [-1, -1]},
								"down": {"uv": [4, 4], "uv_size": [-1, -1], "uv_rotation": 180}
							}
						},
						{
							"origin": [-0.5, 32, -12.5],
							"size": [1, 1, 1],
							"uv": {
								"north": {"uv": [13, 2], "uv_size": [1, 1], "uv_rotation": 270},
								"east": {"uv": [14, 2], "uv_size": [-1, 1], "uv_rotation": 90},
								"south": {"uv": [13, 2], "uv_size": [1, 1], "uv_rotation": 270},
								"west": {"uv": [13, 2], "uv_size": [1, 1], "uv_rotation": 270},
								"up": {"uv": [14, 3], "uv_size": [-1, -1]},
								"down": {"uv": [14, 3], "uv_size": [-1, -1], "uv_rotation": 180}
							}
						},
						{
							"origin": [-0.5, 24, -12.5],
							"size": [1, 1, 1],
							"uv": {
								"north": {"uv": [5, 2], "uv_size": [1, 1], "uv_rotation": 270},
								"east": {"uv": [6, 2], "uv_size": [-1, 1], "uv_rotation": 90},
								"south": {"uv": [5, 2], "uv_size": [1, 1], "uv_rotation": 270},
								"west": {"uv": [5, 2], "uv_size": [1, 1], "uv_rotation": 270},
								"up": {"uv": [6, 3], "uv_size": [-1, -1]},
								"down": {"uv": [6, 3], "uv_size": [-1, -1], "uv_rotation": 180}
							}
						},
						{
							"origin": [-0.5, 23, -12.5],
							"size": [1, 1, 1],
							"uv": {
								"north": {"uv": [4, 2], "uv_size": [1, 1], "uv_rotation": 270},
								"east": {"uv": [5, 2], "uv_size": [-1, 1], "uv_rotation": 90},
								"south": {"uv": [4, 2], "uv_size": [1, 1], "uv_rotation": 270},
								"west": {"uv": [4, 2], "uv_size": [1, 1], "uv_rotation": 270},
								"up": {"uv": [5, 3], "uv_size": [-1, -1]},
								"down": {"uv": [5, 3], "uv_size": [-1, -1], "uv_rotation": 180}
							}
						},
						{
							"origin": [-0.5, 31, -13.5],
							"size": [1, 1, 1],
							"uv": {
								"north": {"uv": [12, 1], "uv_size": [1, 1], "uv_rotation": 270},
								"east": {"uv": [13, 1], "uv_size": [-1, 1], "uv_rotation": 90},
								"south": {"uv": [12, 1], "uv_size": [1, 1], "uv_rotation": 270},
								"west": {"uv": [12, 1], "uv_size": [1, 1], "uv_rotation": 270},
								"up": {"uv": [13, 2], "uv_size": [-1, -1]},
								"down": {"uv": [13, 2], "uv_size": [-1, -1], "uv_rotation": 180}
							}
						},
						{
							"origin": [-0.5, 30, -13.5],
							"size": [1, 1, 1],
							"uv": {
								"north": {"uv": [11, 1], "uv_size": [1, 1], "uv_rotation": 270},
								"east": {"uv": [12, 1], "uv_size": [-1, 1], "uv_rotation": 90},
								"south": {"uv": [11, 1], "uv_size": [1, 1], "uv_rotation": 270},
								"west": {"uv": [11, 1], "uv_size": [1, 1], "uv_rotation": 270},
								"up": {"uv": [12, 2], "uv_size": [-1, -1]},
								"down": {"uv": [12, 2], "uv_size": [-1, -1], "uv_rotation": 180}
							}
						},
						{
							"origin": [-0.5, 29, -13.5],
							"size": [1, 1, 1],
							"uv": {
								"north": {"uv": [10, 1], "uv_size": [1, 1], "uv_rotation": 270},
								"east": {"uv": [11, 1], "uv_size": [-1, 1], "uv_rotation": 90},
								"south": {"uv": [10, 1], "uv_size": [1, 1], "uv_rotation": 270},
								"west": {"uv": [10, 1], "uv_size": [1, 1], "uv_rotation": 270},
								"up": {"uv": [11, 2], "uv_size": [-1, -1]},
								"down": {"uv": [11, 2], "uv_size": [-1, -1], "uv_rotation": 180}
							}
						},
						{
							"origin": [-0.5, 28, -13.5],
							"size": [1, 1, 1],
							"uv": {
								"north": {"uv": [9, 1], "uv_size": [1, 1], "uv_rotation": 270},
								"east": {"uv": [10, 1], "uv_size": [-1, 1], "uv_rotation": 90},
								"south": {"uv": [9, 1], "uv_size": [1, 1], "uv_rotation": 270},
								"west": {"uv": [9, 1], "uv_size": [1, 1], "uv_rotation": 270},
								"up": {"uv": [10, 2], "uv_size": [-1, -1]},
								"down": {"uv": [10, 2], "uv_size": [-1, -1], "uv_rotation": 180}
							}
						},
						{
							"origin": [-0.5, 27, -13.5],
							"size": [1, 1, 1],
							"uv": {
								"north": {"uv": [8, 1], "uv_size": [1, 1], "uv_rotation": 270},
								"east": {"uv": [9, 1], "uv_size": [-1, 1], "uv_rotation": 90},
								"south": {"uv": [8, 1], "uv_size": [1, 1], "uv_rotation": 270},
								"west": {"uv": [8, 1], "uv_size": [1, 1], "uv_rotation": 270},
								"up": {"uv": [9, 2], "uv_size": [-1, -1]},
								"down": {"uv": [9, 2], "uv_size": [-1, -1], "uv_rotation": 180}
							}
						},
						{
							"origin": [-0.5, 26, -13.5],
							"size": [1, 1, 1],
							"uv": {
								"north": {"uv": [7, 1], "uv_size": [1, 1], "uv_rotation": 270},
								"east": {"uv": [8, 1], "uv_size": [-1, 1], "uv_rotation": 90},
								"south": {"uv": [7, 1], "uv_size": [1, 1], "uv_rotation": 270},
								"west": {"uv": [7, 1], "uv_size": [1, 1], "uv_rotation": 270},
								"up": {"uv": [8, 2], "uv_size": [-1, -1]},
								"down": {"uv": [8, 2], "uv_size": [-1, -1], "uv_rotation": 180}
							}
						},
						{
							"origin": [-0.5, 25, -13.5],
							"size": [1, 1, 1],
							"uv": {
								"north": {"uv": [6, 1], "uv_size": [1, 1], "uv_rotation": 270},
								"east": {"uv": [7, 1], "uv_size": [-1, 1], "uv_rotation": 90},
								"south": {"uv": [6, 1], "uv_size": [1, 1], "uv_rotation": 270},
								"west": {"uv": [6, 1], "uv_size": [1, 1], "uv_rotation": 270},
								"up": {"uv": [7, 2], "uv_size": [-1, -1]},
								"down": {"uv": [7, 2], "uv_size": [-1, -1], "uv_rotation": 180}
							}
						}
					]
				}
			]
		}
	]
}