{
	"format_version": "1.12.0",
	"minecraft:geometry": [
		{
			"description": {
				"identifier": "geometry.lz_grave",
				"texture_width": 64,
				"texture_height": 64,
				"visible_bounds_width": 3,
				"visible_bounds_height": 3.5,
				"visible_bounds_offset": [0, 1.25, 0]
			},
			"bones": [
				{
					"name": "waist",
					"pivot": [0, 12, 0]
				},
				{
					"name": "part_body",
					"parent": "waist",
					"pivot": [0, 18, 0],
					"cubes": [
						{
							"origin": [-4, 12, -2],
							"size": [8, 7, 4],
							"uv": {
								"north": {"uv": [20, 25], "uv_size": [8, 7]},
								"east": {"uv": [16, 25], "uv_size": [4, 7]},
								"south": {"uv": [32, 25], "uv_size": [8, 7]},
								"west": {"uv": [28, 25], "uv_size": [4, 7]},
								"up": {"uv": [32, 24], "uv_size": [8, 4]},
								"down": {"uv": [28, 20], "uv_size": [8, -4]}
							}
						}
					]
				},
				{
					"name": "jacket2",
					"parent": "part_body",
					"pivot": [0, 18, 0],
					"cubes": [
						{
							"origin": [-4.25, 11.75, -2.25],
							"size": [8.5, 6.25, 4.5],
							"uv": {
								"north": {"uv": [20, 36], "uv_size": [8, 12]},
								"east": {"uv": [16, 36], "uv_size": [4, 12]},
								"south": {"uv": [32, 36], "uv_size": [8, 12]},
								"west": {"uv": [28, 36], "uv_size": [4, 12]},
								"up": {"uv": [20, 32], "uv_size": [8, 4]},
								"down": {"uv": [28, 36], "uv_size": [8, -4]}
							}
						}
					]
				},
				{
					"name": "body",
					"parent": "part_body",
					"pivot": [0, 24, 0],
					"cubes": [
						{
							"origin": [-4, 18, -2],
							"size": [8, 6, 4],
							"uv": {
								"north": {"uv": [20, 20], "uv_size": [8, 6]},
								"east": {"uv": [16, 20], "uv_size": [4, 6]},
								"south": {"uv": [32, 20], "uv_size": [8, 6]},
								"west": {"uv": [28, 20], "uv_size": [4, 6]},
								"up": {"uv": [20, 16], "uv_size": [8, 4]},
								"down": {"uv": [32, 28], "uv_size": [8, -4]}
							}
						}
					]
				},
				{
					"name": "jacket",
					"parent": "body",
					"pivot": [0, 24, 0],
					"cubes": [
						{
							"origin": [-4.25, 18, -2.25],
							"size": [8.5, 6.25, 4.5],
							"uv": {
								"north": {"uv": [20, 36], "uv_size": [8, 12]},
								"east": {"uv": [16, 36], "uv_size": [4, 12]},
								"south": {"uv": [32, 36], "uv_size": [8, 12]},
								"west": {"uv": [28, 36], "uv_size": [4, 12]},
								"up": {"uv": [20, 32], "uv_size": [8, 4]},
								"down": {"uv": [28, 36], "uv_size": [8, -4]}
							}
						}
					]
				},
				{
					"name": "head",
					"parent": "body",
					"pivot": [0, 24, 0],
					"cubes": [
						{
							"origin": [-4, 26, -4],
							"size": [8, 6, 8],
							"uv": {
								"north": {"uv": [8, 8], "uv_size": [8, 6]},
								"east": {"uv": [0, 8], "uv_size": [8, 6]},
								"south": {"uv": [24, 8], "uv_size": [8, 6]},
								"west": {"uv": [16, 8], "uv_size": [8, 6]},
								"up": {"uv": [8, 0], "uv_size": [8, 8]},
								"down": {"uv": [24, 8], "uv_size": [8, -8]}
							}
						}
					]
				},
				{
					"name": "chin",
					"parent": "head",
					"pivot": [0, 25, 0],
					"cubes": [
						{
							"origin": [-4, 24, -4],
							"size": [8, 2, 8],
							"uv": {
								"north": {"uv": [8, 14], "uv_size": [8, 2]},
								"east": {"uv": [0, 14], "uv_size": [8, 2]},
								"south": {"uv": [24, 14], "uv_size": [8, 2]},
								"west": {"uv": [16, 14], "uv_size": [8, 2]},
								"up": {"uv": [24, 0], "uv_size": [8, 8]},
								"down": {"uv": [16, 8], "uv_size": [8, -8]}
							}
						},
						{
							"origin": [-2, 26, -2],
							"size": [4, 1, 6],
							"uv": {
								"north": {"uv": [26, 4], "uv_size": [4, 4]},
								"east": {"uv": [25, 4], "uv_size": [2, 4]},
								"south": {"uv": [26, 13], "uv_size": [4, 1]},
								"west": {"uv": [29, 4], "uv_size": [2, 4]},
								"up": {"uv": [30, 3], "uv_size": [-4, 5]},
								"down": {"uv": [30, 8], "uv_size": [-4, -8]}
							}
						},
						{
							"origin": [2, 24, -4],
							"size": [2, 3, 8],
							"uv": {
								"north": {"uv": [14, 13], "uv_size": [2, 3]},
								"east": {"uv": [26, 4], "uv_size": [4, 4]},
								"south": {"uv": [24, 13], "uv_size": [2, 3]},
								"west": {"uv": [16, 13], "uv_size": [8, 3]},
								"up": {"uv": [22, 0], "uv_size": [2, 8]},
								"down": {"uv": [22, 8], "uv_size": [2, -8]}
							}
						},
						{
							"origin": [-4, 24, -4],
							"size": [2, 3, 8],
							"uv": {
								"north": {"uv": [8, 13], "uv_size": [2, 3]},
								"east": {"uv": [0, 13], "uv_size": [8, 3]},
								"south": {"uv": [30, 13], "uv_size": [2, 3]},
								"west": {"uv": [26, 7], "uv_size": [4, 1]},
								"up": {"uv": [16, 0], "uv_size": [2, 8]},
								"down": {"uv": [16, 8], "uv_size": [2, -8]}
							}
						}
					]
				},
				{
					"name": "rightmouth",
					"parent": "chin",
					"pivot": [-2, 26, -3],
					"cubes": [
						{
							"origin": [-3, 26, -4],
							"size": [2, 1, 2],
							"uv": {
								"north": {"uv": [24, 7], "uv_size": [2, -1]},
								"east": {"uv": [25, 7], "uv_size": [1, -1]},
								"south": {"uv": [26, 7], "uv_size": [2, -1]},
								"west": {"uv": [26, 7], "uv_size": [1, -1]},
								"up": {"uv": [28, 6], "uv_size": [-2, -2]},
								"down": {"uv": [28, 3], "uv_size": [-2, 2]}
							}
						}
					]
				},
				{
					"name": "rightmouth2",
					"parent": "chin",
					"pivot": [-2, 26, -3],
					"cubes": [
						{
							"origin": [-3, 26, -4],
							"size": [2, 1, 2],
							"uv": {
								"north": {"uv": [24, 7], "uv_size": [2, -1]},
								"east": {"uv": [25, 7], "uv_size": [1, -1]},
								"south": {"uv": [26, 7], "uv_size": [2, -1]},
								"west": {"uv": [26, 7], "uv_size": [1, -1]},
								"up": {"uv": [28, 6], "uv_size": [-2, -2]},
								"down": {"uv": [28, 3], "uv_size": [-2, 2]}
							}
						}
					]
				},
				{
					"name": "leftmouth",
					"parent": "chin",
					"pivot": [2, 26, -3],
					"cubes": [
						{
							"origin": [1, 26, -4],
							"size": [2, 1, 2],
							"uv": {
								"north": {"uv": [24, 7], "uv_size": [2, -1]},
								"east": {"uv": [26, 7], "uv_size": [1, -1]},
								"south": {"uv": [26, 7], "uv_size": [2, -1]},
								"west": {"uv": [25, 7], "uv_size": [1, -1]},
								"up": {"uv": [28, 6], "uv_size": [-2, -2]},
								"down": {"uv": [28, 3], "uv_size": [-2, 2]}
							}
						}
					]
				},
				{
					"name": "leftmouth2",
					"parent": "chin",
					"pivot": [2, 26, -3],
					"cubes": [
						{
							"origin": [1, 26, -4],
							"size": [2, 1, 2],
							"uv": {
								"north": {"uv": [24, 7], "uv_size": [2, -1]},
								"east": {"uv": [26, 7], "uv_size": [1, -1]},
								"south": {"uv": [26, 7], "uv_size": [2, -1]},
								"west": {"uv": [25, 7], "uv_size": [1, -1]},
								"up": {"uv": [28, 6], "uv_size": [-2, -2]},
								"down": {"uv": [28, 3], "uv_size": [-2, 2]}
							}
						}
					]
				},
				{
					"name": "hat",
					"parent": "head",
					"pivot": [0, 24, 0],
					"cubes": [
						{
							"origin": [-4, 24, -4],
							"size": [8, 8, 8],
							"inflate": 0.5,
							"uv": {
								"north": {"uv": [40, 8], "uv_size": [8, 8]},
								"east": {"uv": [32, 8], "uv_size": [8, 8]},
								"south": {"uv": [56, 8], "uv_size": [8, 8]},
								"west": {"uv": [48, 8], "uv_size": [8, 8]},
								"up": {"uv": [40, 0], "uv_size": [8, 8]},
								"down": {"uv": [48, 8], "uv_size": [8, -8]}
							}
						}
					]
				},
				{
					"name": "eye",
					"parent": "head",
					"pivot": [-1, 27, -4],
					"cubes": [
						{
							"origin": [-2, 27.1, -4.025],
							"size": [0.8, 0.8, 0.05],
							"uv": {
								"north": {"uv": [0, 0], "uv_size": [0.8, 0.8]},
								"east": {"uv": [0, 0], "uv_size": [0.05, 0.8]},
								"south": {"uv": [0, 0], "uv_size": [0.8, 0.8]},
								"west": {"uv": [0, 0], "uv_size": [0.05, 0.8]},
								"up": {"uv": [0.8, 0.05], "uv_size": [-0.8, -0.05]},
								"down": {"uv": [0.8, 0.05], "uv_size": [-0.8, -0.05]}
							}
						}
					]
				},
				{
					"name": "eye2",
					"parent": "head",
					"pivot": [1, 27, -4],
					"cubes": [
						{
							"origin": [1.3, 27.1, -4.025],
							"size": [0.8, 0.8, 0.05],
							"uv": {
								"north": {"uv": [0, 0], "uv_size": [0.8, 0.8]},
								"east": {"uv": [0, 0], "uv_size": [0.05, 0.8]},
								"south": {"uv": [0, 0], "uv_size": [0.8, 0.8]},
								"west": {"uv": [0, 0], "uv_size": [0.05, 0.8]},
								"up": {"uv": [0.8, 0.05], "uv_size": [-0.8, -0.05]},
								"down": {"uv": [0.8, 0.05], "uv_size": [-0.8, -0.05]}
							}
						}
					]
				},
				{
					"name": "eyebrow",
					"parent": "head",
					"pivot": [-2, 28, -4],
					"cubes": [
						{
							"origin": [-3, 28, -4.025],
							"size": [2, 0.5, 0.05],
							"uv": {
								"north": {"uv": [0, 1], "uv_size": [1, 1]},
								"east": {"uv": [0, 1], "uv_size": [1, 1]},
								"south": {"uv": [0, 1], "uv_size": [1, 1]},
								"west": {"uv": [0, 1], "uv_size": [1, 1]},
								"up": {"uv": [1, 2], "uv_size": [-1, -1]},
								"down": {"uv": [1, 2], "uv_size": [-1, -1]}
							}
						}
					]
				},
				{
					"name": "eyebrow2",
					"parent": "head",
					"pivot": [2, 28, -4],
					"cubes": [
						{
							"origin": [1, 28, -4.025],
							"size": [2, 0.5, 0.05],
							"uv": {
								"north": {"uv": [0, 1], "uv_size": [1, 1]},
								"east": {"uv": [0, 1], "uv_size": [1, 1]},
								"south": {"uv": [0, 1], "uv_size": [1, 1]},
								"west": {"uv": [0, 1], "uv_size": [1, 1]},
								"up": {"uv": [1, 2], "uv_size": [-1, -1]},
								"down": {"uv": [1, 2], "uv_size": [-1, -1]}
							}
						}
					]
				},
				{
					"name": "leftArm",
					"parent": "body",
					"pivot": [5, 22, 0],
					"cubes": [
						{
							"origin": [4, 17, -2],
							"size": [4, 7, 4],
							"uv": {
								"north": {"uv": [36, 52], "uv_size": [4, 7]},
								"east": {"uv": [32, 52], "uv_size": [4, 7]},
								"south": {"uv": [44, 52], "uv_size": [4, 7]},
								"west": {"uv": [40, 52], "uv_size": [4, 7]},
								"up": {"uv": [36, 48], "uv_size": [4, 4]},
								"down": {"uv": [40, 52], "uv_size": [4, -4]}
							}
						}
					]
				},
				{
					"name": "leftSleeve",
					"parent": "leftArm",
					"pivot": [5, 22, 0],
					"cubes": [
						{
							"origin": [3.75, 18, -2.25],
							"size": [4.5, 6.25, 4.5],
							"uv": {
								"north": {"uv": [52, 52], "uv_size": [4, 6]},
								"east": {"uv": [48, 52], "uv_size": [4, 6]},
								"south": {"uv": [60, 52], "uv_size": [4, 6]},
								"west": {"uv": [56, 52], "uv_size": [4, 6]},
								"up": {"uv": [52, 48], "uv_size": [4, 4]},
								"down": {"uv": [60, 52], "uv_size": [4, -4]}
							}
						}
					]
				},
				{
					"name": "leftArm2",
					"parent": "leftArm",
					"pivot": [6, 19, 0],
					"cubes": [
						{
							"origin": [4, 12, -2],
							"size": [4, 7, 4],
							"uv": {
								"north": {"uv": [36, 57], "uv_size": [4, 7]},
								"east": {"uv": [32, 57], "uv_size": [4, 7]},
								"south": {"uv": [44, 57], "uv_size": [4, 7]},
								"west": {"uv": [40, 57], "uv_size": [4, 7]},
								"up": {"uv": [36, 60], "uv_size": [4, 4]},
								"down": {"uv": [40, 52], "uv_size": [4, -4]}
							}
						}
					]
				},
				{
					"name": "leftSleeve2",
					"parent": "leftArm2",
					"pivot": [5, 16, 0],
					"cubes": [
						{
							"origin": [3.75, 11.75, -2.25],
							"size": [4.5, 6.25, 4.5],
							"uv": {
								"north": {"uv": [52, 58], "uv_size": [4, 6]},
								"east": {"uv": [48, 58], "uv_size": [4, 6]},
								"south": {"uv": [60, 58], "uv_size": [4, 6]},
								"west": {"uv": [56, 58], "uv_size": [4, 6]},
								"up": {"uv": [52, 48], "uv_size": [4, 4]},
								"down": {"uv": [56, 52], "uv_size": [4, -4]}
							}
						}
					]
				},
				{
					"name": "leftItem",
					"parent": "leftArm2",
					"pivot": [6, 15, 1]
				},
				{
					"name": "rightArm",
					"parent": "body",
					"pivot": [-5, 22, 0],
					"cubes": [
						{
							"origin": [-8, 17, -2],
							"size": [4, 7, 4],
							"uv": {
								"north": {"uv": [44, 20], "uv_size": [4, 7]},
								"east": {"uv": [40, 20], "uv_size": [4, 7]},
								"south": {"uv": [52, 20], "uv_size": [4, 7]},
								"west": {"uv": [48, 20], "uv_size": [4, 7]},
								"up": {"uv": [44, 16], "uv_size": [4, 4]},
								"down": {"uv": [48, 20], "uv_size": [4, -4]}
							}
						}
					]
				},
				{
					"name": "rightSleeve",
					"parent": "rightArm",
					"pivot": [-5, 22, 0],
					"cubes": [
						{
							"origin": [-8.25, 18, -2.25],
							"size": [4.5, 6.25, 4.5],
							"uv": {
								"north": {"uv": [44, 36], "uv_size": [4, 6]},
								"east": {"uv": [40, 36], "uv_size": [4, 6]},
								"south": {"uv": [52, 36], "uv_size": [4, 6]},
								"west": {"uv": [48, 36], "uv_size": [4, 6]},
								"up": {"uv": [44, 32], "uv_size": [4, 4]},
								"down": {"uv": [60, 36], "uv_size": [4, -4]}
							}
						}
					]
				},
				{
					"name": "rightArm2",
					"parent": "rightArm",
					"pivot": [-6, 19, 0],
					"cubes": [
						{
							"origin": [-8, 12, -2],
							"size": [4, 7, 4],
							"uv": {
								"north": {"uv": [44, 25], "uv_size": [4, 7]},
								"east": {"uv": [40, 25], "uv_size": [4, 7]},
								"south": {"uv": [52, 25], "uv_size": [4, 7]},
								"west": {"uv": [48, 25], "uv_size": [4, 7]},
								"up": {"uv": [44, 28], "uv_size": [4, 4]},
								"down": {"uv": [48, 20], "uv_size": [4, -4]}
							}
						}
					]
				},
				{
					"name": "rightSleeve2",
					"parent": "rightArm2",
					"pivot": [-5, 16, 0],
					"cubes": [
						{
							"origin": [-8.25, 11.75, -2.25],
							"size": [4.5, 6.25, 4.5],
							"uv": {
								"north": {"uv": [44, 42], "uv_size": [4, 6]},
								"east": {"uv": [40, 42], "uv_size": [4, 6]},
								"south": {"uv": [52, 42], "uv_size": [4, 6]},
								"west": {"uv": [48, 42], "uv_size": [4, 6]},
								"up": {"uv": [44, 32], "uv_size": [4, 4]},
								"down": {"uv": [48, 36], "uv_size": [4, -4]}
							}
						}
					]
				},
				{
					"name": "rightItem",
					"parent": "rightArm2",
					"pivot": [-6, 15, 1],
					"locators": {
						"lead_hold": [-6, 15, 1]
					}
				},
				{
					"name": "cape",
					"parent": "body",
					"pivot": [0, 24, 3]
				},
				{
					"name": "legs",
					"parent": "waist",
					"pivot": [0, 12, 0]
				},
				{
					"name": "leftLeg",
					"parent": "legs",
					"pivot": [1.9, 12, 0],
					"cubes": [
						{
							"origin": [-0.1, 5, -2],
							"size": [4, 7, 4],
							"uv": {
								"north": {"uv": [20, 52], "uv_size": [4, 7]},
								"east": {"uv": [16, 52], "uv_size": [4, 7]},
								"south": {"uv": [28, 52], "uv_size": [4, 7]},
								"west": {"uv": [24, 52], "uv_size": [4, 7]},
								"up": {"uv": [20, 48], "uv_size": [4, 4]},
								"down": {"uv": [24, 52], "uv_size": [4, -4]}
							}
						}
					]
				},
				{
					"name": "leftPants",
					"parent": "leftLeg",
					"pivot": [1.9, 12, 0],
					"cubes": [
						{
							"origin": [-0.35, 5, -2.25],
							"size": [4.5, 7.25, 4.5],
							"uv": {
								"north": {"uv": [4, 52], "uv_size": [4, 7]},
								"east": {"uv": [0, 52], "uv_size": [4, 7]},
								"south": {"uv": [12, 52], "uv_size": [4, 7]},
								"west": {"uv": [8, 52], "uv_size": [4, 7]},
								"up": {"uv": [4, 48], "uv_size": [4, 4]},
								"down": {"uv": [8, 52], "uv_size": [4, -4]}
							}
						}
					]
				},
				{
					"name": "leftLeg2",
					"parent": "leftLeg",
					"pivot": [1.9, 6, 0],
					"cubes": [
						{
							"origin": [-0.1, 0, -2],
							"size": [4, 6, 4],
							"uv": {
								"north": {"uv": [20, 58], "uv_size": [4, 6]},
								"east": {"uv": [16, 58], "uv_size": [4, 6]},
								"south": {"uv": [28, 58], "uv_size": [4, 6]},
								"west": {"uv": [24, 58], "uv_size": [4, 6]},
								"up": {"uv": [20, 48], "uv_size": [4, 4]},
								"down": {"uv": [24, 52], "uv_size": [4, -4]}
							}
						}
					]
				},
				{
					"name": "leftPants2",
					"parent": "leftLeg2",
					"pivot": [1.9, 6, 0],
					"cubes": [
						{
							"origin": [-0.35, -0.25, -2.25],
							"size": [4.5, 6.25, 4.5],
							"uv": {
								"north": {"uv": [4, 58], "uv_size": [4, 6]},
								"east": {"uv": [0, 58], "uv_size": [4, 6]},
								"south": {"uv": [12, 58], "uv_size": [4, 6]},
								"west": {"uv": [8, 58], "uv_size": [4, 6]},
								"up": {"uv": [4, 48], "uv_size": [4, 4]},
								"down": {"uv": [8, 52], "uv_size": [4, -4]}
							}
						}
					]
				},
				{
					"name": "rightLeg",
					"parent": "legs",
					"pivot": [-1.9, 12, 0],
					"cubes": [
						{
							"origin": [-3.9, 5, -2],
							"size": [4, 7, 4],
							"uv": {
								"north": {"uv": [4, 20], "uv_size": [4, 7]},
								"east": {"uv": [0, 20], "uv_size": [4, 7]},
								"south": {"uv": [12, 20], "uv_size": [4, 7]},
								"west": {"uv": [8, 20], "uv_size": [4, 7]},
								"up": {"uv": [4, 16], "uv_size": [4, 4]},
								"down": {"uv": [8, 20], "uv_size": [4, -4]}
							}
						}
					]
				},
				{
					"name": "rightPants",
					"parent": "rightLeg",
					"pivot": [-1.9, 12, 0],
					"cubes": [
						{
							"origin": [-4.15, 5, -2.25],
							"size": [4.5, 7.25, 4.5],
							"uv": {
								"north": {"uv": [4, 36], "uv_size": [4, 7]},
								"east": {"uv": [0, 36], "uv_size": [4, 7]},
								"south": {"uv": [12, 36], "uv_size": [4, 7]},
								"west": {"uv": [8, 36], "uv_size": [4, 7]},
								"up": {"uv": [4, 32], "uv_size": [4, 4]},
								"down": {"uv": [8, 36], "uv_size": [4, -4]}
							}
						}
					]
				},
				{
					"name": "rightLeg2",
					"parent": "rightLeg",
					"pivot": [-1.9, 6, 0],
					"cubes": [
						{
							"origin": [-3.9, 0, -2],
							"size": [4, 6, 4],
							"uv": {
								"north": {"uv": [4, 26], "uv_size": [4, 6]},
								"east": {"uv": [0, 26], "uv_size": [4, 6]},
								"south": {"uv": [12, 26], "uv_size": [4, 6]},
								"west": {"uv": [8, 26], "uv_size": [4, 6]},
								"up": {"uv": [4, 16], "uv_size": [4, 4]},
								"down": {"uv": [8, 20], "uv_size": [4, -4]}
							}
						}
					]
				},
				{
					"name": "rightPants2",
					"parent": "rightLeg2",
					"pivot": [-1.9, 6, 0],
					"cubes": [
						{
							"origin": [-4.15, -0.25, -2.25],
							"size": [4.5, 6.25, 4.5],
							"uv": {
								"north": {"uv": [4, 42], "uv_size": [4, 6]},
								"east": {"uv": [0, 42], "uv_size": [4, 6]},
								"south": {"uv": [12, 42], "uv_size": [4, 6]},
								"west": {"uv": [8, 42], "uv_size": [4, 6]},
								"up": {"uv": [4, 32], "uv_size": [4, 4]},
								"down": {"uv": [8, 36], "uv_size": [4, -4]}
							}
						}
					]
				}
			]
		}
	]
}