{
	"format_version": "1.16.0",
	"minecraft:geometry": [
		{
			"description": {
				"identifier": "geometry.huge_axe",
				"texture_width": 32,
				"texture_height": 32,
				"visible_bounds_width": 2,
				"visible_bounds_height": 4.5,
				"visible_bounds_offset": [0, 1.75, 0]
			},
			"bones": [
				{
					"name": "rightitem",
					"pivot": [0, 21, 0],
					"binding": "q.item_slot_to_bone_name(c.item_slot)",
					"cubes": [
						{
							"origin": [-0.75, 45, -13],
							"size": [1.5, 1, 1],
							"uv": {
								"north": {"uv": [18, 4], "uv_size": [1, 1]},
								"east": {"uv": [18, 4], "uv_size": [1, 1]},
								"south": {"uv": [18, 4], "uv_size": [1, 1]},
								"west": {"uv": [19, 4], "uv_size": [-1, 1]},
								"up": {"uv": [19, 5], "uv_size": [-1, -1]},
								"down": {"uv": [19, 5], "uv_size": [-1, -1]}
							}
						},
						{
							"origin": [-0.75, 45, -14],
							"size": [1.5, 1, 1],
							"uv": {
								"north": {"uv": [19, 4], "uv_size": [1, 1]},
								"east": {"uv": [19, 4], "uv_size": [1, 1]},
								"south": {"uv": [19, 4], "uv_size": [1, 1]},
								"west": {"uv": [20, 4], "uv_size": [-1, 1]},
								"up": {"uv": [20, 5], "uv_size": [-1, -1]},
								"down": {"uv": [20, 5], "uv_size": [-1, -1]}
							}
						},
						{
							"origin": [-0.75, 45, -15],
							"size": [1.5, 1, 1],
							"uv": {
								"north": {"uv": [20, 4], "uv_size": [1, 1]},
								"east": {"uv": [20, 4], "uv_size": [1, 1]},
								"south": {"uv": [20, 4], "uv_size": [1, 1]},
								"west": {"uv": [21, 4], "uv_size": [-1, 1]},
								"up": {"uv": [21, 5], "uv_size": [-1, -1]},
								"down": {"uv": [21, 5], "uv_size": [-1, -1]}
							}
						},
						{
							"origin": [-0.75, 45, -16],
							"size": [1.5, 1, 1],
							"uv": {
								"north": {"uv": [21, 4], "uv_size": [1, 1]},
								"east": {"uv": [21, 4], "uv_size": [1, 1]},
								"south": {"uv": [21, 4], "uv_size": [1, 1]},
								"west": {"uv": [22, 4], "uv_size": [-1, 1]},
								"up": {"uv": [22, 5], "uv_size": [-1, -1]},
								"down": {"uv": [22, 5], "uv_size": [-1, -1]}
							}
						},
						{
							"origin": [-0.75, 45, -17],
							"size": [1.5, 1, 1],
							"uv": {
								"north": {"uv": [22, 4], "uv_size": [1, 1]},
								"east": {"uv": [22, 4], "uv_size": [1, 1]},
								"south": {"uv": [22, 4], "uv_size": [1, 1]},
								"west": {"uv": [23, 4], "uv_size": [-1, 1]},
								"up": {"uv": [23, 5], "uv_size": [-1, -1]},
								"down": {"uv": [23, 5], "uv_size": [-1, -1]}
							}
						},
						{
							"origin": [-0.75, 44, -12],
							"size": [1.5, 1, 1],
							"uv": {
								"north": {"uv": [17, 5], "uv_size": [1, 1]},
								"east": {"uv": [17, 5], "uv_size": [1, 1]},
								"south": {"uv": [17, 5], "uv_size": [1, 1]},
								"west": {"uv": [18, 5], "uv_size": [-1, 1]},
								"up": {"uv": [18, 6], "uv_size": [-1, -1]},
								"down": {"uv": [18, 6], "uv_size": [-1, -1]}
							}
						},
						{
							"origin": [-0.75, 44, -16],
							"size": [1.5, 1, 1],
							"uv": {
								"north": {"uv": [21, 5], "uv_size": [1, 1]},
								"east": {"uv": [21, 5], "uv_size": [1, 1]},
								"south": {"uv": [21, 5], "uv_size": [1, 1]},
								"west": {"uv": [22, 5], "uv_size": [-1, 1]},
								"up": {"uv": [22, 6], "uv_size": [-1, -1]},
								"down": {"uv": [22, 6], "uv_size": [-1, -1]}
							}
						},
						{
							"origin": [-0.75, 43, -12],
							"size": [1.5, 1, 1],
							"uv": {
								"north": {"uv": [17, 6], "uv_size": [1, 1]},
								"east": {"uv": [17, 6], "uv_size": [1, 1]},
								"south": {"uv": [17, 6], "uv_size": [1, 1]},
								"west": {"uv": [18, 6], "uv_size": [-1, 1]},
								"up": {"uv": [18, 7], "uv_size": [-1, -1]},
								"down": {"uv": [18, 7], "uv_size": [-1, -1]}
							}
						},
						{
							"origin": [-0.75, 43, -15],
							"size": [1.5, 1, 1],
							"uv": {
								"north": {"uv": [20, 6], "uv_size": [1, 1]},
								"east": {"uv": [20, 6], "uv_size": [1, 1]},
								"south": {"uv": [20, 6], "uv_size": [1, 1]},
								"west": {"uv": [21, 6], "uv_size": [-1, 1]},
								"up": {"uv": [21, 7], "uv_size": [-1, -1]},
								"down": {"uv": [21, 7], "uv_size": [-1, -1]}
							}
						},
						{
							"origin": [-0.75, 42, -10],
							"size": [1.5, 1, 1],
							"uv": {
								"north": {"uv": [15, 7], "uv_size": [1, 1]},
								"east": {"uv": [15, 7], "uv_size": [1, 1]},
								"south": {"uv": [15, 7], "uv_size": [1, 1]},
								"west": {"uv": [16, 7], "uv_size": [-1, 1]},
								"up": {"uv": [16, 8], "uv_size": [-1, -1]},
								"down": {"uv": [16, 8], "uv_size": [-1, -1]}
							}
						},
						{
							"origin": [-0.75, 42, -11],
							"size": [1.5, 1, 1],
							"uv": {
								"north": {"uv": [16, 7], "uv_size": [1, 1]},
								"east": {"uv": [16, 7], "uv_size": [1, 1]},
								"south": {"uv": [16, 7], "uv_size": [1, 1]},
								"west": {"uv": [17, 7], "uv_size": [-1, 1]},
								"up": {"uv": [17, 8], "uv_size": [-1, -1]},
								"down": {"uv": [17, 8], "uv_size": [-1, -1]}
							}
						},
						{
							"origin": [-0.75, 42, -14],
							"size": [1.5, 1, 1],
							"uv": {
								"north": {"uv": [19, 7], "uv_size": [1, 1]},
								"east": {"uv": [19, 7], "uv_size": [1, 1]},
								"south": {"uv": [19, 7], "uv_size": [1, 1]},
								"west": {"uv": [20, 7], "uv_size": [-1, 1]},
								"up": {"uv": [20, 8], "uv_size": [-1, -1]},
								"down": {"uv": [20, 8], "uv_size": [-1, -1]}
							}
						},
						{
							"origin": [-0.75, 41, -10],
							"size": [1.5, 1, 1],
							"uv": {
								"north": {"uv": [15, 8], "uv_size": [1, 1]},
								"east": {"uv": [15, 8], "uv_size": [1, 1]},
								"south": {"uv": [15, 8], "uv_size": [1, 1]},
								"west": {"uv": [16, 8], "uv_size": [-1, 1]},
								"up": {"uv": [16, 9], "uv_size": [-1, -1]},
								"down": {"uv": [16, 9], "uv_size": [-1, -1]}
							}
						},
						{
							"origin": [-0.75, 41, -15],
							"size": [1.5, 1, 1],
							"uv": {
								"north": {"uv": [20, 8], "uv_size": [1, 1]},
								"east": {"uv": [20, 8], "uv_size": [1, 1]},
								"south": {"uv": [20, 8], "uv_size": [1, 1]},
								"west": {"uv": [21, 8], "uv_size": [-1, 1]},
								"up": {"uv": [21, 9], "uv_size": [-1, -1]},
								"down": {"uv": [21, 9], "uv_size": [-1, -1]}
							}
						},
						{
							"origin": [-0.75, 41, -19],
							"size": [1.5, 1, 1],
							"uv": {
								"north": {"uv": [24, 8], "uv_size": [1, 1]},
								"east": {"uv": [24, 8], "uv_size": [1, 1]},
								"south": {"uv": [24, 8], "uv_size": [1, 1]},
								"west": {"uv": [25, 8], "uv_size": [-1, 1]},
								"up": {"uv": [25, 9], "uv_size": [-1, -1]},
								"down": {"uv": [25, 9], "uv_size": [-1, -1]}
							}
						},
						{
							"origin": [-0.75, 40, -10],
							"size": [1.5, 1, 1],
							"uv": {
								"north": {"uv": [15, 9], "uv_size": [1, 1]},
								"east": {"uv": [15, 9], "uv_size": [1, 1]},
								"south": {"uv": [15, 9], "uv_size": [1, 1]},
								"west": {"uv": [16, 9], "uv_size": [-1, 1]},
								"up": {"uv": [16, 10], "uv_size": [-1, -1]},
								"down": {"uv": [16, 10], "uv_size": [-1, -1]}
							}
						},
						{
							"origin": [-0.75, 40, -16],
							"size": [1.5, 1, 1],
							"uv": {
								"north": {"uv": [21, 9], "uv_size": [1, 1]},
								"east": {"uv": [21, 9], "uv_size": [1, 1]},
								"south": {"uv": [21, 9], "uv_size": [1, 1]},
								"west": {"uv": [22, 9], "uv_size": [-1, 1]},
								"up": {"uv": [22, 10], "uv_size": [-1, -1]},
								"down": {"uv": [22, 10], "uv_size": [-1, -1]}
							}
						},
						{
							"origin": [-0.75, 40, -18],
							"size": [1.5, 1, 1],
							"uv": {
								"north": {"uv": [23, 9], "uv_size": [1, 1]},
								"east": {"uv": [23, 9], "uv_size": [1, 1]},
								"south": {"uv": [23, 9], "uv_size": [1, 1]},
								"west": {"uv": [24, 9], "uv_size": [-1, 1]},
								"up": {"uv": [24, 10], "uv_size": [-1, -1]},
								"down": {"uv": [24, 10], "uv_size": [-1, -1]}
							}
						},
						{
							"origin": [-0.75, 39, -9],
							"size": [1.5, 1, 1],
							"uv": {
								"north": {"uv": [14, 10], "uv_size": [1, 1]},
								"east": {"uv": [14, 10], "uv_size": [1, 1]},
								"south": {"uv": [14, 10], "uv_size": [1, 1]},
								"west": {"uv": [15, 10], "uv_size": [-1, 1]},
								"up": {"uv": [15, 11], "uv_size": [-1, -1]},
								"down": {"uv": [15, 11], "uv_size": [-1, -1]}
							}
						},
						{
							"origin": [-0.75, 39, -17],
							"size": [1.5, 1, 1],
							"uv": {
								"north": {"uv": [22, 10], "uv_size": [1, 1]},
								"east": {"uv": [22, 10], "uv_size": [1, 1]},
								"south": {"uv": [22, 10], "uv_size": [1, 1]},
								"west": {"uv": [23, 10], "uv_size": [-1, 1]},
								"up": {"uv": [23, 11], "uv_size": [-1, -1]},
								"down": {"uv": [23, 11], "uv_size": [-1, -1]}
							}
						},
						{
							"origin": [-0.75, 39, -23],
							"size": [1.5, 1, 1],
							"uv": {
								"north": {"uv": [28, 10], "uv_size": [1, 1]},
								"east": {"uv": [28, 10], "uv_size": [1, 1]},
								"south": {"uv": [28, 10], "uv_size": [1, 1]},
								"west": {"uv": [29, 10], "uv_size": [-1, 1]},
								"up": {"uv": [29, 11], "uv_size": [-1, -1]},
								"down": {"uv": [29, 11], "uv_size": [-1, -1]}
							}
						},
						{
							"origin": [-0.75, 38, -9],
							"size": [1.5, 1, 1],
							"uv": {
								"north": {"uv": [14, 11], "uv_size": [1, 1]},
								"east": {"uv": [14, 11], "uv_size": [1, 1]},
								"south": {"uv": [14, 11], "uv_size": [1, 1]},
								"west": {"uv": [15, 11], "uv_size": [-1, 1]},
								"up": {"uv": [15, 12], "uv_size": [-1, -1]},
								"down": {"uv": [15, 12], "uv_size": [-1, -1]}
							}
						},
						{
							"origin": [-0.75, 38, -11],
							"size": [1.5, 1, 1],
							"uv": {
								"north": {"uv": [16, 11], "uv_size": [1, 1]},
								"east": {"uv": [16, 11], "uv_size": [1, 1]},
								"south": {"uv": [16, 11], "uv_size": [1, 1]},
								"west": {"uv": [17, 11], "uv_size": [-1, 1]},
								"up": {"uv": [17, 12], "uv_size": [-1, -1]},
								"down": {"uv": [17, 12], "uv_size": [-1, -1]}
							}
						},
						{
							"origin": [-0.75, 38, -12],
							"size": [1.5, 1, 1],
							"uv": {
								"north": {"uv": [17, 11], "uv_size": [1, 1]},
								"east": {"uv": [17, 11], "uv_size": [1, 1]},
								"south": {"uv": [17, 11], "uv_size": [1, 1]},
								"west": {"uv": [18, 11], "uv_size": [-1, 1]},
								"up": {"uv": [18, 12], "uv_size": [-1, -1]},
								"down": {"uv": [18, 12], "uv_size": [-1, -1]}
							}
						},
						{
							"origin": [-0.75, 38, -18],
							"size": [1.5, 1, 1],
							"uv": {
								"north": {"uv": [23, 11], "uv_size": [1, 1]},
								"east": {"uv": [23, 11], "uv_size": [1, 1]},
								"south": {"uv": [23, 11], "uv_size": [1, 1]},
								"west": {"uv": [24, 11], "uv_size": [-1, 1]},
								"up": {"uv": [24, 12], "uv_size": [-1, -1]},
								"down": {"uv": [24, 12], "uv_size": [-1, -1]}
							}
						},
						{
							"origin": [-0.75, 38, -22],
							"size": [1.5, 1, 1],
							"uv": {
								"north": {"uv": [27, 11], "uv_size": [1, 1]},
								"east": {"uv": [27, 11], "uv_size": [1, 1]},
								"south": {"uv": [27, 11], "uv_size": [1, 1]},
								"west": {"uv": [28, 11], "uv_size": [-1, 1]},
								"up": {"uv": [28, 12], "uv_size": [-1, -1]},
								"down": {"uv": [28, 12], "uv_size": [-1, -1]}
							}
						},
						{
							"origin": [-0.75, 38, -23],
							"size": [1.5, 1, 1],
							"uv": {
								"north": {"uv": [28, 11], "uv_size": [1, 1]},
								"east": {"uv": [28, 11], "uv_size": [1, 1]},
								"south": {"uv": [28, 11], "uv_size": [1, 1]},
								"west": {"uv": [29, 11], "uv_size": [-1, 1]},
								"up": {"uv": [29, 12], "uv_size": [-1, -1]},
								"down": {"uv": [29, 12], "uv_size": [-1, -1]}
							}
						},
						{
							"origin": [-0.75, 37, -9],
							"size": [1.5, 1, 1],
							"uv": {
								"north": {"uv": [14, 12], "uv_size": [1, 1]},
								"east": {"uv": [14, 12], "uv_size": [1, 1]},
								"south": {"uv": [14, 12], "uv_size": [1, 1]},
								"west": {"uv": [15, 12], "uv_size": [-1, 1]},
								"up": {"uv": [15, 13], "uv_size": [-1, -1]},
								"down": {"uv": [15, 13], "uv_size": [-1, -1]}
							}
						},
						{
							"origin": [-0.75, 37, -10],
							"size": [1.5, 1, 1],
							"uv": {
								"north": {"uv": [15, 12], "uv_size": [1, 1]},
								"east": {"uv": [15, 12], "uv_size": [1, 1]},
								"south": {"uv": [15, 12], "uv_size": [1, 1]},
								"west": {"uv": [16, 12], "uv_size": [-1, 1]},
								"up": {"uv": [16, 13], "uv_size": [-1, -1]},
								"down": {"uv": [16, 13], "uv_size": [-1, -1]}
							}
						},
						{
							"origin": [-0.75, 37, -13],
							"size": [1.5, 1, 1],
							"uv": {
								"north": {"uv": [18, 12], "uv_size": [1, 1]},
								"east": {"uv": [18, 12], "uv_size": [1, 1]},
								"south": {"uv": [18, 12], "uv_size": [1, 1]},
								"west": {"uv": [19, 12], "uv_size": [-1, 1]},
								"up": {"uv": [19, 13], "uv_size": [-1, -1]},
								"down": {"uv": [19, 13], "uv_size": [-1, -1]}
							}
						},
						{
							"origin": [-0.75, 37, -19],
							"size": [1.5, 1, 1],
							"uv": {
								"north": {"uv": [24, 12], "uv_size": [1, 1]},
								"east": {"uv": [24, 12], "uv_size": [1, 1]},
								"south": {"uv": [24, 12], "uv_size": [1, 1]},
								"west": {"uv": [25, 12], "uv_size": [-1, 1]},
								"up": {"uv": [25, 13], "uv_size": [-1, -1]},
								"down": {"uv": [25, 13], "uv_size": [-1, -1]}
							}
						},
						{
							"origin": [-0.75, 37, -21],
							"size": [1.5, 1, 1],
							"uv": {
								"north": {"uv": [26, 12], "uv_size": [1, 1]},
								"east": {"uv": [26, 12], "uv_size": [1, 1]},
								"south": {"uv": [26, 12], "uv_size": [1, 1]},
								"west": {"uv": [27, 12], "uv_size": [-1, 1]},
								"up": {"uv": [27, 13], "uv_size": [-1, -1]},
								"down": {"uv": [27, 13], "uv_size": [-1, -1]}
							}
						},
						{
							"origin": [-0.75, 37, -23],
							"size": [1.5, 1, 1],
							"uv": {
								"north": {"uv": [28, 12], "uv_size": [1, 1]},
								"east": {"uv": [28, 12], "uv_size": [1, 1]},
								"south": {"uv": [28, 12], "uv_size": [1, 1]},
								"west": {"uv": [29, 12], "uv_size": [-1, 1]},
								"up": {"uv": [29, 13], "uv_size": [-1, -1]},
								"down": {"uv": [29, 13], "uv_size": [-1, -1]}
							}
						},
						{
							"origin": [-0.75, 36, -14],
							"size": [1.5, 1, 1],
							"uv": {
								"north": {"uv": [19, 13], "uv_size": [1, 1]},
								"east": {"uv": [19, 13], "uv_size": [1, 1]},
								"south": {"uv": [19, 13], "uv_size": [1, 1]},
								"west": {"uv": [20, 13], "uv_size": [-1, 1]},
								"up": {"uv": [20, 14], "uv_size": [-1, -1]},
								"down": {"uv": [20, 14], "uv_size": [-1, -1]}
							}
						},
						{
							"origin": [-0.75, 36, -20],
							"size": [1.5, 1, 1],
							"uv": {
								"north": {"uv": [25, 13], "uv_size": [1, 1]},
								"east": {"uv": [25, 13], "uv_size": [1, 1]},
								"south": {"uv": [25, 13], "uv_size": [1, 1]},
								"west": {"uv": [26, 13], "uv_size": [-1, 1]},
								"up": {"uv": [26, 14], "uv_size": [-1, -1]},
								"down": {"uv": [26, 14], "uv_size": [-1, -1]}
							}
						},
						{
							"origin": [-0.75, 36, -23],
							"size": [1.5, 1, 1],
							"uv": {
								"north": {"uv": [28, 13], "uv_size": [1, 1]},
								"east": {"uv": [28, 13], "uv_size": [1, 1]},
								"south": {"uv": [28, 13], "uv_size": [1, 1]},
								"west": {"uv": [29, 13], "uv_size": [-1, 1]},
								"up": {"uv": [29, 14], "uv_size": [-1, -1]},
								"down": {"uv": [29, 14], "uv_size": [-1, -1]}
							}
						},
						{
							"origin": [-0.75, 35, -13],
							"size": [1.5, 1, 1],
							"uv": {
								"north": {"uv": [18, 14], "uv_size": [1, 1]},
								"east": {"uv": [18, 14], "uv_size": [1, 1]},
								"south": {"uv": [18, 14], "uv_size": [1, 1]},
								"west": {"uv": [19, 14], "uv_size": [-1, 1]},
								"up": {"uv": [19, 15], "uv_size": [-1, -1]},
								"down": {"uv": [19, 15], "uv_size": [-1, -1]}
							}
						},
						{
							"origin": [-0.75, 35, -15],
							"size": [1.5, 1, 1],
							"uv": {
								"north": {"uv": [20, 14], "uv_size": [1, 1]},
								"east": {"uv": [20, 14], "uv_size": [1, 1]},
								"south": {"uv": [20, 14], "uv_size": [1, 1]},
								"west": {"uv": [21, 14], "uv_size": [-1, 1]},
								"up": {"uv": [21, 15], "uv_size": [-1, -1]},
								"down": {"uv": [21, 15], "uv_size": [-1, -1]}
							}
						},
						{
							"origin": [-0.75, 35, -23],
							"size": [1.5, 1, 1],
							"uv": {
								"north": {"uv": [28, 14], "uv_size": [1, 1]},
								"east": {"uv": [28, 14], "uv_size": [1, 1]},
								"south": {"uv": [28, 14], "uv_size": [1, 1]},
								"west": {"uv": [29, 14], "uv_size": [-1, 1]},
								"up": {"uv": [29, 15], "uv_size": [-1, -1]},
								"down": {"uv": [29, 15], "uv_size": [-1, -1]}
							}
						},
						{
							"origin": [-0.75, 34, -12],
							"size": [1.5, 1, 1],
							"uv": {
								"north": {"uv": [17, 15], "uv_size": [1, 1]},
								"east": {"uv": [17, 15], "uv_size": [1, 1]},
								"south": {"uv": [17, 15], "uv_size": [1, 1]},
								"west": {"uv": [18, 15], "uv_size": [-1, 1]},
								"up": {"uv": [18, 16], "uv_size": [-1, -1]},
								"down": {"uv": [18, 16], "uv_size": [-1, -1]}
							}
						},
						{
							"origin": [-0.75, 34, -16],
							"size": [1.5, 1, 1],
							"uv": {
								"north": {"uv": [21, 15], "uv_size": [1, 1]},
								"east": {"uv": [21, 15], "uv_size": [1, 1]},
								"south": {"uv": [21, 15], "uv_size": [1, 1]},
								"west": {"uv": [22, 15], "uv_size": [-1, 1]},
								"up": {"uv": [22, 16], "uv_size": [-1, -1]},
								"down": {"uv": [22, 16], "uv_size": [-1, -1]}
							}
						},
						{
							"origin": [-0.75, 34, -22],
							"size": [1.5, 1, 1],
							"uv": {
								"north": {"uv": [27, 15], "uv_size": [1, 1]},
								"east": {"uv": [27, 15], "uv_size": [1, 1]},
								"south": {"uv": [27, 15], "uv_size": [1, 1]},
								"west": {"uv": [28, 15], "uv_size": [-1, 1]},
								"up": {"uv": [28, 16], "uv_size": [-1, -1]},
								"down": {"uv": [28, 16], "uv_size": [-1, -1]}
							}
						},
						{
							"origin": [-0.75, 33, -11],
							"size": [1.5, 1, 1],
							"uv": {
								"north": {"uv": [16, 16], "uv_size": [1, 1]},
								"east": {"uv": [16, 16], "uv_size": [1, 1]},
								"south": {"uv": [16, 16], "uv_size": [1, 1]},
								"west": {"uv": [17, 16], "uv_size": [-1, 1]},
								"up": {"uv": [17, 17], "uv_size": [-1, -1]},
								"down": {"uv": [17, 17], "uv_size": [-1, -1]}
							}
						},
						{
							"origin": [-0.75, 33, -16],
							"size": [1.5, 1, 1],
							"uv": {
								"north": {"uv": [21, 16], "uv_size": [1, 1]},
								"east": {"uv": [21, 16], "uv_size": [1, 1]},
								"south": {"uv": [21, 16], "uv_size": [1, 1]},
								"west": {"uv": [22, 16], "uv_size": [-1, 1]},
								"up": {"uv": [22, 17], "uv_size": [-1, -1]},
								"down": {"uv": [22, 17], "uv_size": [-1, -1]}
							}
						},
						{
							"origin": [-0.75, 33, -21],
							"size": [1.5, 1, 1],
							"uv": {
								"north": {"uv": [26, 16], "uv_size": [1, 1]},
								"east": {"uv": [26, 16], "uv_size": [1, 1]},
								"south": {"uv": [26, 16], "uv_size": [1, 1]},
								"west": {"uv": [27, 16], "uv_size": [-1, 1]},
								"up": {"uv": [27, 17], "uv_size": [-1, -1]},
								"down": {"uv": [27, 17], "uv_size": [-1, -1]}
							}
						},
						{
							"origin": [-0.75, 32, -10],
							"size": [1.5, 1, 1],
							"uv": {
								"north": {"uv": [15, 17], "uv_size": [1, 1]},
								"east": {"uv": [15, 17], "uv_size": [1, 1]},
								"south": {"uv": [15, 17], "uv_size": [1, 1]},
								"west": {"uv": [16, 17], "uv_size": [-1, 1]},
								"up": {"uv": [16, 18], "uv_size": [-1, -1]},
								"down": {"uv": [16, 18], "uv_size": [-1, -1]}
							}
						},
						{
							"origin": [-0.75, 32, -15],
							"size": [1.5, 1, 1],
							"uv": {
								"north": {"uv": [20, 17], "uv_size": [1, 1]},
								"east": {"uv": [20, 17], "uv_size": [1, 1]},
								"south": {"uv": [20, 17], "uv_size": [1, 1]},
								"west": {"uv": [21, 17], "uv_size": [-1, 1]},
								"up": {"uv": [21, 18], "uv_size": [-1, -1]},
								"down": {"uv": [21, 18], "uv_size": [-1, -1]}
							}
						},
						{
							"origin": [-0.75, 32, -18],
							"size": [1.5, 1, 1],
							"uv": {
								"north": {"uv": [23, 17], "uv_size": [1, 1]},
								"east": {"uv": [23, 17], "uv_size": [1, 1]},
								"south": {"uv": [23, 17], "uv_size": [1, 1]},
								"west": {"uv": [24, 17], "uv_size": [-1, 1]},
								"up": {"uv": [24, 18], "uv_size": [-1, -1]},
								"down": {"uv": [24, 18], "uv_size": [-1, -1]}
							}
						},
						{
							"origin": [-0.75, 32, -19],
							"size": [1.5, 1, 1],
							"uv": {
								"north": {"uv": [24, 17], "uv_size": [1, 1]},
								"east": {"uv": [24, 17], "uv_size": [1, 1]},
								"south": {"uv": [24, 17], "uv_size": [1, 1]},
								"west": {"uv": [25, 17], "uv_size": [-1, 1]},
								"up": {"uv": [25, 18], "uv_size": [-1, -1]},
								"down": {"uv": [25, 18], "uv_size": [-1, -1]}
							}
						},
						{
							"origin": [-0.75, 32, -20],
							"size": [1.5, 1, 1],
							"uv": {
								"north": {"uv": [25, 17], "uv_size": [1, 1]},
								"east": {"uv": [25, 17], "uv_size": [1, 1]},
								"south": {"uv": [25, 17], "uv_size": [1, 1]},
								"west": {"uv": [26, 17], "uv_size": [-1, 1]},
								"up": {"uv": [26, 18], "uv_size": [-1, -1]},
								"down": {"uv": [26, 18], "uv_size": [-1, -1]}
							}
						},
						{
							"origin": [-0.75, 31, -9],
							"size": [1.5, 1, 1],
							"uv": {
								"north": {"uv": [14, 18], "uv_size": [1, 1]},
								"east": {"uv": [14, 18], "uv_size": [1, 1]},
								"south": {"uv": [14, 18], "uv_size": [1, 1]},
								"west": {"uv": [15, 18], "uv_size": [-1, 1]},
								"up": {"uv": [15, 19], "uv_size": [-1, -1]},
								"down": {"uv": [15, 19], "uv_size": [-1, -1]}
							}
						},
						{
							"origin": [-0.75, 31, -15],
							"size": [1.5, 1, 1],
							"uv": {
								"north": {"uv": [20, 18], "uv_size": [1, 1]},
								"east": {"uv": [20, 18], "uv_size": [1, 1]},
								"south": {"uv": [20, 18], "uv_size": [1, 1]},
								"west": {"uv": [21, 18], "uv_size": [-1, 1]},
								"up": {"uv": [21, 19], "uv_size": [-1, -1]},
								"down": {"uv": [21, 19], "uv_size": [-1, -1]}
							}
						},
						{
							"origin": [-0.75, 31, -16],
							"size": [1.5, 1, 1],
							"uv": {
								"north": {"uv": [21, 18], "uv_size": [1, 1]},
								"east": {"uv": [21, 18], "uv_size": [1, 1]},
								"south": {"uv": [21, 18], "uv_size": [1, 1]},
								"west": {"uv": [22, 18], "uv_size": [-1, 1]},
								"up": {"uv": [22, 19], "uv_size": [-1, -1]},
								"down": {"uv": [22, 19], "uv_size": [-1, -1]}
							}
						},
						{
							"origin": [-0.75, 31, -17],
							"size": [1.5, 1, 1],
							"uv": {
								"north": {"uv": [22, 18], "uv_size": [1, 1]},
								"east": {"uv": [22, 18], "uv_size": [1, 1]},
								"south": {"uv": [22, 18], "uv_size": [1, 1]},
								"west": {"uv": [23, 18], "uv_size": [-1, 1]},
								"up": {"uv": [23, 19], "uv_size": [-1, -1]},
								"down": {"uv": [23, 19], "uv_size": [-1, -1]}
							}
						},
						{
							"origin": [-0.75, 30, -8],
							"size": [1.5, 1, 1],
							"uv": {
								"north": {"uv": [13, 19], "uv_size": [1, 1]},
								"east": {"uv": [13, 19], "uv_size": [1, 1]},
								"south": {"uv": [13, 19], "uv_size": [1, 1]},
								"west": {"uv": [14, 19], "uv_size": [-1, 1]},
								"up": {"uv": [14, 20], "uv_size": [-1, -1]},
								"down": {"uv": [14, 20], "uv_size": [-1, -1]}
							}
						},
						{
							"origin": [-0.75, 29, -7],
							"size": [1.5, 1, 1],
							"uv": {
								"north": {"uv": [12, 20], "uv_size": [1, 1]},
								"east": {"uv": [12, 20], "uv_size": [1, 1]},
								"south": {"uv": [12, 20], "uv_size": [1, 1]},
								"west": {"uv": [13, 20], "uv_size": [-1, 1]},
								"up": {"uv": [13, 21], "uv_size": [-1, -1]},
								"down": {"uv": [13, 21], "uv_size": [-1, -1]}
							}
						},
						{
							"origin": [-0.75, 28, -6],
							"size": [1.5, 1, 1],
							"uv": {
								"north": {"uv": [11, 21], "uv_size": [1, 1]},
								"east": {"uv": [11, 21], "uv_size": [1, 1]},
								"south": {"uv": [11, 21], "uv_size": [1, 1]},
								"west": {"uv": [12, 21], "uv_size": [-1, 1]},
								"up": {"uv": [12, 22], "uv_size": [-1, -1]},
								"down": {"uv": [12, 22], "uv_size": [-1, -1]}
							}
						},
						{
							"origin": [-0.75, 27, -5],
							"size": [1.5, 1, 1],
							"uv": {
								"north": {"uv": [10, 22], "uv_size": [1, 1]},
								"east": {"uv": [10, 22], "uv_size": [1, 1]},
								"south": {"uv": [10, 22], "uv_size": [1, 1]},
								"west": {"uv": [11, 22], "uv_size": [-1, 1]},
								"up": {"uv": [11, 23], "uv_size": [-1, -1]},
								"down": {"uv": [11, 23], "uv_size": [-1, -1]}
							}
						},
						{
							"origin": [-0.75, 26, -4],
							"size": [1.5, 1, 1],
							"uv": {
								"north": {"uv": [9, 23], "uv_size": [1, 1]},
								"east": {"uv": [9, 23], "uv_size": [1, 1]},
								"south": {"uv": [9, 23], "uv_size": [1, 1]},
								"west": {"uv": [10, 23], "uv_size": [-1, 1]},
								"up": {"uv": [10, 24], "uv_size": [-1, -1]},
								"down": {"uv": [10, 24], "uv_size": [-1, -1]}
							}
						},
						{
							"origin": [-0.75, 25, -3],
							"size": [1.5, 1, 1],
							"uv": {
								"north": {"uv": [8, 24], "uv_size": [1, 1]},
								"east": {"uv": [8, 24], "uv_size": [1, 1]},
								"south": {"uv": [8, 24], "uv_size": [1, 1]},
								"west": {"uv": [9, 24], "uv_size": [-1, 1]},
								"up": {"uv": [9, 25], "uv_size": [-1, -1]},
								"down": {"uv": [9, 25], "uv_size": [-1, -1]}
							}
						},
						{
							"origin": [-0.75, 24, -2],
							"size": [1.5, 1, 1],
							"uv": {
								"north": {"uv": [7, 25], "uv_size": [1, 1]},
								"east": {"uv": [7, 25], "uv_size": [1, 1]},
								"south": {"uv": [7, 25], "uv_size": [1, 1]},
								"west": {"uv": [8, 25], "uv_size": [-1, 1]},
								"up": {"uv": [8, 26], "uv_size": [-1, -1]},
								"down": {"uv": [8, 26], "uv_size": [-1, -1]}
							}
						},
						{
							"origin": [-0.75, 23, -1],
							"size": [1.5, 1, 1],
							"uv": {
								"north": {"uv": [6, 26], "uv_size": [1, 1]},
								"east": {"uv": [6, 26], "uv_size": [1, 1]},
								"south": {"uv": [6, 26], "uv_size": [1, 1]},
								"west": {"uv": [7, 26], "uv_size": [-1, 1]},
								"up": {"uv": [7, 27], "uv_size": [-1, -1]},
								"down": {"uv": [7, 27], "uv_size": [-1, -1]}
							}
						},
						{
							"origin": [-0.75, 22, 0],
							"size": [1.5, 1, 1],
							"uv": {
								"north": {"uv": [5, 27], "uv_size": [1, 1]},
								"east": {"uv": [5, 27], "uv_size": [1, 1]},
								"south": {"uv": [5, 27], "uv_size": [1, 1]},
								"west": {"uv": [6, 27], "uv_size": [-1, 1]},
								"up": {"uv": [6, 28], "uv_size": [-1, -1]},
								"down": {"uv": [6, 28], "uv_size": [-1, -1]}
							}
						},
						{
							"origin": [-0.5, 46, -13],
							"size": [1, 1, 1],
							"uv": {
								"north": {"uv": [18, 3], "uv_size": [1, 1]},
								"east": {"uv": [18, 3], "uv_size": [1, 1]},
								"south": {"uv": [18, 3], "uv_size": [1, 1]},
								"west": {"uv": [19, 3], "uv_size": [-1, 1]},
								"up": {"uv": [19, 4], "uv_size": [-1, -1]},
								"down": {"uv": [19, 4], "uv_size": [-1, -1]}
							}
						},
						{
							"origin": [-0.5, 46, -14],
							"size": [1, 1, 1],
							"uv": {
								"north": {"uv": [19, 3], "uv_size": [1, 1]},
								"east": {"uv": [19, 3], "uv_size": [1, 1]},
								"south": {"uv": [19, 3], "uv_size": [1, 1]},
								"west": {"uv": [20, 3], "uv_size": [-1, 1]},
								"up": {"uv": [20, 4], "uv_size": [-1, -1]},
								"down": {"uv": [20, 4], "uv_size": [-1, -1]}
							}
						},
						{
							"origin": [-0.5, 46, -15],
							"size": [1, 1, 1],
							"uv": {
								"north": {"uv": [20, 3], "uv_size": [1, 1]},
								"east": {"uv": [20, 3], "uv_size": [1, 1]},
								"south": {"uv": [20, 3], "uv_size": [1, 1]},
								"west": {"uv": [21, 3], "uv_size": [-1, 1]},
								"up": {"uv": [21, 4], "uv_size": [-1, -1]},
								"down": {"uv": [21, 4], "uv_size": [-1, -1]}
							}
						},
						{
							"origin": [-0.5, 46, -16],
							"size": [1, 1, 1],
							"uv": {
								"north": {"uv": [21, 3], "uv_size": [1, 1]},
								"east": {"uv": [21, 3], "uv_size": [1, 1]},
								"south": {"uv": [21, 3], "uv_size": [1, 1]},
								"west": {"uv": [22, 3], "uv_size": [-1, 1]},
								"up": {"uv": [22, 4], "uv_size": [-1, -1]},
								"down": {"uv": [22, 4], "uv_size": [-1, -1]}
							}
						},
						{
							"origin": [-0.5, 46, -17],
							"size": [1, 1, 1],
							"uv": {
								"north": {"uv": [22, 3], "uv_size": [1, 1]},
								"east": {"uv": [22, 3], "uv_size": [1, 1]},
								"south": {"uv": [22, 3], "uv_size": [1, 1]},
								"west": {"uv": [23, 3], "uv_size": [-1, 1]},
								"up": {"uv": [23, 4], "uv_size": [-1, -1]},
								"down": {"uv": [23, 4], "uv_size": [-1, -1]}
							}
						},
						{
							"origin": [-0.5, 46, -18],
							"size": [1, 1, 1],
							"uv": {
								"north": {"uv": [23, 3], "uv_size": [1, 1]},
								"east": {"uv": [23, 3], "uv_size": [1, 1]},
								"south": {"uv": [23, 3], "uv_size": [1, 1]},
								"west": {"uv": [24, 3], "uv_size": [-1, 1]},
								"up": {"uv": [24, 4], "uv_size": [-1, -1]},
								"down": {"uv": [24, 4], "uv_size": [-1, -1]}
							}
						},
						{
							"origin": [-0.5, 45, -12],
							"size": [1, 1, 1],
							"uv": {
								"north": {"uv": [17, 4], "uv_size": [1, 1]},
								"east": {"uv": [17, 4], "uv_size": [1, 1]},
								"south": {"uv": [17, 4], "uv_size": [1, 1]},
								"west": {"uv": [18, 4], "uv_size": [-1, 1]},
								"up": {"uv": [18, 5], "uv_size": [-1, -1]},
								"down": {"uv": [18, 5], "uv_size": [-1, -1]}
							}
						},
						{
							"origin": [-0.5, 45, -18],
							"size": [1, 1, 1],
							"uv": {
								"north": {"uv": [23, 4], "uv_size": [1, 1]},
								"east": {"uv": [23, 4], "uv_size": [1, 1]},
								"south": {"uv": [23, 4], "uv_size": [1, 1]},
								"west": {"uv": [24, 4], "uv_size": [-1, 1]},
								"up": {"uv": [24, 5], "uv_size": [-1, -1]},
								"down": {"uv": [24, 5], "uv_size": [-1, -1]}
							}
						},
						{
							"origin": [-0.5, 44, -11],
							"size": [1, 1, 1],
							"uv": {
								"north": {"uv": [16, 5], "uv_size": [1, 1]},
								"east": {"uv": [16, 5], "uv_size": [1, 1]},
								"south": {"uv": [16, 5], "uv_size": [1, 1]},
								"west": {"uv": [17, 5], "uv_size": [-1, 1]},
								"up": {"uv": [17, 6], "uv_size": [-1, -1]},
								"down": {"uv": [17, 6], "uv_size": [-1, -1]}
							}
						},
						{
							"origin": [-0.5, 44, -17],
							"size": [1, 1, 1],
							"uv": {
								"north": {"uv": [22, 5], "uv_size": [1, 1]},
								"east": {"uv": [22, 5], "uv_size": [1, 1]},
								"south": {"uv": [22, 5], "uv_size": [1, 1]},
								"west": {"uv": [23, 5], "uv_size": [-1, 1]},
								"up": {"uv": [23, 6], "uv_size": [-1, -1]},
								"down": {"uv": [23, 6], "uv_size": [-1, -1]}
							}
						},
						{
							"origin": [-0.5, 43, -10],
							"size": [1, 1, 1],
							"uv": {
								"north": {"uv": [15, 6], "uv_size": [1, 1]},
								"east": {"uv": [15, 6], "uv_size": [1, 1]},
								"south": {"uv": [15, 6], "uv_size": [1, 1]},
								"west": {"uv": [16, 6], "uv_size": [-1, 1]},
								"up": {"uv": [16, 7], "uv_size": [-1, -1]},
								"down": {"uv": [16, 7], "uv_size": [-1, -1]}
							}
						},
						{
							"origin": [-0.5, 43, -11],
							"size": [1, 1, 1],
							"uv": {
								"north": {"uv": [16, 6], "uv_size": [1, 1]},
								"east": {"uv": [16, 6], "uv_size": [1, 1]},
								"south": {"uv": [16, 6], "uv_size": [1, 1]},
								"west": {"uv": [17, 6], "uv_size": [-1, 1]},
								"up": {"uv": [17, 7], "uv_size": [-1, -1]},
								"down": {"uv": [17, 7], "uv_size": [-1, -1]}
							}
						},
						{
							"origin": [-0.5, 43, -16],
							"size": [1, 1, 1],
							"uv": {
								"north": {"uv": [21, 6], "uv_size": [1, 1]},
								"east": {"uv": [21, 6], "uv_size": [1, 1]},
								"south": {"uv": [21, 6], "uv_size": [1, 1]},
								"west": {"uv": [22, 6], "uv_size": [-1, 1]},
								"up": {"uv": [22, 7], "uv_size": [-1, -1]},
								"down": {"uv": [22, 7], "uv_size": [-1, -1]}
							}
						},
						{
							"origin": [-0.5, 42, -9],
							"size": [1, 1, 1],
							"uv": {
								"north": {"uv": [14, 7], "uv_size": [1, 1]},
								"east": {"uv": [14, 7], "uv_size": [1, 1]},
								"south": {"uv": [14, 7], "uv_size": [1, 1]},
								"west": {"uv": [15, 7], "uv_size": [-1, 1]},
								"up": {"uv": [15, 8], "uv_size": [-1, -1]},
								"down": {"uv": [15, 8], "uv_size": [-1, -1]}
							}
						},
						{
							"origin": [-0.5, 42, -15],
							"size": [1, 1, 1],
							"uv": {
								"north": {"uv": [20, 7], "uv_size": [1, 1]},
								"east": {"uv": [20, 7], "uv_size": [1, 1]},
								"south": {"uv": [20, 7], "uv_size": [1, 1]},
								"west": {"uv": [21, 7], "uv_size": [-1, 1]},
								"up": {"uv": [21, 8], "uv_size": [-1, -1]},
								"down": {"uv": [21, 8], "uv_size": [-1, -1]}
							}
						},
						{
							"origin": [-0.5, 42, -19],
							"size": [1, 1, 1],
							"uv": {
								"north": {"uv": [24, 7], "uv_size": [1, 1]},
								"east": {"uv": [24, 7], "uv_size": [1, 1]},
								"south": {"uv": [24, 7], "uv_size": [1, 1]},
								"west": {"uv": [25, 7], "uv_size": [-1, 1]},
								"up": {"uv": [25, 8], "uv_size": [-1, -1]},
								"down": {"uv": [25, 8], "uv_size": [-1, -1]}
							}
						},
						{
							"origin": [-0.5, 42, -20],
							"size": [1, 1, 1],
							"uv": {
								"north": {"uv": [25, 7], "uv_size": [1, 1]},
								"east": {"uv": [25, 7], "uv_size": [1, 1]},
								"south": {"uv": [25, 7], "uv_size": [1, 1]},
								"west": {"uv": [26, 7], "uv_size": [-1, 1]},
								"up": {"uv": [26, 8], "uv_size": [-1, -1]},
								"down": {"uv": [26, 8], "uv_size": [-1, -1]}
							}
						},
						{
							"origin": [-0.5, 41, -9],
							"size": [1, 1, 1],
							"uv": {
								"north": {"uv": [14, 8], "uv_size": [1, 1]},
								"east": {"uv": [14, 8], "uv_size": [1, 1]},
								"south": {"uv": [14, 8], "uv_size": [1, 1]},
								"west": {"uv": [15, 8], "uv_size": [-1, 1]},
								"up": {"uv": [15, 9], "uv_size": [-1, -1]},
								"down": {"uv": [15, 9], "uv_size": [-1, -1]}
							}
						},
						{
							"origin": [-0.5, 41, -16],
							"size": [1, 1, 1],
							"uv": {
								"north": {"uv": [21, 8], "uv_size": [1, 1]},
								"east": {"uv": [21, 8], "uv_size": [1, 1]},
								"south": {"uv": [21, 8], "uv_size": [1, 1]},
								"west": {"uv": [22, 8], "uv_size": [-1, 1]},
								"up": {"uv": [22, 9], "uv_size": [-1, -1]},
								"down": {"uv": [22, 9], "uv_size": [-1, -1]}
							}
						},
						{
							"origin": [-0.5, 41, -18],
							"size": [1, 1, 1],
							"uv": {
								"north": {"uv": [23, 8], "uv_size": [1, 1]},
								"east": {"uv": [23, 8], "uv_size": [1, 1]},
								"south": {"uv": [23, 8], "uv_size": [1, 1]},
								"west": {"uv": [24, 8], "uv_size": [-1, 1]},
								"up": {"uv": [24, 9], "uv_size": [-1, -1]},
								"down": {"uv": [24, 9], "uv_size": [-1, -1]}
							}
						},
						{
							"origin": [-0.5, 41, -20],
							"size": [1, 1, 1],
							"uv": {
								"north": {"uv": [25, 8], "uv_size": [1, 1]},
								"east": {"uv": [25, 8], "uv_size": [1, 1]},
								"south": {"uv": [25, 8], "uv_size": [1, 1]},
								"west": {"uv": [26, 8], "uv_size": [-1, 1]},
								"up": {"uv": [26, 9], "uv_size": [-1, -1]},
								"down": {"uv": [26, 9], "uv_size": [-1, -1]}
							}
						},
						{
							"origin": [-0.5, 40, -9],
							"size": [1, 1, 1],
							"uv": {
								"north": {"uv": [14, 9], "uv_size": [1, 1]},
								"east": {"uv": [14, 9], "uv_size": [1, 1]},
								"south": {"uv": [14, 9], "uv_size": [1, 1]},
								"west": {"uv": [15, 9], "uv_size": [-1, 1]},
								"up": {"uv": [15, 10], "uv_size": [-1, -1]},
								"down": {"uv": [15, 10], "uv_size": [-1, -1]}
							}
						},
						{
							"origin": [-0.5, 40, -17],
							"size": [1, 1, 1],
							"uv": {
								"north": {"uv": [22, 9], "uv_size": [1, 1]},
								"east": {"uv": [22, 9], "uv_size": [1, 1]},
								"south": {"uv": [22, 9], "uv_size": [1, 1]},
								"west": {"uv": [23, 9], "uv_size": [-1, 1]},
								"up": {"uv": [23, 10], "uv_size": [-1, -1]},
								"down": {"uv": [23, 10], "uv_size": [-1, -1]}
							}
						},
						{
							"origin": [-0.5, 40, -19],
							"size": [1, 1, 1],
							"uv": {
								"north": {"uv": [24, 9], "uv_size": [1, 1]},
								"east": {"uv": [24, 9], "uv_size": [1, 1]},
								"south": {"uv": [24, 9], "uv_size": [1, 1]},
								"west": {"uv": [25, 9], "uv_size": [-1, 1]},
								"up": {"uv": [25, 10], "uv_size": [-1, -1]},
								"down": {"uv": [25, 10], "uv_size": [-1, -1]}
							}
						},
						{
							"origin": [-0.5, 40, -23],
							"size": [1, 1, 1],
							"uv": {
								"north": {"uv": [28, 9], "uv_size": [1, 1]},
								"east": {"uv": [28, 9], "uv_size": [1, 1]},
								"south": {"uv": [28, 9], "uv_size": [1, 1]},
								"west": {"uv": [29, 9], "uv_size": [-1, 1]},
								"up": {"uv": [29, 10], "uv_size": [-1, -1]},
								"down": {"uv": [29, 10], "uv_size": [-1, -1]}
							}
						},
						{
							"origin": [-0.5, 40, -24],
							"size": [1, 1, 1],
							"uv": {
								"north": {"uv": [29, 9], "uv_size": [1, 1]},
								"east": {"uv": [29, 9], "uv_size": [1, 1]},
								"south": {"uv": [29, 9], "uv_size": [1, 1]},
								"west": {"uv": [30, 9], "uv_size": [-1, 1]},
								"up": {"uv": [30, 10], "uv_size": [-1, -1]},
								"down": {"uv": [30, 10], "uv_size": [-1, -1]}
							}
						},
						{
							"origin": [-0.5, 39, -8],
							"size": [1, 1, 1],
							"uv": {
								"north": {"uv": [13, 10], "uv_size": [1, 1]},
								"east": {"uv": [13, 10], "uv_size": [1, 1]},
								"south": {"uv": [13, 10], "uv_size": [1, 1]},
								"west": {"uv": [14, 10], "uv_size": [-1, 1]},
								"up": {"uv": [14, 11], "uv_size": [-1, -1]},
								"down": {"uv": [14, 11], "uv_size": [-1, -1]}
							}
						},
						{
							"origin": [-0.5, 39, -18],
							"size": [1, 1, 1],
							"uv": {
								"north": {"uv": [23, 10], "uv_size": [1, 1]},
								"east": {"uv": [23, 10], "uv_size": [1, 1]},
								"south": {"uv": [23, 10], "uv_size": [1, 1]},
								"west": {"uv": [24, 10], "uv_size": [-1, 1]},
								"up": {"uv": [24, 11], "uv_size": [-1, -1]},
								"down": {"uv": [24, 11], "uv_size": [-1, -1]}
							}
						},
						{
							"origin": [-0.5, 39, -22],
							"size": [1, 1, 1],
							"uv": {
								"north": {"uv": [27, 10], "uv_size": [1, 1]},
								"east": {"uv": [27, 10], "uv_size": [1, 1]},
								"south": {"uv": [27, 10], "uv_size": [1, 1]},
								"west": {"uv": [28, 10], "uv_size": [-1, 1]},
								"up": {"uv": [28, 11], "uv_size": [-1, -1]},
								"down": {"uv": [28, 11], "uv_size": [-1, -1]}
							}
						},
						{
							"origin": [-0.5, 39, -24],
							"size": [1, 1, 1],
							"uv": {
								"north": {"uv": [29, 10], "uv_size": [1, 1]},
								"east": {"uv": [29, 10], "uv_size": [1, 1]},
								"south": {"uv": [29, 10], "uv_size": [1, 1]},
								"west": {"uv": [30, 10], "uv_size": [-1, 1]},
								"up": {"uv": [30, 11], "uv_size": [-1, -1]},
								"down": {"uv": [30, 11], "uv_size": [-1, -1]}
							}
						},
						{
							"origin": [-0.5, 38, -8],
							"size": [1, 1, 1],
							"uv": {
								"north": {"uv": [13, 11], "uv_size": [1, 1]},
								"east": {"uv": [13, 11], "uv_size": [1, 1]},
								"south": {"uv": [13, 11], "uv_size": [1, 1]},
								"west": {"uv": [14, 11], "uv_size": [-1, 1]},
								"up": {"uv": [14, 12], "uv_size": [-1, -1]},
								"down": {"uv": [14, 12], "uv_size": [-1, -1]}
							}
						},
						{
							"origin": [-0.5, 38, -19],
							"size": [1, 1, 1],
							"uv": {
								"north": {"uv": [24, 11], "uv_size": [1, 1]},
								"east": {"uv": [24, 11], "uv_size": [1, 1]},
								"south": {"uv": [24, 11], "uv_size": [1, 1]},
								"west": {"uv": [25, 11], "uv_size": [-1, 1]},
								"up": {"uv": [25, 12], "uv_size": [-1, -1]},
								"down": {"uv": [25, 12], "uv_size": [-1, -1]}
							}
						},
						{
							"origin": [-0.5, 38, -21],
							"size": [1, 1, 1],
							"uv": {
								"north": {"uv": [26, 11], "uv_size": [1, 1]},
								"east": {"uv": [26, 11], "uv_size": [1, 1]},
								"south": {"uv": [26, 11], "uv_size": [1, 1]},
								"west": {"uv": [27, 11], "uv_size": [-1, 1]},
								"up": {"uv": [27, 12], "uv_size": [-1, -1]},
								"down": {"uv": [27, 12], "uv_size": [-1, -1]}
							}
						},
						{
							"origin": [-0.5, 38, -24],
							"size": [1, 1, 1],
							"uv": {
								"north": {"uv": [29, 11], "uv_size": [1, 1]},
								"east": {"uv": [29, 11], "uv_size": [1, 1]},
								"south": {"uv": [29, 11], "uv_size": [1, 1]},
								"west": {"uv": [30, 11], "uv_size": [-1, 1]},
								"up": {"uv": [30, 12], "uv_size": [-1, -1]},
								"down": {"uv": [30, 12], "uv_size": [-1, -1]}
							}
						},
						{
							"origin": [-0.5, 37, -8],
							"size": [1, 1, 1],
							"uv": {
								"north": {"uv": [13, 12], "uv_size": [1, 1]},
								"east": {"uv": [13, 12], "uv_size": [1, 1]},
								"south": {"uv": [13, 12], "uv_size": [1, 1]},
								"west": {"uv": [14, 12], "uv_size": [-1, 1]},
								"up": {"uv": [14, 13], "uv_size": [-1, -1]},
								"down": {"uv": [14, 13], "uv_size": [-1, -1]}
							}
						},
						{
							"origin": [-0.5, 37, -11],
							"size": [1, 1, 1],
							"uv": {
								"north": {"uv": [16, 12], "uv_size": [1, 1]},
								"east": {"uv": [16, 12], "uv_size": [1, 1]},
								"south": {"uv": [16, 12], "uv_size": [1, 1]},
								"west": {"uv": [17, 12], "uv_size": [-1, 1]},
								"up": {"uv": [17, 13], "uv_size": [-1, -1]},
								"down": {"uv": [17, 13], "uv_size": [-1, -1]}
							}
						},
						{
							"origin": [-0.5, 37, -12],
							"size": [1, 1, 1],
							"uv": {
								"north": {"uv": [17, 12], "uv_size": [1, 1]},
								"east": {"uv": [17, 12], "uv_size": [1, 1]},
								"south": {"uv": [17, 12], "uv_size": [1, 1]},
								"west": {"uv": [18, 12], "uv_size": [-1, 1]},
								"up": {"uv": [18, 13], "uv_size": [-1, -1]},
								"down": {"uv": [18, 13], "uv_size": [-1, -1]}
							}
						},
						{
							"origin": [-0.5, 37, -20],
							"size": [1, 1, 1],
							"uv": {
								"north": {"uv": [25, 12], "uv_size": [1, 1]},
								"east": {"uv": [25, 12], "uv_size": [1, 1]},
								"south": {"uv": [25, 12], "uv_size": [1, 1]},
								"west": {"uv": [26, 12], "uv_size": [-1, 1]},
								"up": {"uv": [26, 13], "uv_size": [-1, -1]},
								"down": {"uv": [26, 13], "uv_size": [-1, -1]}
							}
						},
						{
							"origin": [-0.5, 37, -24],
							"size": [1, 1, 1],
							"uv": {
								"north": {"uv": [29, 12], "uv_size": [1, 1]},
								"east": {"uv": [29, 12], "uv_size": [1, 1]},
								"south": {"uv": [29, 12], "uv_size": [1, 1]},
								"west": {"uv": [30, 12], "uv_size": [-1, 1]},
								"up": {"uv": [30, 13], "uv_size": [-1, -1]},
								"down": {"uv": [30, 13], "uv_size": [-1, -1]}
							}
						},
						{
							"origin": [-0.5, 36, -9],
							"size": [1, 1, 1],
							"uv": {
								"north": {"uv": [14, 13], "uv_size": [1, 1]},
								"east": {"uv": [14, 13], "uv_size": [1, 1]},
								"south": {"uv": [14, 13], "uv_size": [1, 1]},
								"west": {"uv": [15, 13], "uv_size": [-1, 1]},
								"up": {"uv": [15, 14], "uv_size": [-1, -1]},
								"down": {"uv": [15, 14], "uv_size": [-1, -1]}
							}
						},
						{
							"origin": [-0.5, 36, -10],
							"size": [1, 1, 1],
							"uv": {
								"north": {"uv": [15, 13], "uv_size": [1, 1]},
								"east": {"uv": [15, 13], "uv_size": [1, 1]},
								"south": {"uv": [15, 13], "uv_size": [1, 1]},
								"west": {"uv": [16, 13], "uv_size": [-1, 1]},
								"up": {"uv": [16, 14], "uv_size": [-1, -1]},
								"down": {"uv": [16, 14], "uv_size": [-1, -1]}
							}
						},
						{
							"origin": [-0.5, 36, -13],
							"size": [1, 1, 1],
							"uv": {
								"north": {"uv": [18, 13], "uv_size": [1, 1]},
								"east": {"uv": [18, 13], "uv_size": [1, 1]},
								"south": {"uv": [18, 13], "uv_size": [1, 1]},
								"west": {"uv": [19, 13], "uv_size": [-1, 1]},
								"up": {"uv": [19, 14], "uv_size": [-1, -1]},
								"down": {"uv": [19, 14], "uv_size": [-1, -1]}
							}
						},
						{
							"origin": [-0.5, 36, -24],
							"size": [1, 1, 1],
							"uv": {
								"north": {"uv": [29, 13], "uv_size": [1, 1]},
								"east": {"uv": [29, 13], "uv_size": [1, 1]},
								"south": {"uv": [29, 13], "uv_size": [1, 1]},
								"west": {"uv": [30, 13], "uv_size": [-1, 1]},
								"up": {"uv": [30, 14], "uv_size": [-1, -1]},
								"down": {"uv": [30, 14], "uv_size": [-1, -1]}
							}
						},
						{
							"origin": [-0.5, 35, -12],
							"size": [1, 1, 1],
							"uv": {
								"north": {"uv": [17, 14], "uv_size": [1, 1]},
								"east": {"uv": [17, 14], "uv_size": [1, 1]},
								"south": {"uv": [17, 14], "uv_size": [1, 1]},
								"west": {"uv": [18, 14], "uv_size": [-1, 1]},
								"up": {"uv": [18, 15], "uv_size": [-1, -1]},
								"down": {"uv": [18, 15], "uv_size": [-1, -1]}
							}
						},
						{
							"origin": [-0.5, 35, -14],
							"size": [1, 1, 1],
							"uv": {
								"north": {"uv": [19, 14], "uv_size": [1, 1]},
								"east": {"uv": [19, 14], "uv_size": [1, 1]},
								"south": {"uv": [19, 14], "uv_size": [1, 1]},
								"west": {"uv": [20, 14], "uv_size": [-1, 1]},
								"up": {"uv": [20, 15], "uv_size": [-1, -1]},
								"down": {"uv": [20, 15], "uv_size": [-1, -1]}
							}
						},
						{
							"origin": [-0.5, 35, -24],
							"size": [1, 1, 1],
							"uv": {
								"north": {"uv": [29, 14], "uv_size": [1, 1]},
								"east": {"uv": [29, 14], "uv_size": [1, 1]},
								"south": {"uv": [29, 14], "uv_size": [1, 1]},
								"west": {"uv": [30, 14], "uv_size": [-1, 1]},
								"up": {"uv": [30, 15], "uv_size": [-1, -1]},
								"down": {"uv": [30, 15], "uv_size": [-1, -1]}
							}
						},
						{
							"origin": [-0.5, 34, -11],
							"size": [1, 1, 1],
							"uv": {
								"north": {"uv": [16, 15], "uv_size": [1, 1]},
								"east": {"uv": [16, 15], "uv_size": [1, 1]},
								"south": {"uv": [16, 15], "uv_size": [1, 1]},
								"west": {"uv": [17, 15], "uv_size": [-1, 1]},
								"up": {"uv": [17, 16], "uv_size": [-1, -1]},
								"down": {"uv": [17, 16], "uv_size": [-1, -1]}
							}
						},
						{
							"origin": [-0.5, 34, -13],
							"size": [1, 1, 1],
							"uv": {
								"north": {"uv": [18, 15], "uv_size": [1, 1]},
								"east": {"uv": [18, 15], "uv_size": [1, 1]},
								"south": {"uv": [18, 15], "uv_size": [1, 1]},
								"west": {"uv": [19, 15], "uv_size": [-1, 1]},
								"up": {"uv": [19, 16], "uv_size": [-1, -1]},
								"down": {"uv": [19, 16], "uv_size": [-1, -1]}
							}
						},
						{
							"origin": [-0.5, 34, -15],
							"size": [1, 1, 1],
							"uv": {
								"north": {"uv": [20, 15], "uv_size": [1, 1]},
								"east": {"uv": [20, 15], "uv_size": [1, 1]},
								"south": {"uv": [20, 15], "uv_size": [1, 1]},
								"west": {"uv": [21, 15], "uv_size": [-1, 1]},
								"up": {"uv": [21, 16], "uv_size": [-1, -1]},
								"down": {"uv": [21, 16], "uv_size": [-1, -1]}
							}
						},
						{
							"origin": [-0.5, 34, -23],
							"size": [1, 1, 1],
							"uv": {
								"north": {"uv": [28, 15], "uv_size": [1, 1]},
								"east": {"uv": [28, 15], "uv_size": [1, 1]},
								"south": {"uv": [28, 15], "uv_size": [1, 1]},
								"west": {"uv": [29, 15], "uv_size": [-1, 1]},
								"up": {"uv": [29, 16], "uv_size": [-1, -1]},
								"down": {"uv": [29, 16], "uv_size": [-1, -1]}
							}
						},
						{
							"origin": [-0.5, 33, -10],
							"size": [1, 1, 1],
							"uv": {
								"north": {"uv": [15, 16], "uv_size": [1, 1]},
								"east": {"uv": [15, 16], "uv_size": [1, 1]},
								"south": {"uv": [15, 16], "uv_size": [1, 1]},
								"west": {"uv": [16, 16], "uv_size": [-1, 1]},
								"up": {"uv": [16, 17], "uv_size": [-1, -1]},
								"down": {"uv": [16, 17], "uv_size": [-1, -1]}
							}
						},
						{
							"origin": [-0.5, 33, -12],
							"size": [1, 1, 1],
							"uv": {
								"north": {"uv": [17, 16], "uv_size": [1, 1]},
								"east": {"uv": [17, 16], "uv_size": [1, 1]},
								"south": {"uv": [17, 16], "uv_size": [1, 1]},
								"west": {"uv": [18, 16], "uv_size": [-1, 1]},
								"up": {"uv": [18, 17], "uv_size": [-1, -1]},
								"down": {"uv": [18, 17], "uv_size": [-1, -1]}
							}
						},
						{
							"origin": [-0.5, 33, -15],
							"size": [1, 1, 1],
							"uv": {
								"north": {"uv": [20, 16], "uv_size": [1, 1]},
								"east": {"uv": [20, 16], "uv_size": [1, 1]},
								"south": {"uv": [20, 16], "uv_size": [1, 1]},
								"west": {"uv": [21, 16], "uv_size": [-1, 1]},
								"up": {"uv": [21, 17], "uv_size": [-1, -1]},
								"down": {"uv": [21, 17], "uv_size": [-1, -1]}
							}
						},
						{
							"origin": [-0.5, 33, -22],
							"size": [1, 1, 1],
							"uv": {
								"north": {"uv": [27, 16], "uv_size": [1, 1]},
								"east": {"uv": [27, 16], "uv_size": [1, 1]},
								"south": {"uv": [27, 16], "uv_size": [1, 1]},
								"west": {"uv": [28, 16], "uv_size": [-1, 1]},
								"up": {"uv": [28, 17], "uv_size": [-1, -1]},
								"down": {"uv": [28, 17], "uv_size": [-1, -1]}
							}
						},
						{
							"origin": [-0.5, 33, -23],
							"size": [1, 1, 1],
							"uv": {
								"north": {"uv": [28, 16], "uv_size": [1, 1]},
								"east": {"uv": [28, 16], "uv_size": [1, 1]},
								"south": {"uv": [28, 16], "uv_size": [1, 1]},
								"west": {"uv": [29, 16], "uv_size": [-1, 1]},
								"up": {"uv": [29, 17], "uv_size": [-1, -1]},
								"down": {"uv": [29, 17], "uv_size": [-1, -1]}
							}
						},
						{
							"origin": [-0.5, 32, -9],
							"size": [1, 1, 1],
							"uv": {
								"north": {"uv": [14, 17], "uv_size": [1, 1]},
								"east": {"uv": [14, 17], "uv_size": [1, 1]},
								"south": {"uv": [14, 17], "uv_size": [1, 1]},
								"west": {"uv": [15, 17], "uv_size": [-1, 1]},
								"up": {"uv": [15, 18], "uv_size": [-1, -1]},
								"down": {"uv": [15, 18], "uv_size": [-1, -1]}
							}
						},
						{
							"origin": [-0.5, 32, -11],
							"size": [1, 1, 1],
							"uv": {
								"north": {"uv": [16, 17], "uv_size": [1, 1]},
								"east": {"uv": [16, 17], "uv_size": [1, 1]},
								"south": {"uv": [16, 17], "uv_size": [1, 1]},
								"west": {"uv": [17, 17], "uv_size": [-1, 1]},
								"up": {"uv": [17, 18], "uv_size": [-1, -1]},
								"down": {"uv": [17, 18], "uv_size": [-1, -1]}
							}
						},
						{
							"origin": [-0.5, 32, -14],
							"size": [1, 1, 1],
							"uv": {
								"north": {"uv": [19, 17], "uv_size": [1, 1]},
								"east": {"uv": [19, 17], "uv_size": [1, 1]},
								"south": {"uv": [19, 17], "uv_size": [1, 1]},
								"west": {"uv": [20, 17], "uv_size": [-1, 1]},
								"up": {"uv": [20, 18], "uv_size": [-1, -1]},
								"down": {"uv": [20, 18], "uv_size": [-1, -1]}
							}
						},
						{
							"origin": [-0.5, 32, -21],
							"size": [1, 1, 1],
							"uv": {
								"north": {"uv": [26, 17], "uv_size": [1, 1]},
								"east": {"uv": [26, 17], "uv_size": [1, 1]},
								"south": {"uv": [26, 17], "uv_size": [1, 1]},
								"west": {"uv": [27, 17], "uv_size": [-1, 1]},
								"up": {"uv": [27, 18], "uv_size": [-1, -1]},
								"down": {"uv": [27, 18], "uv_size": [-1, -1]}
							}
						},
						{
							"origin": [-0.5, 31, -8],
							"size": [1, 1, 1],
							"uv": {
								"north": {"uv": [13, 18], "uv_size": [1, 1]},
								"east": {"uv": [13, 18], "uv_size": [1, 1]},
								"south": {"uv": [13, 18], "uv_size": [1, 1]},
								"west": {"uv": [14, 18], "uv_size": [-1, 1]},
								"up": {"uv": [14, 19], "uv_size": [-1, -1]},
								"down": {"uv": [14, 19], "uv_size": [-1, -1]}
							}
						},
						{
							"origin": [-0.5, 31, -10],
							"size": [1, 1, 1],
							"uv": {
								"north": {"uv": [15, 18], "uv_size": [1, 1]},
								"east": {"uv": [15, 18], "uv_size": [1, 1]},
								"south": {"uv": [15, 18], "uv_size": [1, 1]},
								"west": {"uv": [16, 18], "uv_size": [-1, 1]},
								"up": {"uv": [16, 19], "uv_size": [-1, -1]},
								"down": {"uv": [16, 19], "uv_size": [-1, -1]}
							}
						},
						{
							"origin": [-0.5, 31, -14],
							"size": [1, 1, 1],
							"uv": {
								"north": {"uv": [19, 18], "uv_size": [1, 1]},
								"east": {"uv": [19, 18], "uv_size": [1, 1]},
								"south": {"uv": [19, 18], "uv_size": [1, 1]},
								"west": {"uv": [20, 18], "uv_size": [-1, 1]},
								"up": {"uv": [20, 19], "uv_size": [-1, -1]},
								"down": {"uv": [20, 19], "uv_size": [-1, -1]}
							}
						},
						{
							"origin": [-0.5, 31, -18],
							"size": [1, 1, 1],
							"uv": {
								"north": {"uv": [23, 18], "uv_size": [1, 1]},
								"east": {"uv": [23, 18], "uv_size": [1, 1]},
								"south": {"uv": [23, 18], "uv_size": [1, 1]},
								"west": {"uv": [24, 18], "uv_size": [-1, 1]},
								"up": {"uv": [24, 19], "uv_size": [-1, -1]},
								"down": {"uv": [24, 19], "uv_size": [-1, -1]}
							}
						},
						{
							"origin": [-0.5, 31, -19],
							"size": [1, 1, 1],
							"uv": {
								"north": {"uv": [24, 18], "uv_size": [1, 1]},
								"east": {"uv": [24, 18], "uv_size": [1, 1]},
								"south": {"uv": [24, 18], "uv_size": [1, 1]},
								"west": {"uv": [25, 18], "uv_size": [-1, 1]},
								"up": {"uv": [25, 19], "uv_size": [-1, -1]},
								"down": {"uv": [25, 19], "uv_size": [-1, -1]}
							}
						},
						{
							"origin": [-0.5, 31, -20],
							"size": [1, 1, 1],
							"uv": {
								"north": {"uv": [25, 18], "uv_size": [1, 1]},
								"east": {"uv": [25, 18], "uv_size": [1, 1]},
								"south": {"uv": [25, 18], "uv_size": [1, 1]},
								"west": {"uv": [26, 18], "uv_size": [-1, 1]},
								"up": {"uv": [26, 19], "uv_size": [-1, -1]},
								"down": {"uv": [26, 19], "uv_size": [-1, -1]}
							}
						},
						{
							"origin": [-0.5, 30, -7],
							"size": [1, 1, 1],
							"uv": {
								"north": {"uv": [12, 19], "uv_size": [1, 1]},
								"east": {"uv": [12, 19], "uv_size": [1, 1]},
								"south": {"uv": [12, 19], "uv_size": [1, 1]},
								"west": {"uv": [13, 19], "uv_size": [-1, 1]},
								"up": {"uv": [13, 20], "uv_size": [-1, -1]},
								"down": {"uv": [13, 20], "uv_size": [-1, -1]}
							}
						},
						{
							"origin": [-0.5, 30, -9],
							"size": [1, 1, 1],
							"uv": {
								"north": {"uv": [14, 19], "uv_size": [1, 1]},
								"east": {"uv": [14, 19], "uv_size": [1, 1]},
								"south": {"uv": [14, 19], "uv_size": [1, 1]},
								"west": {"uv": [15, 19], "uv_size": [-1, 1]},
								"up": {"uv": [15, 20], "uv_size": [-1, -1]},
								"down": {"uv": [15, 20], "uv_size": [-1, -1]}
							}
						},
						{
							"origin": [-0.5, 30, -15],
							"size": [1, 1, 1],
							"uv": {
								"north": {"uv": [20, 19], "uv_size": [1, 1]},
								"east": {"uv": [20, 19], "uv_size": [1, 1]},
								"south": {"uv": [20, 19], "uv_size": [1, 1]},
								"west": {"uv": [21, 19], "uv_size": [-1, 1]},
								"up": {"uv": [21, 20], "uv_size": [-1, -1]},
								"down": {"uv": [21, 20], "uv_size": [-1, -1]}
							}
						},
						{
							"origin": [-0.5, 30, -16],
							"size": [1, 1, 1],
							"uv": {
								"north": {"uv": [21, 19], "uv_size": [1, 1]},
								"east": {"uv": [21, 19], "uv_size": [1, 1]},
								"south": {"uv": [21, 19], "uv_size": [1, 1]},
								"west": {"uv": [22, 19], "uv_size": [-1, 1]},
								"up": {"uv": [22, 20], "uv_size": [-1, -1]},
								"down": {"uv": [22, 20], "uv_size": [-1, -1]}
							}
						},
						{
							"origin": [-0.5, 30, -17],
							"size": [1, 1, 1],
							"uv": {
								"north": {"uv": [22, 19], "uv_size": [1, 1]},
								"east": {"uv": [22, 19], "uv_size": [1, 1]},
								"south": {"uv": [22, 19], "uv_size": [1, 1]},
								"west": {"uv": [23, 19], "uv_size": [-1, 1]},
								"up": {"uv": [23, 20], "uv_size": [-1, -1]},
								"down": {"uv": [23, 20], "uv_size": [-1, -1]}
							}
						},
						{
							"origin": [-0.5, 29, -6],
							"size": [1, 1, 1],
							"uv": {
								"north": {"uv": [11, 20], "uv_size": [1, 1]},
								"east": {"uv": [11, 20], "uv_size": [1, 1]},
								"south": {"uv": [11, 20], "uv_size": [1, 1]},
								"west": {"uv": [12, 20], "uv_size": [-1, 1]},
								"up": {"uv": [12, 21], "uv_size": [-1, -1]},
								"down": {"uv": [12, 21], "uv_size": [-1, -1]}
							}
						},
						{
							"origin": [-0.5, 29, -8],
							"size": [1, 1, 1],
							"uv": {
								"north": {"uv": [13, 20], "uv_size": [1, 1]},
								"east": {"uv": [13, 20], "uv_size": [1, 1]},
								"south": {"uv": [13, 20], "uv_size": [1, 1]},
								"west": {"uv": [14, 20], "uv_size": [-1, 1]},
								"up": {"uv": [14, 21], "uv_size": [-1, -1]},
								"down": {"uv": [14, 21], "uv_size": [-1, -1]}
							}
						},
						{
							"origin": [-0.5, 28, -5],
							"size": [1, 1, 1],
							"uv": {
								"north": {"uv": [10, 21], "uv_size": [1, 1]},
								"east": {"uv": [10, 21], "uv_size": [1, 1]},
								"south": {"uv": [10, 21], "uv_size": [1, 1]},
								"west": {"uv": [11, 21], "uv_size": [-1, 1]},
								"up": {"uv": [11, 22], "uv_size": [-1, -1]},
								"down": {"uv": [11, 22], "uv_size": [-1, -1]}
							}
						},
						{
							"origin": [-0.5, 28, -7],
							"size": [1, 1, 1],
							"uv": {
								"north": {"uv": [12, 21], "uv_size": [1, 1]},
								"east": {"uv": [12, 21], "uv_size": [1, 1]},
								"south": {"uv": [12, 21], "uv_size": [1, 1]},
								"west": {"uv": [13, 21], "uv_size": [-1, 1]},
								"up": {"uv": [13, 22], "uv_size": [-1, -1]},
								"down": {"uv": [13, 22], "uv_size": [-1, -1]}
							}
						},
						{
							"origin": [-0.5, 27, -4],
							"size": [1, 1, 1],
							"uv": {
								"north": {"uv": [9, 22], "uv_size": [1, 1]},
								"east": {"uv": [9, 22], "uv_size": [1, 1]},
								"south": {"uv": [9, 22], "uv_size": [1, 1]},
								"west": {"uv": [10, 22], "uv_size": [-1, 1]},
								"up": {"uv": [10, 23], "uv_size": [-1, -1]},
								"down": {"uv": [10, 23], "uv_size": [-1, -1]}
							}
						},
						{
							"origin": [-0.5, 27, -6],
							"size": [1, 1, 1],
							"uv": {
								"north": {"uv": [11, 22], "uv_size": [1, 1]},
								"east": {"uv": [11, 22], "uv_size": [1, 1]},
								"south": {"uv": [11, 22], "uv_size": [1, 1]},
								"west": {"uv": [12, 22], "uv_size": [-1, 1]},
								"up": {"uv": [12, 23], "uv_size": [-1, -1]},
								"down": {"uv": [12, 23], "uv_size": [-1, -1]}
							}
						},
						{
							"origin": [-0.5, 26, -3],
							"size": [1, 1, 1],
							"uv": {
								"north": {"uv": [8, 23], "uv_size": [1, 1]},
								"east": {"uv": [8, 23], "uv_size": [1, 1]},
								"south": {"uv": [8, 23], "uv_size": [1, 1]},
								"west": {"uv": [9, 23], "uv_size": [-1, 1]},
								"up": {"uv": [9, 24], "uv_size": [-1, -1]},
								"down": {"uv": [9, 24], "uv_size": [-1, -1]}
							}
						},
						{
							"origin": [-0.5, 26, -5],
							"size": [1, 1, 1],
							"uv": {
								"north": {"uv": [10, 23], "uv_size": [1, 1]},
								"east": {"uv": [10, 23], "uv_size": [1, 1]},
								"south": {"uv": [10, 23], "uv_size": [1, 1]},
								"west": {"uv": [11, 23], "uv_size": [-1, 1]},
								"up": {"uv": [11, 24], "uv_size": [-1, -1]},
								"down": {"uv": [11, 24], "uv_size": [-1, -1]}
							}
						},
						{
							"origin": [-0.5, 25, -2],
							"size": [1, 1, 1],
							"uv": {
								"north": {"uv": [7, 24], "uv_size": [1, 1]},
								"east": {"uv": [7, 24], "uv_size": [1, 1]},
								"south": {"uv": [7, 24], "uv_size": [1, 1]},
								"west": {"uv": [8, 24], "uv_size": [-1, 1]},
								"up": {"uv": [8, 25], "uv_size": [-1, -1]},
								"down": {"uv": [8, 25], "uv_size": [-1, -1]}
							}
						},
						{
							"origin": [-0.5, 25, -4],
							"size": [1, 1, 1],
							"uv": {
								"north": {"uv": [9, 24], "uv_size": [1, 1]},
								"east": {"uv": [9, 24], "uv_size": [1, 1]},
								"south": {"uv": [9, 24], "uv_size": [1, 1]},
								"west": {"uv": [10, 24], "uv_size": [-1, 1]},
								"up": {"uv": [10, 25], "uv_size": [-1, -1]},
								"down": {"uv": [10, 25], "uv_size": [-1, -1]}
							}
						},
						{
							"origin": [-0.5, 24, -1],
							"size": [1, 1, 1],
							"uv": {
								"north": {"uv": [6, 25], "uv_size": [1, 1]},
								"east": {"uv": [6, 25], "uv_size": [1, 1]},
								"south": {"uv": [6, 25], "uv_size": [1, 1]},
								"west": {"uv": [7, 25], "uv_size": [-1, 1]},
								"up": {"uv": [7, 26], "uv_size": [-1, -1]},
								"down": {"uv": [7, 26], "uv_size": [-1, -1]}
							}
						},
						{
							"origin": [-0.5, 24, -3],
							"size": [1, 1, 1],
							"uv": {
								"north": {"uv": [8, 25], "uv_size": [1, 1]},
								"east": {"uv": [8, 25], "uv_size": [1, 1]},
								"south": {"uv": [8, 25], "uv_size": [1, 1]},
								"west": {"uv": [9, 25], "uv_size": [-1, 1]},
								"up": {"uv": [9, 26], "uv_size": [-1, -1]},
								"down": {"uv": [9, 26], "uv_size": [-1, -1]}
							}
						},
						{
							"origin": [-0.5, 23, 0],
							"size": [1, 1, 1],
							"uv": {
								"north": {"uv": [5, 26], "uv_size": [1, 1]},
								"east": {"uv": [5, 26], "uv_size": [1, 1]},
								"south": {"uv": [5, 26], "uv_size": [1, 1]},
								"west": {"uv": [6, 26], "uv_size": [-1, 1]},
								"up": {"uv": [6, 27], "uv_size": [-1, -1]},
								"down": {"uv": [6, 27], "uv_size": [-1, -1]}
							}
						},
						{
							"origin": [-0.5, 23, -2],
							"size": [1, 1, 1],
							"uv": {
								"north": {"uv": [7, 26], "uv_size": [1, 1]},
								"east": {"uv": [7, 26], "uv_size": [1, 1]},
								"south": {"uv": [7, 26], "uv_size": [1, 1]},
								"west": {"uv": [8, 26], "uv_size": [-1, 1]},
								"up": {"uv": [8, 27], "uv_size": [-1, -1]},
								"down": {"uv": [8, 27], "uv_size": [-1, -1]}
							}
						},
						{
							"origin": [-0.5, 22, 1],
							"size": [1, 1, 1],
							"uv": {
								"north": {"uv": [4, 27], "uv_size": [1, 1]},
								"east": {"uv": [4, 27], "uv_size": [1, 1]},
								"south": {"uv": [4, 27], "uv_size": [1, 1]},
								"west": {"uv": [5, 27], "uv_size": [-1, 1]},
								"up": {"uv": [5, 28], "uv_size": [-1, -1]},
								"down": {"uv": [5, 28], "uv_size": [-1, -1]}
							}
						},
						{
							"origin": [-0.5, 22, -1],
							"size": [1, 1, 1],
							"uv": {
								"north": {"uv": [6, 27], "uv_size": [1, 1]},
								"east": {"uv": [6, 27], "uv_size": [1, 1]},
								"south": {"uv": [6, 27], "uv_size": [1, 1]},
								"west": {"uv": [7, 27], "uv_size": [-1, 1]},
								"up": {"uv": [7, 28], "uv_size": [-1, -1]},
								"down": {"uv": [7, 28], "uv_size": [-1, -1]}
							}
						},
						{
							"origin": [-0.5, 21, 1],
							"size": [1, 1, 1],
							"uv": {
								"north": {"uv": [4, 28], "uv_size": [1, 1]},
								"east": {"uv": [4, 28], "uv_size": [1, 1]},
								"south": {"uv": [4, 28], "uv_size": [1, 1]},
								"west": {"uv": [5, 28], "uv_size": [-1, 1]},
								"up": {"uv": [5, 29], "uv_size": [-1, -1]},
								"down": {"uv": [5, 29], "uv_size": [-1, -1]}
							}
						},
						{
							"origin": [-0.5, 21, 0],
							"size": [1, 1, 1],
							"uv": {
								"north": {"uv": [5, 28], "uv_size": [1, 1]},
								"east": {"uv": [5, 28], "uv_size": [1, 1]},
								"south": {"uv": [5, 28], "uv_size": [1, 1]},
								"west": {"uv": [6, 28], "uv_size": [-1, 1]},
								"up": {"uv": [6, 29], "uv_size": [-1, -1]},
								"down": {"uv": [6, 29], "uv_size": [-1, -1]}
							}
						},
						{
							"origin": [-1, 32, -17],
							"size": [2, 1, 1],
							"uv": {
								"north": {"uv": [22, 17], "uv_size": [1, 1]},
								"east": {"uv": [22, 17], "uv_size": [1, 1]},
								"south": {"uv": [22, 17], "uv_size": [1, 1]},
								"west": {"uv": [23, 17], "uv_size": [-1, 1]},
								"up": {"uv": [23, 18], "uv_size": [-1, -1]},
								"down": {"uv": [23, 18], "uv_size": [-1, -1]}
							}
						},
						{
							"origin": [-1, 32, -16],
							"size": [2, 1, 1],
							"uv": {
								"north": {"uv": [21, 17], "uv_size": [1, 1]},
								"east": {"uv": [21, 17], "uv_size": [1, 1]},
								"south": {"uv": [21, 17], "uv_size": [1, 1]},
								"west": {"uv": [22, 17], "uv_size": [-1, 1]},
								"up": {"uv": [22, 18], "uv_size": [-1, -1]},
								"down": {"uv": [22, 18], "uv_size": [-1, -1]}
							}
						},
						{
							"origin": [-1, 33, -20],
							"size": [2, 1, 1],
							"uv": {
								"north": {"uv": [25, 16], "uv_size": [1, 1]},
								"east": {"uv": [25, 16], "uv_size": [1, 1]},
								"south": {"uv": [25, 16], "uv_size": [1, 1]},
								"west": {"uv": [26, 16], "uv_size": [-1, 1]},
								"up": {"uv": [26, 17], "uv_size": [-1, -1]},
								"down": {"uv": [26, 17], "uv_size": [-1, -1]}
							}
						},
						{
							"origin": [-1, 33, -19],
							"size": [2, 1, 1],
							"uv": {
								"north": {"uv": [24, 16], "uv_size": [1, 1]},
								"east": {"uv": [24, 16], "uv_size": [1, 1]},
								"south": {"uv": [24, 16], "uv_size": [1, 1]},
								"west": {"uv": [25, 16], "uv_size": [-1, 1]},
								"up": {"uv": [25, 17], "uv_size": [-1, -1]},
								"down": {"uv": [25, 17], "uv_size": [-1, -1]}
							}
						},
						{
							"origin": [-1, 33, -18],
							"size": [2, 1, 1],
							"uv": {
								"north": {"uv": [23, 16], "uv_size": [1, 1]},
								"east": {"uv": [23, 16], "uv_size": [1, 1]},
								"south": {"uv": [23, 16], "uv_size": [1, 1]},
								"west": {"uv": [24, 16], "uv_size": [-1, 1]},
								"up": {"uv": [24, 17], "uv_size": [-1, -1]},
								"down": {"uv": [24, 17], "uv_size": [-1, -1]}
							}
						},
						{
							"origin": [-1, 33, -17],
							"size": [2, 1, 1],
							"uv": {
								"north": {"uv": [22, 16], "uv_size": [1, 1]},
								"east": {"uv": [22, 16], "uv_size": [1, 1]},
								"south": {"uv": [22, 16], "uv_size": [1, 1]},
								"west": {"uv": [23, 16], "uv_size": [-1, 1]},
								"up": {"uv": [23, 17], "uv_size": [-1, -1]},
								"down": {"uv": [23, 17], "uv_size": [-1, -1]}
							}
						},
						{
							"origin": [-1, 34, -21],
							"size": [2, 1, 1],
							"uv": {
								"north": {"uv": [26, 15], "uv_size": [1, 1]},
								"east": {"uv": [26, 15], "uv_size": [1, 1]},
								"south": {"uv": [26, 15], "uv_size": [1, 1]},
								"west": {"uv": [27, 15], "uv_size": [-1, 1]},
								"up": {"uv": [27, 16], "uv_size": [-1, -1]},
								"down": {"uv": [27, 16], "uv_size": [-1, -1]}
							}
						},
						{
							"origin": [-1, 34, -20],
							"size": [2, 1, 1],
							"uv": {
								"north": {"uv": [25, 15], "uv_size": [1, 1]},
								"east": {"uv": [25, 15], "uv_size": [1, 1]},
								"south": {"uv": [25, 15], "uv_size": [1, 1]},
								"west": {"uv": [26, 15], "uv_size": [-1, 1]},
								"up": {"uv": [26, 16], "uv_size": [-1, -1]},
								"down": {"uv": [26, 16], "uv_size": [-1, -1]}
							}
						},
						{
							"origin": [-1, 34, -19],
							"size": [2, 1, 1],
							"uv": {
								"north": {"uv": [24, 15], "uv_size": [1, 1]},
								"east": {"uv": [24, 15], "uv_size": [1, 1]},
								"south": {"uv": [24, 15], "uv_size": [1, 1]},
								"west": {"uv": [25, 15], "uv_size": [-1, 1]},
								"up": {"uv": [25, 16], "uv_size": [-1, -1]},
								"down": {"uv": [25, 16], "uv_size": [-1, -1]}
							}
						},
						{
							"origin": [-1, 34, -18],
							"size": [2, 1, 1],
							"uv": {
								"north": {"uv": [23, 15], "uv_size": [1, 1]},
								"east": {"uv": [23, 15], "uv_size": [1, 1]},
								"south": {"uv": [23, 15], "uv_size": [1, 1]},
								"west": {"uv": [24, 15], "uv_size": [-1, 1]},
								"up": {"uv": [24, 16], "uv_size": [-1, -1]},
								"down": {"uv": [24, 16], "uv_size": [-1, -1]}
							}
						},
						{
							"origin": [-1, 34, -17],
							"size": [2, 1, 1],
							"uv": {
								"north": {"uv": [22, 15], "uv_size": [1, 1]},
								"east": {"uv": [22, 15], "uv_size": [1, 1]},
								"south": {"uv": [22, 15], "uv_size": [1, 1]},
								"west": {"uv": [23, 15], "uv_size": [-1, 1]},
								"up": {"uv": [23, 16], "uv_size": [-1, -1]},
								"down": {"uv": [23, 16], "uv_size": [-1, -1]}
							}
						},
						{
							"origin": [-1, 35, -22],
							"size": [2, 1, 1],
							"uv": {
								"north": {"uv": [27, 14], "uv_size": [1, 1]},
								"east": {"uv": [27, 14], "uv_size": [1, 1]},
								"south": {"uv": [27, 14], "uv_size": [1, 1]},
								"west": {"uv": [28, 14], "uv_size": [-1, 1]},
								"up": {"uv": [28, 15], "uv_size": [-1, -1]},
								"down": {"uv": [28, 15], "uv_size": [-1, -1]}
							}
						},
						{
							"origin": [-1, 35, -21],
							"size": [2, 1, 1],
							"uv": {
								"north": {"uv": [26, 14], "uv_size": [1, 1]},
								"east": {"uv": [26, 14], "uv_size": [1, 1]},
								"south": {"uv": [26, 14], "uv_size": [1, 1]},
								"west": {"uv": [27, 14], "uv_size": [-1, 1]},
								"up": {"uv": [27, 15], "uv_size": [-1, -1]},
								"down": {"uv": [27, 15], "uv_size": [-1, -1]}
							}
						},
						{
							"origin": [-1, 35, -20],
							"size": [2, 1, 1],
							"uv": {
								"north": {"uv": [25, 14], "uv_size": [1, 1]},
								"east": {"uv": [25, 14], "uv_size": [1, 1]},
								"south": {"uv": [25, 14], "uv_size": [1, 1]},
								"west": {"uv": [26, 14], "uv_size": [-1, 1]},
								"up": {"uv": [26, 15], "uv_size": [-1, -1]},
								"down": {"uv": [26, 15], "uv_size": [-1, -1]}
							}
						},
						{
							"origin": [-1, 35, -19],
							"size": [2, 1, 1],
							"uv": {
								"north": {"uv": [24, 14], "uv_size": [1, 1]},
								"east": {"uv": [24, 14], "uv_size": [1, 1]},
								"south": {"uv": [24, 14], "uv_size": [1, 1]},
								"west": {"uv": [25, 14], "uv_size": [-1, 1]},
								"up": {"uv": [25, 15], "uv_size": [-1, -1]},
								"down": {"uv": [25, 15], "uv_size": [-1, -1]}
							}
						},
						{
							"origin": [-1, 35, -18],
							"size": [2, 1, 1],
							"uv": {
								"north": {"uv": [23, 14], "uv_size": [1, 1]},
								"east": {"uv": [23, 14], "uv_size": [1, 1]},
								"south": {"uv": [23, 14], "uv_size": [1, 1]},
								"west": {"uv": [24, 14], "uv_size": [-1, 1]},
								"up": {"uv": [24, 15], "uv_size": [-1, -1]},
								"down": {"uv": [24, 15], "uv_size": [-1, -1]}
							}
						},
						{
							"origin": [-1, 35, -17],
							"size": [2, 1, 1],
							"uv": {
								"north": {"uv": [22, 14], "uv_size": [1, 1]},
								"east": {"uv": [22, 14], "uv_size": [1, 1]},
								"south": {"uv": [22, 14], "uv_size": [1, 1]},
								"west": {"uv": [23, 14], "uv_size": [-1, 1]},
								"up": {"uv": [23, 15], "uv_size": [-1, -1]},
								"down": {"uv": [23, 15], "uv_size": [-1, -1]}
							}
						},
						{
							"origin": [-1, 35, -16],
							"size": [2, 1, 1],
							"uv": {
								"north": {"uv": [21, 14], "uv_size": [1, 1]},
								"east": {"uv": [21, 14], "uv_size": [1, 1]},
								"south": {"uv": [21, 14], "uv_size": [1, 1]},
								"west": {"uv": [22, 14], "uv_size": [-1, 1]},
								"up": {"uv": [22, 15], "uv_size": [-1, -1]},
								"down": {"uv": [22, 15], "uv_size": [-1, -1]}
							}
						},
						{
							"origin": [-1, 36, -22],
							"size": [2, 1, 1],
							"uv": {
								"north": {"uv": [27, 13], "uv_size": [1, 1]},
								"east": {"uv": [27, 13], "uv_size": [1, 1]},
								"south": {"uv": [27, 13], "uv_size": [1, 1]},
								"west": {"uv": [28, 13], "uv_size": [-1, 1]},
								"up": {"uv": [28, 14], "uv_size": [-1, -1]},
								"down": {"uv": [28, 14], "uv_size": [-1, -1]}
							}
						},
						{
							"origin": [-1, 36, -21],
							"size": [2, 1, 1],
							"uv": {
								"north": {"uv": [26, 13], "uv_size": [1, 1]},
								"east": {"uv": [26, 13], "uv_size": [1, 1]},
								"south": {"uv": [26, 13], "uv_size": [1, 1]},
								"west": {"uv": [27, 13], "uv_size": [-1, 1]},
								"up": {"uv": [27, 14], "uv_size": [-1, -1]},
								"down": {"uv": [27, 14], "uv_size": [-1, -1]}
							}
						},
						{
							"origin": [-1, 36, -19],
							"size": [2, 1, 1],
							"uv": {
								"north": {"uv": [24, 13], "uv_size": [1, 1]},
								"east": {"uv": [24, 13], "uv_size": [1, 1]},
								"south": {"uv": [24, 13], "uv_size": [1, 1]},
								"west": {"uv": [25, 13], "uv_size": [-1, 1]},
								"up": {"uv": [25, 14], "uv_size": [-1, -1]},
								"down": {"uv": [25, 14], "uv_size": [-1, -1]}
							}
						},
						{
							"origin": [-1, 36, -18],
							"size": [2, 1, 1],
							"uv": {
								"north": {"uv": [23, 13], "uv_size": [1, 1]},
								"east": {"uv": [23, 13], "uv_size": [1, 1]},
								"south": {"uv": [23, 13], "uv_size": [1, 1]},
								"west": {"uv": [24, 13], "uv_size": [-1, 1]},
								"up": {"uv": [24, 14], "uv_size": [-1, -1]},
								"down": {"uv": [24, 14], "uv_size": [-1, -1]}
							}
						},
						{
							"origin": [-1, 36, -17],
							"size": [2, 1, 1],
							"uv": {
								"north": {"uv": [22, 13], "uv_size": [1, 1]},
								"east": {"uv": [22, 13], "uv_size": [1, 1]},
								"south": {"uv": [22, 13], "uv_size": [1, 1]},
								"west": {"uv": [23, 13], "uv_size": [-1, 1]},
								"up": {"uv": [23, 14], "uv_size": [-1, -1]},
								"down": {"uv": [23, 14], "uv_size": [-1, -1]}
							}
						},
						{
							"origin": [-1, 36, -16],
							"size": [2, 1, 1],
							"uv": {
								"north": {"uv": [21, 13], "uv_size": [1, 1]},
								"east": {"uv": [21, 13], "uv_size": [1, 1]},
								"south": {"uv": [21, 13], "uv_size": [1, 1]},
								"west": {"uv": [22, 13], "uv_size": [-1, 1]},
								"up": {"uv": [22, 14], "uv_size": [-1, -1]},
								"down": {"uv": [22, 14], "uv_size": [-1, -1]}
							}
						},
						{
							"origin": [-1, 36, -15],
							"size": [2, 1, 1],
							"uv": {
								"north": {"uv": [20, 13], "uv_size": [1, 1]},
								"east": {"uv": [20, 13], "uv_size": [1, 1]},
								"south": {"uv": [20, 13], "uv_size": [1, 1]},
								"west": {"uv": [21, 13], "uv_size": [-1, 1]},
								"up": {"uv": [21, 14], "uv_size": [-1, -1]},
								"down": {"uv": [21, 14], "uv_size": [-1, -1]}
							}
						},
						{
							"origin": [-1, 37, -22],
							"size": [2, 1, 1],
							"uv": {
								"north": {"uv": [27, 12], "uv_size": [1, 1]},
								"east": {"uv": [27, 12], "uv_size": [1, 1]},
								"south": {"uv": [27, 12], "uv_size": [1, 1]},
								"west": {"uv": [28, 12], "uv_size": [-1, 1]},
								"up": {"uv": [28, 13], "uv_size": [-1, -1]},
								"down": {"uv": [28, 13], "uv_size": [-1, -1]}
							}
						},
						{
							"origin": [-1, 37, -18],
							"size": [2, 1, 1],
							"uv": {
								"north": {"uv": [23, 12], "uv_size": [1, 1]},
								"east": {"uv": [23, 12], "uv_size": [1, 1]},
								"south": {"uv": [23, 12], "uv_size": [1, 1]},
								"west": {"uv": [24, 12], "uv_size": [-1, 1]},
								"up": {"uv": [24, 13], "uv_size": [-1, -1]},
								"down": {"uv": [24, 13], "uv_size": [-1, -1]}
							}
						},
						{
							"origin": [-1, 37, -17],
							"size": [2, 1, 1],
							"uv": {
								"north": {"uv": [22, 12], "uv_size": [1, 1]},
								"east": {"uv": [22, 12], "uv_size": [1, 1]},
								"south": {"uv": [22, 12], "uv_size": [1, 1]},
								"west": {"uv": [23, 12], "uv_size": [-1, 1]},
								"up": {"uv": [23, 13], "uv_size": [-1, -1]},
								"down": {"uv": [23, 13], "uv_size": [-1, -1]}
							}
						},
						{
							"origin": [-1, 37, -16],
							"size": [2, 1, 1],
							"uv": {
								"north": {"uv": [21, 12], "uv_size": [1, 1]},
								"east": {"uv": [21, 12], "uv_size": [1, 1]},
								"south": {"uv": [21, 12], "uv_size": [1, 1]},
								"west": {"uv": [22, 12], "uv_size": [-1, 1]},
								"up": {"uv": [22, 13], "uv_size": [-1, -1]},
								"down": {"uv": [22, 13], "uv_size": [-1, -1]}
							}
						},
						{
							"origin": [-1, 37, -15],
							"size": [2, 1, 1],
							"uv": {
								"north": {"uv": [20, 12], "uv_size": [1, 1]},
								"east": {"uv": [20, 12], "uv_size": [1, 1]},
								"south": {"uv": [20, 12], "uv_size": [1, 1]},
								"west": {"uv": [21, 12], "uv_size": [-1, 1]},
								"up": {"uv": [21, 13], "uv_size": [-1, -1]},
								"down": {"uv": [21, 13], "uv_size": [-1, -1]}
							}
						},
						{
							"origin": [-1, 37, -14],
							"size": [2, 1, 1],
							"uv": {
								"north": {"uv": [19, 12], "uv_size": [1, 1]},
								"east": {"uv": [19, 12], "uv_size": [1, 1]},
								"south": {"uv": [19, 12], "uv_size": [1, 1]},
								"west": {"uv": [20, 12], "uv_size": [-1, 1]},
								"up": {"uv": [20, 13], "uv_size": [-1, -1]},
								"down": {"uv": [20, 13], "uv_size": [-1, -1]}
							}
						},
						{
							"origin": [-1, 38, -17],
							"size": [2, 1, 1],
							"uv": {
								"north": {"uv": [22, 11], "uv_size": [1, 1]},
								"east": {"uv": [22, 11], "uv_size": [1, 1]},
								"south": {"uv": [22, 11], "uv_size": [1, 1]},
								"west": {"uv": [23, 11], "uv_size": [-1, 1]},
								"up": {"uv": [23, 12], "uv_size": [-1, -1]},
								"down": {"uv": [23, 12], "uv_size": [-1, -1]}
							}
						},
						{
							"origin": [-1, 38, -16],
							"size": [2, 1, 1],
							"uv": {
								"north": {"uv": [21, 11], "uv_size": [1, 1]},
								"east": {"uv": [21, 11], "uv_size": [1, 1]},
								"south": {"uv": [21, 11], "uv_size": [1, 1]},
								"west": {"uv": [22, 11], "uv_size": [-1, 1]},
								"up": {"uv": [22, 12], "uv_size": [-1, -1]},
								"down": {"uv": [22, 12], "uv_size": [-1, -1]}
							}
						},
						{
							"origin": [-1, 38, -15],
							"size": [2, 1, 1],
							"uv": {
								"north": {"uv": [20, 11], "uv_size": [1, 1]},
								"east": {"uv": [20, 11], "uv_size": [1, 1]},
								"south": {"uv": [20, 11], "uv_size": [1, 1]},
								"west": {"uv": [21, 11], "uv_size": [-1, 1]},
								"up": {"uv": [21, 12], "uv_size": [-1, -1]},
								"down": {"uv": [21, 12], "uv_size": [-1, -1]}
							}
						},
						{
							"origin": [-1, 38, -14],
							"size": [2, 1, 1],
							"uv": {
								"north": {"uv": [19, 11], "uv_size": [1, 1]},
								"east": {"uv": [19, 11], "uv_size": [1, 1]},
								"south": {"uv": [19, 11], "uv_size": [1, 1]},
								"west": {"uv": [20, 11], "uv_size": [-1, 1]},
								"up": {"uv": [20, 12], "uv_size": [-1, -1]},
								"down": {"uv": [20, 12], "uv_size": [-1, -1]}
							}
						},
						{
							"origin": [-1, 38, -13],
							"size": [2, 1, 1],
							"uv": {
								"north": {"uv": [18, 11], "uv_size": [1, 1]},
								"east": {"uv": [18, 11], "uv_size": [1, 1]},
								"south": {"uv": [18, 11], "uv_size": [1, 1]},
								"west": {"uv": [19, 11], "uv_size": [-1, 1]},
								"up": {"uv": [19, 12], "uv_size": [-1, -1]},
								"down": {"uv": [19, 12], "uv_size": [-1, -1]}
							}
						},
						{
							"origin": [-1, 38, -10],
							"size": [2, 1, 1],
							"uv": {
								"north": {"uv": [15, 11], "uv_size": [1, 1]},
								"east": {"uv": [15, 11], "uv_size": [1, 1]},
								"south": {"uv": [15, 11], "uv_size": [1, 1]},
								"west": {"uv": [16, 11], "uv_size": [-1, 1]},
								"up": {"uv": [16, 12], "uv_size": [-1, -1]},
								"down": {"uv": [16, 12], "uv_size": [-1, -1]}
							}
						},
						{
							"origin": [-1, 39, -16],
							"size": [2, 1, 1],
							"uv": {
								"north": {"uv": [21, 10], "uv_size": [1, 1]},
								"east": {"uv": [21, 10], "uv_size": [1, 1]},
								"south": {"uv": [21, 10], "uv_size": [1, 1]},
								"west": {"uv": [22, 10], "uv_size": [-1, 1]},
								"up": {"uv": [22, 11], "uv_size": [-1, -1]},
								"down": {"uv": [22, 11], "uv_size": [-1, -1]}
							}
						},
						{
							"origin": [-1, 39, -15],
							"size": [2, 1, 1],
							"uv": {
								"north": {"uv": [20, 10], "uv_size": [1, 1]},
								"east": {"uv": [20, 10], "uv_size": [1, 1]},
								"south": {"uv": [20, 10], "uv_size": [1, 1]},
								"west": {"uv": [21, 10], "uv_size": [-1, 1]},
								"up": {"uv": [21, 11], "uv_size": [-1, -1]},
								"down": {"uv": [21, 11], "uv_size": [-1, -1]}
							}
						},
						{
							"origin": [-1, 39, -14],
							"size": [2, 1, 1],
							"uv": {
								"north": {"uv": [19, 10], "uv_size": [1, 1]},
								"east": {"uv": [19, 10], "uv_size": [1, 1]},
								"south": {"uv": [19, 10], "uv_size": [1, 1]},
								"west": {"uv": [20, 10], "uv_size": [-1, 1]},
								"up": {"uv": [20, 11], "uv_size": [-1, -1]},
								"down": {"uv": [20, 11], "uv_size": [-1, -1]}
							}
						},
						{
							"origin": [-1, 39, -13],
							"size": [2, 1, 1],
							"uv": {
								"north": {"uv": [18, 10], "uv_size": [1, 1]},
								"east": {"uv": [18, 10], "uv_size": [1, 1]},
								"south": {"uv": [18, 10], "uv_size": [1, 1]},
								"west": {"uv": [19, 10], "uv_size": [-1, 1]},
								"up": {"uv": [19, 11], "uv_size": [-1, -1]},
								"down": {"uv": [19, 11], "uv_size": [-1, -1]}
							}
						},
						{
							"origin": [-1, 39, -12],
							"size": [2, 1, 1],
							"uv": {
								"north": {"uv": [17, 10], "uv_size": [1, 1]},
								"east": {"uv": [17, 10], "uv_size": [1, 1]},
								"south": {"uv": [17, 10], "uv_size": [1, 1]},
								"west": {"uv": [18, 10], "uv_size": [-1, 1]},
								"up": {"uv": [18, 11], "uv_size": [-1, -1]},
								"down": {"uv": [18, 11], "uv_size": [-1, -1]}
							}
						},
						{
							"origin": [-1, 39, -11],
							"size": [2, 1, 1],
							"uv": {
								"north": {"uv": [16, 10], "uv_size": [1, 1]},
								"east": {"uv": [16, 10], "uv_size": [1, 1]},
								"south": {"uv": [16, 10], "uv_size": [1, 1]},
								"west": {"uv": [17, 10], "uv_size": [-1, 1]},
								"up": {"uv": [17, 11], "uv_size": [-1, -1]},
								"down": {"uv": [17, 11], "uv_size": [-1, -1]}
							}
						},
						{
							"origin": [-1, 39, -10],
							"size": [2, 1, 1],
							"uv": {
								"north": {"uv": [15, 10], "uv_size": [1, 1]},
								"east": {"uv": [15, 10], "uv_size": [1, 1]},
								"south": {"uv": [15, 10], "uv_size": [1, 1]},
								"west": {"uv": [16, 10], "uv_size": [-1, 1]},
								"up": {"uv": [16, 11], "uv_size": [-1, -1]},
								"down": {"uv": [16, 11], "uv_size": [-1, -1]}
							}
						},
						{
							"origin": [-1, 40, -15],
							"size": [2, 1, 1],
							"uv": {
								"north": {"uv": [20, 9], "uv_size": [1, 1]},
								"east": {"uv": [20, 9], "uv_size": [1, 1]},
								"south": {"uv": [20, 9], "uv_size": [1, 1]},
								"west": {"uv": [21, 9], "uv_size": [-1, 1]},
								"up": {"uv": [21, 10], "uv_size": [-1, -1]},
								"down": {"uv": [21, 10], "uv_size": [-1, -1]}
							}
						},
						{
							"origin": [-1, 40, -14],
							"size": [2, 1, 1],
							"uv": {
								"north": {"uv": [19, 9], "uv_size": [1, 1]},
								"east": {"uv": [19, 9], "uv_size": [1, 1]},
								"south": {"uv": [19, 9], "uv_size": [1, 1]},
								"west": {"uv": [20, 9], "uv_size": [-1, 1]},
								"up": {"uv": [20, 10], "uv_size": [-1, -1]},
								"down": {"uv": [20, 10], "uv_size": [-1, -1]}
							}
						},
						{
							"origin": [-1, 40, -13],
							"size": [2, 1, 1],
							"uv": {
								"north": {"uv": [18, 9], "uv_size": [1, 1]},
								"east": {"uv": [18, 9], "uv_size": [1, 1]},
								"south": {"uv": [18, 9], "uv_size": [1, 1]},
								"west": {"uv": [19, 9], "uv_size": [-1, 1]},
								"up": {"uv": [19, 10], "uv_size": [-1, -1]},
								"down": {"uv": [19, 10], "uv_size": [-1, -1]}
							}
						},
						{
							"origin": [-1, 40, -12],
							"size": [2, 1, 1],
							"uv": {
								"north": {"uv": [17, 9], "uv_size": [1, 1]},
								"east": {"uv": [17, 9], "uv_size": [1, 1]},
								"south": {"uv": [17, 9], "uv_size": [1, 1]},
								"west": {"uv": [18, 9], "uv_size": [-1, 1]},
								"up": {"uv": [18, 10], "uv_size": [-1, -1]},
								"down": {"uv": [18, 10], "uv_size": [-1, -1]}
							}
						},
						{
							"origin": [-1, 40, -11],
							"size": [2, 1, 1],
							"uv": {
								"north": {"uv": [16, 9], "uv_size": [1, 1]},
								"east": {"uv": [16, 9], "uv_size": [1, 1]},
								"south": {"uv": [16, 9], "uv_size": [1, 1]},
								"west": {"uv": [17, 9], "uv_size": [-1, 1]},
								"up": {"uv": [17, 10], "uv_size": [-1, -1]},
								"down": {"uv": [17, 10], "uv_size": [-1, -1]}
							}
						},
						{
							"origin": [-1, 41, -14],
							"size": [2, 1, 1],
							"uv": {
								"north": {"uv": [19, 8], "uv_size": [1, 1]},
								"east": {"uv": [19, 8], "uv_size": [1, 1]},
								"south": {"uv": [19, 8], "uv_size": [1, 1]},
								"west": {"uv": [20, 8], "uv_size": [-1, 1]},
								"up": {"uv": [20, 9], "uv_size": [-1, -1]},
								"down": {"uv": [20, 9], "uv_size": [-1, -1]}
							}
						},
						{
							"origin": [-1, 41, -13],
							"size": [2, 1, 1],
							"uv": {
								"north": {"uv": [18, 8], "uv_size": [1, 1]},
								"east": {"uv": [18, 8], "uv_size": [1, 1]},
								"south": {"uv": [18, 8], "uv_size": [1, 1]},
								"west": {"uv": [19, 8], "uv_size": [-1, 1]},
								"up": {"uv": [19, 9], "uv_size": [-1, -1]},
								"down": {"uv": [19, 9], "uv_size": [-1, -1]}
							}
						},
						{
							"origin": [-1, 41, -12],
							"size": [2, 1, 1],
							"uv": {
								"north": {"uv": [17, 8], "uv_size": [1, 1]},
								"east": {"uv": [17, 8], "uv_size": [1, 1]},
								"south": {"uv": [17, 8], "uv_size": [1, 1]},
								"west": {"uv": [18, 8], "uv_size": [-1, 1]},
								"up": {"uv": [18, 9], "uv_size": [-1, -1]},
								"down": {"uv": [18, 9], "uv_size": [-1, -1]}
							}
						},
						{
							"origin": [-1, 41, -11],
							"size": [2, 1, 1],
							"uv": {
								"north": {"uv": [16, 8], "uv_size": [1, 1]},
								"east": {"uv": [16, 8], "uv_size": [1, 1]},
								"south": {"uv": [16, 8], "uv_size": [1, 1]},
								"west": {"uv": [17, 8], "uv_size": [-1, 1]},
								"up": {"uv": [17, 9], "uv_size": [-1, -1]},
								"down": {"uv": [17, 9], "uv_size": [-1, -1]}
							}
						},
						{
							"origin": [-1, 42, -13],
							"size": [2, 1, 1],
							"uv": {
								"north": {"uv": [18, 7], "uv_size": [1, 1]},
								"east": {"uv": [18, 7], "uv_size": [1, 1]},
								"south": {"uv": [18, 7], "uv_size": [1, 1]},
								"west": {"uv": [19, 7], "uv_size": [-1, 1]},
								"up": {"uv": [19, 8], "uv_size": [-1, -1]},
								"down": {"uv": [19, 8], "uv_size": [-1, -1]}
							}
						},
						{
							"origin": [-1, 42, -12],
							"size": [2, 1, 1],
							"uv": {
								"north": {"uv": [17, 7], "uv_size": [1, 1]},
								"east": {"uv": [17, 7], "uv_size": [1, 1]},
								"south": {"uv": [17, 7], "uv_size": [1, 1]},
								"west": {"uv": [18, 7], "uv_size": [-1, 1]},
								"up": {"uv": [18, 8], "uv_size": [-1, -1]},
								"down": {"uv": [18, 8], "uv_size": [-1, -1]}
							}
						},
						{
							"origin": [-1, 43, -14],
							"size": [2, 1, 1],
							"uv": {
								"north": {"uv": [19, 6], "uv_size": [1, 1]},
								"east": {"uv": [19, 6], "uv_size": [1, 1]},
								"south": {"uv": [19, 6], "uv_size": [1, 1]},
								"west": {"uv": [20, 6], "uv_size": [-1, 1]},
								"up": {"uv": [20, 7], "uv_size": [-1, -1]},
								"down": {"uv": [20, 7], "uv_size": [-1, -1]}
							}
						},
						{
							"origin": [-1, 43, -13],
							"size": [2, 1, 1],
							"uv": {
								"north": {"uv": [18, 6], "uv_size": [1, 1]},
								"east": {"uv": [18, 6], "uv_size": [1, 1]},
								"south": {"uv": [18, 6], "uv_size": [1, 1]},
								"west": {"uv": [19, 6], "uv_size": [-1, 1]},
								"up": {"uv": [19, 7], "uv_size": [-1, -1]},
								"down": {"uv": [19, 7], "uv_size": [-1, -1]}
							}
						},
						{
							"origin": [-1, 44, -15],
							"size": [2, 1, 1],
							"uv": {
								"north": {"uv": [20, 5], "uv_size": [1, 1]},
								"east": {"uv": [20, 5], "uv_size": [1, 1]},
								"south": {"uv": [20, 5], "uv_size": [1, 1]},
								"west": {"uv": [21, 5], "uv_size": [-1, 1]},
								"up": {"uv": [21, 6], "uv_size": [-1, -1]},
								"down": {"uv": [21, 6], "uv_size": [-1, -1]}
							}
						},
						{
							"origin": [-1, 44, -14],
							"size": [2, 1, 1],
							"uv": {
								"north": {"uv": [19, 5], "uv_size": [1, 1]},
								"east": {"uv": [19, 5], "uv_size": [1, 1]},
								"south": {"uv": [19, 5], "uv_size": [1, 1]},
								"west": {"uv": [20, 5], "uv_size": [-1, 1]},
								"up": {"uv": [20, 6], "uv_size": [-1, -1]},
								"down": {"uv": [20, 6], "uv_size": [-1, -1]}
							}
						},
						{
							"origin": [-1, 44, -13],
							"size": [2, 1, 1],
							"uv": {
								"north": {"uv": [18, 5], "uv_size": [1, 1]},
								"east": {"uv": [18, 5], "uv_size": [1, 1]},
								"south": {"uv": [18, 5], "uv_size": [1, 1]},
								"west": {"uv": [19, 5], "uv_size": [-1, 1]},
								"up": {"uv": [19, 6], "uv_size": [-1, -1]},
								"down": {"uv": [19, 6], "uv_size": [-1, -1]}
							}
						}
					]
				}
			]
		}
	]
}