{
	"format_version": "1.12.0",
	"minecraft:geometry": [
		{
			"description": {
				"identifier": "geometry.lz_irongolem",
				"texture_width": 128,
				"texture_height": 128,
				"visible_bounds_width": 3,
				"visible_bounds_height": 4.5,
				"visible_bounds_offset": [0, 1.75, 0]
			},
			"bones": [
				{
					"name": "waist",
					"pivot": [0, 32, 0]
				},
				{
					"name": "body",
					"parent": "waist",
					"pivot": [0, 31, 0],
					"cubes": [
						{
							"origin": [-9, 21, -6],
							"size": [18, 12, 11],
							"uv": {
								"north": {"uv": [11, 51], "uv_size": [18, 12]},
								"east": {"uv": [0, 51], "uv_size": [11, 12]},
								"south": {"uv": [40, 51], "uv_size": [18, 12]},
								"west": {"uv": [29, 51], "uv_size": [11, 12]},
								"up": {"uv": [11, 40], "uv_size": [18, 11]},
								"down": {"uv": [29, 51], "uv_size": [18, -11]}
							}
						}
					]
				},
				{
					"name": "head",
					"parent": "body",
					"pivot": [0, 31, -2],
					"cubes": [
						{
							"origin": [-4, 33, -7.5],
							"size": [8, 10, 8],
							"uv": {
								"north": {"uv": [8, 8], "uv_size": [8, 10]},
								"east": {"uv": [0, 8], "uv_size": [8, 10]},
								"south": {"uv": [24, 8], "uv_size": [8, 10]},
								"west": {"uv": [16, 8], "uv_size": [8, 10]},
								"up": {"uv": [8, 0], "uv_size": [8, 8]},
								"down": {"uv": [16, 8], "uv_size": [8, -8]}
							}
						},
						{
							"origin": [-1, 32, -9.5],
							"size": [2, 4, 2],
							"uv": {
								"north": {"uv": [26, 2], "uv_size": [2, 4]},
								"east": {"uv": [24, 2], "uv_size": [2, 4]},
								"south": {"uv": [30, 2], "uv_size": [2, 4]},
								"west": {"uv": [28, 2], "uv_size": [2, 4]},
								"up": {"uv": [26, 0], "uv_size": [2, 2]},
								"down": {"uv": [28, 2], "uv_size": [2, -2]}
							}
						}
					],
					"locators": {
						"lead": [0, 31, -2]
					}
				},
				{
					"name": "eye1",
					"parent": "head",
					"pivot": [-2, 37, -7],
					"cubes": [
						{
							"origin": [-2.6, 36.4, -7.505],
							"size": [1.2, 1.2, 0.05],
							"uv": {
								"north": {"uv": [0, 0], "uv_size": [1, 1]},
								"east": {"uv": [0, 0], "uv_size": [1, 1]},
								"south": {"uv": [0, 0], "uv_size": [1, 1]},
								"west": {"uv": [0, 0], "uv_size": [1, 1]},
								"up": {"uv": [1, 1], "uv_size": [-1, -1]},
								"down": {"uv": [1, 1], "uv_size": [-1, -1]}
							}
						}
					]
				},
				{
					"name": "eye2",
					"parent": "head",
					"pivot": [2, 37, -7],
					"cubes": [
						{
							"origin": [1.4, 36.4, -7.505],
							"size": [1.2, 1.2, 0.05],
							"uv": {
								"north": {"uv": [0, 0], "uv_size": [1, 1]},
								"east": {"uv": [0, 0], "uv_size": [1, 1]},
								"south": {"uv": [0, 0], "uv_size": [1, 1]},
								"west": {"uv": [0, 0], "uv_size": [1, 1]},
								"up": {"uv": [1, 1], "uv_size": [-1, -1]},
								"down": {"uv": [1, 1], "uv_size": [-1, -1]}
							}
						}
					]
				},
				{
					"name": "eyebrow1",
					"parent": "head",
					"pivot": [0, 38, -7],
					"cubes": [
						{
							"origin": [-4, 38, -7.505],
							"size": [4, 1, 0.05],
							"uv": {
								"north": {"uv": [2, 0], "uv_size": [1, 1]},
								"east": {"uv": [2, 0], "uv_size": [1, 1]},
								"south": {"uv": [2, 0], "uv_size": [1, 1]},
								"west": {"uv": [2, 0], "uv_size": [1, 1]},
								"up": {"uv": [3, 1], "uv_size": [-1, -1]},
								"down": {"uv": [3, 1], "uv_size": [-1, -1]}
							}
						}
					]
				},
				{
					"name": "eyebrow2",
					"parent": "head",
					"pivot": [0, 38, -7],
					"cubes": [
						{
							"origin": [0, 38, -7.505],
							"size": [4, 1, 0.05],
							"uv": {
								"north": {"uv": [2, 0], "uv_size": [1, 1]},
								"east": {"uv": [2, 0], "uv_size": [1, 1]},
								"south": {"uv": [2, 0], "uv_size": [1, 1]},
								"west": {"uv": [2, 0], "uv_size": [1, 1]},
								"up": {"uv": [3, 1], "uv_size": [-1, -1]},
								"down": {"uv": [3, 1], "uv_size": [-1, -1]}
							}
						}
					]
				},
				{
					"name": "rightarm",
					"parent": "body",
					"pivot": [-11, 31, 0],
					"cubes": [
						{
							"origin": [-13, 26.5, -3],
							"size": [4, 7, 6],
							"uv": {
								"north": {"uv": [66, 27], "uv_size": [4, 7]},
								"east": {"uv": [60, 27], "uv_size": [6, 7]},
								"south": {"uv": [76, 27], "uv_size": [4, 7]},
								"west": {"uv": [70, 27], "uv_size": [6, 7]},
								"up": {"uv": [66, 21], "uv_size": [4, 6]},
								"down": {"uv": [66, 27], "uv_size": [4, -6]}
							}
						}
					]
				},
				{
					"name": "rightstring",
					"parent": "rightarm",
					"pivot": [-11, 26, 0],
					"cubes": [
						{
							"origin": [-12.5, 18.5, -2],
							"size": [3, 8, 4],
							"uv": {
								"north": {"uv": [116, 6], "uv_size": [4, 5]},
								"east": {"uv": [112, 6], "uv_size": [4, 5]},
								"south": {"uv": [124, 6], "uv_size": [4, 5]},
								"west": {"uv": [120, 6], "uv_size": [4, 5]},
								"up": {"uv": [120, 6], "uv_size": [-4, -6]},
								"down": {"uv": [120, 6], "uv_size": [-4, -6]}
							}
						}
					]
				},
				{
					"name": "rightarm2",
					"parent": "rightstring",
					"pivot": [-11, 26, 0],
					"cubes": [
						{
							"origin": [-13, 18.5, -3],
							"size": [4, 8, 6],
							"uv": {
								"north": {"uv": [66, 34], "uv_size": [4, 8]},
								"east": {"uv": [60, 34], "uv_size": [6, 8]},
								"south": {"uv": [76, 34], "uv_size": [4, 8]},
								"west": {"uv": [70, 34], "uv_size": [6, 8]},
								"up": {"uv": [66, 21], "uv_size": [4, 6]},
								"down": {"uv": [66, 27], "uv_size": [4, -6]}
							}
						}
					]
				},
				{
					"name": "rightstring2",
					"parent": "rightarm2",
					"pivot": [-11, 18, 0],
					"cubes": [
						{
							"origin": [-12.5, 10.5, -2],
							"size": [3, 8, 4],
							"uv": {
								"north": {"uv": [116, 6], "uv_size": [4, 5]},
								"east": {"uv": [112, 6], "uv_size": [4, 5]},
								"south": {"uv": [124, 6], "uv_size": [4, 5]},
								"west": {"uv": [120, 6], "uv_size": [4, 5]},
								"up": {"uv": [120, 6], "uv_size": [-4, -6]},
								"down": {"uv": [120, 6], "uv_size": [-4, -6]}
							}
						}
					]
				},
				{
					"name": "rightarm3",
					"parent": "rightstring2",
					"pivot": [-11, 18, 0],
					"cubes": [
						{
							"origin": [-13, 10.5, -3],
							"size": [4, 8, 6],
							"uv": {
								"north": {"uv": [66, 42], "uv_size": [4, 8]},
								"east": {"uv": [60, 42], "uv_size": [6, 8]},
								"south": {"uv": [76, 42], "uv_size": [4, 8]},
								"west": {"uv": [70, 42], "uv_size": [6, 8]},
								"up": {"uv": [66, 21], "uv_size": [4, 6]},
								"down": {"uv": [66, 27], "uv_size": [4, -6]}
							}
						}
					]
				},
				{
					"name": "rightstring3",
					"parent": "rightarm3",
					"pivot": [-11, 12, 0],
					"cubes": [
						{
							"origin": [-12.5, 4.5, -2],
							"size": [3, 6, 4],
							"uv": {
								"north": {"uv": [116, 6], "uv_size": [4, 5]},
								"east": {"uv": [112, 6], "uv_size": [4, 5]},
								"south": {"uv": [124, 6], "uv_size": [4, 5]},
								"west": {"uv": [120, 6], "uv_size": [4, 5]},
								"up": {"uv": [120, 6], "uv_size": [-4, -6]},
								"down": {"uv": [120, 6], "uv_size": [-4, -6]}
							}
						}
					]
				},
				{
					"name": "rightarm4",
					"parent": "rightstring3",
					"pivot": [-11, 10, 0],
					"cubes": [
						{
							"origin": [-13, 3.5, -3],
							"size": [4, 7, 6],
							"uv": {
								"north": {"uv": [66, 50], "uv_size": [4, 7]},
								"east": {"uv": [60, 50], "uv_size": [6, 7]},
								"south": {"uv": [76, 50], "uv_size": [4, 7]},
								"west": {"uv": [70, 50], "uv_size": [6, 7]},
								"up": {"uv": [66, 21], "uv_size": [4, 6]},
								"down": {"uv": [70, 27], "uv_size": [4, -6]}
							}
						}
					]
				},
				{
					"name": "leftarm",
					"parent": "body",
					"pivot": [11, 31, 0],
					"cubes": [
						{
							"origin": [9, 26.5, -3],
							"size": [4, 7, 6],
							"uv": {
								"north": {"uv": [66, 64], "uv_size": [4, 7]},
								"east": {"uv": [60, 64], "uv_size": [6, 7]},
								"south": {"uv": [76, 64], "uv_size": [4, 7]},
								"west": {"uv": [70, 64], "uv_size": [6, 7]},
								"up": {"uv": [66, 58], "uv_size": [4, 6]},
								"down": {"uv": [66, 27], "uv_size": [4, -6]}
							}
						}
					]
				},
				{
					"name": "leftstring",
					"parent": "leftarm",
					"pivot": [11, 26, 0],
					"cubes": [
						{
							"origin": [9.5, 18.5, -2],
							"size": [3, 8, 4],
							"uv": {
								"north": {"uv": [116, 6], "uv_size": [4, 5]},
								"east": {"uv": [112, 6], "uv_size": [4, 5]},
								"south": {"uv": [124, 6], "uv_size": [4, 5]},
								"west": {"uv": [120, 6], "uv_size": [4, 5]},
								"up": {"uv": [120, 6], "uv_size": [-4, -6]},
								"down": {"uv": [120, 6], "uv_size": [-4, -6]}
							}
						}
					]
				},
				{
					"name": "leftarm2",
					"parent": "leftstring",
					"pivot": [11, 26, 0],
					"cubes": [
						{
							"origin": [9, 18.5, -3],
							"size": [4, 8, 6],
							"uv": {
								"north": {"uv": [66, 71], "uv_size": [4, 8]},
								"east": {"uv": [60, 71], "uv_size": [6, 8]},
								"south": {"uv": [76, 71], "uv_size": [4, 8]},
								"west": {"uv": [70, 71], "uv_size": [6, 8]},
								"up": {"uv": [66, 21], "uv_size": [4, 6]},
								"down": {"uv": [66, 27], "uv_size": [4, -6]}
							}
						}
					]
				},
				{
					"name": "leftstring2",
					"parent": "leftarm2",
					"pivot": [11, 18, 0],
					"cubes": [
						{
							"origin": [9.5, 10.5, -2],
							"size": [3, 8, 4],
							"uv": {
								"north": {"uv": [116, 6], "uv_size": [4, 5]},
								"east": {"uv": [112, 6], "uv_size": [4, 5]},
								"south": {"uv": [124, 6], "uv_size": [4, 5]},
								"west": {"uv": [120, 6], "uv_size": [4, 5]},
								"up": {"uv": [120, 6], "uv_size": [-4, -6]},
								"down": {"uv": [120, 6], "uv_size": [-4, -6]}
							}
						}
					]
				},
				{
					"name": "leftarm3",
					"parent": "leftstring2",
					"pivot": [11, 18, 0],
					"cubes": [
						{
							"origin": [9, 10.5, -3],
							"size": [4, 8, 6],
							"uv": {
								"north": {"uv": [66, 79], "uv_size": [4, 8]},
								"east": {"uv": [60, 79], "uv_size": [6, 8]},
								"south": {"uv": [76, 79], "uv_size": [4, 8]},
								"west": {"uv": [70, 79], "uv_size": [6, 8]},
								"up": {"uv": [66, 21], "uv_size": [4, 6]},
								"down": {"uv": [66, 27], "uv_size": [4, -6]}
							}
						}
					]
				},
				{
					"name": "leftstring3",
					"parent": "leftarm3",
					"pivot": [11, 12, 0],
					"cubes": [
						{
							"origin": [9.5, 7.5, -2],
							"size": [3, 4, 4],
							"uv": {
								"north": {"uv": [116, 6], "uv_size": [4, 5]},
								"east": {"uv": [112, 6], "uv_size": [4, 5]},
								"south": {"uv": [124, 6], "uv_size": [4, 5]},
								"west": {"uv": [120, 6], "uv_size": [4, 5]},
								"up": {"uv": [120, 6], "uv_size": [-4, -6]},
								"down": {"uv": [120, 6], "uv_size": [-4, -6]}
							}
						}
					]
				},
				{
					"name": "leftarm4",
					"parent": "leftstring3",
					"pivot": [11, 10, 0],
					"cubes": [
						{
							"origin": [9, 3.5, -3],
							"size": [4, 7, 6],
							"uv": {
								"north": {"uv": [66, 87], "uv_size": [4, 7]},
								"east": {"uv": [60, 87], "uv_size": [6, 7]},
								"south": {"uv": [76, 87], "uv_size": [4, 7]},
								"west": {"uv": [70, 87], "uv_size": [6, 7]},
								"up": {"uv": [66, 21], "uv_size": [4, 6]},
								"down": {"uv": [70, 64], "uv_size": [4, -6]}
							}
						}
					]
				},
				{
					"name": "body2",
					"parent": "waist",
					"pivot": [0, 21, 0],
					"cubes": [
						{
							"origin": [-4.5, 16, -3],
							"size": [9, 5, 6],
							"inflate": 0.5,
							"uv": {
								"north": {"uv": [6, 76], "uv_size": [9, 5]},
								"east": {"uv": [0, 76], "uv_size": [6, 5]},
								"south": {"uv": [21, 76], "uv_size": [9, 5]},
								"west": {"uv": [15, 76], "uv_size": [6, 5]},
								"up": {"uv": [6, 70], "uv_size": [9, 6]},
								"down": {"uv": [15, 76], "uv_size": [9, -6]}
							}
						}
					]
				},
				{
					"name": "leg0",
					"parent": "body2",
					"pivot": [-4, 13, 0],
					"cubes": [
						{
							"origin": [-7.5, 8, -3],
							"size": [6, 8, 5],
							"uv": {
								"north": {"uv": [42, 5], "uv_size": [6, 8]},
								"east": {"uv": [37, 5], "uv_size": [5, 8]},
								"south": {"uv": [53, 5], "uv_size": [6, 8]},
								"west": {"uv": [48, 5], "uv_size": [5, 8]},
								"up": {"uv": [42, 0], "uv_size": [6, 5]},
								"down": {"uv": [42, 5], "uv_size": [6, -5]}
							}
						}
					]
				},
				{
					"name": "leg0_2",
					"parent": "leg0",
					"pivot": [-4, 8, 0],
					"cubes": [
						{
							"origin": [-7.5, 0, -3],
							"size": [6, 8, 5],
							"uv": {
								"north": {"uv": [42, 13], "uv_size": [6, 8]},
								"east": {"uv": [37, 13], "uv_size": [5, 8]},
								"south": {"uv": [53, 13], "uv_size": [6, 8]},
								"west": {"uv": [48, 13], "uv_size": [5, 8]},
								"up": {"uv": [42, 0], "uv_size": [6, 5]},
								"down": {"uv": [48, 5], "uv_size": [6, -5]}
							}
						}
					]
				},
				{
					"name": "leg1",
					"parent": "body2",
					"pivot": [5, 13, 0],
					"cubes": [
						{
							"origin": [1.5, 8, -3],
							"size": [6, 8, 5],
							"uv": {
								"north": {"uv": [71, 5], "uv_size": [-6, 8]},
								"east": {"uv": [76, 5], "uv_size": [-5, 8]},
								"south": {"uv": [82, 5], "uv_size": [-6, 8]},
								"west": {"uv": [65, 5], "uv_size": [-5, 8]},
								"up": {"uv": [71, 0], "uv_size": [-6, 5]},
								"down": {"uv": [71, 5], "uv_size": [-6, -5]}
							}
						}
					]
				},
				{
					"name": "leg1_2",
					"parent": "leg1",
					"pivot": [5, 8, 0],
					"cubes": [
						{
							"origin": [1.5, 0, -3],
							"size": [6, 8, 5],
							"uv": {
								"north": {"uv": [71, 13], "uv_size": [-6, 8]},
								"east": {"uv": [76, 13], "uv_size": [-5, 8]},
								"south": {"uv": [82, 13], "uv_size": [-6, 8]},
								"west": {"uv": [65, 13], "uv_size": [-5, 8]},
								"up": {"uv": [71, 0], "uv_size": [-6, 5]},
								"down": {"uv": [77, 5], "uv_size": [-6, -5]}
							}
						}
					]
				}
			]
		}
	]
}