{
	"format_version": "1.12.0",
	"minecraft:geometry": [
		{
			"description": {
				"identifier": "geometry.Joe",
				"texture_width": 32,
				"texture_height": 32,
				"visible_bounds_width": 2,
				"visible_bounds_height": 2.5,
				"visible_bounds_offset": [0, 0.75, 0]
			},
			"bones": [
				{
					"name": "body",
					"pivot": [0, 0, 0],
					"cubes": [
						{
							"origin": [-4, 0, -4],
							"size": [8, 8, 8],
							"uv": {
								"north": {"uv": [8, 8], "uv_size": [8, 8]},
								"east": {"uv": [0, 8], "uv_size": [8, 8]},
								"south": {"uv": [24, 8], "uv_size": [8, 8]},
								"west": {"uv": [16, 8], "uv_size": [8, 8]},
								"up": {"uv": [8, 0], "uv_size": [8, 8]},
								"down": {"uv": [16, 8], "uv_size": [8, -8]}
							}
						}
					]
				},
				{
					"name": "leftFin",
					"parent": "body",
					"pivot": [4, 7, 1],
					"cubes": [
						{
							"origin": [4, 6, -2.9904],
							"size": [2, 1, 2],
							"uv": {
								"north": {"uv": [26, 5], "uv_size": [2, 1]},
								"east": {"uv": [24, 5], "uv_size": [2, 1]},
								"south": {"uv": [30, 5], "uv_size": [2, 1]},
								"west": {"uv": [28, 5], "uv_size": [2, 1]},
								"up": {"uv": [26, 3], "uv_size": [2, 2]},
								"down": {"uv": [28, 5], "uv_size": [2, -2]}
							}
						}
					]
				},
				{
					"name": "rightFin",
					"parent": "body",
					"pivot": [-4, 7, 1],
					"cubes": [
						{
							"origin": [-5.9968, 6, -2.992],
							"size": [2, 1, 2],
							"uv": {
								"north": {"uv": [26, 2], "uv_size": [2, 1]},
								"east": {"uv": [24, 2], "uv_size": [2, 1]},
								"south": {"uv": [30, 2], "uv_size": [2, 1]},
								"west": {"uv": [28, 2], "uv_size": [2, 1]},
								"up": {"uv": [26, 0], "uv_size": [2, 2]},
								"down": {"uv": [28, 2], "uv_size": [2, -2]}
							}
						}
					]
				},
				{
					"name": "spines_top_front",
					"parent": "body",
					"pivot": [-4, 8, -4],
					"cubes": [
						{
							"origin": [-4, 8, -4],
							"size": [8, 1, 1],
							"uv": {
								"north": {"uv": [15, 17], "uv_size": [8, 1]},
								"east": {"uv": [14, 17], "uv_size": [1, 1]},
								"south": {"uv": [24, 17], "uv_size": [8, 1]},
								"west": {"uv": [23, 17], "uv_size": [1, 1]},
								"up": {"uv": [15, 16], "uv_size": [8, 1]},
								"down": {"uv": [23, 17], "uv_size": [8, -1]}
							}
						}
					]
				},
				{
					"name": "spines_top_mid",
					"parent": "body",
					"pivot": [0, 8, 0],
					"cubes": [
						{
							"origin": [-4, 8, 0],
							"size": [8, 1, 1],
							"uv": {
								"north": {"uv": [15, 17], "uv_size": [8, 1]},
								"east": {"uv": [14, 17], "uv_size": [1, 1]},
								"south": {"uv": [24, 17], "uv_size": [8, 1]},
								"west": {"uv": [23, 17], "uv_size": [1, 1]},
								"up": {"uv": [15, 16], "uv_size": [8, 1]},
								"down": {"uv": [23, 17], "uv_size": [8, -1]}
							}
						}
					]
				},
				{
					"name": "spines_top_back",
					"parent": "body",
					"pivot": [0, 8, 4],
					"cubes": [
						{
							"origin": [-4, 8, 4],
							"size": [8, 1, 1],
							"uv": {
								"north": {"uv": [15, 17], "uv_size": [8, 1]},
								"east": {"uv": [14, 17], "uv_size": [1, 1]},
								"south": {"uv": [24, 17], "uv_size": [8, 1]},
								"west": {"uv": [23, 17], "uv_size": [1, 1]},
								"up": {"uv": [15, 16], "uv_size": [8, 1]},
								"down": {"uv": [23, 17], "uv_size": [8, -1]}
							}
						}
					]
				},
				{
					"name": "spines_bottom_front",
					"parent": "body",
					"pivot": [0, 0, -4],
					"cubes": [
						{
							"origin": [-4, -1, -4],
							"size": [8, 1, 1],
							"uv": {
								"north": {"uv": [15, 20], "uv_size": [8, 1]},
								"east": {"uv": [14, 20], "uv_size": [1, 1]},
								"south": {"uv": [24, 20], "uv_size": [8, 1]},
								"west": {"uv": [23, 20], "uv_size": [1, 1]},
								"up": {"uv": [15, 19], "uv_size": [8, 1]},
								"down": {"uv": [23, 20], "uv_size": [8, -1]}
							}
						}
					]
				},
				{
					"name": "spines_bottom_mid",
					"parent": "body",
					"pivot": [0, -1, 0],
					"cubes": [
						{
							"origin": [-4, -1, 0],
							"size": [8, 1, 1],
							"uv": {
								"north": {"uv": [15, 20], "uv_size": [8, 1]},
								"east": {"uv": [14, 20], "uv_size": [1, 1]},
								"south": {"uv": [24, 20], "uv_size": [8, 1]},
								"west": {"uv": [23, 20], "uv_size": [1, 1]},
								"up": {"uv": [15, 19], "uv_size": [8, 1]},
								"down": {"uv": [23, 20], "uv_size": [8, -1]}
							}
						}
					]
				},
				{
					"name": "spines_bottom_back",
					"parent": "body",
					"pivot": [0, 0, 4],
					"cubes": [
						{
							"origin": [-4, -1, 4],
							"size": [8, 1, 1],
							"uv": {
								"north": {"uv": [15, 20], "uv_size": [8, 1]},
								"east": {"uv": [14, 20], "uv_size": [1, 1]},
								"south": {"uv": [24, 20], "uv_size": [8, 1]},
								"west": {"uv": [23, 20], "uv_size": [1, 1]},
								"up": {"uv": [15, 19], "uv_size": [8, 1]},
								"down": {"uv": [23, 20], "uv_size": [8, -1]}
							}
						}
					]
				},
				{
					"name": "spines_left_front",
					"parent": "body",
					"pivot": [4, 0, -4],
					"cubes": [
						{
							"origin": [4, 0, -4],
							"size": [1, 8, 1],
							"uv": {
								"north": {"uv": [1, 17], "uv_size": [1, 8]},
								"east": {"uv": [0, 17], "uv_size": [1, 8]},
								"south": {"uv": [3, 17], "uv_size": [1, 8]},
								"west": {"uv": [2, 17], "uv_size": [1, 8]},
								"up": {"uv": [1, 16], "uv_size": [1, 1]},
								"down": {"uv": [2, 17], "uv_size": [1, -1]}
							}
						}
					]
				},
				{
					"name": "spines_left_mid",
					"parent": "body",
					"pivot": [4, 0, 0],
					"cubes": [
						{
							"origin": [4, 0, 0],
							"size": [1, 8, 1],
							"uv": {
								"north": {"uv": [6, 17], "uv_size": [-1, 8]},
								"east": {"uv": [7, 17], "uv_size": [-1, 8]},
								"south": {"uv": [8, 17], "uv_size": [-1, 8]},
								"west": {"uv": [5, 17], "uv_size": [-1, 8]},
								"up": {"uv": [6, 16], "uv_size": [-1, 1]},
								"down": {"uv": [7, 17], "uv_size": [-1, -1]}
							}
						}
					]
				},
				{
					"name": "spines_left_back",
					"parent": "body",
					"pivot": [4, 0, 4],
					"cubes": [
						{
							"origin": [4, 0, 4],
							"size": [1, 8, 1],
							"uv": {
								"north": {"uv": [10, 17], "uv_size": [-1, 8]},
								"east": {"uv": [11, 17], "uv_size": [-1, 8]},
								"south": {"uv": [12, 17], "uv_size": [-1, 8]},
								"west": {"uv": [9, 17], "uv_size": [-1, 8]},
								"up": {"uv": [10, 16], "uv_size": [-1, 1]},
								"down": {"uv": [11, 17], "uv_size": [-1, -1]}
							}
						}
					]
				},
				{
					"name": "spines_right_front",
					"parent": "body",
					"pivot": [-4, 0, -4],
					"cubes": [
						{
							"origin": [-5, 0, -4],
							"size": [1, 8, 1],
							"uv": {
								"north": {"uv": [5, 17], "uv_size": [1, 8]},
								"east": {"uv": [4, 17], "uv_size": [1, 8]},
								"south": {"uv": [7, 17], "uv_size": [1, 8]},
								"west": {"uv": [6, 17], "uv_size": [1, 8]},
								"up": {"uv": [5, 16], "uv_size": [1, 1]},
								"down": {"uv": [6, 17], "uv_size": [1, -1]}
							}
						}
					]
				},
				{
					"name": "spines_right_mid",
					"parent": "body",
					"pivot": [-4, 0, 0],
					"cubes": [
						{
							"origin": [-5, 0, 0],
							"size": [1, 8, 1],
							"uv": {
								"north": {"uv": [9, 17], "uv_size": [1, 8]},
								"east": {"uv": [8, 17], "uv_size": [1, 8]},
								"south": {"uv": [11, 17], "uv_size": [1, 8]},
								"west": {"uv": [10, 17], "uv_size": [1, 8]},
								"up": {"uv": [9, 16], "uv_size": [1, 1]},
								"down": {"uv": [10, 17], "uv_size": [1, -1]}
							}
						}
					]
				},
				{
					"name": "spines_right_back",
					"parent": "body",
					"pivot": [-4, 0, 4],
					"cubes": [
						{
							"origin": [-5, 0, 4],
							"size": [1, 8, 1],
							"uv": {
								"north": {"uv": [9, 17], "uv_size": [1, 8]},
								"east": {"uv": [8, 17], "uv_size": [1, 8]},
								"south": {"uv": [11, 17], "uv_size": [1, 8]},
								"west": {"uv": [10, 17], "uv_size": [1, 8]},
								"up": {"uv": [9, 16], "uv_size": [1, 1]},
								"down": {"uv": [10, 17], "uv_size": [1, -1]}
							}
						}
					]
				},
				{
					"name": "righteye",
					"parent": "body",
					"pivot": [-1, 6, -4],
					"cubes": [
						{
							"origin": [-2, 6, -4.01],
							"size": [0.9, 0.9, 0.01],
							"uv": {
								"north": {"uv": [0, 0], "uv_size": [1, 1]},
								"east": {"uv": [0, 0], "uv_size": [1, 1]},
								"south": {"uv": [0, 0], "uv_size": [1, 1]},
								"west": {"uv": [0, 0], "uv_size": [1, 1]},
								"up": {"uv": [1, 1], "uv_size": [-1, -1]},
								"down": {"uv": [1, 1], "uv_size": [-1, -1]}
							}
						}
					]
				},
				{
					"name": "lefteye",
					"parent": "body",
					"pivot": [1, 6, -4],
					"cubes": [
						{
							"origin": [1.1, 6, -4.01],
							"size": [0.9, 0.9, 0.01],
							"uv": {
								"north": {"uv": [0, 0], "uv_size": [1, 1]},
								"east": {"uv": [0, 0], "uv_size": [1, 1]},
								"south": {"uv": [0, 0], "uv_size": [1, 1]},
								"west": {"uv": [0, 0], "uv_size": [1, 1]},
								"up": {"uv": [1, 1], "uv_size": [-1, -1]},
								"down": {"uv": [1, 1], "uv_size": [-1, -1]}
							}
						}
					]
				}
			]
		}
	]
}