{
	"format_version": "1.16.0",
	"minecraft:geometry": [
		{
			"description": {
				"identifier": "geometry.lz_kr",
				"texture_width": 32,
				"texture_height": 32,
				"visible_bounds_width": 2,
				"visible_bounds_height": 4.5,
				"visible_bounds_offset": [0, 1.75, 0]
			},
			"bones": [
				{
					"name": "rightitem",
					"pivot": [0, 20, 0],
					"binding": "q.item_slot_to_bone_name(c.item_slot)",
					"cubes": [
						{
							"origin": [-0.9, 29, -8],
							"size": [1.8, 1, 1],
							"uv": {
								"north": {"uv": [13, 17], "uv_size": [1, 1]},
								"east": {"uv": [14, 17], "uv_size": [-1, 1]},
								"south": {"uv": [13, 17], "uv_size": [1, 1]},
								"west": {"uv": [13, 17], "uv_size": [1, 1]},
								"up": {"uv": [14, 18], "uv_size": [-1, -1]},
								"down": {"uv": [14, 18], "uv_size": [-1, -1]}
							}
						},
						{
							"origin": [-0.85, 29, -7],
							"size": [1.7, 1, 1],
							"uv": {
								"north": {"uv": [13, 18], "uv_size": [1, 1]},
								"east": {"uv": [14, 18], "uv_size": [-1, 1]},
								"south": {"uv": [13, 18], "uv_size": [1, 1]},
								"west": {"uv": [13, 18], "uv_size": [1, 1]},
								"up": {"uv": [14, 19], "uv_size": [-1, -1]},
								"down": {"uv": [14, 19], "uv_size": [-1, -1]}
							}
						},
						{
							"origin": [-0.85, 28, -8],
							"size": [1.7, 1, 1],
							"uv": {
								"north": {"uv": [12, 17], "uv_size": [1, 1]},
								"east": {"uv": [13, 17], "uv_size": [-1, 1]},
								"south": {"uv": [12, 17], "uv_size": [1, 1]},
								"west": {"uv": [12, 17], "uv_size": [1, 1]},
								"up": {"uv": [13, 18], "uv_size": [-1, -1]},
								"down": {"uv": [13, 18], "uv_size": [-1, -1]}
							}
						},
						{
							"origin": [-0.85, 30, -6],
							"size": [1.7, 1, 1],
							"uv": {
								"north": {"uv": [14, 19], "uv_size": [1, 1]},
								"east": {"uv": [15, 19], "uv_size": [-1, 1]},
								"south": {"uv": [14, 19], "uv_size": [1, 1]},
								"west": {"uv": [14, 19], "uv_size": [1, 1]},
								"up": {"uv": [15, 20], "uv_size": [-1, -1]},
								"down": {"uv": [15, 20], "uv_size": [-1, -1]}
							}
						},
						{
							"origin": [-0.7, 21, 0],
							"size": [1.4, 1, 1],
							"uv": {
								"north": {"uv": [5, 25], "uv_size": [1, 1]},
								"east": {"uv": [6, 25], "uv_size": [-1, 1]},
								"south": {"uv": [5, 25], "uv_size": [1, 1]},
								"west": {"uv": [5, 25], "uv_size": [1, 1]},
								"up": {"uv": [6, 26], "uv_size": [-1, -1]},
								"down": {"uv": [6, 26], "uv_size": [-1, -1]}
							}
						},
						{
							"origin": [-0.7, 21, 1],
							"size": [1.4, 1, 1],
							"uv": {
								"north": {"uv": [5, 26], "uv_size": [1, 1]},
								"east": {"uv": [6, 26], "uv_size": [-1, 1]},
								"south": {"uv": [5, 26], "uv_size": [1, 1]},
								"west": {"uv": [5, 26], "uv_size": [1, 1]},
								"up": {"uv": [6, 27], "uv_size": [-1, -1]},
								"down": {"uv": [6, 27], "uv_size": [-1, -1]}
							}
						},
						{
							"origin": [-0.7, 22, 1],
							"size": [1.4, 1, 1],
							"uv": {
								"north": {"uv": [6, 26], "uv_size": [1, 1]},
								"east": {"uv": [7, 26], "uv_size": [-1, 1]},
								"south": {"uv": [6, 26], "uv_size": [1, 1]},
								"west": {"uv": [6, 26], "uv_size": [1, 1]},
								"up": {"uv": [7, 27], "uv_size": [-1, -1]},
								"down": {"uv": [7, 27], "uv_size": [-1, -1]}
							}
						},
						{
							"origin": [-0.7, 23, 0],
							"size": [1.4, 1, 1],
							"uv": {
								"north": {"uv": [7, 25], "uv_size": [1, 1]},
								"east": {"uv": [8, 25], "uv_size": [-1, 1]},
								"south": {"uv": [7, 25], "uv_size": [1, 1]},
								"west": {"uv": [7, 25], "uv_size": [1, 1]},
								"up": {"uv": [8, 26], "uv_size": [-1, -1]},
								"down": {"uv": [8, 26], "uv_size": [-1, -1]}
							}
						},
						{
							"origin": [-0.7, 22, -1],
							"size": [1.4, 1, 1],
							"uv": {
								"north": {"uv": [6, 24], "uv_size": [1, 1]},
								"east": {"uv": [7, 24], "uv_size": [-1, 1]},
								"south": {"uv": [6, 24], "uv_size": [1, 1]},
								"west": {"uv": [6, 24], "uv_size": [1, 1]},
								"up": {"uv": [7, 25], "uv_size": [-1, -1]},
								"down": {"uv": [7, 25], "uv_size": [-1, -1]}
							}
						},
						{
							"origin": [-0.7, 23, -1],
							"size": [1.4, 1, 1],
							"uv": {
								"north": {"uv": [7, 24], "uv_size": [1, 1]},
								"east": {"uv": [8, 24], "uv_size": [-1, 1]},
								"south": {"uv": [7, 24], "uv_size": [1, 1]},
								"west": {"uv": [7, 24], "uv_size": [1, 1]},
								"up": {"uv": [8, 25], "uv_size": [-1, -1]},
								"down": {"uv": [8, 25], "uv_size": [-1, -1]}
							}
						},
						{
							"origin": [-0.7, 24, -2],
							"size": [1.4, 1, 1],
							"uv": {
								"north": {"uv": [8, 23], "uv_size": [1, 1]},
								"east": {"uv": [9, 23], "uv_size": [-1, 1]},
								"south": {"uv": [8, 23], "uv_size": [1, 1]},
								"west": {"uv": [8, 23], "uv_size": [1, 1]},
								"up": {"uv": [9, 24], "uv_size": [-1, -1]},
								"down": {"uv": [9, 24], "uv_size": [-1, -1]}
							}
						},
						{
							"origin": [-0.7, 25, -3],
							"size": [1.4, 1, 1],
							"uv": {
								"north": {"uv": [9, 22], "uv_size": [1, 1]},
								"east": {"uv": [10, 22], "uv_size": [-1, 1]},
								"south": {"uv": [9, 22], "uv_size": [1, 1]},
								"west": {"uv": [9, 22], "uv_size": [1, 1]},
								"up": {"uv": [10, 23], "uv_size": [-1, -1]},
								"down": {"uv": [10, 23], "uv_size": [-1, -1]}
							}
						},
						{
							"origin": [-0.7, 26, -4],
							"size": [1.4, 1, 1],
							"uv": {
								"north": {"uv": [10, 21], "uv_size": [1, 1]},
								"east": {"uv": [11, 21], "uv_size": [-1, 1]},
								"south": {"uv": [10, 21], "uv_size": [1, 1]},
								"west": {"uv": [10, 21], "uv_size": [1, 1]},
								"up": {"uv": [11, 22], "uv_size": [-1, -1]},
								"down": {"uv": [11, 22], "uv_size": [-1, -1]}
							}
						},
						{
							"origin": [-0.7, 27, -5],
							"size": [1.4, 1, 1],
							"uv": {
								"north": {"uv": [11, 20], "uv_size": [1, 1]},
								"east": {"uv": [12, 20], "uv_size": [-1, 1]},
								"south": {"uv": [11, 20], "uv_size": [1, 1]},
								"west": {"uv": [11, 20], "uv_size": [1, 1]},
								"up": {"uv": [12, 21], "uv_size": [-1, -1]},
								"down": {"uv": [12, 21], "uv_size": [-1, -1]}
							}
						},
						{
							"origin": [-0.7, 31, -3],
							"size": [1.4, 1, 1],
							"uv": {
								"north": {"uv": [15, 22], "uv_size": [1, 1]},
								"east": {"uv": [16, 22], "uv_size": [-1, 1]},
								"south": {"uv": [15, 22], "uv_size": [1, 1]},
								"west": {"uv": [15, 22], "uv_size": [1, 1]},
								"up": {"uv": [16, 23], "uv_size": [-1, -1]},
								"down": {"uv": [16, 23], "uv_size": [-1, -1]}
							}
						},
						{
							"origin": [-0.7, 29, -5],
							"size": [1.4, 1, 1],
							"uv": {
								"north": {"uv": [13, 20], "uv_size": [1, 1]},
								"east": {"uv": [14, 20], "uv_size": [-1, 1]},
								"south": {"uv": [13, 20], "uv_size": [1, 1]},
								"west": {"uv": [13, 20], "uv_size": [1, 1]},
								"up": {"uv": [14, 21], "uv_size": [-1, -1]},
								"down": {"uv": [14, 21], "uv_size": [-1, -1]}
							}
						},
						{
							"origin": [-0.7, 30, -4],
							"size": [1.4, 1, 1],
							"uv": {
								"north": {"uv": [14, 21], "uv_size": [1, 1]},
								"east": {"uv": [15, 21], "uv_size": [-1, 1]},
								"south": {"uv": [14, 21], "uv_size": [1, 1]},
								"west": {"uv": [14, 21], "uv_size": [1, 1]},
								"up": {"uv": [15, 22], "uv_size": [-1, -1]},
								"down": {"uv": [15, 22], "uv_size": [-1, -1]}
							}
						},
						{
							"origin": [-0.7, 28, -6],
							"size": [1.4, 1, 1],
							"uv": {
								"north": {"uv": [12, 19], "uv_size": [1, 1]},
								"east": {"uv": [13, 19], "uv_size": [-1, 1]},
								"south": {"uv": [12, 19], "uv_size": [1, 1]},
								"west": {"uv": [12, 19], "uv_size": [1, 1]},
								"up": {"uv": [13, 20], "uv_size": [-1, -1]},
								"down": {"uv": [13, 20], "uv_size": [-1, -1]}
							}
						},
						{
							"origin": [-0.7, 27, -7],
							"size": [1.4, 1, 1],
							"uv": {
								"north": {"uv": [11, 18], "uv_size": [1, 1]},
								"east": {"uv": [12, 18], "uv_size": [-1, 1]},
								"south": {"uv": [11, 18], "uv_size": [1, 1]},
								"west": {"uv": [11, 18], "uv_size": [1, 1]},
								"up": {"uv": [12, 19], "uv_size": [-1, -1]},
								"down": {"uv": [12, 19], "uv_size": [-1, -1]}
							}
						},
						{
							"origin": [-0.7, 26, -8],
							"size": [1.4, 1, 1],
							"uv": {
								"north": {"uv": [10, 17], "uv_size": [1, 1]},
								"east": {"uv": [11, 17], "uv_size": [-1, 1]},
								"south": {"uv": [10, 17], "uv_size": [1, 1]},
								"west": {"uv": [10, 17], "uv_size": [1, 1]},
								"up": {"uv": [11, 18], "uv_size": [-1, -1]},
								"down": {"uv": [11, 18], "uv_size": [-1, -1]}
							}
						},
						{
							"origin": [-0.7, 26, -9],
							"size": [1.4, 1, 1],
							"uv": {
								"north": {"uv": [10, 16], "uv_size": [1, 1]},
								"east": {"uv": [11, 16], "uv_size": [-1, 1]},
								"south": {"uv": [10, 16], "uv_size": [1, 1]},
								"west": {"uv": [10, 16], "uv_size": [1, 1]},
								"up": {"uv": [11, 17], "uv_size": [-1, -1]},
								"down": {"uv": [11, 17], "uv_size": [-1, -1]}
							}
						},
						{
							"origin": [-0.7, 27, -10],
							"size": [1.4, 1, 1],
							"uv": {
								"north": {"uv": [11, 15], "uv_size": [1, 1]},
								"east": {"uv": [12, 15], "uv_size": [-1, 1]},
								"south": {"uv": [11, 15], "uv_size": [1, 1]},
								"west": {"uv": [11, 15], "uv_size": [1, 1]},
								"up": {"uv": [12, 16], "uv_size": [-1, -1]},
								"down": {"uv": [12, 16], "uv_size": [-1, -1]}
							}
						},
						{
							"origin": [-0.7, 28, -9],
							"size": [1.4, 1, 1],
							"uv": {
								"north": {"uv": [12, 16], "uv_size": [1, 1]},
								"east": {"uv": [13, 16], "uv_size": [-1, 1]},
								"south": {"uv": [12, 16], "uv_size": [1, 1]},
								"west": {"uv": [12, 16], "uv_size": [1, 1]},
								"up": {"uv": [13, 17], "uv_size": [-1, -1]},
								"down": {"uv": [13, 17], "uv_size": [-1, -1]}
							}
						},
						{
							"origin": [-0.7, 32, -4],
							"size": [1.4, 1, 1],
							"uv": {
								"north": {"uv": [16, 21], "uv_size": [1, 1]},
								"east": {"uv": [17, 21], "uv_size": [-1, 1]},
								"south": {"uv": [16, 21], "uv_size": [1, 1]},
								"west": {"uv": [16, 21], "uv_size": [1, 1]},
								"up": {"uv": [17, 22], "uv_size": [-1, -1]},
								"down": {"uv": [17, 22], "uv_size": [-1, -1]}
							}
						},
						{
							"origin": [-0.7, 32, -5],
							"size": [1.4, 1, 1],
							"uv": {
								"north": {"uv": [16, 20], "uv_size": [1, 1]},
								"east": {"uv": [17, 20], "uv_size": [-1, 1]},
								"south": {"uv": [16, 20], "uv_size": [1, 1]},
								"west": {"uv": [16, 20], "uv_size": [1, 1]},
								"up": {"uv": [17, 21], "uv_size": [-1, -1]},
								"down": {"uv": [17, 21], "uv_size": [-1, -1]}
							}
						},
						{
							"origin": [-0.7, 32, -6],
							"size": [1.4, 1, 1],
							"uv": {
								"north": {"uv": [16, 19], "uv_size": [1, 1]},
								"east": {"uv": [17, 19], "uv_size": [-1, 1]},
								"south": {"uv": [16, 19], "uv_size": [1, 1]},
								"west": {"uv": [16, 19], "uv_size": [1, 1]},
								"up": {"uv": [17, 20], "uv_size": [-1, -1]},
								"down": {"uv": [17, 20], "uv_size": [-1, -1]}
							}
						},
						{
							"origin": [-0.7, 32, -7],
							"size": [1.4, 1, 1],
							"uv": {
								"north": {"uv": [16, 18], "uv_size": [1, 1]},
								"east": {"uv": [17, 18], "uv_size": [-1, 1]},
								"south": {"uv": [16, 18], "uv_size": [1, 1]},
								"west": {"uv": [16, 18], "uv_size": [1, 1]},
								"up": {"uv": [17, 19], "uv_size": [-1, -1]},
								"down": {"uv": [17, 19], "uv_size": [-1, -1]}
							}
						},
						{
							"origin": [-0.7, 40, -18],
							"size": [1.4, 1, 1],
							"uv": {
								"north": {"uv": [24, 7], "uv_size": [1, 1]},
								"east": {"uv": [25, 7], "uv_size": [-1, 1]},
								"south": {"uv": [24, 7], "uv_size": [1, 1]},
								"west": {"uv": [24, 7], "uv_size": [1, 1]},
								"up": {"uv": [25, 8], "uv_size": [-1, -1]},
								"down": {"uv": [25, 8], "uv_size": [-1, -1]}
							}
						},
						{
							"origin": [-0.7, 39, -17],
							"size": [1.4, 1, 1],
							"uv": {
								"north": {"uv": [23, 8], "uv_size": [1, 1]},
								"east": {"uv": [24, 8], "uv_size": [-1, 1]},
								"south": {"uv": [23, 8], "uv_size": [1, 1]},
								"west": {"uv": [23, 8], "uv_size": [1, 1]},
								"up": {"uv": [24, 9], "uv_size": [-1, -1]},
								"down": {"uv": [24, 9], "uv_size": [-1, -1]}
							}
						},
						{
							"origin": [-0.7, 37, -16],
							"size": [1.4, 1, 1],
							"uv": {
								"north": {"uv": [21, 9], "uv_size": [1, 1]},
								"east": {"uv": [22, 9], "uv_size": [-1, 1]},
								"south": {"uv": [21, 9], "uv_size": [1, 1]},
								"west": {"uv": [21, 9], "uv_size": [1, 1]},
								"up": {"uv": [22, 10], "uv_size": [-1, -1]},
								"down": {"uv": [22, 10], "uv_size": [-1, -1]}
							}
						},
						{
							"origin": [-0.7, 38, -16],
							"size": [1.4, 1, 1],
							"uv": {
								"north": {"uv": [22, 9], "uv_size": [1, 1]},
								"east": {"uv": [23, 9], "uv_size": [-1, 1]},
								"south": {"uv": [22, 9], "uv_size": [1, 1]},
								"west": {"uv": [22, 9], "uv_size": [1, 1]},
								"up": {"uv": [23, 10], "uv_size": [-1, -1]},
								"down": {"uv": [23, 10], "uv_size": [-1, -1]}
							}
						},
						{
							"origin": [-0.7, 36, -15],
							"size": [1.4, 1, 1],
							"uv": {
								"north": {"uv": [20, 10], "uv_size": [1, 1]},
								"east": {"uv": [21, 10], "uv_size": [-1, 1]},
								"south": {"uv": [20, 10], "uv_size": [1, 1]},
								"west": {"uv": [20, 10], "uv_size": [1, 1]},
								"up": {"uv": [21, 11], "uv_size": [-1, -1]},
								"down": {"uv": [21, 11], "uv_size": [-1, -1]}
							}
						},
						{
							"origin": [-0.7, 35, -14],
							"size": [1.4, 1, 1],
							"uv": {
								"north": {"uv": [19, 11], "uv_size": [1, 1]},
								"east": {"uv": [20, 11], "uv_size": [-1, 1]},
								"south": {"uv": [19, 11], "uv_size": [1, 1]},
								"west": {"uv": [19, 11], "uv_size": [1, 1]},
								"up": {"uv": [20, 12], "uv_size": [-1, -1]},
								"down": {"uv": [20, 12], "uv_size": [-1, -1]}
							}
						},
						{
							"origin": [-0.7, 34, -13],
							"size": [1.4, 1, 1],
							"uv": {
								"north": {"uv": [18, 12], "uv_size": [1, 1]},
								"east": {"uv": [19, 12], "uv_size": [-1, 1]},
								"south": {"uv": [18, 12], "uv_size": [1, 1]},
								"west": {"uv": [18, 12], "uv_size": [1, 1]},
								"up": {"uv": [19, 13], "uv_size": [-1, -1]},
								"down": {"uv": [19, 13], "uv_size": [-1, -1]}
							}
						},
						{
							"origin": [-0.7, 33, -12],
							"size": [1.4, 1, 1],
							"uv": {
								"north": {"uv": [17, 13], "uv_size": [1, 1]},
								"east": {"uv": [18, 13], "uv_size": [-1, 1]},
								"south": {"uv": [17, 13], "uv_size": [1, 1]},
								"west": {"uv": [17, 13], "uv_size": [1, 1]},
								"up": {"uv": [18, 14], "uv_size": [-1, -1]},
								"down": {"uv": [18, 14], "uv_size": [-1, -1]}
							}
						},
						{
							"origin": [-0.7, 32, -10],
							"size": [1.4, 1, 1],
							"uv": {
								"north": {"uv": [16, 15], "uv_size": [1, 1]},
								"east": {"uv": [17, 15], "uv_size": [-1, 1]},
								"south": {"uv": [16, 15], "uv_size": [1, 1]},
								"west": {"uv": [16, 15], "uv_size": [1, 1]},
								"up": {"uv": [17, 16], "uv_size": [-1, -1]},
								"down": {"uv": [17, 16], "uv_size": [-1, -1]}
							}
						},
						{
							"origin": [-0.7, 31, -9],
							"size": [1.4, 1, 1],
							"uv": {
								"north": {"uv": [15, 16], "uv_size": [1, 1]},
								"east": {"uv": [16, 16], "uv_size": [-1, 1]},
								"south": {"uv": [15, 16], "uv_size": [1, 1]},
								"west": {"uv": [15, 16], "uv_size": [1, 1]},
								"up": {"uv": [16, 17], "uv_size": [-1, -1]},
								"down": {"uv": [16, 17], "uv_size": [-1, -1]}
							}
						},
						{
							"origin": [-0.8, 30, -8],
							"size": [1.6, 1, 1],
							"uv": {
								"north": {"uv": [14, 17], "uv_size": [1, 1]},
								"east": {"uv": [15, 17], "uv_size": [-1, 1]},
								"south": {"uv": [14, 17], "uv_size": [1, 1]},
								"west": {"uv": [14, 17], "uv_size": [1, 1]},
								"up": {"uv": [15, 18], "uv_size": [-1, -1]},
								"down": {"uv": [15, 18], "uv_size": [-1, -1]}
							}
						},
						{
							"origin": [-0.85, 30, -7],
							"size": [1.7, 1, 1],
							"uv": {
								"north": {"uv": [14, 18], "uv_size": [1, 1]},
								"east": {"uv": [15, 18], "uv_size": [-1, 1]},
								"south": {"uv": [14, 18], "uv_size": [1, 1]},
								"west": {"uv": [14, 18], "uv_size": [1, 1]},
								"up": {"uv": [15, 19], "uv_size": [-1, -1]},
								"down": {"uv": [15, 19], "uv_size": [-1, -1]}
							}
						},
						{
							"origin": [-0.6, 38, -18],
							"size": [1.2, 1, 1],
							"uv": {
								"north": {"uv": [22, 7], "uv_size": [1, 1]},
								"east": {"uv": [23, 7], "uv_size": [-1, 1]},
								"south": {"uv": [22, 7], "uv_size": [1, 1]},
								"west": {"uv": [22, 7], "uv_size": [1, 1]},
								"up": {"uv": [23, 8], "uv_size": [-1, -1]},
								"down": {"uv": [23, 8], "uv_size": [-1, -1]}
							}
						},
						{
							"origin": [-0.6, 39, -18],
							"size": [1.2, 1, 1],
							"uv": {
								"north": {"uv": [23, 7], "uv_size": [1, 1]},
								"east": {"uv": [24, 7], "uv_size": [-1, 1]},
								"south": {"uv": [23, 7], "uv_size": [1, 1]},
								"west": {"uv": [23, 7], "uv_size": [1, 1]},
								"up": {"uv": [24, 8], "uv_size": [-1, -1]},
								"down": {"uv": [24, 8], "uv_size": [-1, -1]}
							}
						},
						{
							"origin": [-0.6, 37, -17],
							"size": [1.2, 1, 1],
							"uv": {
								"north": {"uv": [21, 8], "uv_size": [1, 1]},
								"east": {"uv": [22, 8], "uv_size": [-1, 1]},
								"south": {"uv": [21, 8], "uv_size": [1, 1]},
								"west": {"uv": [21, 8], "uv_size": [1, 1]},
								"up": {"uv": [22, 9], "uv_size": [-1, -1]},
								"down": {"uv": [22, 9], "uv_size": [-1, -1]}
							}
						},
						{
							"origin": [-0.6, 38, -17],
							"size": [1.2, 1, 1],
							"uv": {
								"north": {"uv": [22, 8], "uv_size": [1, 1]},
								"east": {"uv": [23, 8], "uv_size": [-1, 1]},
								"south": {"uv": [22, 8], "uv_size": [1, 1]},
								"west": {"uv": [22, 8], "uv_size": [1, 1]},
								"up": {"uv": [23, 9], "uv_size": [-1, -1]},
								"down": {"uv": [23, 9], "uv_size": [-1, -1]}
							}
						},
						{
							"origin": [-0.6, 36, -16],
							"size": [1.2, 1, 1],
							"uv": {
								"north": {"uv": [20, 9], "uv_size": [1, 1]},
								"east": {"uv": [21, 9], "uv_size": [-1, 1]},
								"south": {"uv": [20, 9], "uv_size": [1, 1]},
								"west": {"uv": [20, 9], "uv_size": [1, 1]},
								"up": {"uv": [21, 10], "uv_size": [-1, -1]},
								"down": {"uv": [21, 10], "uv_size": [-1, -1]}
							}
						},
						{
							"origin": [-0.6, 35, -15],
							"size": [1.2, 1, 1],
							"uv": {
								"north": {"uv": [19, 10], "uv_size": [1, 1]},
								"east": {"uv": [20, 10], "uv_size": [-1, 1]},
								"south": {"uv": [19, 10], "uv_size": [1, 1]},
								"west": {"uv": [19, 10], "uv_size": [1, 1]},
								"up": {"uv": [20, 11], "uv_size": [-1, -1]},
								"down": {"uv": [20, 11], "uv_size": [-1, -1]}
							}
						},
						{
							"origin": [-0.6, 34, -14],
							"size": [1.2, 1, 1],
							"uv": {
								"north": {"uv": [18, 11], "uv_size": [1, 1]},
								"east": {"uv": [19, 11], "uv_size": [-1, 1]},
								"south": {"uv": [18, 11], "uv_size": [1, 1]},
								"west": {"uv": [18, 11], "uv_size": [1, 1]},
								"up": {"uv": [19, 12], "uv_size": [-1, -1]},
								"down": {"uv": [19, 12], "uv_size": [-1, -1]}
							}
						},
						{
							"origin": [-0.6, 33, -13],
							"size": [1.2, 1, 1],
							"uv": {
								"north": {"uv": [17, 12], "uv_size": [1, 1]},
								"east": {"uv": [18, 12], "uv_size": [-1, 1]},
								"south": {"uv": [17, 12], "uv_size": [1, 1]},
								"west": {"uv": [17, 12], "uv_size": [1, 1]},
								"up": {"uv": [18, 13], "uv_size": [-1, -1]},
								"down": {"uv": [18, 13], "uv_size": [-1, -1]}
							}
						},
						{
							"origin": [-0.6, 32, -12],
							"size": [1.2, 1, 1],
							"uv": {
								"north": {"uv": [16, 13], "uv_size": [1, 1]},
								"east": {"uv": [17, 13], "uv_size": [-1, 1]},
								"south": {"uv": [16, 13], "uv_size": [1, 1]},
								"west": {"uv": [16, 13], "uv_size": [1, 1]},
								"up": {"uv": [17, 14], "uv_size": [-1, -1]},
								"down": {"uv": [17, 14], "uv_size": [-1, -1]}
							}
						},
						{
							"origin": [-0.6, 31, -11],
							"size": [1.2, 1, 1],
							"uv": {
								"north": {"uv": [15, 14], "uv_size": [1, 1]},
								"east": {"uv": [16, 14], "uv_size": [-1, 1]},
								"south": {"uv": [15, 14], "uv_size": [1, 1]},
								"west": {"uv": [15, 14], "uv_size": [1, 1]},
								"up": {"uv": [16, 15], "uv_size": [-1, -1]},
								"down": {"uv": [16, 15], "uv_size": [-1, -1]}
							}
						},
						{
							"origin": [-0.6, 31, -10],
							"size": [1.2, 1, 1],
							"uv": {
								"north": {"uv": [15, 15], "uv_size": [1, 1]},
								"east": {"uv": [16, 15], "uv_size": [-1, 1]},
								"south": {"uv": [15, 15], "uv_size": [1, 1]},
								"west": {"uv": [15, 15], "uv_size": [1, 1]},
								"up": {"uv": [16, 16], "uv_size": [-1, -1]},
								"down": {"uv": [16, 16], "uv_size": [-1, -1]}
							}
						},
						{
							"origin": [-0.6, 30, -9],
							"size": [1.2, 1, 1],
							"uv": {
								"north": {"uv": [14, 16], "uv_size": [1, 1]},
								"east": {"uv": [15, 16], "uv_size": [-1, 1]},
								"south": {"uv": [14, 16], "uv_size": [1, 1]},
								"west": {"uv": [14, 16], "uv_size": [1, 1]},
								"up": {"uv": [15, 17], "uv_size": [-1, -1]},
								"down": {"uv": [15, 17], "uv_size": [-1, -1]}
							}
						},
						{
							"origin": [-0.8, 41, -18],
							"size": [1.6, 1, 1],
							"uv": {
								"north": {"uv": [25, 7], "uv_size": [1, 1]},
								"east": {"uv": [26, 7], "uv_size": [-1, 1]},
								"south": {"uv": [25, 7], "uv_size": [1, 1]},
								"west": {"uv": [25, 7], "uv_size": [1, 1]},
								"up": {"uv": [26, 8], "uv_size": [-1, -1]},
								"down": {"uv": [26, 8], "uv_size": [-1, -1]}
							}
						},
						{
							"origin": [-0.8, 40, -17],
							"size": [1.6, 1, 1],
							"uv": {
								"north": {"uv": [24, 8], "uv_size": [1, 1]},
								"east": {"uv": [25, 8], "uv_size": [-1, 1]},
								"south": {"uv": [24, 8], "uv_size": [1, 1]},
								"west": {"uv": [24, 8], "uv_size": [1, 1]},
								"up": {"uv": [25, 9], "uv_size": [-1, -1]},
								"down": {"uv": [25, 9], "uv_size": [-1, -1]}
							}
						},
						{
							"origin": [-0.8, 39, -16],
							"size": [1.6, 1, 1],
							"uv": {
								"north": {"uv": [23, 9], "uv_size": [1, 1]},
								"east": {"uv": [24, 9], "uv_size": [-1, 1]},
								"south": {"uv": [23, 9], "uv_size": [1, 1]},
								"west": {"uv": [23, 9], "uv_size": [1, 1]},
								"up": {"uv": [24, 10], "uv_size": [-1, -1]},
								"down": {"uv": [24, 10], "uv_size": [-1, -1]}
							}
						},
						{
							"origin": [-0.8, 37, -15],
							"size": [1.6, 1, 1],
							"uv": {
								"north": {"uv": [21, 10], "uv_size": [1, 1]},
								"east": {"uv": [22, 10], "uv_size": [-1, 1]},
								"south": {"uv": [21, 10], "uv_size": [1, 1]},
								"west": {"uv": [21, 10], "uv_size": [1, 1]},
								"up": {"uv": [22, 11], "uv_size": [-1, -1]},
								"down": {"uv": [22, 11], "uv_size": [-1, -1]}
							}
						},
						{
							"origin": [-0.8, 38, -15],
							"size": [1.6, 1, 1],
							"uv": {
								"north": {"uv": [22, 10], "uv_size": [1, 1]},
								"east": {"uv": [23, 10], "uv_size": [-1, 1]},
								"south": {"uv": [22, 10], "uv_size": [1, 1]},
								"west": {"uv": [22, 10], "uv_size": [1, 1]},
								"up": {"uv": [23, 11], "uv_size": [-1, -1]},
								"down": {"uv": [23, 11], "uv_size": [-1, -1]}
							}
						},
						{
							"origin": [-0.8, 36, -14],
							"size": [1.6, 1, 1],
							"uv": {
								"north": {"uv": [20, 11], "uv_size": [1, 1]},
								"east": {"uv": [21, 11], "uv_size": [-1, 1]},
								"south": {"uv": [20, 11], "uv_size": [1, 1]},
								"west": {"uv": [20, 11], "uv_size": [1, 1]},
								"up": {"uv": [21, 12], "uv_size": [-1, -1]},
								"down": {"uv": [21, 12], "uv_size": [-1, -1]}
							}
						},
						{
							"origin": [-0.8, 35, -13],
							"size": [1.6, 1, 1],
							"uv": {
								"north": {"uv": [19, 12], "uv_size": [1, 1]},
								"east": {"uv": [20, 12], "uv_size": [-1, 1]},
								"south": {"uv": [19, 12], "uv_size": [1, 1]},
								"west": {"uv": [19, 12], "uv_size": [1, 1]},
								"up": {"uv": [20, 13], "uv_size": [-1, -1]},
								"down": {"uv": [20, 13], "uv_size": [-1, -1]}
							}
						},
						{
							"origin": [-0.8, 34, -12],
							"size": [1.6, 1, 1],
							"uv": {
								"north": {"uv": [18, 13], "uv_size": [1, 1]},
								"east": {"uv": [19, 13], "uv_size": [-1, 1]},
								"south": {"uv": [18, 13], "uv_size": [1, 1]},
								"west": {"uv": [18, 13], "uv_size": [1, 1]},
								"up": {"uv": [19, 14], "uv_size": [-1, -1]},
								"down": {"uv": [19, 14], "uv_size": [-1, -1]}
							}
						},
						{
							"origin": [-0.8, 33, -11],
							"size": [1.6, 1, 1],
							"uv": {
								"north": {"uv": [17, 14], "uv_size": [1, 1]},
								"east": {"uv": [18, 14], "uv_size": [-1, 1]},
								"south": {"uv": [17, 14], "uv_size": [1, 1]},
								"west": {"uv": [17, 14], "uv_size": [1, 1]},
								"up": {"uv": [18, 15], "uv_size": [-1, -1]},
								"down": {"uv": [18, 15], "uv_size": [-1, -1]}
							}
						},
						{
							"origin": [-0.8, 33, -10],
							"size": [1.6, 1, 1],
							"uv": {
								"north": {"uv": [17, 15], "uv_size": [1, 1]},
								"east": {"uv": [18, 15], "uv_size": [-1, 1]},
								"south": {"uv": [17, 15], "uv_size": [1, 1]},
								"west": {"uv": [17, 15], "uv_size": [1, 1]},
								"up": {"uv": [18, 16], "uv_size": [-1, -1]},
								"down": {"uv": [18, 16], "uv_size": [-1, -1]}
							}
						},
						{
							"origin": [-0.8, 27, -9],
							"size": [1.6, 1, 1],
							"uv": {
								"north": {"uv": [11, 16], "uv_size": [1, 1]},
								"east": {"uv": [12, 16], "uv_size": [-1, 1]},
								"south": {"uv": [11, 16], "uv_size": [1, 1]},
								"west": {"uv": [11, 16], "uv_size": [1, 1]},
								"up": {"uv": [12, 17], "uv_size": [-1, -1]},
								"down": {"uv": [12, 17], "uv_size": [-1, -1]}
							}
						},
						{
							"origin": [-0.8, 33, -9],
							"size": [1.6, 1, 1],
							"uv": {
								"north": {"uv": [17, 16], "uv_size": [1, 1]},
								"east": {"uv": [18, 16], "uv_size": [-1, 1]},
								"south": {"uv": [17, 16], "uv_size": [1, 1]},
								"west": {"uv": [17, 16], "uv_size": [1, 1]},
								"up": {"uv": [18, 17], "uv_size": [-1, -1]},
								"down": {"uv": [18, 17], "uv_size": [-1, -1]}
							}
						},
						{
							"origin": [-0.8, 27, -8],
							"size": [1.6, 1, 1],
							"uv": {
								"north": {"uv": [11, 17], "uv_size": [1, 1]},
								"east": {"uv": [12, 17], "uv_size": [-1, 1]},
								"south": {"uv": [11, 17], "uv_size": [1, 1]},
								"west": {"uv": [11, 17], "uv_size": [1, 1]},
								"up": {"uv": [12, 18], "uv_size": [-1, -1]},
								"down": {"uv": [12, 18], "uv_size": [-1, -1]}
							}
						},
						{
							"origin": [-0.8, 32, -8],
							"size": [1.6, 1, 1],
							"uv": {
								"north": {"uv": [16, 17], "uv_size": [1, 1]},
								"east": {"uv": [17, 17], "uv_size": [-1, 1]},
								"south": {"uv": [16, 17], "uv_size": [1, 1]},
								"west": {"uv": [16, 17], "uv_size": [1, 1]},
								"up": {"uv": [17, 18], "uv_size": [-1, -1]},
								"down": {"uv": [17, 18], "uv_size": [-1, -1]}
							}
						},
						{
							"origin": [-0.8, 28, -7],
							"size": [1.6, 1, 1],
							"uv": {
								"north": {"uv": [12, 18], "uv_size": [1, 1]},
								"east": {"uv": [13, 18], "uv_size": [-1, 1]},
								"south": {"uv": [12, 18], "uv_size": [1, 1]},
								"west": {"uv": [12, 18], "uv_size": [1, 1]},
								"up": {"uv": [13, 19], "uv_size": [-1, -1]},
								"down": {"uv": [13, 19], "uv_size": [-1, -1]}
							}
						},
						{
							"origin": [-0.8, 31, -7],
							"size": [1.6, 1, 1],
							"uv": {
								"north": {"uv": [15, 18], "uv_size": [1, 1]},
								"east": {"uv": [16, 18], "uv_size": [-1, 1]},
								"south": {"uv": [15, 18], "uv_size": [1, 1]},
								"west": {"uv": [15, 18], "uv_size": [1, 1]},
								"up": {"uv": [16, 19], "uv_size": [-1, -1]},
								"down": {"uv": [16, 19], "uv_size": [-1, -1]}
							}
						},
						{
							"origin": [-0.8, 29, -6],
							"size": [1.6, 1, 1],
							"uv": {
								"north": {"uv": [13, 19], "uv_size": [1, 1]},
								"east": {"uv": [14, 19], "uv_size": [-1, 1]},
								"south": {"uv": [13, 19], "uv_size": [1, 1]},
								"west": {"uv": [13, 19], "uv_size": [1, 1]},
								"up": {"uv": [14, 20], "uv_size": [-1, -1]},
								"down": {"uv": [14, 20], "uv_size": [-1, -1]}
							}
						},
						{
							"origin": [-0.8, 31, -6],
							"size": [1.6, 1, 1],
							"uv": {
								"north": {"uv": [15, 19], "uv_size": [1, 1]},
								"east": {"uv": [16, 19], "uv_size": [-1, 1]},
								"south": {"uv": [15, 19], "uv_size": [1, 1]},
								"west": {"uv": [15, 19], "uv_size": [1, 1]},
								"up": {"uv": [16, 20], "uv_size": [-1, -1]},
								"down": {"uv": [16, 20], "uv_size": [-1, -1]}
							}
						},
						{
							"origin": [-0.8, 30, -5],
							"size": [1.6, 1, 1],
							"uv": {
								"north": {"uv": [14, 20], "uv_size": [1, 1]},
								"east": {"uv": [15, 20], "uv_size": [-1, 1]},
								"south": {"uv": [14, 20], "uv_size": [1, 1]},
								"west": {"uv": [14, 20], "uv_size": [1, 1]},
								"up": {"uv": [15, 21], "uv_size": [-1, -1]},
								"down": {"uv": [15, 21], "uv_size": [-1, -1]}
							}
						},
						{
							"origin": [-0.8, 31, -5],
							"size": [1.6, 1, 1],
							"uv": {
								"north": {"uv": [15, 20], "uv_size": [1, 1]},
								"east": {"uv": [16, 20], "uv_size": [-1, 1]},
								"south": {"uv": [15, 20], "uv_size": [1, 1]},
								"west": {"uv": [15, 20], "uv_size": [1, 1]},
								"up": {"uv": [16, 21], "uv_size": [-1, -1]},
								"down": {"uv": [16, 21], "uv_size": [-1, -1]}
							}
						},
						{
							"origin": [-0.8, 31, -4],
							"size": [1.6, 1, 1],
							"uv": {
								"north": {"uv": [15, 21], "uv_size": [1, 1]},
								"east": {"uv": [16, 21], "uv_size": [-1, 1]},
								"south": {"uv": [15, 21], "uv_size": [1, 1]},
								"west": {"uv": [15, 21], "uv_size": [1, 1]},
								"up": {"uv": [16, 22], "uv_size": [-1, -1]},
								"down": {"uv": [16, 22], "uv_size": [-1, -1]}
							}
						},
						{
							"origin": [-0.8, 22, 0],
							"size": [1.6, 1, 1],
							"uv": {
								"north": {"uv": [6, 25], "uv_size": [1, 1]},
								"east": {"uv": [7, 25], "uv_size": [-1, 1]},
								"south": {"uv": [6, 25], "uv_size": [1, 1]},
								"west": {"uv": [6, 25], "uv_size": [1, 1]},
								"up": {"uv": [7, 26], "uv_size": [-1, -1]},
								"down": {"uv": [7, 26], "uv_size": [-1, -1]}
							}
						},
						{
							"origin": [-0.9, 42, -18],
							"size": [1.8, 1, 1],
							"uv": {
								"north": {"uv": [26, 7], "uv_size": [1, 1]},
								"east": {"uv": [27, 7], "uv_size": [-1, 1]},
								"south": {"uv": [26, 7], "uv_size": [1, 1]},
								"west": {"uv": [26, 7], "uv_size": [1, 1]},
								"up": {"uv": [27, 8], "uv_size": [-1, -1]},
								"down": {"uv": [27, 8], "uv_size": [-1, -1]}
							}
						},
						{
							"origin": [-0.9, 43, -18],
							"size": [1.8, 1, 1],
							"uv": {
								"north": {"uv": [27, 7], "uv_size": [1, 1]},
								"east": {"uv": [28, 7], "uv_size": [-1, 1]},
								"south": {"uv": [27, 7], "uv_size": [1, 1]},
								"west": {"uv": [27, 7], "uv_size": [1, 1]},
								"up": {"uv": [28, 8], "uv_size": [-1, -1]},
								"down": {"uv": [28, 8], "uv_size": [-1, -1]}
							}
						},
						{
							"origin": [-0.9, 41, -17],
							"size": [1.8, 1, 1],
							"uv": {
								"north": {"uv": [25, 8], "uv_size": [1, 1]},
								"east": {"uv": [26, 8], "uv_size": [-1, 1]},
								"south": {"uv": [25, 8], "uv_size": [1, 1]},
								"west": {"uv": [25, 8], "uv_size": [1, 1]},
								"up": {"uv": [26, 9], "uv_size": [-1, -1]},
								"down": {"uv": [26, 9], "uv_size": [-1, -1]}
							}
						},
						{
							"origin": [-0.9, 40, -16],
							"size": [1.8, 1, 1],
							"uv": {
								"north": {"uv": [24, 9], "uv_size": [1, 1]},
								"east": {"uv": [25, 9], "uv_size": [-1, 1]},
								"south": {"uv": [24, 9], "uv_size": [1, 1]},
								"west": {"uv": [24, 9], "uv_size": [1, 1]},
								"up": {"uv": [25, 10], "uv_size": [-1, -1]},
								"down": {"uv": [25, 10], "uv_size": [-1, -1]}
							}
						},
						{
							"origin": [-0.9, 39, -15],
							"size": [1.8, 1, 1],
							"uv": {
								"north": {"uv": [23, 10], "uv_size": [1, 1]},
								"east": {"uv": [24, 10], "uv_size": [-1, 1]},
								"south": {"uv": [23, 10], "uv_size": [1, 1]},
								"west": {"uv": [23, 10], "uv_size": [1, 1]},
								"up": {"uv": [24, 11], "uv_size": [-1, -1]},
								"down": {"uv": [24, 11], "uv_size": [-1, -1]}
							}
						},
						{
							"origin": [-0.9, 37, -14],
							"size": [1.8, 1, 1],
							"uv": {
								"north": {"uv": [21, 11], "uv_size": [1, 1]},
								"east": {"uv": [22, 11], "uv_size": [-1, 1]},
								"south": {"uv": [21, 11], "uv_size": [1, 1]},
								"west": {"uv": [21, 11], "uv_size": [1, 1]},
								"up": {"uv": [22, 12], "uv_size": [-1, -1]},
								"down": {"uv": [22, 12], "uv_size": [-1, -1]}
							}
						},
						{
							"origin": [-0.9, 38, -14],
							"size": [1.8, 1, 1],
							"uv": {
								"north": {"uv": [22, 11], "uv_size": [1, 1]},
								"east": {"uv": [23, 11], "uv_size": [-1, 1]},
								"south": {"uv": [22, 11], "uv_size": [1, 1]},
								"west": {"uv": [22, 11], "uv_size": [1, 1]},
								"up": {"uv": [23, 12], "uv_size": [-1, -1]},
								"down": {"uv": [23, 12], "uv_size": [-1, -1]}
							}
						},
						{
							"origin": [-0.9, 36, -13],
							"size": [1.8, 1, 1],
							"uv": {
								"north": {"uv": [20, 12], "uv_size": [1, 1]},
								"east": {"uv": [21, 12], "uv_size": [-1, 1]},
								"south": {"uv": [20, 12], "uv_size": [1, 1]},
								"west": {"uv": [20, 12], "uv_size": [1, 1]},
								"up": {"uv": [21, 13], "uv_size": [-1, -1]},
								"down": {"uv": [21, 13], "uv_size": [-1, -1]}
							}
						},
						{
							"origin": [-0.9, 35, -12],
							"size": [1.8, 1, 1],
							"uv": {
								"north": {"uv": [19, 13], "uv_size": [1, 1]},
								"east": {"uv": [20, 13], "uv_size": [-1, 1]},
								"south": {"uv": [19, 13], "uv_size": [1, 1]},
								"west": {"uv": [19, 13], "uv_size": [1, 1]},
								"up": {"uv": [20, 14], "uv_size": [-1, -1]},
								"down": {"uv": [20, 14], "uv_size": [-1, -1]}
							}
						},
						{
							"origin": [-0.75, 39, -12],
							"size": [1.5, 1, 1],
							"uv": {
								"north": {"uv": [23, 13], "uv_size": [1, 1]},
								"east": {"uv": [24, 13], "uv_size": [-1, 1]},
								"south": {"uv": [23, 13], "uv_size": [1, 1]},
								"west": {"uv": [23, 13], "uv_size": [1, 1]},
								"up": {"uv": [24, 14], "uv_size": [-1, -1]},
								"down": {"uv": [24, 14], "uv_size": [-1, -1]}
							}
						},
						{
							"origin": [-0.9, 34, -11],
							"size": [1.8, 1, 1],
							"uv": {
								"north": {"uv": [18, 14], "uv_size": [1, 1]},
								"east": {"uv": [19, 14], "uv_size": [-1, 1]},
								"south": {"uv": [18, 14], "uv_size": [1, 1]},
								"west": {"uv": [18, 14], "uv_size": [1, 1]},
								"up": {"uv": [19, 15], "uv_size": [-1, -1]},
								"down": {"uv": [19, 15], "uv_size": [-1, -1]}
							}
						},
						{
							"origin": [-0.75, 37, -11],
							"size": [1.5, 1, 1],
							"uv": {
								"north": {"uv": [21, 14], "uv_size": [1, 1]},
								"east": {"uv": [22, 14], "uv_size": [-1, 1]},
								"south": {"uv": [21, 14], "uv_size": [1, 1]},
								"west": {"uv": [21, 14], "uv_size": [1, 1]},
								"up": {"uv": [22, 15], "uv_size": [-1, -1]},
								"down": {"uv": [22, 15], "uv_size": [-1, -1]}
							}
						},
						{
							"origin": [-0.75, 38, -11],
							"size": [1.5, 1, 1],
							"uv": {
								"north": {"uv": [22, 14], "uv_size": [1, 1]},
								"east": {"uv": [23, 14], "uv_size": [-1, 1]},
								"south": {"uv": [22, 14], "uv_size": [1, 1]},
								"west": {"uv": [22, 14], "uv_size": [1, 1]},
								"up": {"uv": [23, 15], "uv_size": [-1, -1]},
								"down": {"uv": [23, 15], "uv_size": [-1, -1]}
							}
						},
						{
							"origin": [-0.9, 34, -10],
							"size": [1.8, 1, 1],
							"uv": {
								"north": {"uv": [18, 15], "uv_size": [1, 1]},
								"east": {"uv": [19, 15], "uv_size": [-1, 1]},
								"south": {"uv": [18, 15], "uv_size": [1, 1]},
								"west": {"uv": [18, 15], "uv_size": [1, 1]},
								"up": {"uv": [19, 16], "uv_size": [-1, -1]},
								"down": {"uv": [19, 16], "uv_size": [-1, -1]}
							}
						},
						{
							"origin": [-0.75, 36, -10],
							"size": [1.5, 1, 1],
							"uv": {
								"north": {"uv": [20, 15], "uv_size": [1, 1]},
								"east": {"uv": [21, 15], "uv_size": [-1, 1]},
								"south": {"uv": [20, 15], "uv_size": [1, 1]},
								"west": {"uv": [20, 15], "uv_size": [1, 1]},
								"up": {"uv": [21, 16], "uv_size": [-1, -1]},
								"down": {"uv": [21, 16], "uv_size": [-1, -1]}
							}
						},
						{
							"origin": [-0.9, 34, -9],
							"size": [1.8, 1, 1],
							"uv": {
								"north": {"uv": [18, 16], "uv_size": [1, 1]},
								"east": {"uv": [19, 16], "uv_size": [-1, 1]},
								"south": {"uv": [18, 16], "uv_size": [1, 1]},
								"west": {"uv": [18, 16], "uv_size": [1, 1]},
								"up": {"uv": [19, 17], "uv_size": [-1, -1]},
								"down": {"uv": [19, 17], "uv_size": [-1, -1]}
							}
						},
						{
							"origin": [-0.9, 33, -8],
							"size": [1.8, 1, 1],
							"uv": {
								"north": {"uv": [17, 17], "uv_size": [1, 1]},
								"east": {"uv": [18, 17], "uv_size": [-1, 1]},
								"south": {"uv": [17, 17], "uv_size": [1, 1]},
								"west": {"uv": [17, 17], "uv_size": [1, 1]},
								"up": {"uv": [18, 18], "uv_size": [-1, -1]},
								"down": {"uv": [18, 18], "uv_size": [-1, -1]}
							}
						},
						{
							"origin": [-0.5, 22, 2],
							"size": [1, 1, 1],
							"uv": {
								"north": {"uv": [6, 27], "uv_size": [1, 1]},
								"east": {"uv": [7, 27], "uv_size": [-1, 1]},
								"south": {"uv": [6, 27], "uv_size": [1, 1]},
								"west": {"uv": [6, 27], "uv_size": [1, 1]},
								"up": {"uv": [7, 28], "uv_size": [-1, -1]},
								"down": {"uv": [7, 28], "uv_size": [-1, -1]}
							}
						},
						{
							"origin": [-0.5, 21, 2],
							"size": [1, 1, 1],
							"uv": {
								"north": {"uv": [5, 27], "uv_size": [1, 1]},
								"east": {"uv": [6, 27], "uv_size": [-1, 1]},
								"south": {"uv": [5, 27], "uv_size": [1, 1]},
								"west": {"uv": [5, 27], "uv_size": [1, 1]},
								"up": {"uv": [6, 28], "uv_size": [-1, -1]},
								"down": {"uv": [6, 28], "uv_size": [-1, -1]}
							}
						},
						{
							"origin": [-0.5, 23, 1],
							"size": [1, 1, 1],
							"uv": {
								"north": {"uv": [7, 26], "uv_size": [1, 1]},
								"east": {"uv": [8, 26], "uv_size": [-1, 1]},
								"south": {"uv": [7, 26], "uv_size": [1, 1]},
								"west": {"uv": [7, 26], "uv_size": [1, 1]},
								"up": {"uv": [8, 27], "uv_size": [-1, -1]},
								"down": {"uv": [8, 27], "uv_size": [-1, -1]}
							}
						},
						{
							"origin": [-0.5, 20, 1],
							"size": [1, 1, 1],
							"uv": {
								"north": {"uv": [4, 26], "uv_size": [1, 1]},
								"east": {"uv": [5, 26], "uv_size": [-1, 1]},
								"south": {"uv": [4, 26], "uv_size": [1, 1]},
								"west": {"uv": [4, 26], "uv_size": [1, 1]},
								"up": {"uv": [5, 27], "uv_size": [-1, -1]},
								"down": {"uv": [5, 27], "uv_size": [-1, -1]}
							}
						},
						{
							"origin": [-0.5, 20, 0],
							"size": [1, 1, 1],
							"uv": {
								"north": {"uv": [4, 25], "uv_size": [1, 1]},
								"east": {"uv": [5, 25], "uv_size": [-1, 1]},
								"south": {"uv": [4, 25], "uv_size": [1, 1]},
								"west": {"uv": [4, 25], "uv_size": [1, 1]},
								"up": {"uv": [5, 26], "uv_size": [-1, -1]},
								"down": {"uv": [5, 26], "uv_size": [-1, -1]}
							}
						},
						{
							"origin": [-0.5, 30, -1],
							"size": [1, 1, 1],
							"uv": {
								"north": {"uv": [14, 24], "uv_size": [1, 1]},
								"east": {"uv": [15, 24], "uv_size": [-1, 1]},
								"south": {"uv": [14, 24], "uv_size": [1, 1]},
								"west": {"uv": [14, 24], "uv_size": [1, 1]},
								"up": {"uv": [15, 25], "uv_size": [-1, -1]},
								"down": {"uv": [15, 25], "uv_size": [-1, -1]}
							}
						},
						{
							"origin": [-0.5, 24, -1],
							"size": [1, 1, 1],
							"uv": {
								"north": {"uv": [8, 24], "uv_size": [1, 1]},
								"east": {"uv": [9, 24], "uv_size": [-1, 1]},
								"south": {"uv": [8, 24], "uv_size": [1, 1]},
								"west": {"uv": [8, 24], "uv_size": [1, 1]},
								"up": {"uv": [9, 25], "uv_size": [-1, -1]},
								"down": {"uv": [9, 25], "uv_size": [-1, -1]}
							}
						},
						{
							"origin": [-0.5, 21, -1],
							"size": [1, 1, 1],
							"uv": {
								"north": {"uv": [5, 24], "uv_size": [1, 1]},
								"east": {"uv": [6, 24], "uv_size": [-1, 1]},
								"south": {"uv": [5, 24], "uv_size": [1, 1]},
								"west": {"uv": [5, 24], "uv_size": [1, 1]},
								"up": {"uv": [6, 25], "uv_size": [-1, -1]},
								"down": {"uv": [6, 25], "uv_size": [-1, -1]}
							}
						},
						{
							"origin": [-0.5, 31, -2],
							"size": [1, 1, 1],
							"uv": {
								"north": {"uv": [15, 23], "uv_size": [1, 1]},
								"east": {"uv": [16, 23], "uv_size": [-1, 1]},
								"south": {"uv": [15, 23], "uv_size": [1, 1]},
								"west": {"uv": [15, 23], "uv_size": [1, 1]},
								"up": {"uv": [16, 24], "uv_size": [-1, -1]},
								"down": {"uv": [16, 24], "uv_size": [-1, -1]}
							}
						},
						{
							"origin": [-0.5, 25, -2],
							"size": [1, 1, 1],
							"uv": {
								"north": {"uv": [9, 23], "uv_size": [1, 1]},
								"east": {"uv": [10, 23], "uv_size": [-1, 1]},
								"south": {"uv": [9, 23], "uv_size": [1, 1]},
								"west": {"uv": [9, 23], "uv_size": [1, 1]},
								"up": {"uv": [10, 24], "uv_size": [-1, -1]},
								"down": {"uv": [10, 24], "uv_size": [-1, -1]}
							}
						},
						{
							"origin": [-0.5, 23, -2],
							"size": [1, 1, 1],
							"uv": {
								"north": {"uv": [7, 23], "uv_size": [1, 1]},
								"east": {"uv": [8, 23], "uv_size": [-1, 1]},
								"south": {"uv": [7, 23], "uv_size": [1, 1]},
								"west": {"uv": [7, 23], "uv_size": [1, 1]},
								"up": {"uv": [8, 24], "uv_size": [-1, -1]},
								"down": {"uv": [8, 24], "uv_size": [-1, -1]}
							}
						},
						{
							"origin": [-0.5, 32, -3],
							"size": [1, 1, 1],
							"uv": {
								"north": {"uv": [16, 22], "uv_size": [1, 1]},
								"east": {"uv": [17, 22], "uv_size": [-1, 1]},
								"south": {"uv": [16, 22], "uv_size": [1, 1]},
								"west": {"uv": [16, 22], "uv_size": [1, 1]},
								"up": {"uv": [17, 23], "uv_size": [-1, -1]},
								"down": {"uv": [17, 23], "uv_size": [-1, -1]}
							}
						},
						{
							"origin": [-0.5, 30, -3],
							"size": [1, 1, 1],
							"uv": {
								"north": {"uv": [14, 22], "uv_size": [1, 1]},
								"east": {"uv": [15, 22], "uv_size": [-1, 1]},
								"south": {"uv": [14, 22], "uv_size": [1, 1]},
								"west": {"uv": [14, 22], "uv_size": [1, 1]},
								"up": {"uv": [15, 23], "uv_size": [-1, -1]},
								"down": {"uv": [15, 23], "uv_size": [-1, -1]}
							}
						},
						{
							"origin": [-0.5, 26, -3],
							"size": [1, 1, 1],
							"uv": {
								"north": {"uv": [10, 22], "uv_size": [1, 1]},
								"east": {"uv": [11, 22], "uv_size": [-1, 1]},
								"south": {"uv": [10, 22], "uv_size": [1, 1]},
								"west": {"uv": [10, 22], "uv_size": [1, 1]},
								"up": {"uv": [11, 23], "uv_size": [-1, -1]},
								"down": {"uv": [11, 23], "uv_size": [-1, -1]}
							}
						},
						{
							"origin": [-0.5, 24, -3],
							"size": [1, 1, 1],
							"uv": {
								"north": {"uv": [8, 22], "uv_size": [1, 1]},
								"east": {"uv": [9, 22], "uv_size": [-1, 1]},
								"south": {"uv": [8, 22], "uv_size": [1, 1]},
								"west": {"uv": [8, 22], "uv_size": [1, 1]},
								"up": {"uv": [9, 23], "uv_size": [-1, -1]},
								"down": {"uv": [9, 23], "uv_size": [-1, -1]}
							}
						},
						{
							"origin": [-0.5, 33, -4],
							"size": [1, 1, 1],
							"uv": {
								"north": {"uv": [17, 21], "uv_size": [1, 1]},
								"east": {"uv": [18, 21], "uv_size": [-1, 1]},
								"south": {"uv": [17, 21], "uv_size": [1, 1]},
								"west": {"uv": [17, 21], "uv_size": [1, 1]},
								"up": {"uv": [18, 22], "uv_size": [-1, -1]},
								"down": {"uv": [18, 22], "uv_size": [-1, -1]}
							}
						},
						{
							"origin": [-0.5, 29, -4],
							"size": [1, 1, 1],
							"uv": {
								"north": {"uv": [13, 21], "uv_size": [1, 1]},
								"east": {"uv": [14, 21], "uv_size": [-1, 1]},
								"south": {"uv": [13, 21], "uv_size": [1, 1]},
								"west": {"uv": [13, 21], "uv_size": [1, 1]},
								"up": {"uv": [14, 22], "uv_size": [-1, -1]},
								"down": {"uv": [14, 22], "uv_size": [-1, -1]}
							}
						},
						{
							"origin": [-0.5, 27, -4],
							"size": [1, 1, 1],
							"uv": {
								"north": {"uv": [11, 21], "uv_size": [1, 1]},
								"east": {"uv": [12, 21], "uv_size": [-1, 1]},
								"south": {"uv": [11, 21], "uv_size": [1, 1]},
								"west": {"uv": [11, 21], "uv_size": [1, 1]},
								"up": {"uv": [12, 22], "uv_size": [-1, -1]},
								"down": {"uv": [12, 22], "uv_size": [-1, -1]}
							}
						},
						{
							"origin": [-0.5, 25, -4],
							"size": [1, 1, 1],
							"uv": {
								"north": {"uv": [9, 21], "uv_size": [1, 1]},
								"east": {"uv": [10, 21], "uv_size": [-1, 1]},
								"south": {"uv": [9, 21], "uv_size": [1, 1]},
								"west": {"uv": [9, 21], "uv_size": [1, 1]},
								"up": {"uv": [10, 22], "uv_size": [-1, -1]},
								"down": {"uv": [10, 22], "uv_size": [-1, -1]}
							}
						},
						{
							"origin": [-0.5, 33, -5],
							"size": [1, 1, 1],
							"uv": {
								"north": {"uv": [17, 20], "uv_size": [1, 1]},
								"east": {"uv": [18, 20], "uv_size": [-1, 1]},
								"south": {"uv": [17, 20], "uv_size": [1, 1]},
								"west": {"uv": [17, 20], "uv_size": [1, 1]},
								"up": {"uv": [18, 21], "uv_size": [-1, -1]},
								"down": {"uv": [18, 21], "uv_size": [-1, -1]}
							}
						},
						{
							"origin": [-0.5, 28, -5],
							"size": [1, 1, 1],
							"uv": {
								"north": {"uv": [12, 20], "uv_size": [1, 1]},
								"east": {"uv": [13, 20], "uv_size": [-1, 1]},
								"south": {"uv": [12, 20], "uv_size": [1, 1]},
								"west": {"uv": [12, 20], "uv_size": [1, 1]},
								"up": {"uv": [13, 21], "uv_size": [-1, -1]},
								"down": {"uv": [13, 21], "uv_size": [-1, -1]}
							}
						},
						{
							"origin": [-0.5, 26, -5],
							"size": [1, 1, 1],
							"uv": {
								"north": {"uv": [10, 20], "uv_size": [1, 1]},
								"east": {"uv": [11, 20], "uv_size": [-1, 1]},
								"south": {"uv": [10, 20], "uv_size": [1, 1]},
								"west": {"uv": [10, 20], "uv_size": [1, 1]},
								"up": {"uv": [11, 21], "uv_size": [-1, -1]},
								"down": {"uv": [11, 21], "uv_size": [-1, -1]}
							}
						},
						{
							"origin": [-0.5, 33, -6],
							"size": [1, 1, 1],
							"uv": {
								"north": {"uv": [17, 19], "uv_size": [1, 1]},
								"east": {"uv": [18, 19], "uv_size": [-1, 1]},
								"south": {"uv": [17, 19], "uv_size": [1, 1]},
								"west": {"uv": [17, 19], "uv_size": [1, 1]},
								"up": {"uv": [18, 20], "uv_size": [-1, -1]},
								"down": {"uv": [18, 20], "uv_size": [-1, -1]}
							}
						},
						{
							"origin": [-0.5, 27, -6],
							"size": [1, 1, 1],
							"uv": {
								"north": {"uv": [11, 19], "uv_size": [1, 1]},
								"east": {"uv": [12, 19], "uv_size": [-1, 1]},
								"south": {"uv": [11, 19], "uv_size": [1, 1]},
								"west": {"uv": [11, 19], "uv_size": [1, 1]},
								"up": {"uv": [12, 20], "uv_size": [-1, -1]},
								"down": {"uv": [12, 20], "uv_size": [-1, -1]}
							}
						},
						{
							"origin": [-0.5, 33, -7],
							"size": [1, 1, 1],
							"uv": {
								"north": {"uv": [17, 18], "uv_size": [1, 1]},
								"east": {"uv": [18, 18], "uv_size": [-1, 1]},
								"south": {"uv": [17, 18], "uv_size": [1, 1]},
								"west": {"uv": [17, 18], "uv_size": [1, 1]},
								"up": {"uv": [18, 19], "uv_size": [-1, -1]},
								"down": {"uv": [18, 19], "uv_size": [-1, -1]}
							}
						},
						{
							"origin": [-0.5, 26, -7],
							"size": [1, 1, 1],
							"uv": {
								"north": {"uv": [10, 18], "uv_size": [1, 1]},
								"east": {"uv": [11, 18], "uv_size": [-1, 1]},
								"south": {"uv": [10, 18], "uv_size": [1, 1]},
								"west": {"uv": [10, 18], "uv_size": [1, 1]},
								"up": {"uv": [11, 19], "uv_size": [-1, -1]},
								"down": {"uv": [11, 19], "uv_size": [-1, -1]}
							}
						},
						{
							"origin": [-0.5, 24, -7],
							"size": [1, 1, 1],
							"uv": {
								"north": {"uv": [8, 18], "uv_size": [1, 1]},
								"east": {"uv": [9, 18], "uv_size": [-1, 1]},
								"south": {"uv": [8, 18], "uv_size": [1, 1]},
								"west": {"uv": [8, 18], "uv_size": [1, 1]},
								"up": {"uv": [9, 19], "uv_size": [-1, -1]},
								"down": {"uv": [9, 19], "uv_size": [-1, -1]}
							}
						},
						{
							"origin": [-0.5, 34, -8],
							"size": [1, 1, 1],
							"uv": {
								"north": {"uv": [18, 17], "uv_size": [1, 1]},
								"east": {"uv": [19, 17], "uv_size": [-1, 1]},
								"south": {"uv": [18, 17], "uv_size": [1, 1]},
								"west": {"uv": [18, 17], "uv_size": [1, 1]},
								"up": {"uv": [19, 18], "uv_size": [-1, -1]},
								"down": {"uv": [19, 18], "uv_size": [-1, -1]}
							}
						},
						{
							"origin": [-0.5, 25, -8],
							"size": [1, 1, 1],
							"uv": {
								"north": {"uv": [9, 17], "uv_size": [1, 1]},
								"east": {"uv": [10, 17], "uv_size": [-1, 1]},
								"south": {"uv": [9, 17], "uv_size": [1, 1]},
								"west": {"uv": [9, 17], "uv_size": [1, 1]},
								"up": {"uv": [10, 18], "uv_size": [-1, -1]},
								"down": {"uv": [10, 18], "uv_size": [-1, -1]}
							}
						},
						{
							"origin": [-0.5, 24, -8],
							"size": [1, 1, 1],
							"uv": {
								"north": {"uv": [8, 17], "uv_size": [1, 1]},
								"east": {"uv": [9, 17], "uv_size": [-1, 1]},
								"south": {"uv": [8, 17], "uv_size": [1, 1]},
								"west": {"uv": [8, 17], "uv_size": [1, 1]},
								"up": {"uv": [9, 18], "uv_size": [-1, -1]},
								"down": {"uv": [9, 18], "uv_size": [-1, -1]}
							}
						},
						{
							"origin": [-0.5, 36, -9],
							"size": [1, 1, 1],
							"uv": {
								"north": {"uv": [20, 16], "uv_size": [1, 1]},
								"east": {"uv": [21, 16], "uv_size": [-1, 1]},
								"south": {"uv": [20, 16], "uv_size": [1, 1]},
								"west": {"uv": [20, 16], "uv_size": [1, 1]},
								"up": {"uv": [21, 17], "uv_size": [-1, -1]},
								"down": {"uv": [21, 17], "uv_size": [-1, -1]}
							}
						},
						{
							"origin": [-0.5, 35, -9],
							"size": [1, 1, 1],
							"uv": {
								"north": {"uv": [19, 16], "uv_size": [1, 1]},
								"east": {"uv": [20, 16], "uv_size": [-1, 1]},
								"south": {"uv": [19, 16], "uv_size": [1, 1]},
								"west": {"uv": [19, 16], "uv_size": [1, 1]},
								"up": {"uv": [20, 17], "uv_size": [-1, -1]},
								"down": {"uv": [20, 17], "uv_size": [-1, -1]}
							}
						},
						{
							"origin": [-0.5, 29, -9],
							"size": [1, 1, 1],
							"uv": {
								"north": {"uv": [13, 16], "uv_size": [1, 1]},
								"east": {"uv": [14, 16], "uv_size": [-1, 1]},
								"south": {"uv": [13, 16], "uv_size": [1, 1]},
								"west": {"uv": [13, 16], "uv_size": [1, 1]},
								"up": {"uv": [14, 17], "uv_size": [-1, -1]},
								"down": {"uv": [14, 17], "uv_size": [-1, -1]}
							}
						},
						{
							"origin": [-0.5, 25, -9],
							"size": [1, 1, 1],
							"uv": {
								"north": {"uv": [9, 16], "uv_size": [1, 1]},
								"east": {"uv": [10, 16], "uv_size": [-1, 1]},
								"south": {"uv": [9, 16], "uv_size": [1, 1]},
								"west": {"uv": [9, 16], "uv_size": [1, 1]},
								"up": {"uv": [10, 17], "uv_size": [-1, -1]},
								"down": {"uv": [10, 17], "uv_size": [-1, -1]}
							}
						},
						{
							"origin": [-0.5, 38, -10],
							"size": [1, 1, 1],
							"uv": {
								"north": {"uv": [22, 15], "uv_size": [1, 1]},
								"east": {"uv": [23, 15], "uv_size": [-1, 1]},
								"south": {"uv": [22, 15], "uv_size": [1, 1]},
								"west": {"uv": [22, 15], "uv_size": [1, 1]},
								"up": {"uv": [23, 16], "uv_size": [-1, -1]},
								"down": {"uv": [23, 16], "uv_size": [-1, -1]}
							}
						},
						{
							"origin": [-0.5, 37, -10],
							"size": [1, 1, 1],
							"uv": {
								"north": {"uv": [21, 15], "uv_size": [1, 1]},
								"east": {"uv": [22, 15], "uv_size": [-1, 1]},
								"south": {"uv": [21, 15], "uv_size": [1, 1]},
								"west": {"uv": [21, 15], "uv_size": [1, 1]},
								"up": {"uv": [22, 16], "uv_size": [-1, -1]},
								"down": {"uv": [22, 16], "uv_size": [-1, -1]}
							}
						},
						{
							"origin": [-0.5, 35, -10],
							"size": [1, 1, 1],
							"uv": {
								"north": {"uv": [19, 15], "uv_size": [1, 1]},
								"east": {"uv": [20, 15], "uv_size": [-1, 1]},
								"south": {"uv": [19, 15], "uv_size": [1, 1]},
								"west": {"uv": [19, 15], "uv_size": [1, 1]},
								"up": {"uv": [20, 16], "uv_size": [-1, -1]},
								"down": {"uv": [20, 16], "uv_size": [-1, -1]}
							}
						},
						{
							"origin": [-0.5, 30, -10],
							"size": [1, 1, 1],
							"uv": {
								"north": {"uv": [14, 15], "uv_size": [1, 1]},
								"east": {"uv": [15, 15], "uv_size": [-1, 1]},
								"south": {"uv": [14, 15], "uv_size": [1, 1]},
								"west": {"uv": [14, 15], "uv_size": [1, 1]},
								"up": {"uv": [15, 16], "uv_size": [-1, -1]},
								"down": {"uv": [15, 16], "uv_size": [-1, -1]}
							}
						},
						{
							"origin": [-0.5, 28, -10],
							"size": [1, 1, 1],
							"uv": {
								"north": {"uv": [12, 15], "uv_size": [1, 1]},
								"east": {"uv": [13, 15], "uv_size": [-1, 1]},
								"south": {"uv": [12, 15], "uv_size": [1, 1]},
								"west": {"uv": [12, 15], "uv_size": [1, 1]},
								"up": {"uv": [13, 16], "uv_size": [-1, -1]},
								"down": {"uv": [13, 16], "uv_size": [-1, -1]}
							}
						},
						{
							"origin": [-0.5, 26, -10],
							"size": [1, 1, 1],
							"uv": {
								"north": {"uv": [10, 15], "uv_size": [1, 1]},
								"east": {"uv": [11, 15], "uv_size": [-1, 1]},
								"south": {"uv": [10, 15], "uv_size": [1, 1]},
								"west": {"uv": [10, 15], "uv_size": [1, 1]},
								"up": {"uv": [11, 16], "uv_size": [-1, -1]},
								"down": {"uv": [11, 16], "uv_size": [-1, -1]}
							}
						},
						{
							"origin": [-0.5, 39, -11],
							"size": [1, 1, 1],
							"uv": {
								"north": {"uv": [23, 14], "uv_size": [1, 1]},
								"east": {"uv": [24, 14], "uv_size": [-1, 1]},
								"south": {"uv": [23, 14], "uv_size": [1, 1]},
								"west": {"uv": [23, 14], "uv_size": [1, 1]},
								"up": {"uv": [24, 15], "uv_size": [-1, -1]},
								"down": {"uv": [24, 15], "uv_size": [-1, -1]}
							}
						},
						{
							"origin": [-0.5, 36, -11],
							"size": [1, 1, 1],
							"uv": {
								"north": {"uv": [20, 14], "uv_size": [1, 1]},
								"east": {"uv": [21, 14], "uv_size": [-1, 1]},
								"south": {"uv": [20, 14], "uv_size": [1, 1]},
								"west": {"uv": [20, 14], "uv_size": [1, 1]},
								"up": {"uv": [21, 15], "uv_size": [-1, -1]},
								"down": {"uv": [21, 15], "uv_size": [-1, -1]}
							}
						},
						{
							"origin": [-0.5, 30, -11],
							"size": [1, 1, 1],
							"uv": {
								"north": {"uv": [14, 14], "uv_size": [1, 1]},
								"east": {"uv": [15, 14], "uv_size": [-1, 1]},
								"south": {"uv": [14, 14], "uv_size": [1, 1]},
								"west": {"uv": [14, 14], "uv_size": [1, 1]},
								"up": {"uv": [15, 15], "uv_size": [-1, -1]},
								"down": {"uv": [15, 15], "uv_size": [-1, -1]}
							}
						},
						{
							"origin": [-0.5, 27, -11],
							"size": [1, 1, 1],
							"uv": {
								"north": {"uv": [11, 14], "uv_size": [1, 1]},
								"east": {"uv": [12, 14], "uv_size": [-1, 1]},
								"south": {"uv": [11, 14], "uv_size": [1, 1]},
								"west": {"uv": [11, 14], "uv_size": [1, 1]},
								"up": {"uv": [12, 15], "uv_size": [-1, -1]},
								"down": {"uv": [12, 15], "uv_size": [-1, -1]}
							}
						},
						{
							"origin": [-0.5, 40, -12],
							"size": [1, 1, 1],
							"uv": {
								"north": {"uv": [24, 13], "uv_size": [1, 1]},
								"east": {"uv": [25, 13], "uv_size": [-1, 1]},
								"south": {"uv": [24, 13], "uv_size": [1, 1]},
								"west": {"uv": [24, 13], "uv_size": [1, 1]},
								"up": {"uv": [25, 14], "uv_size": [-1, -1]},
								"down": {"uv": [25, 14], "uv_size": [-1, -1]}
							}
						},
						{
							"origin": [-0.5, 37, -12],
							"size": [1, 1, 1],
							"uv": {
								"north": {"uv": [21, 13], "uv_size": [1, 1]},
								"east": {"uv": [22, 13], "uv_size": [-1, 1]},
								"south": {"uv": [21, 13], "uv_size": [1, 1]},
								"west": {"uv": [21, 13], "uv_size": [1, 1]},
								"up": {"uv": [22, 14], "uv_size": [-1, -1]},
								"down": {"uv": [22, 14], "uv_size": [-1, -1]}
							}
						},
						{
							"origin": [-0.5, 31, -12],
							"size": [1, 1, 1],
							"uv": {
								"north": {"uv": [15, 13], "uv_size": [1, 1]},
								"east": {"uv": [16, 13], "uv_size": [-1, 1]},
								"south": {"uv": [15, 13], "uv_size": [1, 1]},
								"west": {"uv": [15, 13], "uv_size": [1, 1]},
								"up": {"uv": [16, 14], "uv_size": [-1, -1]},
								"down": {"uv": [16, 14], "uv_size": [-1, -1]}
							}
						},
						{
							"origin": [-0.5, 38, -13],
							"size": [1, 1, 1],
							"uv": {
								"north": {"uv": [22, 12], "uv_size": [1, 1]},
								"east": {"uv": [23, 12], "uv_size": [-1, 1]},
								"south": {"uv": [22, 12], "uv_size": [1, 1]},
								"west": {"uv": [22, 12], "uv_size": [1, 1]},
								"up": {"uv": [23, 13], "uv_size": [-1, -1]},
								"down": {"uv": [23, 13], "uv_size": [-1, -1]}
							}
						},
						{
							"origin": [-0.5, 32, -13],
							"size": [1, 1, 1],
							"uv": {
								"north": {"uv": [16, 12], "uv_size": [1, 1]},
								"east": {"uv": [17, 12], "uv_size": [-1, 1]},
								"south": {"uv": [16, 12], "uv_size": [1, 1]},
								"west": {"uv": [16, 12], "uv_size": [1, 1]},
								"up": {"uv": [17, 13], "uv_size": [-1, -1]},
								"down": {"uv": [17, 13], "uv_size": [-1, -1]}
							}
						},
						{
							"origin": [-0.5, 39, -14],
							"size": [1, 1, 1],
							"uv": {
								"north": {"uv": [23, 11], "uv_size": [1, 1]},
								"east": {"uv": [24, 11], "uv_size": [-1, 1]},
								"south": {"uv": [23, 11], "uv_size": [1, 1]},
								"west": {"uv": [23, 11], "uv_size": [1, 1]},
								"up": {"uv": [24, 12], "uv_size": [-1, -1]},
								"down": {"uv": [24, 12], "uv_size": [-1, -1]}
							}
						},
						{
							"origin": [-0.5, 33, -14],
							"size": [1, 1, 1],
							"uv": {
								"north": {"uv": [17, 11], "uv_size": [1, 1]},
								"east": {"uv": [18, 11], "uv_size": [-1, 1]},
								"south": {"uv": [17, 11], "uv_size": [1, 1]},
								"west": {"uv": [17, 11], "uv_size": [1, 1]},
								"up": {"uv": [18, 12], "uv_size": [-1, -1]},
								"down": {"uv": [18, 12], "uv_size": [-1, -1]}
							}
						},
						{
							"origin": [-0.5, 40, -15],
							"size": [1, 1, 1],
							"uv": {
								"north": {"uv": [24, 10], "uv_size": [1, 1]},
								"east": {"uv": [25, 10], "uv_size": [-1, 1]},
								"south": {"uv": [24, 10], "uv_size": [1, 1]},
								"west": {"uv": [24, 10], "uv_size": [1, 1]},
								"up": {"uv": [25, 11], "uv_size": [-1, -1]},
								"down": {"uv": [25, 11], "uv_size": [-1, -1]}
							}
						},
						{
							"origin": [-0.5, 34, -15],
							"size": [1, 1, 1],
							"uv": {
								"north": {"uv": [18, 10], "uv_size": [1, 1]},
								"east": {"uv": [19, 10], "uv_size": [-1, 1]},
								"south": {"uv": [18, 10], "uv_size": [1, 1]},
								"west": {"uv": [18, 10], "uv_size": [1, 1]},
								"up": {"uv": [19, 11], "uv_size": [-1, -1]},
								"down": {"uv": [19, 11], "uv_size": [-1, -1]}
							}
						},
						{
							"origin": [-0.5, 41, -16],
							"size": [1, 1, 1],
							"uv": {
								"north": {"uv": [25, 9], "uv_size": [1, 1]},
								"east": {"uv": [26, 9], "uv_size": [-1, 1]},
								"south": {"uv": [25, 9], "uv_size": [1, 1]},
								"west": {"uv": [25, 9], "uv_size": [1, 1]},
								"up": {"uv": [26, 10], "uv_size": [-1, -1]},
								"down": {"uv": [26, 10], "uv_size": [-1, -1]}
							}
						},
						{
							"origin": [-0.5, 35, -16],
							"size": [1, 1, 1],
							"uv": {
								"north": {"uv": [19, 9], "uv_size": [1, 1]},
								"east": {"uv": [20, 9], "uv_size": [-1, 1]},
								"south": {"uv": [19, 9], "uv_size": [1, 1]},
								"west": {"uv": [19, 9], "uv_size": [1, 1]},
								"up": {"uv": [20, 10], "uv_size": [-1, -1]},
								"down": {"uv": [20, 10], "uv_size": [-1, -1]}
							}
						},
						{
							"origin": [-0.5, 43, -17],
							"size": [1, 1, 1],
							"uv": {
								"north": {"uv": [27, 8], "uv_size": [1, 1]},
								"east": {"uv": [28, 8], "uv_size": [-1, 1]},
								"south": {"uv": [27, 8], "uv_size": [1, 1]},
								"west": {"uv": [27, 8], "uv_size": [1, 1]},
								"up": {"uv": [28, 9], "uv_size": [-1, -1]},
								"down": {"uv": [28, 9], "uv_size": [-1, -1]}
							}
						},
						{
							"origin": [-0.5, 42, -17],
							"size": [1, 1, 1],
							"uv": {
								"north": {"uv": [26, 8], "uv_size": [1, 1]},
								"east": {"uv": [27, 8], "uv_size": [-1, 1]},
								"south": {"uv": [26, 8], "uv_size": [1, 1]},
								"west": {"uv": [26, 8], "uv_size": [1, 1]},
								"up": {"uv": [27, 9], "uv_size": [-1, -1]},
								"down": {"uv": [27, 9], "uv_size": [-1, -1]}
							}
						},
						{
							"origin": [-0.5, 36, -17],
							"size": [1, 1, 1],
							"uv": {
								"north": {"uv": [20, 8], "uv_size": [1, 1]},
								"east": {"uv": [21, 8], "uv_size": [-1, 1]},
								"south": {"uv": [20, 8], "uv_size": [1, 1]},
								"west": {"uv": [20, 8], "uv_size": [1, 1]},
								"up": {"uv": [21, 9], "uv_size": [-1, -1]},
								"down": {"uv": [21, 9], "uv_size": [-1, -1]}
							}
						},
						{
							"origin": [-0.5, 44, -18],
							"size": [1, 1, 1],
							"uv": {
								"north": {"uv": [28, 7], "uv_size": [1, 1]},
								"east": {"uv": [29, 7], "uv_size": [-1, 1]},
								"south": {"uv": [28, 7], "uv_size": [1, 1]},
								"west": {"uv": [28, 7], "uv_size": [1, 1]},
								"up": {"uv": [29, 8], "uv_size": [-1, -1]},
								"down": {"uv": [29, 8], "uv_size": [-1, -1]}
							}
						},
						{
							"origin": [-0.5, 37, -18],
							"size": [1, 1, 1],
							"uv": {
								"north": {"uv": [21, 7], "uv_size": [1, 1]},
								"east": {"uv": [22, 7], "uv_size": [-1, 1]},
								"south": {"uv": [21, 7], "uv_size": [1, 1]},
								"west": {"uv": [21, 7], "uv_size": [1, 1]},
								"up": {"uv": [22, 8], "uv_size": [-1, -1]},
								"down": {"uv": [22, 8], "uv_size": [-1, -1]}
							}
						},
						{
							"origin": [-0.5, 45, -19],
							"size": [1, 1, 1],
							"uv": {
								"north": {"uv": [29, 6], "uv_size": [1, 1]},
								"east": {"uv": [30, 6], "uv_size": [-1, 1]},
								"south": {"uv": [29, 6], "uv_size": [1, 1]},
								"west": {"uv": [29, 6], "uv_size": [1, 1]},
								"up": {"uv": [30, 7], "uv_size": [-1, -1]},
								"down": {"uv": [30, 7], "uv_size": [-1, -1]}
							}
						},
						{
							"origin": [-0.5, 44, -19],
							"size": [1, 1, 1],
							"uv": {
								"north": {"uv": [28, 6], "uv_size": [1, 1]},
								"east": {"uv": [29, 6], "uv_size": [-1, 1]},
								"south": {"uv": [28, 6], "uv_size": [1, 1]},
								"west": {"uv": [28, 6], "uv_size": [1, 1]},
								"up": {"uv": [29, 7], "uv_size": [-1, -1]},
								"down": {"uv": [29, 7], "uv_size": [-1, -1]}
							}
						},
						{
							"origin": [-0.5, 43, -19],
							"size": [1, 1, 1],
							"uv": {
								"north": {"uv": [27, 6], "uv_size": [1, 1]},
								"east": {"uv": [28, 6], "uv_size": [-1, 1]},
								"south": {"uv": [27, 6], "uv_size": [1, 1]},
								"west": {"uv": [27, 6], "uv_size": [1, 1]},
								"up": {"uv": [28, 7], "uv_size": [-1, -1]},
								"down": {"uv": [28, 7], "uv_size": [-1, -1]}
							}
						},
						{
							"origin": [-0.5, 42, -19],
							"size": [1, 1, 1],
							"uv": {
								"north": {"uv": [26, 6], "uv_size": [1, 1]},
								"east": {"uv": [27, 6], "uv_size": [-1, 1]},
								"south": {"uv": [26, 6], "uv_size": [1, 1]},
								"west": {"uv": [26, 6], "uv_size": [1, 1]},
								"up": {"uv": [27, 7], "uv_size": [-1, -1]},
								"down": {"uv": [27, 7], "uv_size": [-1, -1]}
							}
						},
						{
							"origin": [-0.5, 41, -19],
							"size": [1, 1, 1],
							"uv": {
								"north": {"uv": [25, 6], "uv_size": [1, 1]},
								"east": {"uv": [26, 6], "uv_size": [-1, 1]},
								"south": {"uv": [25, 6], "uv_size": [1, 1]},
								"west": {"uv": [25, 6], "uv_size": [1, 1]},
								"up": {"uv": [26, 7], "uv_size": [-1, -1]},
								"down": {"uv": [26, 7], "uv_size": [-1, -1]}
							}
						},
						{
							"origin": [-0.5, 40, -19],
							"size": [1, 1, 1],
							"uv": {
								"north": {"uv": [24, 6], "uv_size": [1, 1]},
								"east": {"uv": [25, 6], "uv_size": [-1, 1]},
								"south": {"uv": [24, 6], "uv_size": [1, 1]},
								"west": {"uv": [24, 6], "uv_size": [1, 1]},
								"up": {"uv": [25, 7], "uv_size": [-1, -1]},
								"down": {"uv": [25, 7], "uv_size": [-1, -1]}
							}
						},
						{
							"origin": [-0.5, 39, -19],
							"size": [1, 1, 1],
							"uv": {
								"north": {"uv": [23, 6], "uv_size": [1, 1]},
								"east": {"uv": [24, 6], "uv_size": [-1, 1]},
								"south": {"uv": [23, 6], "uv_size": [1, 1]},
								"west": {"uv": [23, 6], "uv_size": [1, 1]},
								"up": {"uv": [24, 7], "uv_size": [-1, -1]},
								"down": {"uv": [24, 7], "uv_size": [-1, -1]}
							}
						},
						{
							"origin": [-0.5, 38, -19],
							"size": [1, 1, 1],
							"uv": {
								"north": {"uv": [22, 6], "uv_size": [1, 1]},
								"east": {"uv": [23, 6], "uv_size": [-1, 1]},
								"south": {"uv": [22, 6], "uv_size": [1, 1]},
								"west": {"uv": [22, 6], "uv_size": [1, 1]},
								"up": {"uv": [23, 7], "uv_size": [-1, -1]},
								"down": {"uv": [23, 7], "uv_size": [-1, -1]}
							}
						}
					]
				}
			]
		}
	]
}