{
	"format_version": "1.16.0",
	"minecraft:geometry": [
		{
			"description": {
				"identifier": "geometry.lz_lbszd",
				"texture_width": 32,
				"texture_height": 32,
				"visible_bounds_width": 2,
				"visible_bounds_height": 4.5,
				"visible_bounds_offset": [0, 1.75, 0]
			},
			"bones": [
				{
					"name": "rightitem",
					"pivot": [0, 20, 0],
					"binding": "q.item_slot_to_bone_name(c.item_slot)",
					"cubes": [
						{
							"origin": [-0.875, 40, -17.5],
							"size": [1.75, 1, 1],
							"uv": {
								"north": {"uv": [22, 10], "uv_size": [1, 1]},
								"east": {"uv": [23, 10], "uv_size": [-1, 1]},
								"south": {"uv": [22, 10], "uv_size": [1, 1]},
								"west": {"uv": [22, 10], "uv_size": [1, 1]},
								"up": {"uv": [23, 11], "uv_size": [-1, -1]},
								"down": {"uv": [23, 11], "uv_size": [-1, -1]}
							}
						},
						{
							"origin": [-0.875, 39, -16.5],
							"size": [1.75, 1, 1],
							"uv": {
								"north": {"uv": [21, 11], "uv_size": [1, 1]},
								"east": {"uv": [22, 11], "uv_size": [-1, 1]},
								"south": {"uv": [21, 11], "uv_size": [1, 1]},
								"west": {"uv": [21, 11], "uv_size": [1, 1]},
								"up": {"uv": [22, 12], "uv_size": [-1, -1]},
								"down": {"uv": [22, 12], "uv_size": [-1, -1]}
							}
						},
						{
							"origin": [-0.875, 38, -15.5],
							"size": [1.75, 1, 1],
							"uv": {
								"north": {"uv": [20, 12], "uv_size": [1, 1]},
								"east": {"uv": [21, 12], "uv_size": [-1, 1]},
								"south": {"uv": [20, 12], "uv_size": [1, 1]},
								"west": {"uv": [20, 12], "uv_size": [1, 1]},
								"up": {"uv": [21, 13], "uv_size": [-1, -1]},
								"down": {"uv": [21, 13], "uv_size": [-1, -1]}
							}
						},
						{
							"origin": [-0.875, 37, -14.5],
							"size": [1.75, 1, 1],
							"uv": {
								"north": {"uv": [19, 13], "uv_size": [1, 1]},
								"east": {"uv": [20, 13], "uv_size": [-1, 1]},
								"south": {"uv": [19, 13], "uv_size": [1, 1]},
								"west": {"uv": [19, 13], "uv_size": [1, 1]},
								"up": {"uv": [20, 14], "uv_size": [-1, -1]},
								"down": {"uv": [20, 14], "uv_size": [-1, -1]}
							}
						},
						{
							"origin": [-0.875, 36, -13.5],
							"size": [1.75, 1, 1],
							"uv": {
								"north": {"uv": [18, 14], "uv_size": [1, 1]},
								"east": {"uv": [19, 14], "uv_size": [-1, 1]},
								"south": {"uv": [18, 14], "uv_size": [1, 1]},
								"west": {"uv": [18, 14], "uv_size": [1, 1]},
								"up": {"uv": [19, 15], "uv_size": [-1, -1]},
								"down": {"uv": [19, 15], "uv_size": [-1, -1]}
							}
						},
						{
							"origin": [-0.875, 35, -12.5],
							"size": [1.75, 1, 1],
							"uv": {
								"north": {"uv": [17, 15], "uv_size": [1, 1]},
								"east": {"uv": [18, 15], "uv_size": [-1, 1]},
								"south": {"uv": [17, 15], "uv_size": [1, 1]},
								"west": {"uv": [17, 15], "uv_size": [1, 1]},
								"up": {"uv": [18, 16], "uv_size": [-1, -1]},
								"down": {"uv": [18, 16], "uv_size": [-1, -1]}
							}
						},
						{
							"origin": [-0.875, 34, -11.5],
							"size": [1.75, 1, 1],
							"uv": {
								"north": {"uv": [16, 16], "uv_size": [1, 1]},
								"east": {"uv": [17, 16], "uv_size": [-1, 1]},
								"south": {"uv": [16, 16], "uv_size": [1, 1]},
								"west": {"uv": [16, 16], "uv_size": [1, 1]},
								"up": {"uv": [17, 17], "uv_size": [-1, -1]},
								"down": {"uv": [17, 17], "uv_size": [-1, -1]}
							}
						},
						{
							"origin": [-0.875, 33, -10.5],
							"size": [1.75, 1, 1],
							"uv": {
								"north": {"uv": [15, 17], "uv_size": [1, 1]},
								"east": {"uv": [16, 17], "uv_size": [-1, 1]},
								"south": {"uv": [15, 17], "uv_size": [1, 1]},
								"west": {"uv": [15, 17], "uv_size": [1, 1]},
								"up": {"uv": [16, 18], "uv_size": [-1, -1]},
								"down": {"uv": [16, 18], "uv_size": [-1, -1]}
							}
						},
						{
							"origin": [-0.875, 32, -9.5],
							"size": [1.75, 1, 1],
							"uv": {
								"north": {"uv": [14, 18], "uv_size": [1, 1]},
								"east": {"uv": [15, 18], "uv_size": [-1, 1]},
								"south": {"uv": [14, 18], "uv_size": [1, 1]},
								"west": {"uv": [14, 18], "uv_size": [1, 1]},
								"up": {"uv": [15, 19], "uv_size": [-1, -1]},
								"down": {"uv": [15, 19], "uv_size": [-1, -1]}
							}
						},
						{
							"origin": [-0.875, 31, -8.5],
							"size": [1.75, 1, 1],
							"uv": {
								"north": {"uv": [13, 19], "uv_size": [1, 1]},
								"east": {"uv": [14, 19], "uv_size": [-1, 1]},
								"south": {"uv": [13, 19], "uv_size": [1, 1]},
								"west": {"uv": [13, 19], "uv_size": [1, 1]},
								"up": {"uv": [14, 20], "uv_size": [-1, -1]},
								"down": {"uv": [14, 20], "uv_size": [-1, -1]}
							}
						},
						{
							"origin": [-0.875, 30, -7.5],
							"size": [1.75, 1, 1],
							"uv": {
								"north": {"uv": [12, 20], "uv_size": [1, 1]},
								"east": {"uv": [13, 20], "uv_size": [-1, 1]},
								"south": {"uv": [12, 20], "uv_size": [1, 1]},
								"west": {"uv": [12, 20], "uv_size": [1, 1]},
								"up": {"uv": [13, 21], "uv_size": [-1, -1]},
								"down": {"uv": [13, 21], "uv_size": [-1, -1]}
							}
						},
						{
							"origin": [-0.875, 29, -6.5],
							"size": [1.75, 1, 1],
							"uv": {
								"north": {"uv": [11, 21], "uv_size": [1, 1]},
								"east": {"uv": [12, 21], "uv_size": [-1, 1]},
								"south": {"uv": [11, 21], "uv_size": [1, 1]},
								"west": {"uv": [11, 21], "uv_size": [1, 1]},
								"up": {"uv": [12, 22], "uv_size": [-1, -1]},
								"down": {"uv": [12, 22], "uv_size": [-1, -1]}
							}
						},
						{
							"origin": [-0.8, 41, -18.5],
							"size": [1.6, 1, 1],
							"uv": {
								"north": {"uv": [23, 9], "uv_size": [1, 1]},
								"east": {"uv": [24, 9], "uv_size": [-1, 1]},
								"south": {"uv": [23, 9], "uv_size": [1, 1]},
								"west": {"uv": [23, 9], "uv_size": [1, 1]},
								"up": {"uv": [24, 10], "uv_size": [-1, -1]},
								"down": {"uv": [24, 10], "uv_size": [-1, -1]}
							}
						},
						{
							"origin": [-0.8, 39, -17.5],
							"size": [1.6, 1, 1],
							"uv": {
								"north": {"uv": [21, 10], "uv_size": [1, 1]},
								"east": {"uv": [22, 10], "uv_size": [-1, 1]},
								"south": {"uv": [21, 10], "uv_size": [1, 1]},
								"west": {"uv": [21, 10], "uv_size": [1, 1]},
								"up": {"uv": [22, 11], "uv_size": [-1, -1]},
								"down": {"uv": [22, 11], "uv_size": [-1, -1]}
							}
						},
						{
							"origin": [-0.8, 38, -16.5],
							"size": [1.6, 1, 1],
							"uv": {
								"north": {"uv": [20, 11], "uv_size": [1, 1]},
								"east": {"uv": [21, 11], "uv_size": [-1, 1]},
								"south": {"uv": [20, 11], "uv_size": [1, 1]},
								"west": {"uv": [20, 11], "uv_size": [1, 1]},
								"up": {"uv": [21, 12], "uv_size": [-1, -1]},
								"down": {"uv": [21, 12], "uv_size": [-1, -1]}
							}
						},
						{
							"origin": [-0.8, 37, -15.5],
							"size": [1.6, 1, 1],
							"uv": {
								"north": {"uv": [19, 12], "uv_size": [1, 1]},
								"east": {"uv": [20, 12], "uv_size": [-1, 1]},
								"south": {"uv": [19, 12], "uv_size": [1, 1]},
								"west": {"uv": [19, 12], "uv_size": [1, 1]},
								"up": {"uv": [20, 13], "uv_size": [-1, -1]},
								"down": {"uv": [20, 13], "uv_size": [-1, -1]}
							}
						},
						{
							"origin": [-0.8, 36, -14.5],
							"size": [1.6, 1, 1],
							"uv": {
								"north": {"uv": [18, 13], "uv_size": [1, 1]},
								"east": {"uv": [19, 13], "uv_size": [-1, 1]},
								"south": {"uv": [18, 13], "uv_size": [1, 1]},
								"west": {"uv": [18, 13], "uv_size": [1, 1]},
								"up": {"uv": [19, 14], "uv_size": [-1, -1]},
								"down": {"uv": [19, 14], "uv_size": [-1, -1]}
							}
						},
						{
							"origin": [-0.8, 35, -13.5],
							"size": [1.6, 1, 1],
							"uv": {
								"north": {"uv": [17, 14], "uv_size": [1, 1]},
								"east": {"uv": [18, 14], "uv_size": [-1, 1]},
								"south": {"uv": [17, 14], "uv_size": [1, 1]},
								"west": {"uv": [17, 14], "uv_size": [1, 1]},
								"up": {"uv": [18, 15], "uv_size": [-1, -1]},
								"down": {"uv": [18, 15], "uv_size": [-1, -1]}
							}
						},
						{
							"origin": [-0.8, 34, -12.5],
							"size": [1.6, 1, 1],
							"uv": {
								"north": {"uv": [16, 15], "uv_size": [1, 1]},
								"east": {"uv": [17, 15], "uv_size": [-1, 1]},
								"south": {"uv": [16, 15], "uv_size": [1, 1]},
								"west": {"uv": [16, 15], "uv_size": [1, 1]},
								"up": {"uv": [17, 16], "uv_size": [-1, -1]},
								"down": {"uv": [17, 16], "uv_size": [-1, -1]}
							}
						},
						{
							"origin": [-0.8, 33, -11.5],
							"size": [1.6, 1, 1],
							"uv": {
								"north": {"uv": [15, 16], "uv_size": [1, 1]},
								"east": {"uv": [16, 16], "uv_size": [-1, 1]},
								"south": {"uv": [15, 16], "uv_size": [1, 1]},
								"west": {"uv": [15, 16], "uv_size": [1, 1]},
								"up": {"uv": [16, 17], "uv_size": [-1, -1]},
								"down": {"uv": [16, 17], "uv_size": [-1, -1]}
							}
						},
						{
							"origin": [-0.8, 32, -10.5],
							"size": [1.6, 1, 1],
							"uv": {
								"north": {"uv": [14, 17], "uv_size": [1, 1]},
								"east": {"uv": [15, 17], "uv_size": [-1, 1]},
								"south": {"uv": [14, 17], "uv_size": [1, 1]},
								"west": {"uv": [14, 17], "uv_size": [1, 1]},
								"up": {"uv": [15, 18], "uv_size": [-1, -1]},
								"down": {"uv": [15, 18], "uv_size": [-1, -1]}
							}
						},
						{
							"origin": [-0.8, 31, -9.5],
							"size": [1.6, 1, 1],
							"uv": {
								"north": {"uv": [13, 18], "uv_size": [1, 1]},
								"east": {"uv": [14, 18], "uv_size": [-1, 1]},
								"south": {"uv": [13, 18], "uv_size": [1, 1]},
								"west": {"uv": [13, 18], "uv_size": [1, 1]},
								"up": {"uv": [14, 19], "uv_size": [-1, -1]},
								"down": {"uv": [14, 19], "uv_size": [-1, -1]}
							}
						},
						{
							"origin": [-0.8, 24, -8.5],
							"size": [1.6, 1, 1],
							"uv": {
								"north": {"uv": [6, 19], "uv_size": [1, 1]},
								"east": {"uv": [7, 19], "uv_size": [-1, 1]},
								"south": {"uv": [6, 19], "uv_size": [1, 1]},
								"west": {"uv": [6, 19], "uv_size": [1, 1]},
								"up": {"uv": [7, 20], "uv_size": [-1, -1]},
								"down": {"uv": [7, 20], "uv_size": [-1, -1]}
							}
						},
						{
							"origin": [-0.8, 30, -8.5],
							"size": [1.6, 1, 1],
							"uv": {
								"north": {"uv": [12, 19], "uv_size": [1, 1]},
								"east": {"uv": [13, 19], "uv_size": [-1, 1]},
								"south": {"uv": [12, 19], "uv_size": [1, 1]},
								"west": {"uv": [12, 19], "uv_size": [1, 1]},
								"up": {"uv": [13, 20], "uv_size": [-1, -1]},
								"down": {"uv": [13, 20], "uv_size": [-1, -1]}
							}
						},
						{
							"origin": [-0.8, 25, -7.5],
							"size": [1.6, 1, 1],
							"uv": {
								"north": {"uv": [7, 20], "uv_size": [1, 1]},
								"east": {"uv": [8, 20], "uv_size": [-1, 1]},
								"south": {"uv": [7, 20], "uv_size": [1, 1]},
								"west": {"uv": [7, 20], "uv_size": [1, 1]},
								"up": {"uv": [8, 21], "uv_size": [-1, -1]},
								"down": {"uv": [8, 21], "uv_size": [-1, -1]}
							}
						},
						{
							"origin": [-0.8, 29, -7.5],
							"size": [1.6, 1, 1],
							"uv": {
								"north": {"uv": [11, 20], "uv_size": [1, 1]},
								"east": {"uv": [12, 20], "uv_size": [-1, 1]},
								"south": {"uv": [11, 20], "uv_size": [1, 1]},
								"west": {"uv": [11, 20], "uv_size": [1, 1]},
								"up": {"uv": [12, 21], "uv_size": [-1, -1]},
								"down": {"uv": [12, 21], "uv_size": [-1, -1]}
							}
						},
						{
							"origin": [-0.8, 26, -6.5],
							"size": [1.6, 1, 1],
							"uv": {
								"north": {"uv": [8, 21], "uv_size": [1, 1]},
								"east": {"uv": [9, 21], "uv_size": [-1, 1]},
								"south": {"uv": [8, 21], "uv_size": [1, 1]},
								"west": {"uv": [8, 21], "uv_size": [1, 1]},
								"up": {"uv": [9, 22], "uv_size": [-1, -1]},
								"down": {"uv": [9, 22], "uv_size": [-1, -1]}
							}
						},
						{
							"origin": [-0.8, 28, -6.5],
							"size": [1.6, 1, 1],
							"uv": {
								"north": {"uv": [10, 21], "uv_size": [1, 1]},
								"east": {"uv": [11, 21], "uv_size": [-1, 1]},
								"south": {"uv": [10, 21], "uv_size": [1, 1]},
								"west": {"uv": [10, 21], "uv_size": [1, 1]},
								"up": {"uv": [11, 22], "uv_size": [-1, -1]},
								"down": {"uv": [11, 22], "uv_size": [-1, -1]}
							}
						},
						{
							"origin": [-0.8, 27, -5.5],
							"size": [1.6, 1, 1],
							"uv": {
								"north": {"uv": [9, 22], "uv_size": [1, 1]},
								"east": {"uv": [10, 22], "uv_size": [-1, 1]},
								"south": {"uv": [9, 22], "uv_size": [1, 1]},
								"west": {"uv": [9, 22], "uv_size": [1, 1]},
								"up": {"uv": [10, 23], "uv_size": [-1, -1]},
								"down": {"uv": [10, 23], "uv_size": [-1, -1]}
							}
						},
						{
							"origin": [-0.8, 28, -4.5],
							"size": [1.6, 1, 1],
							"uv": {
								"north": {"uv": [10, 23], "uv_size": [1, 1]},
								"east": {"uv": [11, 23], "uv_size": [-1, 1]},
								"south": {"uv": [10, 23], "uv_size": [1, 1]},
								"west": {"uv": [10, 23], "uv_size": [1, 1]},
								"up": {"uv": [11, 24], "uv_size": [-1, -1]},
								"down": {"uv": [11, 24], "uv_size": [-1, -1]}
							}
						},
						{
							"origin": [-0.8, 29, -3.5],
							"size": [1.6, 1, 1],
							"uv": {
								"north": {"uv": [11, 24], "uv_size": [1, 1]},
								"east": {"uv": [12, 24], "uv_size": [-1, 1]},
								"south": {"uv": [11, 24], "uv_size": [1, 1]},
								"west": {"uv": [11, 24], "uv_size": [1, 1]},
								"up": {"uv": [12, 25], "uv_size": [-1, -1]},
								"down": {"uv": [12, 25], "uv_size": [-1, -1]}
							}
						},
						{
							"origin": [-0.8, 30, -2.5],
							"size": [1.6, 1, 1],
							"uv": {
								"north": {"uv": [12, 25], "uv_size": [1, 1]},
								"east": {"uv": [13, 25], "uv_size": [-1, 1]},
								"south": {"uv": [12, 25], "uv_size": [1, 1]},
								"west": {"uv": [12, 25], "uv_size": [1, 1]},
								"up": {"uv": [13, 26], "uv_size": [-1, -1]},
								"down": {"uv": [13, 26], "uv_size": [-1, -1]}
							}
						},
						{
							"origin": [-0.8, 21, 0.5],
							"size": [1.6, 1, 1],
							"uv": {
								"north": {"uv": [3, 28], "uv_size": [1, 1]},
								"east": {"uv": [4, 28], "uv_size": [-1, 1]},
								"south": {"uv": [3, 28], "uv_size": [1, 1]},
								"west": {"uv": [3, 28], "uv_size": [1, 1]},
								"up": {"uv": [4, 29], "uv_size": [-1, -1]},
								"down": {"uv": [4, 29], "uv_size": [-1, -1]}
							}
						},
						{
							"origin": [-0.7, 41, -19.5],
							"size": [1.4, 1, 1],
							"uv": {
								"north": {"uv": [23, 8], "uv_size": [1, 1]},
								"east": {"uv": [24, 8], "uv_size": [-1, 1]},
								"south": {"uv": [23, 8], "uv_size": [1, 1]},
								"west": {"uv": [23, 8], "uv_size": [1, 1]},
								"up": {"uv": [24, 9], "uv_size": [-1, -1]},
								"down": {"uv": [24, 9], "uv_size": [-1, -1]}
							}
						},
						{
							"origin": [-0.7, 42, -19.5],
							"size": [1.4, 1, 1],
							"uv": {
								"north": {"uv": [24, 8], "uv_size": [1, 1]},
								"east": {"uv": [25, 8], "uv_size": [-1, 1]},
								"south": {"uv": [24, 8], "uv_size": [1, 1]},
								"west": {"uv": [24, 8], "uv_size": [1, 1]},
								"up": {"uv": [25, 9], "uv_size": [-1, -1]},
								"down": {"uv": [25, 9], "uv_size": [-1, -1]}
							}
						},
						{
							"origin": [-0.7, 39, -18.5],
							"size": [1.4, 1, 1],
							"uv": {
								"north": {"uv": [21, 9], "uv_size": [1, 1]},
								"east": {"uv": [22, 9], "uv_size": [-1, 1]},
								"south": {"uv": [21, 9], "uv_size": [1, 1]},
								"west": {"uv": [21, 9], "uv_size": [1, 1]},
								"up": {"uv": [22, 10], "uv_size": [-1, -1]},
								"down": {"uv": [22, 10], "uv_size": [-1, -1]}
							}
						},
						{
							"origin": [-0.7, 40, -18.5],
							"size": [1.4, 1, 1],
							"uv": {
								"north": {"uv": [22, 9], "uv_size": [1, 1]},
								"east": {"uv": [23, 9], "uv_size": [-1, 1]},
								"south": {"uv": [22, 9], "uv_size": [1, 1]},
								"west": {"uv": [22, 9], "uv_size": [1, 1]},
								"up": {"uv": [23, 10], "uv_size": [-1, -1]},
								"down": {"uv": [23, 10], "uv_size": [-1, -1]}
							}
						},
						{
							"origin": [-0.7, 38, -17.5],
							"size": [1.4, 1, 1],
							"uv": {
								"north": {"uv": [20, 10], "uv_size": [1, 1]},
								"east": {"uv": [21, 10], "uv_size": [-1, 1]},
								"south": {"uv": [20, 10], "uv_size": [1, 1]},
								"west": {"uv": [20, 10], "uv_size": [1, 1]},
								"up": {"uv": [21, 11], "uv_size": [-1, -1]},
								"down": {"uv": [21, 11], "uv_size": [-1, -1]}
							}
						},
						{
							"origin": [-0.7, 37, -16.5],
							"size": [1.4, 1, 1],
							"uv": {
								"north": {"uv": [19, 11], "uv_size": [1, 1]},
								"east": {"uv": [20, 11], "uv_size": [-1, 1]},
								"south": {"uv": [19, 11], "uv_size": [1, 1]},
								"west": {"uv": [19, 11], "uv_size": [1, 1]},
								"up": {"uv": [20, 12], "uv_size": [-1, -1]},
								"down": {"uv": [20, 12], "uv_size": [-1, -1]}
							}
						},
						{
							"origin": [-0.7, 36, -15.5],
							"size": [1.4, 1, 1],
							"uv": {
								"north": {"uv": [18, 12], "uv_size": [1, 1]},
								"east": {"uv": [19, 12], "uv_size": [-1, 1]},
								"south": {"uv": [18, 12], "uv_size": [1, 1]},
								"west": {"uv": [18, 12], "uv_size": [1, 1]},
								"up": {"uv": [19, 13], "uv_size": [-1, -1]},
								"down": {"uv": [19, 13], "uv_size": [-1, -1]}
							}
						},
						{
							"origin": [-0.7, 35, -14.5],
							"size": [1.4, 1, 1],
							"uv": {
								"north": {"uv": [17, 13], "uv_size": [1, 1]},
								"east": {"uv": [18, 13], "uv_size": [-1, 1]},
								"south": {"uv": [17, 13], "uv_size": [1, 1]},
								"west": {"uv": [17, 13], "uv_size": [1, 1]},
								"up": {"uv": [18, 14], "uv_size": [-1, -1]},
								"down": {"uv": [18, 14], "uv_size": [-1, -1]}
							}
						},
						{
							"origin": [-0.7, 34, -13.5],
							"size": [1.4, 1, 1],
							"uv": {
								"north": {"uv": [16, 14], "uv_size": [1, 1]},
								"east": {"uv": [17, 14], "uv_size": [-1, 1]},
								"south": {"uv": [16, 14], "uv_size": [1, 1]},
								"west": {"uv": [16, 14], "uv_size": [1, 1]},
								"up": {"uv": [17, 15], "uv_size": [-1, -1]},
								"down": {"uv": [17, 15], "uv_size": [-1, -1]}
							}
						},
						{
							"origin": [-0.7, 33, -12.5],
							"size": [1.4, 1, 1],
							"uv": {
								"north": {"uv": [15, 15], "uv_size": [1, 1]},
								"east": {"uv": [16, 15], "uv_size": [-1, 1]},
								"south": {"uv": [15, 15], "uv_size": [1, 1]},
								"west": {"uv": [15, 15], "uv_size": [1, 1]},
								"up": {"uv": [16, 16], "uv_size": [-1, -1]},
								"down": {"uv": [16, 16], "uv_size": [-1, -1]}
							}
						},
						{
							"origin": [-0.7, 32, -11.5],
							"size": [1.4, 1, 1],
							"uv": {
								"north": {"uv": [14, 16], "uv_size": [1, 1]},
								"east": {"uv": [15, 16], "uv_size": [-1, 1]},
								"south": {"uv": [14, 16], "uv_size": [1, 1]},
								"west": {"uv": [14, 16], "uv_size": [1, 1]},
								"up": {"uv": [15, 17], "uv_size": [-1, -1]},
								"down": {"uv": [15, 17], "uv_size": [-1, -1]}
							}
						},
						{
							"origin": [-0.7, 26, -10.5],
							"size": [1.4, 1, 1],
							"uv": {
								"north": {"uv": [8, 17], "uv_size": [1, 1]},
								"east": {"uv": [9, 17], "uv_size": [-1, 1]},
								"south": {"uv": [8, 17], "uv_size": [1, 1]},
								"west": {"uv": [8, 17], "uv_size": [1, 1]},
								"up": {"uv": [9, 18], "uv_size": [-1, -1]},
								"down": {"uv": [9, 18], "uv_size": [-1, -1]}
							}
						},
						{
							"origin": [-0.7, 31, -10.5],
							"size": [1.4, 1, 1],
							"uv": {
								"north": {"uv": [13, 17], "uv_size": [1, 1]},
								"east": {"uv": [14, 17], "uv_size": [-1, 1]},
								"south": {"uv": [13, 17], "uv_size": [1, 1]},
								"west": {"uv": [13, 17], "uv_size": [1, 1]},
								"up": {"uv": [14, 18], "uv_size": [-1, -1]},
								"down": {"uv": [14, 18], "uv_size": [-1, -1]}
							}
						},
						{
							"origin": [-0.7, 24, -9.5],
							"size": [1.4, 1, 1],
							"uv": {
								"north": {"uv": [6, 18], "uv_size": [1, 1]},
								"east": {"uv": [7, 18], "uv_size": [-1, 1]},
								"south": {"uv": [6, 18], "uv_size": [1, 1]},
								"west": {"uv": [6, 18], "uv_size": [1, 1]},
								"up": {"uv": [7, 19], "uv_size": [-1, -1]},
								"down": {"uv": [7, 19], "uv_size": [-1, -1]}
							}
						},
						{
							"origin": [-0.7, 25, -9.5],
							"size": [1.4, 1, 1],
							"uv": {
								"north": {"uv": [7, 18], "uv_size": [1, 1]},
								"east": {"uv": [8, 18], "uv_size": [-1, 1]},
								"south": {"uv": [7, 18], "uv_size": [1, 1]},
								"west": {"uv": [7, 18], "uv_size": [1, 1]},
								"up": {"uv": [8, 19], "uv_size": [-1, -1]},
								"down": {"uv": [8, 19], "uv_size": [-1, -1]}
							}
						},
						{
							"origin": [-0.7, 30, -9.5],
							"size": [1.4, 1, 1],
							"uv": {
								"north": {"uv": [12, 18], "uv_size": [1, 1]},
								"east": {"uv": [13, 18], "uv_size": [-1, 1]},
								"south": {"uv": [12, 18], "uv_size": [1, 1]},
								"west": {"uv": [12, 18], "uv_size": [1, 1]},
								"up": {"uv": [13, 19], "uv_size": [-1, -1]},
								"down": {"uv": [13, 19], "uv_size": [-1, -1]}
							}
						},
						{
							"origin": [-0.7, 23, -8.5],
							"size": [1.4, 1, 1],
							"uv": {
								"north": {"uv": [5, 19], "uv_size": [1, 1]},
								"east": {"uv": [6, 19], "uv_size": [-1, 1]},
								"south": {"uv": [5, 19], "uv_size": [1, 1]},
								"west": {"uv": [5, 19], "uv_size": [1, 1]},
								"up": {"uv": [6, 20], "uv_size": [-1, -1]},
								"down": {"uv": [6, 20], "uv_size": [-1, -1]}
							}
						},
						{
							"origin": [-0.7, 25, -8.5],
							"size": [1.4, 1, 1],
							"uv": {
								"north": {"uv": [7, 19], "uv_size": [1, 1]},
								"east": {"uv": [8, 19], "uv_size": [-1, 1]},
								"south": {"uv": [7, 19], "uv_size": [1, 1]},
								"west": {"uv": [7, 19], "uv_size": [1, 1]},
								"up": {"uv": [8, 20], "uv_size": [-1, -1]},
								"down": {"uv": [8, 20], "uv_size": [-1, -1]}
							}
						},
						{
							"origin": [-0.7, 29, -8.5],
							"size": [1.4, 1, 1],
							"uv": {
								"north": {"uv": [11, 19], "uv_size": [1, 1]},
								"east": {"uv": [12, 19], "uv_size": [-1, 1]},
								"south": {"uv": [11, 19], "uv_size": [1, 1]},
								"west": {"uv": [11, 19], "uv_size": [1, 1]},
								"up": {"uv": [12, 20], "uv_size": [-1, -1]},
								"down": {"uv": [12, 20], "uv_size": [-1, -1]}
							}
						},
						{
							"origin": [-0.7, 22, -7.5],
							"size": [1.4, 1, 1],
							"uv": {
								"north": {"uv": [4, 20], "uv_size": [1, 1]},
								"east": {"uv": [5, 20], "uv_size": [-1, 1]},
								"south": {"uv": [4, 20], "uv_size": [1, 1]},
								"west": {"uv": [4, 20], "uv_size": [1, 1]},
								"up": {"uv": [5, 21], "uv_size": [-1, -1]},
								"down": {"uv": [5, 21], "uv_size": [-1, -1]}
							}
						},
						{
							"origin": [-0.7, 26, -7.5],
							"size": [1.4, 1, 1],
							"uv": {
								"north": {"uv": [8, 20], "uv_size": [1, 1]},
								"east": {"uv": [9, 20], "uv_size": [-1, 1]},
								"south": {"uv": [8, 20], "uv_size": [1, 1]},
								"west": {"uv": [8, 20], "uv_size": [1, 1]},
								"up": {"uv": [9, 21], "uv_size": [-1, -1]},
								"down": {"uv": [9, 21], "uv_size": [-1, -1]}
							}
						},
						{
							"origin": [-0.7, 28, -7.5],
							"size": [1.4, 1, 1],
							"uv": {
								"north": {"uv": [10, 20], "uv_size": [1, 1]},
								"east": {"uv": [11, 20], "uv_size": [-1, 1]},
								"south": {"uv": [10, 20], "uv_size": [1, 1]},
								"west": {"uv": [10, 20], "uv_size": [1, 1]},
								"up": {"uv": [11, 21], "uv_size": [-1, -1]},
								"down": {"uv": [11, 21], "uv_size": [-1, -1]}
							}
						},
						{
							"origin": [-0.7, 27, -6.5],
							"size": [1.4, 1, 1],
							"uv": {
								"north": {"uv": [9, 21], "uv_size": [1, 1]},
								"east": {"uv": [10, 21], "uv_size": [-1, 1]},
								"south": {"uv": [9, 21], "uv_size": [1, 1]},
								"west": {"uv": [9, 21], "uv_size": [1, 1]},
								"up": {"uv": [10, 22], "uv_size": [-1, -1]},
								"down": {"uv": [10, 22], "uv_size": [-1, -1]}
							}
						},
						{
							"origin": [-0.7, 28, -5.5],
							"size": [1.4, 1, 1],
							"uv": {
								"north": {"uv": [10, 22], "uv_size": [1, 1]},
								"east": {"uv": [11, 22], "uv_size": [-1, 1]},
								"south": {"uv": [10, 22], "uv_size": [1, 1]},
								"west": {"uv": [10, 22], "uv_size": [1, 1]},
								"up": {"uv": [11, 23], "uv_size": [-1, -1]},
								"down": {"uv": [11, 23], "uv_size": [-1, -1]}
							}
						},
						{
							"origin": [-0.7, 26, -4.5],
							"size": [1.4, 1, 1],
							"uv": {
								"north": {"uv": [8, 23], "uv_size": [1, 1]},
								"east": {"uv": [9, 23], "uv_size": [-1, 1]},
								"south": {"uv": [8, 23], "uv_size": [1, 1]},
								"west": {"uv": [8, 23], "uv_size": [1, 1]},
								"up": {"uv": [9, 24], "uv_size": [-1, -1]},
								"down": {"uv": [9, 24], "uv_size": [-1, -1]}
							}
						},
						{
							"origin": [-0.7, 29, -4.5],
							"size": [1.4, 1, 1],
							"uv": {
								"north": {"uv": [11, 23], "uv_size": [1, 1]},
								"east": {"uv": [12, 23], "uv_size": [-1, 1]},
								"south": {"uv": [11, 23], "uv_size": [1, 1]},
								"west": {"uv": [11, 23], "uv_size": [1, 1]},
								"up": {"uv": [12, 24], "uv_size": [-1, -1]},
								"down": {"uv": [12, 24], "uv_size": [-1, -1]}
							}
						},
						{
							"origin": [-0.7, 32, -4.5],
							"size": [1.4, 1, 1],
							"uv": {
								"north": {"uv": [14, 23], "uv_size": [1, 1]},
								"east": {"uv": [15, 23], "uv_size": [-1, 1]},
								"south": {"uv": [14, 23], "uv_size": [1, 1]},
								"west": {"uv": [14, 23], "uv_size": [1, 1]},
								"up": {"uv": [15, 24], "uv_size": [-1, -1]},
								"down": {"uv": [15, 24], "uv_size": [-1, -1]}
							}
						},
						{
							"origin": [-0.7, 25, -3.5],
							"size": [1.4, 1, 1],
							"uv": {
								"north": {"uv": [7, 24], "uv_size": [1, 1]},
								"east": {"uv": [8, 24], "uv_size": [-1, 1]},
								"south": {"uv": [7, 24], "uv_size": [1, 1]},
								"west": {"uv": [7, 24], "uv_size": [1, 1]},
								"up": {"uv": [8, 25], "uv_size": [-1, -1]},
								"down": {"uv": [8, 25], "uv_size": [-1, -1]}
							}
						},
						{
							"origin": [-0.7, 30, -3.5],
							"size": [1.4, 1, 1],
							"uv": {
								"north": {"uv": [12, 24], "uv_size": [1, 1]},
								"east": {"uv": [13, 24], "uv_size": [-1, 1]},
								"south": {"uv": [12, 24], "uv_size": [1, 1]},
								"west": {"uv": [12, 24], "uv_size": [1, 1]},
								"up": {"uv": [13, 25], "uv_size": [-1, -1]},
								"down": {"uv": [13, 25], "uv_size": [-1, -1]}
							}
						},
						{
							"origin": [-0.7, 31, -3.5],
							"size": [1.4, 1, 1],
							"uv": {
								"north": {"uv": [13, 24], "uv_size": [1, 1]},
								"east": {"uv": [14, 24], "uv_size": [-1, 1]},
								"south": {"uv": [13, 24], "uv_size": [1, 1]},
								"west": {"uv": [13, 24], "uv_size": [1, 1]},
								"up": {"uv": [14, 25], "uv_size": [-1, -1]},
								"down": {"uv": [14, 25], "uv_size": [-1, -1]}
							}
						},
						{
							"origin": [-0.7, 24, -2.5],
							"size": [1.4, 1, 1],
							"uv": {
								"north": {"uv": [6, 25], "uv_size": [1, 1]},
								"east": {"uv": [7, 25], "uv_size": [-1, 1]},
								"south": {"uv": [6, 25], "uv_size": [1, 1]},
								"west": {"uv": [6, 25], "uv_size": [1, 1]},
								"up": {"uv": [7, 26], "uv_size": [-1, -1]},
								"down": {"uv": [7, 26], "uv_size": [-1, -1]}
							}
						},
						{
							"origin": [-0.7, 31, -2.5],
							"size": [1.4, 1, 1],
							"uv": {
								"north": {"uv": [13, 25], "uv_size": [1, 1]},
								"east": {"uv": [14, 25], "uv_size": [-1, 1]},
								"south": {"uv": [13, 25], "uv_size": [1, 1]},
								"west": {"uv": [13, 25], "uv_size": [1, 1]},
								"up": {"uv": [14, 26], "uv_size": [-1, -1]},
								"down": {"uv": [14, 26], "uv_size": [-1, -1]}
							}
						},
						{
							"origin": [-0.7, 23, -1.5],
							"size": [1.4, 1, 1],
							"uv": {
								"north": {"uv": [5, 26], "uv_size": [1, 1]},
								"east": {"uv": [6, 26], "uv_size": [-1, 1]},
								"south": {"uv": [5, 26], "uv_size": [1, 1]},
								"west": {"uv": [5, 26], "uv_size": [1, 1]},
								"up": {"uv": [6, 27], "uv_size": [-1, -1]},
								"down": {"uv": [6, 27], "uv_size": [-1, -1]}
							}
						},
						{
							"origin": [-0.7, 30, -1.5],
							"size": [1.4, 1, 1],
							"uv": {
								"north": {"uv": [12, 26], "uv_size": [1, 1]},
								"east": {"uv": [13, 26], "uv_size": [-1, 1]},
								"south": {"uv": [12, 26], "uv_size": [1, 1]},
								"west": {"uv": [12, 26], "uv_size": [1, 1]},
								"up": {"uv": [13, 27], "uv_size": [-1, -1]},
								"down": {"uv": [13, 27], "uv_size": [-1, -1]}
							}
						},
						{
							"origin": [-0.7, 22, -0.5],
							"size": [1.4, 1, 1],
							"uv": {
								"north": {"uv": [4, 27], "uv_size": [1, 1]},
								"east": {"uv": [5, 27], "uv_size": [-1, 1]},
								"south": {"uv": [4, 27], "uv_size": [1, 1]},
								"west": {"uv": [4, 27], "uv_size": [1, 1]},
								"up": {"uv": [5, 28], "uv_size": [-1, -1]},
								"down": {"uv": [5, 28], "uv_size": [-1, -1]}
							}
						},
						{
							"origin": [-0.7, 29, -0.5],
							"size": [1.4, 1, 1],
							"uv": {
								"north": {"uv": [11, 27], "uv_size": [1, 1]},
								"east": {"uv": [12, 27], "uv_size": [-1, 1]},
								"south": {"uv": [11, 27], "uv_size": [1, 1]},
								"west": {"uv": [11, 27], "uv_size": [1, 1]},
								"up": {"uv": [12, 28], "uv_size": [-1, -1]},
								"down": {"uv": [12, 28], "uv_size": [-1, -1]}
							}
						},
						{
							"origin": [-0.5, 22, 1.5],
							"size": [1, 1, 1],
							"uv": {
								"north": {"uv": [4, 29], "uv_size": [1, 1]},
								"east": {"uv": [5, 29], "uv_size": [-1, 1]},
								"south": {"uv": [4, 29], "uv_size": [1, 1]},
								"west": {"uv": [4, 29], "uv_size": [1, 1]},
								"up": {"uv": [5, 30], "uv_size": [-1, -1]},
								"down": {"uv": [5, 30], "uv_size": [-1, -1]}
							}
						},
						{
							"origin": [-0.5, 21, 1.5],
							"size": [1, 1, 1],
							"uv": {
								"north": {"uv": [3, 29], "uv_size": [1, 1]},
								"east": {"uv": [4, 29], "uv_size": [-1, 1]},
								"south": {"uv": [3, 29], "uv_size": [1, 1]},
								"west": {"uv": [3, 29], "uv_size": [1, 1]},
								"up": {"uv": [4, 30], "uv_size": [-1, -1]},
								"down": {"uv": [4, 30], "uv_size": [-1, -1]}
							}
						},
						{
							"origin": [-0.5, 20, 1.5],
							"size": [1, 1, 1],
							"uv": {
								"north": {"uv": [2, 29], "uv_size": [1, 1]},
								"east": {"uv": [3, 29], "uv_size": [-1, 1]},
								"south": {"uv": [2, 29], "uv_size": [1, 1]},
								"west": {"uv": [2, 29], "uv_size": [1, 1]},
								"up": {"uv": [3, 30], "uv_size": [-1, -1]},
								"down": {"uv": [3, 30], "uv_size": [-1, -1]}
							}
						},
						{
							"origin": [-0.5, 29, 0.5],
							"size": [1, 1, 1],
							"uv": {
								"north": {"uv": [11, 28], "uv_size": [1, 1]},
								"east": {"uv": [12, 28], "uv_size": [-1, 1]},
								"south": {"uv": [11, 28], "uv_size": [1, 1]},
								"west": {"uv": [11, 28], "uv_size": [1, 1]},
								"up": {"uv": [12, 29], "uv_size": [-1, -1]},
								"down": {"uv": [12, 29], "uv_size": [-1, -1]}
							}
						},
						{
							"origin": [-0.5, 22, 0.5],
							"size": [1, 1, 1],
							"uv": {
								"north": {"uv": [4, 28], "uv_size": [1, 1]},
								"east": {"uv": [5, 28], "uv_size": [-1, 1]},
								"south": {"uv": [4, 28], "uv_size": [1, 1]},
								"west": {"uv": [4, 28], "uv_size": [1, 1]},
								"up": {"uv": [5, 29], "uv_size": [-1, -1]},
								"down": {"uv": [5, 29], "uv_size": [-1, -1]}
							}
						},
						{
							"origin": [-0.5, 20, 0.5],
							"size": [1, 1, 1],
							"uv": {
								"north": {"uv": [2, 28], "uv_size": [1, 1]},
								"east": {"uv": [3, 28], "uv_size": [-1, 1]},
								"south": {"uv": [2, 28], "uv_size": [1, 1]},
								"west": {"uv": [2, 28], "uv_size": [1, 1]},
								"up": {"uv": [3, 29], "uv_size": [-1, -1]},
								"down": {"uv": [3, 29], "uv_size": [-1, -1]}
							}
						},
						{
							"origin": [-0.5, 30, -0.5],
							"size": [1, 1, 1],
							"uv": {
								"north": {"uv": [12, 27], "uv_size": [1, 1]},
								"east": {"uv": [13, 27], "uv_size": [-1, 1]},
								"south": {"uv": [12, 27], "uv_size": [1, 1]},
								"west": {"uv": [12, 27], "uv_size": [1, 1]},
								"up": {"uv": [13, 28], "uv_size": [-1, -1]},
								"down": {"uv": [13, 28], "uv_size": [-1, -1]}
							}
						},
						{
							"origin": [-0.5, 23, -0.5],
							"size": [1, 1, 1],
							"uv": {
								"north": {"uv": [5, 27], "uv_size": [1, 1]},
								"east": {"uv": [6, 27], "uv_size": [-1, 1]},
								"south": {"uv": [5, 27], "uv_size": [1, 1]},
								"west": {"uv": [5, 27], "uv_size": [1, 1]},
								"up": {"uv": [6, 28], "uv_size": [-1, -1]},
								"down": {"uv": [6, 28], "uv_size": [-1, -1]}
							}
						},
						{
							"origin": [-0.5, 21, -0.5],
							"size": [1, 1, 1],
							"uv": {
								"north": {"uv": [3, 27], "uv_size": [1, 1]},
								"east": {"uv": [4, 27], "uv_size": [-1, 1]},
								"south": {"uv": [3, 27], "uv_size": [1, 1]},
								"west": {"uv": [3, 27], "uv_size": [1, 1]},
								"up": {"uv": [4, 28], "uv_size": [-1, -1]},
								"down": {"uv": [4, 28], "uv_size": [-1, -1]}
							}
						},
						{
							"origin": [-0.5, 20, -0.5],
							"size": [1, 1, 1],
							"uv": {
								"north": {"uv": [2, 27], "uv_size": [1, 1]},
								"east": {"uv": [3, 27], "uv_size": [-1, 1]},
								"south": {"uv": [2, 27], "uv_size": [1, 1]},
								"west": {"uv": [2, 27], "uv_size": [1, 1]},
								"up": {"uv": [3, 28], "uv_size": [-1, -1]},
								"down": {"uv": [3, 28], "uv_size": [-1, -1]}
							}
						},
						{
							"origin": [-0.5, 31, -1.5],
							"size": [1, 1, 1],
							"uv": {
								"north": {"uv": [13, 26], "uv_size": [1, 1]},
								"east": {"uv": [14, 26], "uv_size": [-1, 1]},
								"south": {"uv": [13, 26], "uv_size": [1, 1]},
								"west": {"uv": [13, 26], "uv_size": [1, 1]},
								"up": {"uv": [14, 27], "uv_size": [-1, -1]},
								"down": {"uv": [14, 27], "uv_size": [-1, -1]}
							}
						},
						{
							"origin": [-0.5, 24, -1.5],
							"size": [1, 1, 1],
							"uv": {
								"north": {"uv": [6, 26], "uv_size": [1, 1]},
								"east": {"uv": [7, 26], "uv_size": [-1, 1]},
								"south": {"uv": [6, 26], "uv_size": [1, 1]},
								"west": {"uv": [6, 26], "uv_size": [1, 1]},
								"up": {"uv": [7, 27], "uv_size": [-1, -1]},
								"down": {"uv": [7, 27], "uv_size": [-1, -1]}
							}
						},
						{
							"origin": [-0.5, 22, -1.5],
							"size": [1, 1, 1],
							"uv": {
								"north": {"uv": [4, 26], "uv_size": [1, 1]},
								"east": {"uv": [5, 26], "uv_size": [-1, 1]},
								"south": {"uv": [4, 26], "uv_size": [1, 1]},
								"west": {"uv": [4, 26], "uv_size": [1, 1]},
								"up": {"uv": [5, 27], "uv_size": [-1, -1]},
								"down": {"uv": [5, 27], "uv_size": [-1, -1]}
							}
						},
						{
							"origin": [-0.5, 32, -2.5],
							"size": [1, 1, 1],
							"uv": {
								"north": {"uv": [14, 25], "uv_size": [1, 1]},
								"east": {"uv": [15, 25], "uv_size": [-1, 1]},
								"south": {"uv": [14, 25], "uv_size": [1, 1]},
								"west": {"uv": [14, 25], "uv_size": [1, 1]},
								"up": {"uv": [15, 26], "uv_size": [-1, -1]},
								"down": {"uv": [15, 26], "uv_size": [-1, -1]}
							}
						},
						{
							"origin": [-0.5, 29, -2.5],
							"size": [1, 1, 1],
							"uv": {
								"north": {"uv": [11, 25], "uv_size": [1, 1]},
								"east": {"uv": [12, 25], "uv_size": [-1, 1]},
								"south": {"uv": [11, 25], "uv_size": [1, 1]},
								"west": {"uv": [11, 25], "uv_size": [1, 1]},
								"up": {"uv": [12, 26], "uv_size": [-1, -1]},
								"down": {"uv": [12, 26], "uv_size": [-1, -1]}
							}
						},
						{
							"origin": [-0.5, 25, -2.5],
							"size": [1, 1, 1],
							"uv": {
								"north": {"uv": [7, 25], "uv_size": [1, 1]},
								"east": {"uv": [8, 25], "uv_size": [-1, 1]},
								"south": {"uv": [7, 25], "uv_size": [1, 1]},
								"west": {"uv": [7, 25], "uv_size": [1, 1]},
								"up": {"uv": [8, 26], "uv_size": [-1, -1]},
								"down": {"uv": [8, 26], "uv_size": [-1, -1]}
							}
						},
						{
							"origin": [-0.5, 23, -2.5],
							"size": [1, 1, 1],
							"uv": {
								"north": {"uv": [5, 25], "uv_size": [1, 1]},
								"east": {"uv": [6, 25], "uv_size": [-1, 1]},
								"south": {"uv": [5, 25], "uv_size": [1, 1]},
								"west": {"uv": [5, 25], "uv_size": [1, 1]},
								"up": {"uv": [6, 26], "uv_size": [-1, -1]},
								"down": {"uv": [6, 26], "uv_size": [-1, -1]}
							}
						},
						{
							"origin": [-0.5, 32, -3.5],
							"size": [1, 1, 1],
							"uv": {
								"north": {"uv": [14, 24], "uv_size": [1, 1]},
								"east": {"uv": [15, 24], "uv_size": [-1, 1]},
								"south": {"uv": [14, 24], "uv_size": [1, 1]},
								"west": {"uv": [14, 24], "uv_size": [1, 1]},
								"up": {"uv": [15, 25], "uv_size": [-1, -1]},
								"down": {"uv": [15, 25], "uv_size": [-1, -1]}
							}
						},
						{
							"origin": [-0.5, 28, -3.5],
							"size": [1, 1, 1],
							"uv": {
								"north": {"uv": [10, 24], "uv_size": [1, 1]},
								"east": {"uv": [11, 24], "uv_size": [-1, 1]},
								"south": {"uv": [10, 24], "uv_size": [1, 1]},
								"west": {"uv": [10, 24], "uv_size": [1, 1]},
								"up": {"uv": [11, 25], "uv_size": [-1, -1]},
								"down": {"uv": [11, 25], "uv_size": [-1, -1]}
							}
						},
						{
							"origin": [-0.5, 26, -3.5],
							"size": [1, 1, 1],
							"uv": {
								"north": {"uv": [8, 24], "uv_size": [1, 1]},
								"east": {"uv": [9, 24], "uv_size": [-1, 1]},
								"south": {"uv": [8, 24], "uv_size": [1, 1]},
								"west": {"uv": [8, 24], "uv_size": [1, 1]},
								"up": {"uv": [9, 25], "uv_size": [-1, -1]},
								"down": {"uv": [9, 25], "uv_size": [-1, -1]}
							}
						},
						{
							"origin": [-0.5, 24, -3.5],
							"size": [1, 1, 1],
							"uv": {
								"north": {"uv": [6, 24], "uv_size": [1, 1]},
								"east": {"uv": [7, 24], "uv_size": [-1, 1]},
								"south": {"uv": [6, 24], "uv_size": [1, 1]},
								"west": {"uv": [6, 24], "uv_size": [1, 1]},
								"up": {"uv": [7, 25], "uv_size": [-1, -1]},
								"down": {"uv": [7, 25], "uv_size": [-1, -1]}
							}
						},
						{
							"origin": [-0.5, 33, -4.5],
							"size": [1, 1, 1],
							"uv": {
								"north": {"uv": [15, 23], "uv_size": [1, 1]},
								"east": {"uv": [16, 23], "uv_size": [-1, 1]},
								"south": {"uv": [15, 23], "uv_size": [1, 1]},
								"west": {"uv": [15, 23], "uv_size": [1, 1]},
								"up": {"uv": [16, 24], "uv_size": [-1, -1]},
								"down": {"uv": [16, 24], "uv_size": [-1, -1]}
							}
						},
						{
							"origin": [-0.5, 30, -4.5],
							"size": [1, 1, 1],
							"uv": {
								"north": {"uv": [12, 23], "uv_size": [1, 1]},
								"east": {"uv": [13, 23], "uv_size": [-1, 1]},
								"south": {"uv": [12, 23], "uv_size": [1, 1]},
								"west": {"uv": [12, 23], "uv_size": [1, 1]},
								"up": {"uv": [13, 24], "uv_size": [-1, -1]},
								"down": {"uv": [13, 24], "uv_size": [-1, -1]}
							}
						},
						{
							"origin": [-0.5, 27, -4.5],
							"size": [1, 1, 1],
							"uv": {
								"north": {"uv": [9, 23], "uv_size": [1, 1]},
								"east": {"uv": [10, 23], "uv_size": [-1, 1]},
								"south": {"uv": [9, 23], "uv_size": [1, 1]},
								"west": {"uv": [9, 23], "uv_size": [1, 1]},
								"up": {"uv": [10, 24], "uv_size": [-1, -1]},
								"down": {"uv": [10, 24], "uv_size": [-1, -1]}
							}
						},
						{
							"origin": [-0.5, 25, -4.5],
							"size": [1, 1, 1],
							"uv": {
								"north": {"uv": [7, 23], "uv_size": [1, 1]},
								"east": {"uv": [8, 23], "uv_size": [-1, 1]},
								"south": {"uv": [7, 23], "uv_size": [1, 1]},
								"west": {"uv": [7, 23], "uv_size": [1, 1]},
								"up": {"uv": [8, 24], "uv_size": [-1, -1]},
								"down": {"uv": [8, 24], "uv_size": [-1, -1]}
							}
						},
						{
							"origin": [-0.5, 29, -5.5],
							"size": [1, 1, 1],
							"uv": {
								"north": {"uv": [11, 22], "uv_size": [1, 1]},
								"east": {"uv": [12, 22], "uv_size": [-1, 1]},
								"south": {"uv": [11, 22], "uv_size": [1, 1]},
								"west": {"uv": [11, 22], "uv_size": [1, 1]},
								"up": {"uv": [12, 23], "uv_size": [-1, -1]},
								"down": {"uv": [12, 23], "uv_size": [-1, -1]}
							}
						},
						{
							"origin": [-0.5, 26, -5.5],
							"size": [1, 1, 1],
							"uv": {
								"north": {"uv": [8, 22], "uv_size": [1, 1]},
								"east": {"uv": [9, 22], "uv_size": [-1, 1]},
								"south": {"uv": [8, 22], "uv_size": [1, 1]},
								"west": {"uv": [8, 22], "uv_size": [1, 1]},
								"up": {"uv": [9, 23], "uv_size": [-1, -1]},
								"down": {"uv": [9, 23], "uv_size": [-1, -1]}
							}
						},
						{
							"origin": [-0.5, 30, -6.5],
							"size": [1, 1, 1],
							"uv": {
								"north": {"uv": [12, 21], "uv_size": [1, 1]},
								"east": {"uv": [13, 21], "uv_size": [-1, 1]},
								"south": {"uv": [12, 21], "uv_size": [1, 1]},
								"west": {"uv": [12, 21], "uv_size": [1, 1]},
								"up": {"uv": [13, 22], "uv_size": [-1, -1]},
								"down": {"uv": [13, 22], "uv_size": [-1, -1]}
							}
						},
						{
							"origin": [-0.5, 25, -6.5],
							"size": [1, 1, 1],
							"uv": {
								"north": {"uv": [7, 21], "uv_size": [1, 1]},
								"east": {"uv": [8, 21], "uv_size": [-1, 1]},
								"south": {"uv": [7, 21], "uv_size": [1, 1]},
								"west": {"uv": [7, 21], "uv_size": [1, 1]},
								"up": {"uv": [8, 22], "uv_size": [-1, -1]},
								"down": {"uv": [8, 22], "uv_size": [-1, -1]}
							}
						},
						{
							"origin": [-0.5, 31, -7.5],
							"size": [1, 1, 1],
							"uv": {
								"north": {"uv": [13, 20], "uv_size": [1, 1]},
								"east": {"uv": [14, 20], "uv_size": [-1, 1]},
								"south": {"uv": [13, 20], "uv_size": [1, 1]},
								"west": {"uv": [13, 20], "uv_size": [1, 1]},
								"up": {"uv": [14, 21], "uv_size": [-1, -1]},
								"down": {"uv": [14, 21], "uv_size": [-1, -1]}
							}
						},
						{
							"origin": [-0.5, 27, -7.5],
							"size": [1, 1, 1],
							"uv": {
								"north": {"uv": [9, 20], "uv_size": [1, 1]},
								"east": {"uv": [10, 20], "uv_size": [-1, 1]},
								"south": {"uv": [9, 20], "uv_size": [1, 1]},
								"west": {"uv": [9, 20], "uv_size": [1, 1]},
								"up": {"uv": [10, 21], "uv_size": [-1, -1]},
								"down": {"uv": [10, 21], "uv_size": [-1, -1]}
							}
						},
						{
							"origin": [-0.5, 24, -7.5],
							"size": [1, 1, 1],
							"uv": {
								"north": {"uv": [6, 20], "uv_size": [1, 1]},
								"east": {"uv": [7, 20], "uv_size": [-1, 1]},
								"south": {"uv": [6, 20], "uv_size": [1, 1]},
								"west": {"uv": [6, 20], "uv_size": [1, 1]},
								"up": {"uv": [7, 21], "uv_size": [-1, -1]},
								"down": {"uv": [7, 21], "uv_size": [-1, -1]}
							}
						},
						{
							"origin": [-0.5, 21, -7.5],
							"size": [1, 1, 1],
							"uv": {
								"north": {"uv": [3, 20], "uv_size": [1, 1]},
								"east": {"uv": [4, 20], "uv_size": [-1, 1]},
								"south": {"uv": [3, 20], "uv_size": [1, 1]},
								"west": {"uv": [3, 20], "uv_size": [1, 1]},
								"up": {"uv": [4, 21], "uv_size": [-1, -1]},
								"down": {"uv": [4, 21], "uv_size": [-1, -1]}
							}
						},
						{
							"origin": [-0.5, 32, -8.5],
							"size": [1, 1, 1],
							"uv": {
								"north": {"uv": [14, 19], "uv_size": [1, 1]},
								"east": {"uv": [15, 19], "uv_size": [-1, 1]},
								"south": {"uv": [14, 19], "uv_size": [1, 1]},
								"west": {"uv": [14, 19], "uv_size": [1, 1]},
								"up": {"uv": [15, 20], "uv_size": [-1, -1]},
								"down": {"uv": [15, 20], "uv_size": [-1, -1]}
							}
						},
						{
							"origin": [-0.5, 28, -8.5],
							"size": [1, 1, 1],
							"uv": {
								"north": {"uv": [10, 19], "uv_size": [1, 1]},
								"east": {"uv": [11, 19], "uv_size": [-1, 1]},
								"south": {"uv": [10, 19], "uv_size": [1, 1]},
								"west": {"uv": [10, 19], "uv_size": [1, 1]},
								"up": {"uv": [11, 20], "uv_size": [-1, -1]},
								"down": {"uv": [11, 20], "uv_size": [-1, -1]}
							}
						},
						{
							"origin": [-0.5, 26, -8.5],
							"size": [1, 1, 1],
							"uv": {
								"north": {"uv": [8, 19], "uv_size": [1, 1]},
								"east": {"uv": [9, 19], "uv_size": [-1, 1]},
								"south": {"uv": [8, 19], "uv_size": [1, 1]},
								"west": {"uv": [8, 19], "uv_size": [1, 1]},
								"up": {"uv": [9, 20], "uv_size": [-1, -1]},
								"down": {"uv": [9, 20], "uv_size": [-1, -1]}
							}
						},
						{
							"origin": [-0.5, 22, -8.5],
							"size": [1, 1, 1],
							"uv": {
								"north": {"uv": [4, 19], "uv_size": [1, 1]},
								"east": {"uv": [5, 19], "uv_size": [-1, 1]},
								"south": {"uv": [4, 19], "uv_size": [1, 1]},
								"west": {"uv": [4, 19], "uv_size": [1, 1]},
								"up": {"uv": [5, 20], "uv_size": [-1, -1]},
								"down": {"uv": [5, 20], "uv_size": [-1, -1]}
							}
						},
						{
							"origin": [-0.5, 33, -9.5],
							"size": [1, 1, 1],
							"uv": {
								"north": {"uv": [15, 18], "uv_size": [1, 1]},
								"east": {"uv": [16, 18], "uv_size": [-1, 1]},
								"south": {"uv": [15, 18], "uv_size": [1, 1]},
								"west": {"uv": [15, 18], "uv_size": [1, 1]},
								"up": {"uv": [16, 19], "uv_size": [-1, -1]},
								"down": {"uv": [16, 19], "uv_size": [-1, -1]}
							}
						},
						{
							"origin": [-0.5, 29, -9.5],
							"size": [1, 1, 1],
							"uv": {
								"north": {"uv": [11, 18], "uv_size": [1, 1]},
								"east": {"uv": [12, 18], "uv_size": [-1, 1]},
								"south": {"uv": [11, 18], "uv_size": [1, 1]},
								"west": {"uv": [11, 18], "uv_size": [1, 1]},
								"up": {"uv": [12, 19], "uv_size": [-1, -1]},
								"down": {"uv": [12, 19], "uv_size": [-1, -1]}
							}
						},
						{
							"origin": [-0.5, 23, -9.5],
							"size": [1, 1, 1],
							"uv": {
								"north": {"uv": [5, 18], "uv_size": [1, 1]},
								"east": {"uv": [6, 18], "uv_size": [-1, 1]},
								"south": {"uv": [5, 18], "uv_size": [1, 1]},
								"west": {"uv": [5, 18], "uv_size": [1, 1]},
								"up": {"uv": [6, 19], "uv_size": [-1, -1]},
								"down": {"uv": [6, 19], "uv_size": [-1, -1]}
							}
						},
						{
							"origin": [-0.5, 34, -10.5],
							"size": [1, 1, 1],
							"uv": {
								"north": {"uv": [16, 17], "uv_size": [1, 1]},
								"east": {"uv": [17, 17], "uv_size": [-1, 1]},
								"south": {"uv": [16, 17], "uv_size": [1, 1]},
								"west": {"uv": [16, 17], "uv_size": [1, 1]},
								"up": {"uv": [17, 18], "uv_size": [-1, -1]},
								"down": {"uv": [17, 18], "uv_size": [-1, -1]}
							}
						},
						{
							"origin": [-0.5, 30, -10.5],
							"size": [1, 1, 1],
							"uv": {
								"north": {"uv": [12, 17], "uv_size": [1, 1]},
								"east": {"uv": [13, 17], "uv_size": [-1, 1]},
								"south": {"uv": [12, 17], "uv_size": [1, 1]},
								"west": {"uv": [12, 17], "uv_size": [1, 1]},
								"up": {"uv": [13, 18], "uv_size": [-1, -1]},
								"down": {"uv": [13, 18], "uv_size": [-1, -1]}
							}
						},
						{
							"origin": [-0.5, 25, -10.5],
							"size": [1, 1, 1],
							"uv": {
								"north": {"uv": [7, 17], "uv_size": [1, 1]},
								"east": {"uv": [8, 17], "uv_size": [-1, 1]},
								"south": {"uv": [7, 17], "uv_size": [1, 1]},
								"west": {"uv": [7, 17], "uv_size": [1, 1]},
								"up": {"uv": [8, 18], "uv_size": [-1, -1]},
								"down": {"uv": [8, 18], "uv_size": [-1, -1]}
							}
						},
						{
							"origin": [-0.5, 24, -10.5],
							"size": [1, 1, 1],
							"uv": {
								"north": {"uv": [6, 17], "uv_size": [1, 1]},
								"east": {"uv": [7, 17], "uv_size": [-1, 1]},
								"south": {"uv": [6, 17], "uv_size": [1, 1]},
								"west": {"uv": [6, 17], "uv_size": [1, 1]},
								"up": {"uv": [7, 18], "uv_size": [-1, -1]},
								"down": {"uv": [7, 18], "uv_size": [-1, -1]}
							}
						},
						{
							"origin": [-0.5, 35, -11.5],
							"size": [1, 1, 1],
							"uv": {
								"north": {"uv": [17, 16], "uv_size": [1, 1]},
								"east": {"uv": [18, 16], "uv_size": [-1, 1]},
								"south": {"uv": [17, 16], "uv_size": [1, 1]},
								"west": {"uv": [17, 16], "uv_size": [1, 1]},
								"up": {"uv": [18, 17], "uv_size": [-1, -1]},
								"down": {"uv": [18, 17], "uv_size": [-1, -1]}
							}
						},
						{
							"origin": [-0.5, 31, -11.5],
							"size": [1, 1, 1],
							"uv": {
								"north": {"uv": [13, 16], "uv_size": [1, 1]},
								"east": {"uv": [14, 16], "uv_size": [-1, 1]},
								"south": {"uv": [13, 16], "uv_size": [1, 1]},
								"west": {"uv": [13, 16], "uv_size": [1, 1]},
								"up": {"uv": [14, 17], "uv_size": [-1, -1]},
								"down": {"uv": [14, 17], "uv_size": [-1, -1]}
							}
						},
						{
							"origin": [-0.5, 26, -11.5],
							"size": [1, 1, 1],
							"uv": {
								"north": {"uv": [8, 16], "uv_size": [1, 1]},
								"east": {"uv": [9, 16], "uv_size": [-1, 1]},
								"south": {"uv": [8, 16], "uv_size": [1, 1]},
								"west": {"uv": [8, 16], "uv_size": [1, 1]},
								"up": {"uv": [9, 17], "uv_size": [-1, -1]},
								"down": {"uv": [9, 17], "uv_size": [-1, -1]}
							}
						},
						{
							"origin": [-0.5, 38, -12.5],
							"size": [1, 1, 1],
							"uv": {
								"north": {"uv": [20, 15], "uv_size": [1, 1]},
								"east": {"uv": [21, 15], "uv_size": [-1, 1]},
								"south": {"uv": [20, 15], "uv_size": [1, 1]},
								"west": {"uv": [20, 15], "uv_size": [1, 1]},
								"up": {"uv": [21, 16], "uv_size": [-1, -1]},
								"down": {"uv": [21, 16], "uv_size": [-1, -1]}
							}
						},
						{
							"origin": [-0.5, 36, -12.5],
							"size": [1, 1, 1],
							"uv": {
								"north": {"uv": [18, 15], "uv_size": [1, 1]},
								"east": {"uv": [19, 15], "uv_size": [-1, 1]},
								"south": {"uv": [18, 15], "uv_size": [1, 1]},
								"west": {"uv": [18, 15], "uv_size": [1, 1]},
								"up": {"uv": [19, 16], "uv_size": [-1, -1]},
								"down": {"uv": [19, 16], "uv_size": [-1, -1]}
							}
						},
						{
							"origin": [-0.5, 32, -12.5],
							"size": [1, 1, 1],
							"uv": {
								"north": {"uv": [14, 15], "uv_size": [1, 1]},
								"east": {"uv": [15, 15], "uv_size": [-1, 1]},
								"south": {"uv": [14, 15], "uv_size": [1, 1]},
								"west": {"uv": [14, 15], "uv_size": [1, 1]},
								"up": {"uv": [15, 16], "uv_size": [-1, -1]},
								"down": {"uv": [15, 16], "uv_size": [-1, -1]}
							}
						},
						{
							"origin": [-0.5, 38, -13.5],
							"size": [1, 1, 1],
							"uv": {
								"north": {"uv": [20, 14], "uv_size": [1, 1]},
								"east": {"uv": [21, 14], "uv_size": [-1, 1]},
								"south": {"uv": [20, 14], "uv_size": [1, 1]},
								"west": {"uv": [20, 14], "uv_size": [1, 1]},
								"up": {"uv": [21, 15], "uv_size": [-1, -1]},
								"down": {"uv": [21, 15], "uv_size": [-1, -1]}
							}
						},
						{
							"origin": [-0.5, 37, -13.5],
							"size": [1, 1, 1],
							"uv": {
								"north": {"uv": [19, 14], "uv_size": [1, 1]},
								"east": {"uv": [20, 14], "uv_size": [-1, 1]},
								"south": {"uv": [19, 14], "uv_size": [1, 1]},
								"west": {"uv": [19, 14], "uv_size": [1, 1]},
								"up": {"uv": [20, 15], "uv_size": [-1, -1]},
								"down": {"uv": [20, 15], "uv_size": [-1, -1]}
							}
						},
						{
							"origin": [-0.5, 33, -13.5],
							"size": [1, 1, 1],
							"uv": {
								"north": {"uv": [15, 14], "uv_size": [1, 1]},
								"east": {"uv": [16, 14], "uv_size": [-1, 1]},
								"south": {"uv": [15, 14], "uv_size": [1, 1]},
								"west": {"uv": [15, 14], "uv_size": [1, 1]},
								"up": {"uv": [16, 15], "uv_size": [-1, -1]},
								"down": {"uv": [16, 15], "uv_size": [-1, -1]}
							}
						},
						{
							"origin": [-0.5, 39, -14.5],
							"size": [1, 1, 1],
							"uv": {
								"north": {"uv": [21, 13], "uv_size": [1, 1]},
								"east": {"uv": [22, 13], "uv_size": [-1, 1]},
								"south": {"uv": [21, 13], "uv_size": [1, 1]},
								"west": {"uv": [21, 13], "uv_size": [1, 1]},
								"up": {"uv": [22, 14], "uv_size": [-1, -1]},
								"down": {"uv": [22, 14], "uv_size": [-1, -1]}
							}
						},
						{
							"origin": [-0.5, 38, -14.5],
							"size": [1, 1, 1],
							"uv": {
								"north": {"uv": [20, 13], "uv_size": [1, 1]},
								"east": {"uv": [21, 13], "uv_size": [-1, 1]},
								"south": {"uv": [20, 13], "uv_size": [1, 1]},
								"west": {"uv": [20, 13], "uv_size": [1, 1]},
								"up": {"uv": [21, 14], "uv_size": [-1, -1]},
								"down": {"uv": [21, 14], "uv_size": [-1, -1]}
							}
						},
						{
							"origin": [-0.5, 34, -14.5],
							"size": [1, 1, 1],
							"uv": {
								"north": {"uv": [16, 13], "uv_size": [1, 1]},
								"east": {"uv": [17, 13], "uv_size": [-1, 1]},
								"south": {"uv": [16, 13], "uv_size": [1, 1]},
								"west": {"uv": [16, 13], "uv_size": [1, 1]},
								"up": {"uv": [17, 14], "uv_size": [-1, -1]},
								"down": {"uv": [17, 14], "uv_size": [-1, -1]}
							}
						},
						{
							"origin": [-0.5, 40, -15.5],
							"size": [1, 1, 1],
							"uv": {
								"north": {"uv": [22, 12], "uv_size": [1, 1]},
								"east": {"uv": [23, 12], "uv_size": [-1, 1]},
								"south": {"uv": [22, 12], "uv_size": [1, 1]},
								"west": {"uv": [22, 12], "uv_size": [1, 1]},
								"up": {"uv": [23, 13], "uv_size": [-1, -1]},
								"down": {"uv": [23, 13], "uv_size": [-1, -1]}
							}
						},
						{
							"origin": [-0.5, 39, -15.5],
							"size": [1, 1, 1],
							"uv": {
								"north": {"uv": [21, 12], "uv_size": [1, 1]},
								"east": {"uv": [22, 12], "uv_size": [-1, 1]},
								"south": {"uv": [21, 12], "uv_size": [1, 1]},
								"west": {"uv": [21, 12], "uv_size": [1, 1]},
								"up": {"uv": [22, 13], "uv_size": [-1, -1]},
								"down": {"uv": [22, 13], "uv_size": [-1, -1]}
							}
						},
						{
							"origin": [-0.5, 35, -15.5],
							"size": [1, 1, 1],
							"uv": {
								"north": {"uv": [17, 12], "uv_size": [1, 1]},
								"east": {"uv": [18, 12], "uv_size": [-1, 1]},
								"south": {"uv": [17, 12], "uv_size": [1, 1]},
								"west": {"uv": [17, 12], "uv_size": [1, 1]},
								"up": {"uv": [18, 13], "uv_size": [-1, -1]},
								"down": {"uv": [18, 13], "uv_size": [-1, -1]}
							}
						},
						{
							"origin": [-0.5, 43, -16.5],
							"size": [1, 1, 1],
							"uv": {
								"north": {"uv": [25, 11], "uv_size": [1, 1]},
								"east": {"uv": [26, 11], "uv_size": [-1, 1]},
								"south": {"uv": [25, 11], "uv_size": [1, 1]},
								"west": {"uv": [25, 11], "uv_size": [1, 1]},
								"up": {"uv": [26, 12], "uv_size": [-1, -1]},
								"down": {"uv": [26, 12], "uv_size": [-1, -1]}
							}
						},
						{
							"origin": [-0.5, 42, -16.5],
							"size": [1, 1, 1],
							"uv": {
								"north": {"uv": [24, 11], "uv_size": [1, 1]},
								"east": {"uv": [25, 11], "uv_size": [-1, 1]},
								"south": {"uv": [24, 11], "uv_size": [1, 1]},
								"west": {"uv": [24, 11], "uv_size": [1, 1]},
								"up": {"uv": [25, 12], "uv_size": [-1, -1]},
								"down": {"uv": [25, 12], "uv_size": [-1, -1]}
							}
						},
						{
							"origin": [-0.5, 41, -16.5],
							"size": [1, 1, 1],
							"uv": {
								"north": {"uv": [23, 11], "uv_size": [1, 1]},
								"east": {"uv": [24, 11], "uv_size": [-1, 1]},
								"south": {"uv": [23, 11], "uv_size": [1, 1]},
								"west": {"uv": [23, 11], "uv_size": [1, 1]},
								"up": {"uv": [24, 12], "uv_size": [-1, -1]},
								"down": {"uv": [24, 12], "uv_size": [-1, -1]}
							}
						},
						{
							"origin": [-0.5, 40, -16.5],
							"size": [1, 1, 1],
							"uv": {
								"north": {"uv": [22, 11], "uv_size": [1, 1]},
								"east": {"uv": [23, 11], "uv_size": [-1, 1]},
								"south": {"uv": [22, 11], "uv_size": [1, 1]},
								"west": {"uv": [22, 11], "uv_size": [1, 1]},
								"up": {"uv": [23, 12], "uv_size": [-1, -1]},
								"down": {"uv": [23, 12], "uv_size": [-1, -1]}
							}
						},
						{
							"origin": [-0.5, 36, -16.5],
							"size": [1, 1, 1],
							"uv": {
								"north": {"uv": [18, 11], "uv_size": [1, 1]},
								"east": {"uv": [19, 11], "uv_size": [-1, 1]},
								"south": {"uv": [18, 11], "uv_size": [1, 1]},
								"west": {"uv": [18, 11], "uv_size": [1, 1]},
								"up": {"uv": [19, 12], "uv_size": [-1, -1]},
								"down": {"uv": [19, 12], "uv_size": [-1, -1]}
							}
						},
						{
							"origin": [-0.5, 41, -17.5],
							"size": [1, 1, 1],
							"uv": {
								"north": {"uv": [23, 10], "uv_size": [1, 1]},
								"east": {"uv": [24, 10], "uv_size": [-1, 1]},
								"south": {"uv": [23, 10], "uv_size": [1, 1]},
								"west": {"uv": [23, 10], "uv_size": [1, 1]},
								"up": {"uv": [24, 11], "uv_size": [-1, -1]},
								"down": {"uv": [24, 11], "uv_size": [-1, -1]}
							}
						},
						{
							"origin": [-0.5, 37, -17.5],
							"size": [1, 1, 1],
							"uv": {
								"north": {"uv": [19, 10], "uv_size": [1, 1]},
								"east": {"uv": [20, 10], "uv_size": [-1, 1]},
								"south": {"uv": [19, 10], "uv_size": [1, 1]},
								"west": {"uv": [19, 10], "uv_size": [1, 1]},
								"up": {"uv": [20, 11], "uv_size": [-1, -1]},
								"down": {"uv": [20, 11], "uv_size": [-1, -1]}
							}
						},
						{
							"origin": [-0.5, 42, -18.5],
							"size": [1, 1, 1],
							"uv": {
								"north": {"uv": [24, 9], "uv_size": [1, 1]},
								"east": {"uv": [25, 9], "uv_size": [-1, 1]},
								"south": {"uv": [24, 9], "uv_size": [1, 1]},
								"west": {"uv": [24, 9], "uv_size": [1, 1]},
								"up": {"uv": [25, 10], "uv_size": [-1, -1]},
								"down": {"uv": [25, 10], "uv_size": [-1, -1]}
							}
						},
						{
							"origin": [-0.5, 38, -18.5],
							"size": [1, 1, 1],
							"uv": {
								"north": {"uv": [20, 9], "uv_size": [1, 1]},
								"east": {"uv": [21, 9], "uv_size": [-1, 1]},
								"south": {"uv": [20, 9], "uv_size": [1, 1]},
								"west": {"uv": [20, 9], "uv_size": [1, 1]},
								"up": {"uv": [21, 10], "uv_size": [-1, -1]},
								"down": {"uv": [21, 10], "uv_size": [-1, -1]}
							}
						},
						{
							"origin": [-0.5, 44, -19.5],
							"size": [1, 1, 1],
							"uv": {
								"north": {"uv": [26, 8], "uv_size": [1, 1]},
								"east": {"uv": [27, 8], "uv_size": [-1, 1]},
								"south": {"uv": [26, 8], "uv_size": [1, 1]},
								"west": {"uv": [26, 8], "uv_size": [1, 1]},
								"up": {"uv": [27, 9], "uv_size": [-1, -1]},
								"down": {"uv": [27, 9], "uv_size": [-1, -1]}
							}
						},
						{
							"origin": [-0.5, 43, -19.5],
							"size": [1, 1, 1],
							"uv": {
								"north": {"uv": [25, 8], "uv_size": [1, 1]},
								"east": {"uv": [26, 8], "uv_size": [-1, 1]},
								"south": {"uv": [25, 8], "uv_size": [1, 1]},
								"west": {"uv": [25, 8], "uv_size": [1, 1]},
								"up": {"uv": [26, 9], "uv_size": [-1, -1]},
								"down": {"uv": [26, 9], "uv_size": [-1, -1]}
							}
						},
						{
							"origin": [-0.5, 40, -19.5],
							"size": [1, 1, 1],
							"uv": {
								"north": {"uv": [22, 8], "uv_size": [1, 1]},
								"east": {"uv": [23, 8], "uv_size": [-1, 1]},
								"south": {"uv": [22, 8], "uv_size": [1, 1]},
								"west": {"uv": [22, 8], "uv_size": [1, 1]},
								"up": {"uv": [23, 9], "uv_size": [-1, -1]},
								"down": {"uv": [23, 9], "uv_size": [-1, -1]}
							}
						},
						{
							"origin": [-0.5, 39, -19.5],
							"size": [1, 1, 1],
							"uv": {
								"north": {"uv": [21, 8], "uv_size": [1, 1]},
								"east": {"uv": [22, 8], "uv_size": [-1, 1]},
								"south": {"uv": [21, 8], "uv_size": [1, 1]},
								"west": {"uv": [21, 8], "uv_size": [1, 1]},
								"up": {"uv": [22, 9], "uv_size": [-1, -1]},
								"down": {"uv": [22, 9], "uv_size": [-1, -1]}
							}
						},
						{
							"origin": [-0.5, 45, -20.5],
							"size": [1, 1, 1],
							"uv": {
								"north": {"uv": [27, 7], "uv_size": [1, 1]},
								"east": {"uv": [28, 7], "uv_size": [-1, 1]},
								"south": {"uv": [27, 7], "uv_size": [1, 1]},
								"west": {"uv": [27, 7], "uv_size": [1, 1]},
								"up": {"uv": [28, 8], "uv_size": [-1, -1]},
								"down": {"uv": [28, 8], "uv_size": [-1, -1]}
							}
						},
						{
							"origin": [-0.5, 44, -20.5],
							"size": [1, 1, 1],
							"uv": {
								"north": {"uv": [26, 7], "uv_size": [1, 1]},
								"east": {"uv": [27, 7], "uv_size": [-1, 1]},
								"south": {"uv": [26, 7], "uv_size": [1, 1]},
								"west": {"uv": [26, 7], "uv_size": [1, 1]},
								"up": {"uv": [27, 8], "uv_size": [-1, -1]},
								"down": {"uv": [27, 8], "uv_size": [-1, -1]}
							}
						},
						{
							"origin": [-0.5, 43, -20.5],
							"size": [1, 1, 1],
							"uv": {
								"north": {"uv": [25, 7], "uv_size": [1, 1]},
								"east": {"uv": [26, 7], "uv_size": [-1, 1]},
								"south": {"uv": [25, 7], "uv_size": [1, 1]},
								"west": {"uv": [25, 7], "uv_size": [1, 1]},
								"up": {"uv": [26, 8], "uv_size": [-1, -1]},
								"down": {"uv": [26, 8], "uv_size": [-1, -1]}
							}
						},
						{
							"origin": [-0.5, 42, -20.5],
							"size": [1, 1, 1],
							"uv": {
								"north": {"uv": [24, 7], "uv_size": [1, 1]},
								"east": {"uv": [25, 7], "uv_size": [-1, 1]},
								"south": {"uv": [24, 7], "uv_size": [1, 1]},
								"west": {"uv": [24, 7], "uv_size": [1, 1]},
								"up": {"uv": [25, 8], "uv_size": [-1, -1]},
								"down": {"uv": [25, 8], "uv_size": [-1, -1]}
							}
						},
						{
							"origin": [-0.5, 41, -20.5],
							"size": [1, 1, 1],
							"uv": {
								"north": {"uv": [23, 7], "uv_size": [1, 1]},
								"east": {"uv": [24, 7], "uv_size": [-1, 1]},
								"south": {"uv": [23, 7], "uv_size": [1, 1]},
								"west": {"uv": [23, 7], "uv_size": [1, 1]},
								"up": {"uv": [24, 8], "uv_size": [-1, -1]},
								"down": {"uv": [24, 8], "uv_size": [-1, -1]}
							}
						}
					]
				}
			]
		}
	]
}