{
	"format_version": "1.16.0",
	"minecraft:geometry": [
		{
			"description": {
				"identifier": "geometry.lz_ld",
				"texture_width": 48,
				"texture_height": 48,
				"visible_bounds_width": 3,
				"visible_bounds_height": 4.5,
				"visible_bounds_offset": [0, 1.75, 0]
			},
			"bones": [
				{
					"name": "rightitem",
					"pivot": [0, 20, 0],
					"binding": "q.item_slot_to_bone_name(c.item_slot)",
					"cubes": [
						{
							"origin": [-0.95, 32, -26],
							"size": [1.9, 1, 1],
							"uv": {
								"north": {"uv": [19, 12], "uv_size": [1, 1]},
								"east": {"uv": [20, 12], "uv_size": [-1, 1]},
								"south": {"uv": [19, 12], "uv_size": [1, 1]},
								"west": {"uv": [19, 12], "uv_size": [1, 1]},
								"up": {"uv": [20, 13], "uv_size": [-1, -1]},
								"down": {"uv": [20, 13], "uv_size": [-1, -1]}
							}
						},
						{
							"origin": [-0.95, 33, -25],
							"size": [1.9, 1, 1],
							"uv": {
								"north": {"uv": [20, 13], "uv_size": [1, 1]},
								"east": {"uv": [21, 13], "uv_size": [-1, 1]},
								"south": {"uv": [20, 13], "uv_size": [1, 1]},
								"west": {"uv": [20, 13], "uv_size": [1, 1]},
								"up": {"uv": [21, 14], "uv_size": [-1, -1]},
								"down": {"uv": [21, 14], "uv_size": [-1, -1]}
							}
						},
						{
							"origin": [-0.95, 34, -25],
							"size": [1.9, 1, 1],
							"uv": {
								"north": {"uv": [21, 13], "uv_size": [1, 1]},
								"east": {"uv": [22, 13], "uv_size": [-1, 1]},
								"south": {"uv": [21, 13], "uv_size": [1, 1]},
								"west": {"uv": [21, 13], "uv_size": [1, 1]},
								"up": {"uv": [22, 14], "uv_size": [-1, -1]},
								"down": {"uv": [22, 14], "uv_size": [-1, -1]}
							}
						},
						{
							"origin": [-0.95, 35, -25],
							"size": [1.9, 1, 1],
							"uv": {
								"north": {"uv": [22, 13], "uv_size": [1, 1]},
								"east": {"uv": [23, 13], "uv_size": [-1, 1]},
								"south": {"uv": [22, 13], "uv_size": [1, 1]},
								"west": {"uv": [22, 13], "uv_size": [1, 1]},
								"up": {"uv": [23, 14], "uv_size": [-1, -1]},
								"down": {"uv": [23, 14], "uv_size": [-1, -1]}
							}
						},
						{
							"origin": [-0.95, 36, -25],
							"size": [1.9, 1, 1],
							"uv": {
								"north": {"uv": [23, 13], "uv_size": [1, 1]},
								"east": {"uv": [24, 13], "uv_size": [-1, 1]},
								"south": {"uv": [23, 13], "uv_size": [1, 1]},
								"west": {"uv": [23, 13], "uv_size": [1, 1]},
								"up": {"uv": [24, 14], "uv_size": [-1, -1]},
								"down": {"uv": [24, 14], "uv_size": [-1, -1]}
							}
						},
						{
							"origin": [-0.95, 37, -25],
							"size": [1.9, 1, 1],
							"uv": {
								"north": {"uv": [24, 13], "uv_size": [1, 1]},
								"east": {"uv": [25, 13], "uv_size": [-1, 1]},
								"south": {"uv": [24, 13], "uv_size": [1, 1]},
								"west": {"uv": [24, 13], "uv_size": [1, 1]},
								"up": {"uv": [25, 14], "uv_size": [-1, -1]},
								"down": {"uv": [25, 14], "uv_size": [-1, -1]}
							}
						},
						{
							"origin": [-0.95, 38, -25],
							"size": [1.9, 1, 1],
							"uv": {
								"north": {"uv": [25, 13], "uv_size": [1, 1]},
								"east": {"uv": [26, 13], "uv_size": [-1, 1]},
								"south": {"uv": [25, 13], "uv_size": [1, 1]},
								"west": {"uv": [25, 13], "uv_size": [1, 1]},
								"up": {"uv": [26, 14], "uv_size": [-1, -1]},
								"down": {"uv": [26, 14], "uv_size": [-1, -1]}
							}
						},
						{
							"origin": [-0.95, 39, -24],
							"size": [1.9, 1, 1],
							"uv": {
								"north": {"uv": [26, 14], "uv_size": [1, 1]},
								"east": {"uv": [27, 14], "uv_size": [-1, 1]},
								"south": {"uv": [26, 14], "uv_size": [1, 1]},
								"west": {"uv": [26, 14], "uv_size": [1, 1]},
								"up": {"uv": [27, 15], "uv_size": [-1, -1]},
								"down": {"uv": [27, 15], "uv_size": [-1, -1]}
							}
						},
						{
							"origin": [-0.95, 39, -23],
							"size": [1.9, 1, 1],
							"uv": {
								"north": {"uv": [26, 15], "uv_size": [1, 1]},
								"east": {"uv": [27, 15], "uv_size": [-1, 1]},
								"south": {"uv": [26, 15], "uv_size": [1, 1]},
								"west": {"uv": [26, 15], "uv_size": [1, 1]},
								"up": {"uv": [27, 16], "uv_size": [-1, -1]},
								"down": {"uv": [27, 16], "uv_size": [-1, -1]}
							}
						},
						{
							"origin": [-0.95, 40, -23],
							"size": [1.9, 1, 1],
							"uv": {
								"north": {"uv": [27, 15], "uv_size": [1, 1]},
								"east": {"uv": [28, 15], "uv_size": [-1, 1]},
								"south": {"uv": [27, 15], "uv_size": [1, 1]},
								"west": {"uv": [27, 15], "uv_size": [1, 1]},
								"up": {"uv": [28, 16], "uv_size": [-1, -1]},
								"down": {"uv": [28, 16], "uv_size": [-1, -1]}
							}
						},
						{
							"origin": [-0.95, 41, -22],
							"size": [1.9, 1, 1],
							"uv": {
								"north": {"uv": [28, 16], "uv_size": [1, 1]},
								"east": {"uv": [29, 16], "uv_size": [-1, 1]},
								"south": {"uv": [28, 16], "uv_size": [1, 1]},
								"west": {"uv": [28, 16], "uv_size": [1, 1]},
								"up": {"uv": [29, 17], "uv_size": [-1, -1]},
								"down": {"uv": [29, 17], "uv_size": [-1, -1]}
							}
						},
						{
							"origin": [-0.95, 42, -22],
							"size": [1.9, 1, 1],
							"uv": {
								"north": {"uv": [29, 16], "uv_size": [1, 1]},
								"east": {"uv": [30, 16], "uv_size": [-1, 1]},
								"south": {"uv": [29, 16], "uv_size": [1, 1]},
								"west": {"uv": [29, 16], "uv_size": [1, 1]},
								"up": {"uv": [30, 17], "uv_size": [-1, -1]},
								"down": {"uv": [30, 17], "uv_size": [-1, -1]}
							}
						},
						{
							"origin": [-0.95, 43, -22],
							"size": [1.9, 1, 1],
							"uv": {
								"north": {"uv": [30, 16], "uv_size": [1, 1]},
								"east": {"uv": [31, 16], "uv_size": [-1, 1]},
								"south": {"uv": [30, 16], "uv_size": [1, 1]},
								"west": {"uv": [30, 16], "uv_size": [1, 1]},
								"up": {"uv": [31, 17], "uv_size": [-1, -1]},
								"down": {"uv": [31, 17], "uv_size": [-1, -1]}
							}
						},
						{
							"origin": [-0.95, 44, -22],
							"size": [1.9, 1, 1],
							"uv": {
								"north": {"uv": [31, 16], "uv_size": [1, 1]},
								"east": {"uv": [32, 16], "uv_size": [-1, 1]},
								"south": {"uv": [31, 16], "uv_size": [1, 1]},
								"west": {"uv": [31, 16], "uv_size": [1, 1]},
								"up": {"uv": [32, 17], "uv_size": [-1, -1]},
								"down": {"uv": [32, 17], "uv_size": [-1, -1]}
							}
						},
						{
							"origin": [-0.95, 44, -21],
							"size": [1.9, 1, 1],
							"uv": {
								"north": {"uv": [31, 17], "uv_size": [1, 1]},
								"east": {"uv": [32, 17], "uv_size": [-1, 1]},
								"south": {"uv": [31, 17], "uv_size": [1, 1]},
								"west": {"uv": [31, 17], "uv_size": [1, 1]},
								"up": {"uv": [32, 18], "uv_size": [-1, -1]},
								"down": {"uv": [32, 18], "uv_size": [-1, -1]}
							}
						},
						{
							"origin": [-0.95, 45, -21],
							"size": [1.9, 1, 1],
							"uv": {
								"north": {"uv": [32, 17], "uv_size": [1, 1]},
								"east": {"uv": [33, 17], "uv_size": [-1, 1]},
								"south": {"uv": [32, 17], "uv_size": [1, 1]},
								"west": {"uv": [32, 17], "uv_size": [1, 1]},
								"up": {"uv": [33, 18], "uv_size": [-1, -1]},
								"down": {"uv": [33, 18], "uv_size": [-1, -1]}
							}
						},
						{
							"origin": [-0.95, 49, -21],
							"size": [1.9, 1, 1],
							"uv": {
								"north": {"uv": [36, 17], "uv_size": [1, 1]},
								"east": {"uv": [37, 17], "uv_size": [-1, 1]},
								"south": {"uv": [36, 17], "uv_size": [1, 1]},
								"west": {"uv": [36, 17], "uv_size": [1, 1]},
								"up": {"uv": [37, 18], "uv_size": [-1, -1]},
								"down": {"uv": [37, 18], "uv_size": [-1, -1]}
							}
						},
						{
							"origin": [-0.95, 50, -21],
							"size": [1.9, 1, 1],
							"uv": {
								"north": {"uv": [37, 17], "uv_size": [1, 1]},
								"east": {"uv": [38, 17], "uv_size": [-1, 1]},
								"south": {"uv": [37, 17], "uv_size": [1, 1]},
								"west": {"uv": [37, 17], "uv_size": [1, 1]},
								"up": {"uv": [38, 18], "uv_size": [-1, -1]},
								"down": {"uv": [38, 18], "uv_size": [-1, -1]}
							}
						},
						{
							"origin": [-0.95, 45, -20],
							"size": [1.9, 1, 1],
							"uv": {
								"north": {"uv": [32, 18], "uv_size": [1, 1]},
								"east": {"uv": [33, 18], "uv_size": [-1, 1]},
								"south": {"uv": [32, 18], "uv_size": [1, 1]},
								"west": {"uv": [32, 18], "uv_size": [1, 1]},
								"up": {"uv": [33, 19], "uv_size": [-1, -1]},
								"down": {"uv": [33, 19], "uv_size": [-1, -1]}
							}
						},
						{
							"origin": [-0.95, 46, -20],
							"size": [1.9, 1, 1],
							"uv": {
								"north": {"uv": [33, 18], "uv_size": [1, 1]},
								"east": {"uv": [34, 18], "uv_size": [-1, 1]},
								"south": {"uv": [33, 18], "uv_size": [1, 1]},
								"west": {"uv": [33, 18], "uv_size": [1, 1]},
								"up": {"uv": [34, 19], "uv_size": [-1, -1]},
								"down": {"uv": [34, 19], "uv_size": [-1, -1]}
							}
						},
						{
							"origin": [-0.95, 48, -20],
							"size": [1.9, 1, 1],
							"uv": {
								"north": {"uv": [35, 18], "uv_size": [1, 1]},
								"east": {"uv": [36, 18], "uv_size": [-1, 1]},
								"south": {"uv": [35, 18], "uv_size": [1, 1]},
								"west": {"uv": [35, 18], "uv_size": [1, 1]},
								"up": {"uv": [36, 19], "uv_size": [-1, -1]},
								"down": {"uv": [36, 19], "uv_size": [-1, -1]}
							}
						},
						{
							"origin": [-0.95, 49, -20],
							"size": [1.9, 1, 1],
							"uv": {
								"north": {"uv": [36, 18], "uv_size": [1, 1]},
								"east": {"uv": [37, 18], "uv_size": [-1, 1]},
								"south": {"uv": [36, 18], "uv_size": [1, 1]},
								"west": {"uv": [36, 18], "uv_size": [1, 1]},
								"up": {"uv": [37, 19], "uv_size": [-1, -1]},
								"down": {"uv": [37, 19], "uv_size": [-1, -1]}
							}
						},
						{
							"origin": [-0.95, 42, -19],
							"size": [1.9, 1, 1],
							"uv": {
								"north": {"uv": [29, 19], "uv_size": [1, 1]},
								"east": {"uv": [30, 19], "uv_size": [-1, 1]},
								"south": {"uv": [29, 19], "uv_size": [1, 1]},
								"west": {"uv": [29, 19], "uv_size": [1, 1]},
								"up": {"uv": [30, 20], "uv_size": [-1, -1]},
								"down": {"uv": [30, 20], "uv_size": [-1, -1]}
							}
						},
						{
							"origin": [-0.95, 46, -19],
							"size": [1.9, 1, 1],
							"uv": {
								"north": {"uv": [33, 19], "uv_size": [1, 1]},
								"east": {"uv": [34, 19], "uv_size": [-1, 1]},
								"south": {"uv": [33, 19], "uv_size": [1, 1]},
								"west": {"uv": [33, 19], "uv_size": [1, 1]},
								"up": {"uv": [34, 20], "uv_size": [-1, -1]},
								"down": {"uv": [34, 20], "uv_size": [-1, -1]}
							}
						},
						{
							"origin": [-0.95, 47, -19],
							"size": [1.9, 1, 1],
							"uv": {
								"north": {"uv": [34, 19], "uv_size": [1, 1]},
								"east": {"uv": [35, 19], "uv_size": [-1, 1]},
								"south": {"uv": [34, 19], "uv_size": [1, 1]},
								"west": {"uv": [34, 19], "uv_size": [1, 1]},
								"up": {"uv": [35, 20], "uv_size": [-1, -1]},
								"down": {"uv": [35, 20], "uv_size": [-1, -1]}
							}
						},
						{
							"origin": [-0.95, 48, -19],
							"size": [1.9, 1, 1],
							"uv": {
								"north": {"uv": [35, 19], "uv_size": [1, 1]},
								"east": {"uv": [36, 19], "uv_size": [-1, 1]},
								"south": {"uv": [35, 19], "uv_size": [1, 1]},
								"west": {"uv": [35, 19], "uv_size": [1, 1]},
								"up": {"uv": [36, 20], "uv_size": [-1, -1]},
								"down": {"uv": [36, 20], "uv_size": [-1, -1]}
							}
						},
						{
							"origin": [-0.95, 41, -18],
							"size": [1.9, 1, 1],
							"uv": {
								"north": {"uv": [28, 20], "uv_size": [1, 1]},
								"east": {"uv": [29, 20], "uv_size": [-1, 1]},
								"south": {"uv": [28, 20], "uv_size": [1, 1]},
								"west": {"uv": [28, 20], "uv_size": [1, 1]},
								"up": {"uv": [29, 21], "uv_size": [-1, -1]},
								"down": {"uv": [29, 21], "uv_size": [-1, -1]}
							}
						},
						{
							"origin": [-0.95, 47, -18],
							"size": [1.9, 1, 1],
							"uv": {
								"north": {"uv": [34, 20], "uv_size": [1, 1]},
								"east": {"uv": [35, 20], "uv_size": [-1, 1]},
								"south": {"uv": [34, 20], "uv_size": [1, 1]},
								"west": {"uv": [34, 20], "uv_size": [1, 1]},
								"up": {"uv": [35, 21], "uv_size": [-1, -1]},
								"down": {"uv": [35, 21], "uv_size": [-1, -1]}
							}
						},
						{
							"origin": [-0.95, 37, -17],
							"size": [1.9, 1, 1],
							"uv": {
								"north": {"uv": [24, 21], "uv_size": [1, 1]},
								"east": {"uv": [25, 21], "uv_size": [-1, 1]},
								"south": {"uv": [24, 21], "uv_size": [1, 1]},
								"west": {"uv": [24, 21], "uv_size": [1, 1]},
								"up": {"uv": [25, 22], "uv_size": [-1, -1]},
								"down": {"uv": [25, 22], "uv_size": [-1, -1]}
							}
						},
						{
							"origin": [-0.95, 38, -17],
							"size": [1.9, 1, 1],
							"uv": {
								"north": {"uv": [25, 21], "uv_size": [1, 1]},
								"east": {"uv": [26, 21], "uv_size": [-1, 1]},
								"south": {"uv": [25, 21], "uv_size": [1, 1]},
								"west": {"uv": [25, 21], "uv_size": [1, 1]},
								"up": {"uv": [26, 22], "uv_size": [-1, -1]},
								"down": {"uv": [26, 22], "uv_size": [-1, -1]}
							}
						},
						{
							"origin": [-0.95, 37, -16],
							"size": [1.9, 1, 1],
							"uv": {
								"north": {"uv": [24, 22], "uv_size": [1, 1]},
								"east": {"uv": [25, 22], "uv_size": [-1, 1]},
								"south": {"uv": [24, 22], "uv_size": [1, 1]},
								"west": {"uv": [24, 22], "uv_size": [1, 1]},
								"up": {"uv": [25, 23], "uv_size": [-1, -1]},
								"down": {"uv": [25, 23], "uv_size": [-1, -1]}
							}
						},
						{
							"origin": [-0.95, 36, -15],
							"size": [1.9, 1, 1],
							"uv": {
								"north": {"uv": [23, 23], "uv_size": [1, 1]},
								"east": {"uv": [24, 23], "uv_size": [-1, 1]},
								"south": {"uv": [23, 23], "uv_size": [1, 1]},
								"west": {"uv": [23, 23], "uv_size": [1, 1]},
								"up": {"uv": [24, 24], "uv_size": [-1, -1]},
								"down": {"uv": [24, 24], "uv_size": [-1, -1]}
							}
						},
						{
							"origin": [-0.95, 35, -14],
							"size": [1.9, 1, 1],
							"uv": {
								"north": {"uv": [22, 24], "uv_size": [1, 1]},
								"east": {"uv": [23, 24], "uv_size": [-1, 1]},
								"south": {"uv": [22, 24], "uv_size": [1, 1]},
								"west": {"uv": [22, 24], "uv_size": [1, 1]},
								"up": {"uv": [23, 25], "uv_size": [-1, -1]},
								"down": {"uv": [23, 25], "uv_size": [-1, -1]}
							}
						},
						{
							"origin": [-0.95, 34, -13],
							"size": [1.9, 1, 1],
							"uv": {
								"north": {"uv": [21, 25], "uv_size": [1, 1]},
								"east": {"uv": [22, 25], "uv_size": [-1, 1]},
								"south": {"uv": [21, 25], "uv_size": [1, 1]},
								"west": {"uv": [21, 25], "uv_size": [1, 1]},
								"up": {"uv": [22, 26], "uv_size": [-1, -1]},
								"down": {"uv": [22, 26], "uv_size": [-1, -1]}
							}
						},
						{
							"origin": [-0.85, 22, 0],
							"size": [1.7, 1, 1],
							"uv": {
								"north": {"uv": [9, 38], "uv_size": [1, 1]},
								"east": {"uv": [10, 38], "uv_size": [-1, 1]},
								"south": {"uv": [9, 38], "uv_size": [1, 1]},
								"west": {"uv": [9, 38], "uv_size": [1, 1]},
								"up": {"uv": [10, 39], "uv_size": [-1, -1]},
								"down": {"uv": [10, 39], "uv_size": [-1, -1]}
							}
						},
						{
							"origin": [-0.9, 35, -26],
							"size": [1.8, 1, 1],
							"uv": {
								"north": {"uv": [22, 12], "uv_size": [1, 1]},
								"east": {"uv": [23, 12], "uv_size": [-1, 1]},
								"south": {"uv": [22, 12], "uv_size": [1, 1]},
								"west": {"uv": [22, 12], "uv_size": [1, 1]},
								"up": {"uv": [23, 13], "uv_size": [-1, -1]},
								"down": {"uv": [23, 13], "uv_size": [-1, -1]}
							}
						},
						{
							"origin": [-0.9, 36, -26],
							"size": [1.8, 1, 1],
							"uv": {
								"north": {"uv": [23, 12], "uv_size": [1, 1]},
								"east": {"uv": [24, 12], "uv_size": [-1, 1]},
								"south": {"uv": [23, 12], "uv_size": [1, 1]},
								"west": {"uv": [23, 12], "uv_size": [1, 1]},
								"up": {"uv": [24, 13], "uv_size": [-1, -1]},
								"down": {"uv": [24, 13], "uv_size": [-1, -1]}
							}
						},
						{
							"origin": [-0.9, 37, -26],
							"size": [1.8, 1, 1],
							"uv": {
								"north": {"uv": [24, 12], "uv_size": [1, 1]},
								"east": {"uv": [25, 12], "uv_size": [-1, 1]},
								"south": {"uv": [24, 12], "uv_size": [1, 1]},
								"west": {"uv": [24, 12], "uv_size": [1, 1]},
								"up": {"uv": [25, 13], "uv_size": [-1, -1]},
								"down": {"uv": [25, 13], "uv_size": [-1, -1]}
							}
						},
						{
							"origin": [-0.9, 38, -26],
							"size": [1.8, 1, 1],
							"uv": {
								"north": {"uv": [25, 12], "uv_size": [1, 1]},
								"east": {"uv": [26, 12], "uv_size": [-1, 1]},
								"south": {"uv": [25, 12], "uv_size": [1, 1]},
								"west": {"uv": [25, 12], "uv_size": [1, 1]},
								"up": {"uv": [26, 13], "uv_size": [-1, -1]},
								"down": {"uv": [26, 13], "uv_size": [-1, -1]}
							}
						},
						{
							"origin": [-0.9, 40, -25],
							"size": [1.8, 1, 1],
							"uv": {
								"north": {"uv": [27, 13], "uv_size": [1, 1]},
								"east": {"uv": [28, 13], "uv_size": [-1, 1]},
								"south": {"uv": [27, 13], "uv_size": [1, 1]},
								"west": {"uv": [27, 13], "uv_size": [1, 1]},
								"up": {"uv": [28, 14], "uv_size": [-1, -1]},
								"down": {"uv": [28, 14], "uv_size": [-1, -1]}
							}
						},
						{
							"origin": [-0.9, 39, -25],
							"size": [1.8, 1, 1],
							"uv": {
								"north": {"uv": [26, 13], "uv_size": [1, 1]},
								"east": {"uv": [27, 13], "uv_size": [-1, 1]},
								"south": {"uv": [26, 13], "uv_size": [1, 1]},
								"west": {"uv": [26, 13], "uv_size": [1, 1]},
								"up": {"uv": [27, 14], "uv_size": [-1, -1]},
								"down": {"uv": [27, 14], "uv_size": [-1, -1]}
							}
						},
						{
							"origin": [-0.9, 40, -24],
							"size": [1.8, 1, 1],
							"uv": {
								"north": {"uv": [27, 14], "uv_size": [1, 1]},
								"east": {"uv": [28, 14], "uv_size": [-1, 1]},
								"south": {"uv": [27, 14], "uv_size": [1, 1]},
								"west": {"uv": [27, 14], "uv_size": [1, 1]},
								"up": {"uv": [28, 15], "uv_size": [-1, -1]},
								"down": {"uv": [28, 15], "uv_size": [-1, -1]}
							}
						},
						{
							"origin": [-0.9, 41, -23],
							"size": [1.8, 1, 1],
							"uv": {
								"north": {"uv": [28, 15], "uv_size": [1, 1]},
								"east": {"uv": [29, 15], "uv_size": [-1, 1]},
								"south": {"uv": [28, 15], "uv_size": [1, 1]},
								"west": {"uv": [28, 15], "uv_size": [1, 1]},
								"up": {"uv": [29, 16], "uv_size": [-1, -1]},
								"down": {"uv": [29, 16], "uv_size": [-1, -1]}
							}
						},
						{
							"origin": [-0.9, 42, -23],
							"size": [1.8, 1, 1],
							"uv": {
								"north": {"uv": [29, 15], "uv_size": [1, 1]},
								"east": {"uv": [30, 15], "uv_size": [-1, 1]},
								"south": {"uv": [29, 15], "uv_size": [1, 1]},
								"west": {"uv": [29, 15], "uv_size": [1, 1]},
								"up": {"uv": [30, 16], "uv_size": [-1, -1]},
								"down": {"uv": [30, 16], "uv_size": [-1, -1]}
							}
						},
						{
							"origin": [-0.9, 45, -22],
							"size": [1.8, 1, 1],
							"uv": {
								"north": {"uv": [32, 16], "uv_size": [1, 1]},
								"east": {"uv": [33, 16], "uv_size": [-1, 1]},
								"south": {"uv": [32, 16], "uv_size": [1, 1]},
								"west": {"uv": [32, 16], "uv_size": [1, 1]},
								"up": {"uv": [33, 17], "uv_size": [-1, -1]},
								"down": {"uv": [33, 17], "uv_size": [-1, -1]}
							}
						},
						{
							"origin": [-0.9, 47, -20],
							"size": [1.8, 1, 1],
							"uv": {
								"north": {"uv": [34, 18], "uv_size": [1, 1]},
								"east": {"uv": [35, 18], "uv_size": [-1, 1]},
								"south": {"uv": [34, 18], "uv_size": [1, 1]},
								"west": {"uv": [34, 18], "uv_size": [1, 1]},
								"up": {"uv": [35, 19], "uv_size": [-1, -1]},
								"down": {"uv": [35, 19], "uv_size": [-1, -1]}
							}
						},
						{
							"origin": [-0.9, 48, -21],
							"size": [1.8, 1, 1],
							"uv": {
								"north": {"uv": [35, 17], "uv_size": [1, 1]},
								"east": {"uv": [36, 17], "uv_size": [-1, 1]},
								"south": {"uv": [35, 17], "uv_size": [1, 1]},
								"west": {"uv": [35, 17], "uv_size": [1, 1]},
								"up": {"uv": [36, 18], "uv_size": [-1, -1]},
								"down": {"uv": [36, 18], "uv_size": [-1, -1]}
							}
						},
						{
							"origin": [-0.8, 31, -27],
							"size": [1.6, 1, 1],
							"uv": {
								"north": {"uv": [18, 11], "uv_size": [1, 1]},
								"east": {"uv": [19, 11], "uv_size": [-1, 1]},
								"south": {"uv": [18, 11], "uv_size": [1, 1]},
								"west": {"uv": [18, 11], "uv_size": [1, 1]},
								"up": {"uv": [19, 12], "uv_size": [-1, -1]},
								"down": {"uv": [19, 12], "uv_size": [-1, -1]}
							}
						},
						{
							"origin": [-0.8, 31, -26],
							"size": [1.6, 1, 1],
							"uv": {
								"north": {"uv": [18, 12], "uv_size": [1, 1]},
								"east": {"uv": [19, 12], "uv_size": [-1, 1]},
								"south": {"uv": [18, 12], "uv_size": [1, 1]},
								"west": {"uv": [18, 12], "uv_size": [1, 1]},
								"up": {"uv": [19, 13], "uv_size": [-1, -1]},
								"down": {"uv": [19, 13], "uv_size": [-1, -1]}
							}
						},
						{
							"origin": [-0.8, 32, -25],
							"size": [1.6, 1, 1],
							"uv": {
								"north": {"uv": [19, 13], "uv_size": [1, 1]},
								"east": {"uv": [20, 13], "uv_size": [-1, 1]},
								"south": {"uv": [19, 13], "uv_size": [1, 1]},
								"west": {"uv": [19, 13], "uv_size": [1, 1]},
								"up": {"uv": [20, 14], "uv_size": [-1, -1]},
								"down": {"uv": [20, 14], "uv_size": [-1, -1]}
							}
						},
						{
							"origin": [-0.8, 32, -24],
							"size": [1.6, 1, 1],
							"uv": {
								"north": {"uv": [19, 14], "uv_size": [1, 1]},
								"east": {"uv": [20, 14], "uv_size": [-1, 1]},
								"south": {"uv": [19, 14], "uv_size": [1, 1]},
								"west": {"uv": [19, 14], "uv_size": [1, 1]},
								"up": {"uv": [20, 15], "uv_size": [-1, -1]},
								"down": {"uv": [20, 15], "uv_size": [-1, -1]}
							}
						},
						{
							"origin": [-0.8, 33, -24],
							"size": [1.6, 1, 1],
							"uv": {
								"north": {"uv": [20, 14], "uv_size": [1, 1]},
								"east": {"uv": [21, 14], "uv_size": [-1, 1]},
								"south": {"uv": [20, 14], "uv_size": [1, 1]},
								"west": {"uv": [20, 14], "uv_size": [1, 1]},
								"up": {"uv": [21, 15], "uv_size": [-1, -1]},
								"down": {"uv": [21, 15], "uv_size": [-1, -1]}
							}
						},
						{
							"origin": [-0.8, 38, -24],
							"size": [1.6, 1, 1],
							"uv": {
								"north": {"uv": [25, 14], "uv_size": [1, 1]},
								"east": {"uv": [26, 14], "uv_size": [-1, 1]},
								"south": {"uv": [25, 14], "uv_size": [1, 1]},
								"west": {"uv": [25, 14], "uv_size": [1, 1]},
								"up": {"uv": [26, 15], "uv_size": [-1, -1]},
								"down": {"uv": [26, 15], "uv_size": [-1, -1]}
							}
						},
						{
							"origin": [-0.8, 38, -23],
							"size": [1.6, 1, 1],
							"uv": {
								"north": {"uv": [25, 15], "uv_size": [1, 1]},
								"east": {"uv": [26, 15], "uv_size": [-1, 1]},
								"south": {"uv": [25, 15], "uv_size": [1, 1]},
								"west": {"uv": [25, 15], "uv_size": [1, 1]},
								"up": {"uv": [26, 16], "uv_size": [-1, -1]},
								"down": {"uv": [26, 16], "uv_size": [-1, -1]}
							}
						},
						{
							"origin": [-0.8, 39, -22],
							"size": [1.6, 1, 1],
							"uv": {
								"north": {"uv": [26, 16], "uv_size": [1, 1]},
								"east": {"uv": [27, 16], "uv_size": [-1, 1]},
								"south": {"uv": [26, 16], "uv_size": [1, 1]},
								"west": {"uv": [26, 16], "uv_size": [1, 1]},
								"up": {"uv": [27, 17], "uv_size": [-1, -1]},
								"down": {"uv": [27, 17], "uv_size": [-1, -1]}
							}
						},
						{
							"origin": [-0.8, 40, -22],
							"size": [1.6, 1, 1],
							"uv": {
								"north": {"uv": [27, 16], "uv_size": [1, 1]},
								"east": {"uv": [28, 16], "uv_size": [-1, 1]},
								"south": {"uv": [27, 16], "uv_size": [1, 1]},
								"west": {"uv": [27, 16], "uv_size": [1, 1]},
								"up": {"uv": [28, 17], "uv_size": [-1, -1]},
								"down": {"uv": [28, 17], "uv_size": [-1, -1]}
							}
						},
						{
							"origin": [-0.8, 49, -22],
							"size": [1.6, 1, 1],
							"uv": {
								"north": {"uv": [36, 16], "uv_size": [1, 1]},
								"east": {"uv": [37, 16], "uv_size": [-1, 1]},
								"south": {"uv": [36, 16], "uv_size": [1, 1]},
								"west": {"uv": [36, 16], "uv_size": [1, 1]},
								"up": {"uv": [37, 17], "uv_size": [-1, -1]},
								"down": {"uv": [37, 17], "uv_size": [-1, -1]}
							}
						},
						{
							"origin": [-0.8, 50, -22],
							"size": [1.6, 1, 1],
							"uv": {
								"north": {"uv": [37, 16], "uv_size": [1, 1]},
								"east": {"uv": [38, 16], "uv_size": [-1, 1]},
								"south": {"uv": [37, 16], "uv_size": [1, 1]},
								"west": {"uv": [37, 16], "uv_size": [1, 1]},
								"up": {"uv": [38, 17], "uv_size": [-1, -1]},
								"down": {"uv": [38, 17], "uv_size": [-1, -1]}
							}
						},
						{
							"origin": [-0.8, 41, -21],
							"size": [1.6, 1, 1],
							"uv": {
								"north": {"uv": [28, 17], "uv_size": [1, 1]},
								"east": {"uv": [29, 17], "uv_size": [-1, 1]},
								"south": {"uv": [28, 17], "uv_size": [1, 1]},
								"west": {"uv": [28, 17], "uv_size": [1, 1]},
								"up": {"uv": [29, 18], "uv_size": [-1, -1]},
								"down": {"uv": [29, 18], "uv_size": [-1, -1]}
							}
						},
						{
							"origin": [-0.8, 42, -21],
							"size": [1.6, 1, 1],
							"uv": {
								"north": {"uv": [29, 17], "uv_size": [1, 1]},
								"east": {"uv": [30, 17], "uv_size": [-1, 1]},
								"south": {"uv": [29, 17], "uv_size": [1, 1]},
								"west": {"uv": [29, 17], "uv_size": [1, 1]},
								"up": {"uv": [30, 18], "uv_size": [-1, -1]},
								"down": {"uv": [30, 18], "uv_size": [-1, -1]}
							}
						},
						{
							"origin": [-0.8, 43, -21],
							"size": [1.6, 1, 1],
							"uv": {
								"north": {"uv": [30, 17], "uv_size": [1, 1]},
								"east": {"uv": [31, 17], "uv_size": [-1, 1]},
								"south": {"uv": [30, 17], "uv_size": [1, 1]},
								"west": {"uv": [30, 17], "uv_size": [1, 1]},
								"up": {"uv": [31, 18], "uv_size": [-1, -1]},
								"down": {"uv": [31, 18], "uv_size": [-1, -1]}
							}
						},
						{
							"origin": [-0.8, 46, -21],
							"size": [1.6, 1, 1],
							"uv": {
								"north": {"uv": [33, 17], "uv_size": [1, 1]},
								"east": {"uv": [34, 17], "uv_size": [-1, 1]},
								"south": {"uv": [33, 17], "uv_size": [1, 1]},
								"west": {"uv": [33, 17], "uv_size": [1, 1]},
								"up": {"uv": [34, 18], "uv_size": [-1, -1]},
								"down": {"uv": [34, 18], "uv_size": [-1, -1]}
							}
						},
						{
							"origin": [-0.8, 51, -21],
							"size": [1.6, 1, 1],
							"uv": {
								"north": {"uv": [38, 17], "uv_size": [1, 1]},
								"east": {"uv": [39, 17], "uv_size": [-1, 1]},
								"south": {"uv": [38, 17], "uv_size": [1, 1]},
								"west": {"uv": [38, 17], "uv_size": [1, 1]},
								"up": {"uv": [39, 18], "uv_size": [-1, -1]},
								"down": {"uv": [39, 18], "uv_size": [-1, -1]}
							}
						},
						{
							"origin": [-0.8, 44, -20],
							"size": [1.6, 1, 1],
							"uv": {
								"north": {"uv": [31, 18], "uv_size": [1, 1]},
								"east": {"uv": [32, 18], "uv_size": [-1, 1]},
								"south": {"uv": [31, 18], "uv_size": [1, 1]},
								"west": {"uv": [31, 18], "uv_size": [1, 1]},
								"up": {"uv": [32, 19], "uv_size": [-1, -1]},
								"down": {"uv": [32, 19], "uv_size": [-1, -1]}
							}
						},
						{
							"origin": [-0.8, 50, -20],
							"size": [1.6, 1, 1],
							"uv": {
								"north": {"uv": [37, 18], "uv_size": [1, 1]},
								"east": {"uv": [38, 18], "uv_size": [-1, 1]},
								"south": {"uv": [37, 18], "uv_size": [1, 1]},
								"west": {"uv": [37, 18], "uv_size": [1, 1]},
								"up": {"uv": [38, 19], "uv_size": [-1, -1]},
								"down": {"uv": [38, 19], "uv_size": [-1, -1]}
							}
						},
						{
							"origin": [-0.8, 44, -19],
							"size": [1.6, 1, 1],
							"uv": {
								"north": {"uv": [31, 19], "uv_size": [1, 1]},
								"east": {"uv": [32, 19], "uv_size": [-1, 1]},
								"south": {"uv": [31, 19], "uv_size": [1, 1]},
								"west": {"uv": [31, 19], "uv_size": [1, 1]},
								"up": {"uv": [32, 20], "uv_size": [-1, -1]},
								"down": {"uv": [32, 20], "uv_size": [-1, -1]}
							}
						},
						{
							"origin": [-0.8, 45, -19],
							"size": [1.6, 1, 1],
							"uv": {
								"north": {"uv": [32, 19], "uv_size": [1, 1]},
								"east": {"uv": [33, 19], "uv_size": [-1, 1]},
								"south": {"uv": [32, 19], "uv_size": [1, 1]},
								"west": {"uv": [32, 19], "uv_size": [1, 1]},
								"up": {"uv": [33, 20], "uv_size": [-1, -1]},
								"down": {"uv": [33, 20], "uv_size": [-1, -1]}
							}
						},
						{
							"origin": [-0.8, 49, -19],
							"size": [1.6, 1, 1],
							"uv": {
								"north": {"uv": [36, 19], "uv_size": [1, 1]},
								"east": {"uv": [37, 19], "uv_size": [-1, 1]},
								"south": {"uv": [36, 19], "uv_size": [1, 1]},
								"west": {"uv": [36, 19], "uv_size": [1, 1]},
								"up": {"uv": [37, 20], "uv_size": [-1, -1]},
								"down": {"uv": [37, 20], "uv_size": [-1, -1]}
							}
						},
						{
							"origin": [-0.8, 42, -18],
							"size": [1.6, 1, 1],
							"uv": {
								"north": {"uv": [29, 20], "uv_size": [1, 1]},
								"east": {"uv": [30, 20], "uv_size": [-1, 1]},
								"south": {"uv": [29, 20], "uv_size": [1, 1]},
								"west": {"uv": [29, 20], "uv_size": [1, 1]},
								"up": {"uv": [30, 21], "uv_size": [-1, -1]},
								"down": {"uv": [30, 21], "uv_size": [-1, -1]}
							}
						},
						{
							"origin": [-0.8, 46, -18],
							"size": [1.6, 1, 1],
							"uv": {
								"north": {"uv": [33, 20], "uv_size": [1, 1]},
								"east": {"uv": [34, 20], "uv_size": [-1, 1]},
								"south": {"uv": [33, 20], "uv_size": [1, 1]},
								"west": {"uv": [33, 20], "uv_size": [1, 1]},
								"up": {"uv": [34, 21], "uv_size": [-1, -1]},
								"down": {"uv": [34, 21], "uv_size": [-1, -1]}
							}
						},
						{
							"origin": [-0.8, 48, -18],
							"size": [1.6, 1, 1],
							"uv": {
								"north": {"uv": [35, 20], "uv_size": [1, 1]},
								"east": {"uv": [36, 20], "uv_size": [-1, 1]},
								"south": {"uv": [35, 20], "uv_size": [1, 1]},
								"west": {"uv": [35, 20], "uv_size": [1, 1]},
								"up": {"uv": [36, 21], "uv_size": [-1, -1]},
								"down": {"uv": [36, 21], "uv_size": [-1, -1]}
							}
						},
						{
							"origin": [-0.8, 39, -17],
							"size": [1.6, 1, 1],
							"uv": {
								"north": {"uv": [26, 21], "uv_size": [1, 1]},
								"east": {"uv": [27, 21], "uv_size": [-1, 1]},
								"south": {"uv": [26, 21], "uv_size": [1, 1]},
								"west": {"uv": [26, 21], "uv_size": [1, 1]},
								"up": {"uv": [27, 22], "uv_size": [-1, -1]},
								"down": {"uv": [27, 22], "uv_size": [-1, -1]}
							}
						},
						{
							"origin": [-0.8, 40, -17],
							"size": [1.6, 1, 1],
							"uv": {
								"north": {"uv": [27, 21], "uv_size": [1, 1]},
								"east": {"uv": [28, 21], "uv_size": [-1, 1]},
								"south": {"uv": [27, 21], "uv_size": [1, 1]},
								"west": {"uv": [27, 21], "uv_size": [1, 1]},
								"up": {"uv": [28, 22], "uv_size": [-1, -1]},
								"down": {"uv": [28, 22], "uv_size": [-1, -1]}
							}
						},
						{
							"origin": [-0.8, 47, -17],
							"size": [1.6, 1, 1],
							"uv": {
								"north": {"uv": [34, 21], "uv_size": [1, 1]},
								"east": {"uv": [35, 21], "uv_size": [-1, 1]},
								"south": {"uv": [34, 21], "uv_size": [1, 1]},
								"west": {"uv": [34, 21], "uv_size": [1, 1]},
								"up": {"uv": [35, 22], "uv_size": [-1, -1]},
								"down": {"uv": [35, 22], "uv_size": [-1, -1]}
							}
						},
						{
							"origin": [-0.8, 38, -16],
							"size": [1.6, 1, 1],
							"uv": {
								"north": {"uv": [25, 22], "uv_size": [1, 1]},
								"east": {"uv": [26, 22], "uv_size": [-1, 1]},
								"south": {"uv": [25, 22], "uv_size": [1, 1]},
								"west": {"uv": [25, 22], "uv_size": [1, 1]},
								"up": {"uv": [26, 23], "uv_size": [-1, -1]},
								"down": {"uv": [26, 23], "uv_size": [-1, -1]}
							}
						},
						{
							"origin": [-0.8, 37, -15],
							"size": [1.6, 1, 1],
							"uv": {
								"north": {"uv": [24, 23], "uv_size": [1, 1]},
								"east": {"uv": [25, 23], "uv_size": [-1, 1]},
								"south": {"uv": [24, 23], "uv_size": [1, 1]},
								"west": {"uv": [24, 23], "uv_size": [1, 1]},
								"up": {"uv": [25, 24], "uv_size": [-1, -1]},
								"down": {"uv": [25, 24], "uv_size": [-1, -1]}
							}
						},
						{
							"origin": [-0.8, 36, -14],
							"size": [1.6, 1, 1],
							"uv": {
								"north": {"uv": [23, 24], "uv_size": [1, 1]},
								"east": {"uv": [24, 24], "uv_size": [-1, 1]},
								"south": {"uv": [23, 24], "uv_size": [1, 1]},
								"west": {"uv": [23, 24], "uv_size": [1, 1]},
								"up": {"uv": [24, 25], "uv_size": [-1, -1]},
								"down": {"uv": [24, 25], "uv_size": [-1, -1]}
							}
						},
						{
							"origin": [-0.8, 35, -13],
							"size": [1.6, 1, 1],
							"uv": {
								"north": {"uv": [22, 25], "uv_size": [1, 1]},
								"east": {"uv": [23, 25], "uv_size": [-1, 1]},
								"south": {"uv": [22, 25], "uv_size": [1, 1]},
								"west": {"uv": [22, 25], "uv_size": [1, 1]},
								"up": {"uv": [23, 26], "uv_size": [-1, -1]},
								"down": {"uv": [23, 26], "uv_size": [-1, -1]}
							}
						},
						{
							"origin": [-0.8, 34, -12],
							"size": [1.6, 1, 1],
							"uv": {
								"north": {"uv": [21, 26], "uv_size": [1, 1]},
								"east": {"uv": [22, 26], "uv_size": [-1, 1]},
								"south": {"uv": [21, 26], "uv_size": [1, 1]},
								"west": {"uv": [21, 26], "uv_size": [1, 1]},
								"up": {"uv": [22, 27], "uv_size": [-1, -1]},
								"down": {"uv": [22, 27], "uv_size": [-1, -1]}
							}
						},
						{
							"origin": [-0.8, 33, -11],
							"size": [1.6, 1, 1],
							"uv": {
								"north": {"uv": [20, 27], "uv_size": [1, 1]},
								"east": {"uv": [21, 27], "uv_size": [-1, 1]},
								"south": {"uv": [20, 27], "uv_size": [1, 1]},
								"west": {"uv": [20, 27], "uv_size": [1, 1]},
								"up": {"uv": [21, 28], "uv_size": [-1, -1]},
								"down": {"uv": [21, 28], "uv_size": [-1, -1]}
							}
						},
						{
							"origin": [-0.8, 32, -10],
							"size": [1.6, 1, 1],
							"uv": {
								"north": {"uv": [19, 28], "uv_size": [1, 1]},
								"east": {"uv": [20, 28], "uv_size": [-1, 1]},
								"south": {"uv": [19, 28], "uv_size": [1, 1]},
								"west": {"uv": [19, 28], "uv_size": [1, 1]},
								"up": {"uv": [20, 29], "uv_size": [-1, -1]},
								"down": {"uv": [20, 29], "uv_size": [-1, -1]}
							}
						},
						{
							"origin": [-0.8, 31, -9],
							"size": [1.6, 1, 1],
							"uv": {
								"north": {"uv": [18, 29], "uv_size": [1, 1]},
								"east": {"uv": [19, 29], "uv_size": [-1, 1]},
								"south": {"uv": [18, 29], "uv_size": [1, 1]},
								"west": {"uv": [18, 29], "uv_size": [1, 1]},
								"up": {"uv": [19, 30], "uv_size": [-1, -1]},
								"down": {"uv": [19, 30], "uv_size": [-1, -1]}
							}
						},
						{
							"origin": [-0.8, 30, -8],
							"size": [1.6, 1, 1],
							"uv": {
								"north": {"uv": [17, 30], "uv_size": [1, 1]},
								"east": {"uv": [18, 30], "uv_size": [-1, 1]},
								"south": {"uv": [17, 30], "uv_size": [1, 1]},
								"west": {"uv": [17, 30], "uv_size": [1, 1]},
								"up": {"uv": [18, 31], "uv_size": [-1, -1]},
								"down": {"uv": [18, 31], "uv_size": [-1, -1]}
							}
						},
						{
							"origin": [-0.8, 29, -7],
							"size": [1.6, 1, 1],
							"uv": {
								"north": {"uv": [16, 31], "uv_size": [1, 1]},
								"east": {"uv": [17, 31], "uv_size": [-1, 1]},
								"south": {"uv": [16, 31], "uv_size": [1, 1]},
								"west": {"uv": [16, 31], "uv_size": [1, 1]},
								"up": {"uv": [17, 32], "uv_size": [-1, -1]},
								"down": {"uv": [17, 32], "uv_size": [-1, -1]}
							}
						},
						{
							"origin": [-0.8, 28, -6],
							"size": [1.6, 1, 1],
							"uv": {
								"north": {"uv": [15, 32], "uv_size": [1, 1]},
								"east": {"uv": [16, 32], "uv_size": [-1, 1]},
								"south": {"uv": [15, 32], "uv_size": [1, 1]},
								"west": {"uv": [15, 32], "uv_size": [1, 1]},
								"up": {"uv": [16, 33], "uv_size": [-1, -1]},
								"down": {"uv": [16, 33], "uv_size": [-1, -1]}
							}
						},
						{
							"origin": [-0.8, 27, -5],
							"size": [1.6, 1, 1],
							"uv": {
								"north": {"uv": [14, 33], "uv_size": [1, 1]},
								"east": {"uv": [15, 33], "uv_size": [-1, 1]},
								"south": {"uv": [14, 33], "uv_size": [1, 1]},
								"west": {"uv": [14, 33], "uv_size": [1, 1]},
								"up": {"uv": [15, 34], "uv_size": [-1, -1]},
								"down": {"uv": [15, 34], "uv_size": [-1, -1]}
							}
						},
						{
							"origin": [-0.8, 26, -4],
							"size": [1.6, 1, 1],
							"uv": {
								"north": {"uv": [13, 34], "uv_size": [1, 1]},
								"east": {"uv": [14, 34], "uv_size": [-1, 1]},
								"south": {"uv": [13, 34], "uv_size": [1, 1]},
								"west": {"uv": [13, 34], "uv_size": [1, 1]},
								"up": {"uv": [14, 35], "uv_size": [-1, -1]},
								"down": {"uv": [14, 35], "uv_size": [-1, -1]}
							}
						},
						{
							"origin": [-0.8, 25, -3],
							"size": [1.6, 1, 1],
							"uv": {
								"north": {"uv": [12, 35], "uv_size": [1, 1]},
								"east": {"uv": [13, 35], "uv_size": [-1, 1]},
								"south": {"uv": [12, 35], "uv_size": [1, 1]},
								"west": {"uv": [12, 35], "uv_size": [1, 1]},
								"up": {"uv": [13, 36], "uv_size": [-1, -1]},
								"down": {"uv": [13, 36], "uv_size": [-1, -1]}
							}
						},
						{
							"origin": [-0.8, 24, -2],
							"size": [1.6, 1, 1],
							"uv": {
								"north": {"uv": [11, 36], "uv_size": [1, 1]},
								"east": {"uv": [12, 36], "uv_size": [-1, 1]},
								"south": {"uv": [11, 36], "uv_size": [1, 1]},
								"west": {"uv": [11, 36], "uv_size": [1, 1]},
								"up": {"uv": [12, 37], "uv_size": [-1, -1]},
								"down": {"uv": [12, 37], "uv_size": [-1, -1]}
							}
						},
						{
							"origin": [-0.8, 23, -1],
							"size": [1.6, 1, 1],
							"uv": {
								"north": {"uv": [10, 37], "uv_size": [1, 1]},
								"east": {"uv": [11, 37], "uv_size": [-1, 1]},
								"south": {"uv": [10, 37], "uv_size": [1, 1]},
								"west": {"uv": [10, 37], "uv_size": [1, 1]},
								"up": {"uv": [11, 38], "uv_size": [-1, -1]},
								"down": {"uv": [11, 38], "uv_size": [-1, -1]}
							}
						},
						{
							"origin": [-0.8, 21, 0],
							"size": [1.6, 1, 1],
							"uv": {
								"north": {"uv": [8, 38], "uv_size": [1, 1]},
								"east": {"uv": [9, 38], "uv_size": [-1, 1]},
								"south": {"uv": [8, 38], "uv_size": [1, 1]},
								"west": {"uv": [8, 38], "uv_size": [1, 1]},
								"up": {"uv": [9, 39], "uv_size": [-1, -1]},
								"down": {"uv": [9, 39], "uv_size": [-1, -1]}
							}
						},
						{
							"origin": [-0.8, 21, 1],
							"size": [1.6, 1, 1],
							"uv": {
								"north": {"uv": [8, 39], "uv_size": [1, 1]},
								"east": {"uv": [9, 39], "uv_size": [-1, 1]},
								"south": {"uv": [8, 39], "uv_size": [1, 1]},
								"west": {"uv": [8, 39], "uv_size": [1, 1]},
								"up": {"uv": [9, 40], "uv_size": [-1, -1]},
								"down": {"uv": [9, 40], "uv_size": [-1, -1]}
							}
						},
						{
							"origin": [-0.8, 22, 1],
							"size": [1.6, 1, 1],
							"uv": {
								"north": {"uv": [9, 39], "uv_size": [1, 1]},
								"east": {"uv": [10, 39], "uv_size": [-1, 1]},
								"south": {"uv": [9, 39], "uv_size": [1, 1]},
								"west": {"uv": [9, 39], "uv_size": [1, 1]},
								"up": {"uv": [10, 40], "uv_size": [-1, -1]},
								"down": {"uv": [10, 40], "uv_size": [-1, -1]}
							}
						},
						{
							"origin": [-0.5, 22, 2],
							"size": [1, 1, 1],
							"uv": {
								"north": {"uv": [9, 40], "uv_size": [1, 1]},
								"east": {"uv": [10, 40], "uv_size": [-1, 1]},
								"south": {"uv": [9, 40], "uv_size": [1, 1]},
								"west": {"uv": [9, 40], "uv_size": [1, 1]},
								"up": {"uv": [10, 41], "uv_size": [-1, -1]},
								"down": {"uv": [10, 41], "uv_size": [-1, -1]}
							}
						},
						{
							"origin": [-0.5, 21, 2],
							"size": [1, 1, 1],
							"uv": {
								"north": {"uv": [8, 40], "uv_size": [1, 1]},
								"east": {"uv": [9, 40], "uv_size": [-1, 1]},
								"south": {"uv": [8, 40], "uv_size": [1, 1]},
								"west": {"uv": [8, 40], "uv_size": [1, 1]},
								"up": {"uv": [9, 41], "uv_size": [-1, -1]},
								"down": {"uv": [9, 41], "uv_size": [-1, -1]}
							}
						},
						{
							"origin": [-0.5, 20, 2],
							"size": [1, 1, 1],
							"uv": {
								"north": {"uv": [7, 40], "uv_size": [1, 1]},
								"east": {"uv": [8, 40], "uv_size": [-1, 1]},
								"south": {"uv": [7, 40], "uv_size": [1, 1]},
								"west": {"uv": [7, 40], "uv_size": [1, 1]},
								"up": {"uv": [8, 41], "uv_size": [-1, -1]},
								"down": {"uv": [8, 41], "uv_size": [-1, -1]}
							}
						},
						{
							"origin": [-0.5, 23, 1],
							"size": [1, 1, 1],
							"uv": {
								"north": {"uv": [10, 39], "uv_size": [1, 1]},
								"east": {"uv": [11, 39], "uv_size": [-1, 1]},
								"south": {"uv": [10, 39], "uv_size": [1, 1]},
								"west": {"uv": [10, 39], "uv_size": [1, 1]},
								"up": {"uv": [11, 40], "uv_size": [-1, -1]},
								"down": {"uv": [11, 40], "uv_size": [-1, -1]}
							}
						},
						{
							"origin": [-0.5, 20, 1],
							"size": [1, 1, 1],
							"uv": {
								"north": {"uv": [7, 39], "uv_size": [1, 1]},
								"east": {"uv": [8, 39], "uv_size": [-1, 1]},
								"south": {"uv": [7, 39], "uv_size": [1, 1]},
								"west": {"uv": [7, 39], "uv_size": [1, 1]},
								"up": {"uv": [8, 40], "uv_size": [-1, -1]},
								"down": {"uv": [8, 40], "uv_size": [-1, -1]}
							}
						},
						{
							"origin": [-0.5, 23, 0],
							"size": [1, 1, 1],
							"uv": {
								"north": {"uv": [10, 38], "uv_size": [1, 1]},
								"east": {"uv": [11, 38], "uv_size": [-1, 1]},
								"south": {"uv": [10, 38], "uv_size": [1, 1]},
								"west": {"uv": [10, 38], "uv_size": [1, 1]},
								"up": {"uv": [11, 39], "uv_size": [-1, -1]},
								"down": {"uv": [11, 39], "uv_size": [-1, -1]}
							}
						},
						{
							"origin": [-0.5, 20, 0],
							"size": [1, 1, 1],
							"uv": {
								"north": {"uv": [7, 38], "uv_size": [1, 1]},
								"east": {"uv": [8, 38], "uv_size": [-1, 1]},
								"south": {"uv": [7, 38], "uv_size": [1, 1]},
								"west": {"uv": [7, 38], "uv_size": [1, 1]},
								"up": {"uv": [8, 39], "uv_size": [-1, -1]},
								"down": {"uv": [8, 39], "uv_size": [-1, -1]}
							}
						},
						{
							"origin": [-0.5, 24, -1],
							"size": [1, 1, 1],
							"uv": {
								"north": {"uv": [11, 37], "uv_size": [1, 1]},
								"east": {"uv": [12, 37], "uv_size": [-1, 1]},
								"south": {"uv": [11, 37], "uv_size": [1, 1]},
								"west": {"uv": [11, 37], "uv_size": [1, 1]},
								"up": {"uv": [12, 38], "uv_size": [-1, -1]},
								"down": {"uv": [12, 38], "uv_size": [-1, -1]}
							}
						},
						{
							"origin": [-0.5, 22, -1],
							"size": [1, 1, 1],
							"uv": {
								"north": {"uv": [9, 37], "uv_size": [1, 1]},
								"east": {"uv": [10, 37], "uv_size": [-1, 1]},
								"south": {"uv": [9, 37], "uv_size": [1, 1]},
								"west": {"uv": [9, 37], "uv_size": [1, 1]},
								"up": {"uv": [10, 38], "uv_size": [-1, -1]},
								"down": {"uv": [10, 38], "uv_size": [-1, -1]}
							}
						},
						{
							"origin": [-0.5, 21, -1],
							"size": [1, 1, 1],
							"uv": {
								"north": {"uv": [8, 37], "uv_size": [1, 1]},
								"east": {"uv": [9, 37], "uv_size": [-1, 1]},
								"south": {"uv": [8, 37], "uv_size": [1, 1]},
								"west": {"uv": [8, 37], "uv_size": [1, 1]},
								"up": {"uv": [9, 38], "uv_size": [-1, -1]},
								"down": {"uv": [9, 38], "uv_size": [-1, -1]}
							}
						},
						{
							"origin": [-0.5, 25, -2],
							"size": [1, 1, 1],
							"uv": {
								"north": {"uv": [12, 36], "uv_size": [1, 1]},
								"east": {"uv": [13, 36], "uv_size": [-1, 1]},
								"south": {"uv": [12, 36], "uv_size": [1, 1]},
								"west": {"uv": [12, 36], "uv_size": [1, 1]},
								"up": {"uv": [13, 37], "uv_size": [-1, -1]},
								"down": {"uv": [13, 37], "uv_size": [-1, -1]}
							}
						},
						{
							"origin": [-0.5, 23, -2],
							"size": [1, 1, 1],
							"uv": {
								"north": {"uv": [10, 36], "uv_size": [1, 1]},
								"east": {"uv": [11, 36], "uv_size": [-1, 1]},
								"south": {"uv": [10, 36], "uv_size": [1, 1]},
								"west": {"uv": [10, 36], "uv_size": [1, 1]},
								"up": {"uv": [11, 37], "uv_size": [-1, -1]},
								"down": {"uv": [11, 37], "uv_size": [-1, -1]}
							}
						},
						{
							"origin": [-0.5, 26, -3],
							"size": [1, 1, 1],
							"uv": {
								"north": {"uv": [13, 35], "uv_size": [1, 1]},
								"east": {"uv": [14, 35], "uv_size": [-1, 1]},
								"south": {"uv": [13, 35], "uv_size": [1, 1]},
								"west": {"uv": [13, 35], "uv_size": [1, 1]},
								"up": {"uv": [14, 36], "uv_size": [-1, -1]},
								"down": {"uv": [14, 36], "uv_size": [-1, -1]}
							}
						},
						{
							"origin": [-0.5, 24, -3],
							"size": [1, 1, 1],
							"uv": {
								"north": {"uv": [11, 35], "uv_size": [1, 1]},
								"east": {"uv": [12, 35], "uv_size": [-1, 1]},
								"south": {"uv": [11, 35], "uv_size": [1, 1]},
								"west": {"uv": [11, 35], "uv_size": [1, 1]},
								"up": {"uv": [12, 36], "uv_size": [-1, -1]},
								"down": {"uv": [12, 36], "uv_size": [-1, -1]}
							}
						},
						{
							"origin": [-0.5, 27, -4],
							"size": [1, 1, 1],
							"uv": {
								"north": {"uv": [14, 34], "uv_size": [1, 1]},
								"east": {"uv": [15, 34], "uv_size": [-1, 1]},
								"south": {"uv": [14, 34], "uv_size": [1, 1]},
								"west": {"uv": [14, 34], "uv_size": [1, 1]},
								"up": {"uv": [15, 35], "uv_size": [-1, -1]},
								"down": {"uv": [15, 35], "uv_size": [-1, -1]}
							}
						},
						{
							"origin": [-0.5, 25, -4],
							"size": [1, 1, 1],
							"uv": {
								"north": {"uv": [12, 34], "uv_size": [1, 1]},
								"east": {"uv": [13, 34], "uv_size": [-1, 1]},
								"south": {"uv": [12, 34], "uv_size": [1, 1]},
								"west": {"uv": [12, 34], "uv_size": [1, 1]},
								"up": {"uv": [13, 35], "uv_size": [-1, -1]},
								"down": {"uv": [13, 35], "uv_size": [-1, -1]}
							}
						},
						{
							"origin": [-0.5, 28, -5],
							"size": [1, 1, 1],
							"uv": {
								"north": {"uv": [15, 33], "uv_size": [1, 1]},
								"east": {"uv": [16, 33], "uv_size": [-1, 1]},
								"south": {"uv": [15, 33], "uv_size": [1, 1]},
								"west": {"uv": [15, 33], "uv_size": [1, 1]},
								"up": {"uv": [16, 34], "uv_size": [-1, -1]},
								"down": {"uv": [16, 34], "uv_size": [-1, -1]}
							}
						},
						{
							"origin": [-0.5, 26, -5],
							"size": [1, 1, 1],
							"uv": {
								"north": {"uv": [13, 33], "uv_size": [1, 1]},
								"east": {"uv": [14, 33], "uv_size": [-1, 1]},
								"south": {"uv": [13, 33], "uv_size": [1, 1]},
								"west": {"uv": [13, 33], "uv_size": [1, 1]},
								"up": {"uv": [14, 34], "uv_size": [-1, -1]},
								"down": {"uv": [14, 34], "uv_size": [-1, -1]}
							}
						},
						{
							"origin": [-0.5, 29, -6],
							"size": [1, 1, 1],
							"uv": {
								"north": {"uv": [16, 32], "uv_size": [1, 1]},
								"east": {"uv": [17, 32], "uv_size": [-1, 1]},
								"south": {"uv": [16, 32], "uv_size": [1, 1]},
								"west": {"uv": [16, 32], "uv_size": [1, 1]},
								"up": {"uv": [17, 33], "uv_size": [-1, -1]},
								"down": {"uv": [17, 33], "uv_size": [-1, -1]}
							}
						},
						{
							"origin": [-0.5, 27, -6],
							"size": [1, 1, 1],
							"uv": {
								"north": {"uv": [14, 32], "uv_size": [1, 1]},
								"east": {"uv": [15, 32], "uv_size": [-1, 1]},
								"south": {"uv": [14, 32], "uv_size": [1, 1]},
								"west": {"uv": [14, 32], "uv_size": [1, 1]},
								"up": {"uv": [15, 33], "uv_size": [-1, -1]},
								"down": {"uv": [15, 33], "uv_size": [-1, -1]}
							}
						},
						{
							"origin": [-0.5, 30, -7],
							"size": [1, 1, 1],
							"uv": {
								"north": {"uv": [17, 31], "uv_size": [1, 1]},
								"east": {"uv": [18, 31], "uv_size": [-1, 1]},
								"south": {"uv": [17, 31], "uv_size": [1, 1]},
								"west": {"uv": [17, 31], "uv_size": [1, 1]},
								"up": {"uv": [18, 32], "uv_size": [-1, -1]},
								"down": {"uv": [18, 32], "uv_size": [-1, -1]}
							}
						},
						{
							"origin": [-0.5, 28, -7],
							"size": [1, 1, 1],
							"uv": {
								"north": {"uv": [15, 31], "uv_size": [1, 1]},
								"east": {"uv": [16, 31], "uv_size": [-1, 1]},
								"south": {"uv": [15, 31], "uv_size": [1, 1]},
								"west": {"uv": [15, 31], "uv_size": [1, 1]},
								"up": {"uv": [16, 32], "uv_size": [-1, -1]},
								"down": {"uv": [16, 32], "uv_size": [-1, -1]}
							}
						},
						{
							"origin": [-0.5, 31, -8],
							"size": [1, 1, 1],
							"uv": {
								"north": {"uv": [18, 30], "uv_size": [1, 1]},
								"east": {"uv": [19, 30], "uv_size": [-1, 1]},
								"south": {"uv": [18, 30], "uv_size": [1, 1]},
								"west": {"uv": [18, 30], "uv_size": [1, 1]},
								"up": {"uv": [19, 31], "uv_size": [-1, -1]},
								"down": {"uv": [19, 31], "uv_size": [-1, -1]}
							}
						},
						{
							"origin": [-0.5, 29, -8],
							"size": [1, 1, 1],
							"uv": {
								"north": {"uv": [16, 30], "uv_size": [1, 1]},
								"east": {"uv": [17, 30], "uv_size": [-1, 1]},
								"south": {"uv": [16, 30], "uv_size": [1, 1]},
								"west": {"uv": [16, 30], "uv_size": [1, 1]},
								"up": {"uv": [17, 31], "uv_size": [-1, -1]},
								"down": {"uv": [17, 31], "uv_size": [-1, -1]}
							}
						},
						{
							"origin": [-0.5, 32, -9],
							"size": [1, 1, 1],
							"uv": {
								"north": {"uv": [19, 29], "uv_size": [1, 1]},
								"east": {"uv": [20, 29], "uv_size": [-1, 1]},
								"south": {"uv": [19, 29], "uv_size": [1, 1]},
								"west": {"uv": [19, 29], "uv_size": [1, 1]},
								"up": {"uv": [20, 30], "uv_size": [-1, -1]},
								"down": {"uv": [20, 30], "uv_size": [-1, -1]}
							}
						},
						{
							"origin": [-0.5, 30, -9],
							"size": [1, 1, 1],
							"uv": {
								"north": {"uv": [17, 29], "uv_size": [1, 1]},
								"east": {"uv": [18, 29], "uv_size": [-1, 1]},
								"south": {"uv": [17, 29], "uv_size": [1, 1]},
								"west": {"uv": [17, 29], "uv_size": [1, 1]},
								"up": {"uv": [18, 30], "uv_size": [-1, -1]},
								"down": {"uv": [18, 30], "uv_size": [-1, -1]}
							}
						},
						{
							"origin": [-0.5, 33, -10],
							"size": [1, 1, 1],
							"uv": {
								"north": {"uv": [20, 28], "uv_size": [1, 1]},
								"east": {"uv": [21, 28], "uv_size": [-1, 1]},
								"south": {"uv": [20, 28], "uv_size": [1, 1]},
								"west": {"uv": [20, 28], "uv_size": [1, 1]},
								"up": {"uv": [21, 29], "uv_size": [-1, -1]},
								"down": {"uv": [21, 29], "uv_size": [-1, -1]}
							}
						},
						{
							"origin": [-0.5, 31, -10],
							"size": [1, 1, 1],
							"uv": {
								"north": {"uv": [18, 28], "uv_size": [1, 1]},
								"east": {"uv": [19, 28], "uv_size": [-1, 1]},
								"south": {"uv": [18, 28], "uv_size": [1, 1]},
								"west": {"uv": [18, 28], "uv_size": [1, 1]},
								"up": {"uv": [19, 29], "uv_size": [-1, -1]},
								"down": {"uv": [19, 29], "uv_size": [-1, -1]}
							}
						},
						{
							"origin": [-0.5, 34, -11],
							"size": [1, 1, 1],
							"uv": {
								"north": {"uv": [21, 27], "uv_size": [1, 1]},
								"east": {"uv": [22, 27], "uv_size": [-1, 1]},
								"south": {"uv": [21, 27], "uv_size": [1, 1]},
								"west": {"uv": [21, 27], "uv_size": [1, 1]},
								"up": {"uv": [22, 28], "uv_size": [-1, -1]},
								"down": {"uv": [22, 28], "uv_size": [-1, -1]}
							}
						},
						{
							"origin": [-0.5, 32, -11],
							"size": [1, 1, 1],
							"uv": {
								"north": {"uv": [19, 27], "uv_size": [1, 1]},
								"east": {"uv": [20, 27], "uv_size": [-1, 1]},
								"south": {"uv": [19, 27], "uv_size": [1, 1]},
								"west": {"uv": [19, 27], "uv_size": [1, 1]},
								"up": {"uv": [20, 28], "uv_size": [-1, -1]},
								"down": {"uv": [20, 28], "uv_size": [-1, -1]}
							}
						},
						{
							"origin": [-0.5, 35, -12],
							"size": [1, 1, 1],
							"uv": {
								"north": {"uv": [22, 26], "uv_size": [1, 1]},
								"east": {"uv": [23, 26], "uv_size": [-1, 1]},
								"south": {"uv": [22, 26], "uv_size": [1, 1]},
								"west": {"uv": [22, 26], "uv_size": [1, 1]},
								"up": {"uv": [23, 27], "uv_size": [-1, -1]},
								"down": {"uv": [23, 27], "uv_size": [-1, -1]}
							}
						},
						{
							"origin": [-0.5, 33, -12],
							"size": [1, 1, 1],
							"uv": {
								"north": {"uv": [20, 26], "uv_size": [1, 1]},
								"east": {"uv": [21, 26], "uv_size": [-1, 1]},
								"south": {"uv": [20, 26], "uv_size": [1, 1]},
								"west": {"uv": [20, 26], "uv_size": [1, 1]},
								"up": {"uv": [21, 27], "uv_size": [-1, -1]},
								"down": {"uv": [21, 27], "uv_size": [-1, -1]}
							}
						},
						{
							"origin": [-0.5, 36, -13],
							"size": [1, 1, 1],
							"uv": {
								"north": {"uv": [23, 25], "uv_size": [1, 1]},
								"east": {"uv": [24, 25], "uv_size": [-1, 1]},
								"south": {"uv": [23, 25], "uv_size": [1, 1]},
								"west": {"uv": [23, 25], "uv_size": [1, 1]},
								"up": {"uv": [24, 26], "uv_size": [-1, -1]},
								"down": {"uv": [24, 26], "uv_size": [-1, -1]}
							}
						},
						{
							"origin": [-0.5, 33, -13],
							"size": [1, 1, 1],
							"uv": {
								"north": {"uv": [20, 25], "uv_size": [1, 1]},
								"east": {"uv": [21, 25], "uv_size": [-1, 1]},
								"south": {"uv": [20, 25], "uv_size": [1, 1]},
								"west": {"uv": [20, 25], "uv_size": [1, 1]},
								"up": {"uv": [21, 26], "uv_size": [-1, -1]},
								"down": {"uv": [21, 26], "uv_size": [-1, -1]}
							}
						},
						{
							"origin": [-0.5, 37, -14],
							"size": [1, 1, 1],
							"uv": {
								"north": {"uv": [24, 24], "uv_size": [1, 1]},
								"east": {"uv": [25, 24], "uv_size": [-1, 1]},
								"south": {"uv": [24, 24], "uv_size": [1, 1]},
								"west": {"uv": [24, 24], "uv_size": [1, 1]},
								"up": {"uv": [25, 25], "uv_size": [-1, -1]},
								"down": {"uv": [25, 25], "uv_size": [-1, -1]}
							}
						},
						{
							"origin": [-0.5, 34, -14],
							"size": [1, 1, 1],
							"uv": {
								"north": {"uv": [21, 24], "uv_size": [1, 1]},
								"east": {"uv": [22, 24], "uv_size": [-1, 1]},
								"south": {"uv": [21, 24], "uv_size": [1, 1]},
								"west": {"uv": [21, 24], "uv_size": [1, 1]},
								"up": {"uv": [22, 25], "uv_size": [-1, -1]},
								"down": {"uv": [22, 25], "uv_size": [-1, -1]}
							}
						},
						{
							"origin": [-0.5, 38, -15],
							"size": [1, 1, 1],
							"uv": {
								"north": {"uv": [25, 23], "uv_size": [1, 1]},
								"east": {"uv": [26, 23], "uv_size": [-1, 1]},
								"south": {"uv": [25, 23], "uv_size": [1, 1]},
								"west": {"uv": [25, 23], "uv_size": [1, 1]},
								"up": {"uv": [26, 24], "uv_size": [-1, -1]},
								"down": {"uv": [26, 24], "uv_size": [-1, -1]}
							}
						},
						{
							"origin": [-0.5, 35, -15],
							"size": [1, 1, 1],
							"uv": {
								"north": {"uv": [22, 23], "uv_size": [1, 1]},
								"east": {"uv": [23, 23], "uv_size": [-1, 1]},
								"south": {"uv": [22, 23], "uv_size": [1, 1]},
								"west": {"uv": [22, 23], "uv_size": [1, 1]},
								"up": {"uv": [23, 24], "uv_size": [-1, -1]},
								"down": {"uv": [23, 24], "uv_size": [-1, -1]}
							}
						},
						{
							"origin": [-0.5, 47, -16],
							"size": [1, 1, 1],
							"uv": {
								"north": {"uv": [34, 22], "uv_size": [1, 1]},
								"east": {"uv": [35, 22], "uv_size": [-1, 1]},
								"south": {"uv": [34, 22], "uv_size": [1, 1]},
								"west": {"uv": [34, 22], "uv_size": [1, 1]},
								"up": {"uv": [35, 23], "uv_size": [-1, -1]},
								"down": {"uv": [35, 23], "uv_size": [-1, -1]}
							}
						},
						{
							"origin": [-0.5, 40, -16],
							"size": [1, 1, 1],
							"uv": {
								"north": {"uv": [27, 22], "uv_size": [1, 1]},
								"east": {"uv": [28, 22], "uv_size": [-1, 1]},
								"south": {"uv": [27, 22], "uv_size": [1, 1]},
								"west": {"uv": [27, 22], "uv_size": [1, 1]},
								"up": {"uv": [28, 23], "uv_size": [-1, -1]},
								"down": {"uv": [28, 23], "uv_size": [-1, -1]}
							}
						},
						{
							"origin": [-0.5, 39, -16],
							"size": [1, 1, 1],
							"uv": {
								"north": {"uv": [26, 22], "uv_size": [1, 1]},
								"east": {"uv": [27, 22], "uv_size": [-1, 1]},
								"south": {"uv": [26, 22], "uv_size": [1, 1]},
								"west": {"uv": [26, 22], "uv_size": [1, 1]},
								"up": {"uv": [27, 23], "uv_size": [-1, -1]},
								"down": {"uv": [27, 23], "uv_size": [-1, -1]}
							}
						},
						{
							"origin": [-0.5, 36, -16],
							"size": [1, 1, 1],
							"uv": {
								"north": {"uv": [23, 22], "uv_size": [1, 1]},
								"east": {"uv": [24, 22], "uv_size": [-1, 1]},
								"south": {"uv": [23, 22], "uv_size": [1, 1]},
								"west": {"uv": [23, 22], "uv_size": [1, 1]},
								"up": {"uv": [24, 23], "uv_size": [-1, -1]},
								"down": {"uv": [24, 23], "uv_size": [-1, -1]}
							}
						},
						{
							"origin": [-0.5, 48, -17],
							"size": [1, 1, 1],
							"uv": {
								"north": {"uv": [35, 21], "uv_size": [1, 1]},
								"east": {"uv": [36, 21], "uv_size": [-1, 1]},
								"south": {"uv": [35, 21], "uv_size": [1, 1]},
								"west": {"uv": [35, 21], "uv_size": [1, 1]},
								"up": {"uv": [36, 22], "uv_size": [-1, -1]},
								"down": {"uv": [36, 22], "uv_size": [-1, -1]}
							}
						},
						{
							"origin": [-0.5, 46, -17],
							"size": [1, 1, 1],
							"uv": {
								"north": {"uv": [33, 21], "uv_size": [1, 1]},
								"east": {"uv": [34, 21], "uv_size": [-1, 1]},
								"south": {"uv": [33, 21], "uv_size": [1, 1]},
								"west": {"uv": [33, 21], "uv_size": [1, 1]},
								"up": {"uv": [34, 22], "uv_size": [-1, -1]},
								"down": {"uv": [34, 22], "uv_size": [-1, -1]}
							}
						},
						{
							"origin": [-0.5, 42, -17],
							"size": [1, 1, 1],
							"uv": {
								"north": {"uv": [29, 21], "uv_size": [1, 1]},
								"east": {"uv": [30, 21], "uv_size": [-1, 1]},
								"south": {"uv": [29, 21], "uv_size": [1, 1]},
								"west": {"uv": [29, 21], "uv_size": [1, 1]},
								"up": {"uv": [30, 22], "uv_size": [-1, -1]},
								"down": {"uv": [30, 22], "uv_size": [-1, -1]}
							}
						},
						{
							"origin": [-0.5, 41, -17],
							"size": [1, 1, 1],
							"uv": {
								"north": {"uv": [28, 21], "uv_size": [1, 1]},
								"east": {"uv": [29, 21], "uv_size": [-1, 1]},
								"south": {"uv": [28, 21], "uv_size": [1, 1]},
								"west": {"uv": [28, 21], "uv_size": [1, 1]},
								"up": {"uv": [29, 22], "uv_size": [-1, -1]},
								"down": {"uv": [29, 22], "uv_size": [-1, -1]}
							}
						},
						{
							"origin": [-0.5, 36, -17],
							"size": [1, 1, 1],
							"uv": {
								"north": {"uv": [23, 21], "uv_size": [1, 1]},
								"east": {"uv": [24, 21], "uv_size": [-1, 1]},
								"south": {"uv": [23, 21], "uv_size": [1, 1]},
								"west": {"uv": [23, 21], "uv_size": [1, 1]},
								"up": {"uv": [24, 22], "uv_size": [-1, -1]},
								"down": {"uv": [24, 22], "uv_size": [-1, -1]}
							}
						},
						{
							"origin": [-0.5, 49, -18],
							"size": [1, 1, 1],
							"uv": {
								"north": {"uv": [36, 20], "uv_size": [1, 1]},
								"east": {"uv": [37, 20], "uv_size": [-1, 1]},
								"south": {"uv": [36, 20], "uv_size": [1, 1]},
								"west": {"uv": [36, 20], "uv_size": [1, 1]},
								"up": {"uv": [37, 21], "uv_size": [-1, -1]},
								"down": {"uv": [37, 21], "uv_size": [-1, -1]}
							}
						},
						{
							"origin": [-0.5, 45, -18],
							"size": [1, 1, 1],
							"uv": {
								"north": {"uv": [32, 20], "uv_size": [1, 1]},
								"east": {"uv": [33, 20], "uv_size": [-1, 1]},
								"south": {"uv": [32, 20], "uv_size": [1, 1]},
								"west": {"uv": [32, 20], "uv_size": [1, 1]},
								"up": {"uv": [33, 21], "uv_size": [-1, -1]},
								"down": {"uv": [33, 21], "uv_size": [-1, -1]}
							}
						},
						{
							"origin": [-0.5, 44, -18],
							"size": [1, 1, 1],
							"uv": {
								"north": {"uv": [31, 20], "uv_size": [1, 1]},
								"east": {"uv": [32, 20], "uv_size": [-1, 1]},
								"south": {"uv": [31, 20], "uv_size": [1, 1]},
								"west": {"uv": [31, 20], "uv_size": [1, 1]},
								"up": {"uv": [32, 21], "uv_size": [-1, -1]},
								"down": {"uv": [32, 21], "uv_size": [-1, -1]}
							}
						},
						{
							"origin": [-0.5, 43, -18],
							"size": [1, 1, 1],
							"uv": {
								"north": {"uv": [30, 20], "uv_size": [1, 1]},
								"east": {"uv": [31, 20], "uv_size": [-1, 1]},
								"south": {"uv": [30, 20], "uv_size": [1, 1]},
								"west": {"uv": [30, 20], "uv_size": [1, 1]},
								"up": {"uv": [31, 21], "uv_size": [-1, -1]},
								"down": {"uv": [31, 21], "uv_size": [-1, -1]}
							}
						},
						{
							"origin": [-0.5, 40, -18],
							"size": [1, 1, 1],
							"uv": {
								"north": {"uv": [27, 20], "uv_size": [1, 1]},
								"east": {"uv": [28, 20], "uv_size": [-1, 1]},
								"south": {"uv": [27, 20], "uv_size": [1, 1]},
								"west": {"uv": [27, 20], "uv_size": [1, 1]},
								"up": {"uv": [28, 21], "uv_size": [-1, -1]},
								"down": {"uv": [28, 21], "uv_size": [-1, -1]}
							}
						},
						{
							"origin": [-0.5, 39, -18],
							"size": [1, 1, 1],
							"uv": {
								"north": {"uv": [26, 20], "uv_size": [1, 1]},
								"east": {"uv": [27, 20], "uv_size": [-1, 1]},
								"south": {"uv": [26, 20], "uv_size": [1, 1]},
								"west": {"uv": [26, 20], "uv_size": [1, 1]},
								"up": {"uv": [27, 21], "uv_size": [-1, -1]},
								"down": {"uv": [27, 21], "uv_size": [-1, -1]}
							}
						},
						{
							"origin": [-0.5, 38, -18],
							"size": [1, 1, 1],
							"uv": {
								"north": {"uv": [25, 20], "uv_size": [1, 1]},
								"east": {"uv": [26, 20], "uv_size": [-1, 1]},
								"south": {"uv": [25, 20], "uv_size": [1, 1]},
								"west": {"uv": [25, 20], "uv_size": [1, 1]},
								"up": {"uv": [26, 21], "uv_size": [-1, -1]},
								"down": {"uv": [26, 21], "uv_size": [-1, -1]}
							}
						},
						{
							"origin": [-0.5, 37, -18],
							"size": [1, 1, 1],
							"uv": {
								"north": {"uv": [24, 20], "uv_size": [1, 1]},
								"east": {"uv": [25, 20], "uv_size": [-1, 1]},
								"south": {"uv": [24, 20], "uv_size": [1, 1]},
								"west": {"uv": [24, 20], "uv_size": [1, 1]},
								"up": {"uv": [25, 21], "uv_size": [-1, -1]},
								"down": {"uv": [25, 21], "uv_size": [-1, -1]}
							}
						},
						{
							"origin": [-0.5, 50, -19],
							"size": [1, 1, 1],
							"uv": {
								"north": {"uv": [37, 19], "uv_size": [1, 1]},
								"east": {"uv": [38, 19], "uv_size": [-1, 1]},
								"south": {"uv": [37, 19], "uv_size": [1, 1]},
								"west": {"uv": [37, 19], "uv_size": [1, 1]},
								"up": {"uv": [38, 20], "uv_size": [-1, -1]},
								"down": {"uv": [38, 20], "uv_size": [-1, -1]}
							}
						},
						{
							"origin": [-0.5, 43, -19],
							"size": [1, 1, 1],
							"uv": {
								"north": {"uv": [30, 19], "uv_size": [1, 1]},
								"east": {"uv": [31, 19], "uv_size": [-1, 1]},
								"south": {"uv": [30, 19], "uv_size": [1, 1]},
								"west": {"uv": [30, 19], "uv_size": [1, 1]},
								"up": {"uv": [31, 20], "uv_size": [-1, -1]},
								"down": {"uv": [31, 20], "uv_size": [-1, -1]}
							}
						},
						{
							"origin": [-0.5, 41, -19],
							"size": [1, 1, 1],
							"uv": {
								"north": {"uv": [28, 19], "uv_size": [1, 1]},
								"east": {"uv": [29, 19], "uv_size": [-1, 1]},
								"south": {"uv": [28, 19], "uv_size": [1, 1]},
								"west": {"uv": [28, 19], "uv_size": [1, 1]},
								"up": {"uv": [29, 20], "uv_size": [-1, -1]},
								"down": {"uv": [29, 20], "uv_size": [-1, -1]}
							}
						},
						{
							"origin": [-0.5, 51, -20],
							"size": [1, 1, 1],
							"uv": {
								"north": {"uv": [38, 18], "uv_size": [1, 1]},
								"east": {"uv": [39, 18], "uv_size": [-1, 1]},
								"south": {"uv": [38, 18], "uv_size": [1, 1]},
								"west": {"uv": [38, 18], "uv_size": [1, 1]},
								"up": {"uv": [39, 19], "uv_size": [-1, -1]},
								"down": {"uv": [39, 19], "uv_size": [-1, -1]}
							}
						},
						{
							"origin": [-0.5, 43, -20],
							"size": [1, 1, 1],
							"uv": {
								"north": {"uv": [30, 18], "uv_size": [1, 1]},
								"east": {"uv": [31, 18], "uv_size": [-1, 1]},
								"south": {"uv": [30, 18], "uv_size": [1, 1]},
								"west": {"uv": [30, 18], "uv_size": [1, 1]},
								"up": {"uv": [31, 19], "uv_size": [-1, -1]},
								"down": {"uv": [31, 19], "uv_size": [-1, -1]}
							}
						},
						{
							"origin": [-0.5, 42, -20],
							"size": [1, 1, 1],
							"uv": {
								"north": {"uv": [29, 18], "uv_size": [1, 1]},
								"east": {"uv": [30, 18], "uv_size": [-1, 1]},
								"south": {"uv": [29, 18], "uv_size": [1, 1]},
								"west": {"uv": [29, 18], "uv_size": [1, 1]},
								"up": {"uv": [30, 19], "uv_size": [-1, -1]},
								"down": {"uv": [30, 19], "uv_size": [-1, -1]}
							}
						},
						{
							"origin": [-0.5, 41, -20],
							"size": [1, 1, 1],
							"uv": {
								"north": {"uv": [28, 18], "uv_size": [1, 1]},
								"east": {"uv": [29, 18], "uv_size": [-1, 1]},
								"south": {"uv": [28, 18], "uv_size": [1, 1]},
								"west": {"uv": [28, 18], "uv_size": [1, 1]},
								"up": {"uv": [29, 19], "uv_size": [-1, -1]},
								"down": {"uv": [29, 19], "uv_size": [-1, -1]}
							}
						},
						{
							"origin": [-0.5, 39, -20],
							"size": [1, 1, 1],
							"uv": {
								"north": {"uv": [26, 18], "uv_size": [1, 1]},
								"east": {"uv": [27, 18], "uv_size": [-1, 1]},
								"south": {"uv": [26, 18], "uv_size": [1, 1]},
								"west": {"uv": [26, 18], "uv_size": [1, 1]},
								"up": {"uv": [27, 19], "uv_size": [-1, -1]},
								"down": {"uv": [27, 19], "uv_size": [-1, -1]}
							}
						},
						{
							"origin": [-0.5, 53, -21],
							"size": [1, 1, 1],
							"uv": {
								"north": {"uv": [40, 17], "uv_size": [1, 1]},
								"east": {"uv": [41, 17], "uv_size": [-1, 1]},
								"south": {"uv": [40, 17], "uv_size": [1, 1]},
								"west": {"uv": [40, 17], "uv_size": [1, 1]},
								"up": {"uv": [41, 18], "uv_size": [-1, -1]},
								"down": {"uv": [41, 18], "uv_size": [-1, -1]}
							}
						},
						{
							"origin": [-0.5, 52, -21],
							"size": [1, 1, 1],
							"uv": {
								"north": {"uv": [39, 17], "uv_size": [1, 1]},
								"east": {"uv": [40, 17], "uv_size": [-1, 1]},
								"south": {"uv": [39, 17], "uv_size": [1, 1]},
								"west": {"uv": [39, 17], "uv_size": [1, 1]},
								"up": {"uv": [40, 18], "uv_size": [-1, -1]},
								"down": {"uv": [40, 18], "uv_size": [-1, -1]}
							}
						},
						{
							"origin": [-0.5, 47, -21],
							"size": [1, 1, 1],
							"uv": {
								"north": {"uv": [34, 17], "uv_size": [1, 1]},
								"east": {"uv": [35, 17], "uv_size": [-1, 1]},
								"south": {"uv": [34, 17], "uv_size": [1, 1]},
								"west": {"uv": [34, 17], "uv_size": [1, 1]},
								"up": {"uv": [35, 18], "uv_size": [-1, -1]},
								"down": {"uv": [35, 18], "uv_size": [-1, -1]}
							}
						},
						{
							"origin": [-0.5, 40, -21],
							"size": [1, 1, 1],
							"uv": {
								"north": {"uv": [27, 17], "uv_size": [1, 1]},
								"east": {"uv": [28, 17], "uv_size": [-1, 1]},
								"south": {"uv": [27, 17], "uv_size": [1, 1]},
								"west": {"uv": [27, 17], "uv_size": [1, 1]},
								"up": {"uv": [28, 18], "uv_size": [-1, -1]},
								"down": {"uv": [28, 18], "uv_size": [-1, -1]}
							}
						},
						{
							"origin": [-0.5, 39, -21],
							"size": [1, 1, 1],
							"uv": {
								"north": {"uv": [26, 17], "uv_size": [1, 1]},
								"east": {"uv": [27, 17], "uv_size": [-1, 1]},
								"south": {"uv": [26, 17], "uv_size": [1, 1]},
								"west": {"uv": [26, 17], "uv_size": [1, 1]},
								"up": {"uv": [27, 18], "uv_size": [-1, -1]},
								"down": {"uv": [27, 18], "uv_size": [-1, -1]}
							}
						},
						{
							"origin": [-0.5, 37, -21],
							"size": [1, 1, 1],
							"uv": {
								"north": {"uv": [24, 17], "uv_size": [1, 1]},
								"east": {"uv": [25, 17], "uv_size": [-1, 1]},
								"south": {"uv": [24, 17], "uv_size": [1, 1]},
								"west": {"uv": [24, 17], "uv_size": [1, 1]},
								"up": {"uv": [25, 18], "uv_size": [-1, -1]},
								"down": {"uv": [25, 18], "uv_size": [-1, -1]}
							}
						},
						{
							"origin": [-0.5, 52, -22],
							"size": [1, 1, 1],
							"uv": {
								"north": {"uv": [39, 16], "uv_size": [1, 1]},
								"east": {"uv": [40, 16], "uv_size": [-1, 1]},
								"south": {"uv": [39, 16], "uv_size": [1, 1]},
								"west": {"uv": [39, 16], "uv_size": [1, 1]},
								"up": {"uv": [40, 17], "uv_size": [-1, -1]},
								"down": {"uv": [40, 17], "uv_size": [-1, -1]}
							}
						},
						{
							"origin": [-0.5, 51, -22],
							"size": [1, 1, 1],
							"uv": {
								"north": {"uv": [38, 16], "uv_size": [1, 1]},
								"east": {"uv": [39, 16], "uv_size": [-1, 1]},
								"south": {"uv": [38, 16], "uv_size": [1, 1]},
								"west": {"uv": [38, 16], "uv_size": [1, 1]},
								"up": {"uv": [39, 17], "uv_size": [-1, -1]},
								"down": {"uv": [39, 17], "uv_size": [-1, -1]}
							}
						},
						{
							"origin": [-0.5, 48, -22],
							"size": [1, 1, 1],
							"uv": {
								"north": {"uv": [35, 16], "uv_size": [1, 1]},
								"east": {"uv": [36, 16], "uv_size": [-1, 1]},
								"south": {"uv": [35, 16], "uv_size": [1, 1]},
								"west": {"uv": [35, 16], "uv_size": [1, 1]},
								"up": {"uv": [36, 17], "uv_size": [-1, -1]},
								"down": {"uv": [36, 17], "uv_size": [-1, -1]}
							}
						},
						{
							"origin": [-0.5, 46, -22],
							"size": [1, 1, 1],
							"uv": {
								"north": {"uv": [33, 16], "uv_size": [1, 1]},
								"east": {"uv": [34, 16], "uv_size": [-1, 1]},
								"south": {"uv": [33, 16], "uv_size": [1, 1]},
								"west": {"uv": [33, 16], "uv_size": [1, 1]},
								"up": {"uv": [34, 17], "uv_size": [-1, -1]},
								"down": {"uv": [34, 17], "uv_size": [-1, -1]}
							}
						},
						{
							"origin": [-0.5, 38, -22],
							"size": [1, 1, 1],
							"uv": {
								"north": {"uv": [25, 16], "uv_size": [1, 1]},
								"east": {"uv": [26, 16], "uv_size": [-1, 1]},
								"south": {"uv": [25, 16], "uv_size": [1, 1]},
								"west": {"uv": [25, 16], "uv_size": [1, 1]},
								"up": {"uv": [26, 17], "uv_size": [-1, -1]},
								"down": {"uv": [26, 17], "uv_size": [-1, -1]}
							}
						},
						{
							"origin": [-0.5, 37, -22],
							"size": [1, 1, 1],
							"uv": {
								"north": {"uv": [24, 16], "uv_size": [1, 1]},
								"east": {"uv": [25, 16], "uv_size": [-1, 1]},
								"south": {"uv": [24, 16], "uv_size": [1, 1]},
								"west": {"uv": [24, 16], "uv_size": [1, 1]},
								"up": {"uv": [25, 17], "uv_size": [-1, -1]},
								"down": {"uv": [25, 17], "uv_size": [-1, -1]}
							}
						},
						{
							"origin": [-0.5, 50, -23],
							"size": [1, 1, 1],
							"uv": {
								"north": {"uv": [37, 15], "uv_size": [1, 1]},
								"east": {"uv": [38, 15], "uv_size": [-1, 1]},
								"south": {"uv": [37, 15], "uv_size": [1, 1]},
								"west": {"uv": [37, 15], "uv_size": [1, 1]},
								"up": {"uv": [38, 16], "uv_size": [-1, -1]},
								"down": {"uv": [38, 16], "uv_size": [-1, -1]}
							}
						},
						{
							"origin": [-0.5, 49, -23],
							"size": [1, 1, 1],
							"uv": {
								"north": {"uv": [36, 15], "uv_size": [1, 1]},
								"east": {"uv": [37, 15], "uv_size": [-1, 1]},
								"south": {"uv": [36, 15], "uv_size": [1, 1]},
								"west": {"uv": [36, 15], "uv_size": [1, 1]},
								"up": {"uv": [37, 16], "uv_size": [-1, -1]},
								"down": {"uv": [37, 16], "uv_size": [-1, -1]}
							}
						},
						{
							"origin": [-0.5, 46, -23],
							"size": [1, 1, 1],
							"uv": {
								"north": {"uv": [33, 15], "uv_size": [1, 1]},
								"east": {"uv": [34, 15], "uv_size": [-1, 1]},
								"south": {"uv": [33, 15], "uv_size": [1, 1]},
								"west": {"uv": [33, 15], "uv_size": [1, 1]},
								"up": {"uv": [34, 16], "uv_size": [-1, -1]},
								"down": {"uv": [34, 16], "uv_size": [-1, -1]}
							}
						},
						{
							"origin": [-0.5, 45, -23],
							"size": [1, 1, 1],
							"uv": {
								"north": {"uv": [32, 15], "uv_size": [1, 1]},
								"east": {"uv": [33, 15], "uv_size": [-1, 1]},
								"south": {"uv": [32, 15], "uv_size": [1, 1]},
								"west": {"uv": [32, 15], "uv_size": [1, 1]},
								"up": {"uv": [33, 16], "uv_size": [-1, -1]},
								"down": {"uv": [33, 16], "uv_size": [-1, -1]}
							}
						},
						{
							"origin": [-0.5, 44, -23],
							"size": [1, 1, 1],
							"uv": {
								"north": {"uv": [31, 15], "uv_size": [1, 1]},
								"east": {"uv": [32, 15], "uv_size": [-1, 1]},
								"south": {"uv": [31, 15], "uv_size": [1, 1]},
								"west": {"uv": [31, 15], "uv_size": [1, 1]},
								"up": {"uv": [32, 16], "uv_size": [-1, -1]},
								"down": {"uv": [32, 16], "uv_size": [-1, -1]}
							}
						},
						{
							"origin": [-0.5, 43, -23],
							"size": [1, 1, 1],
							"uv": {
								"north": {"uv": [30, 15], "uv_size": [1, 1]},
								"east": {"uv": [31, 15], "uv_size": [-1, 1]},
								"south": {"uv": [30, 15], "uv_size": [1, 1]},
								"west": {"uv": [30, 15], "uv_size": [1, 1]},
								"up": {"uv": [31, 16], "uv_size": [-1, -1]},
								"down": {"uv": [31, 16], "uv_size": [-1, -1]}
							}
						},
						{
							"origin": [-0.5, 37, -23],
							"size": [1, 1, 1],
							"uv": {
								"north": {"uv": [24, 15], "uv_size": [1, 1]},
								"east": {"uv": [25, 15], "uv_size": [-1, 1]},
								"south": {"uv": [24, 15], "uv_size": [1, 1]},
								"west": {"uv": [24, 15], "uv_size": [1, 1]},
								"up": {"uv": [25, 16], "uv_size": [-1, -1]},
								"down": {"uv": [25, 16], "uv_size": [-1, -1]}
							}
						},
						{
							"origin": [-0.5, 33, -23],
							"size": [1, 1, 1],
							"uv": {
								"north": {"uv": [20, 15], "uv_size": [1, 1]},
								"east": {"uv": [21, 15], "uv_size": [-1, 1]},
								"south": {"uv": [20, 15], "uv_size": [1, 1]},
								"west": {"uv": [20, 15], "uv_size": [1, 1]},
								"up": {"uv": [21, 16], "uv_size": [-1, -1]},
								"down": {"uv": [21, 16], "uv_size": [-1, -1]}
							}
						},
						{
							"origin": [-0.5, 32, -23],
							"size": [1, 1, 1],
							"uv": {
								"north": {"uv": [19, 15], "uv_size": [1, 1]},
								"east": {"uv": [20, 15], "uv_size": [-1, 1]},
								"south": {"uv": [19, 15], "uv_size": [1, 1]},
								"west": {"uv": [19, 15], "uv_size": [1, 1]},
								"up": {"uv": [20, 16], "uv_size": [-1, -1]},
								"down": {"uv": [20, 16], "uv_size": [-1, -1]}
							}
						},
						{
							"origin": [-0.5, 50, -24],
							"size": [1, 1, 1],
							"uv": {
								"north": {"uv": [37, 14], "uv_size": [1, 1]},
								"east": {"uv": [38, 14], "uv_size": [-1, 1]},
								"south": {"uv": [37, 14], "uv_size": [1, 1]},
								"west": {"uv": [37, 14], "uv_size": [1, 1]},
								"up": {"uv": [38, 15], "uv_size": [-1, -1]},
								"down": {"uv": [38, 15], "uv_size": [-1, -1]}
							}
						},
						{
							"origin": [-0.5, 43, -24],
							"size": [1, 1, 1],
							"uv": {
								"north": {"uv": [30, 14], "uv_size": [1, 1]},
								"east": {"uv": [31, 14], "uv_size": [-1, 1]},
								"south": {"uv": [30, 14], "uv_size": [1, 1]},
								"west": {"uv": [30, 14], "uv_size": [1, 1]},
								"up": {"uv": [31, 15], "uv_size": [-1, -1]},
								"down": {"uv": [31, 15], "uv_size": [-1, -1]}
							}
						},
						{
							"origin": [-0.5, 42, -24],
							"size": [1, 1, 1],
							"uv": {
								"north": {"uv": [29, 14], "uv_size": [1, 1]},
								"east": {"uv": [30, 14], "uv_size": [-1, 1]},
								"south": {"uv": [29, 14], "uv_size": [1, 1]},
								"west": {"uv": [29, 14], "uv_size": [1, 1]},
								"up": {"uv": [30, 15], "uv_size": [-1, -1]},
								"down": {"uv": [30, 15], "uv_size": [-1, -1]}
							}
						},
						{
							"origin": [-0.5, 41, -24],
							"size": [1, 1, 1],
							"uv": {
								"north": {"uv": [28, 14], "uv_size": [1, 1]},
								"east": {"uv": [29, 14], "uv_size": [-1, 1]},
								"south": {"uv": [28, 14], "uv_size": [1, 1]},
								"west": {"uv": [28, 14], "uv_size": [1, 1]},
								"up": {"uv": [29, 15], "uv_size": [-1, -1]},
								"down": {"uv": [29, 15], "uv_size": [-1, -1]}
							}
						},
						{
							"origin": [-0.5, 37, -24],
							"size": [1, 1, 1],
							"uv": {
								"north": {"uv": [24, 14], "uv_size": [1, 1]},
								"east": {"uv": [25, 14], "uv_size": [-1, 1]},
								"south": {"uv": [24, 14], "uv_size": [1, 1]},
								"west": {"uv": [24, 14], "uv_size": [1, 1]},
								"up": {"uv": [25, 15], "uv_size": [-1, -1]},
								"down": {"uv": [25, 15], "uv_size": [-1, -1]}
							}
						},
						{
							"origin": [-0.5, 36, -24],
							"size": [1, 1, 1],
							"uv": {
								"north": {"uv": [23, 14], "uv_size": [1, 1]},
								"east": {"uv": [24, 14], "uv_size": [-1, 1]},
								"south": {"uv": [23, 14], "uv_size": [1, 1]},
								"west": {"uv": [23, 14], "uv_size": [1, 1]},
								"up": {"uv": [24, 15], "uv_size": [-1, -1]},
								"down": {"uv": [24, 15], "uv_size": [-1, -1]}
							}
						},
						{
							"origin": [-0.5, 35, -24],
							"size": [1, 1, 1],
							"uv": {
								"north": {"uv": [22, 14], "uv_size": [1, 1]},
								"east": {"uv": [23, 14], "uv_size": [-1, 1]},
								"south": {"uv": [22, 14], "uv_size": [1, 1]},
								"west": {"uv": [22, 14], "uv_size": [1, 1]},
								"up": {"uv": [23, 15], "uv_size": [-1, -1]},
								"down": {"uv": [23, 15], "uv_size": [-1, -1]}
							}
						},
						{
							"origin": [-0.5, 34, -24],
							"size": [1, 1, 1],
							"uv": {
								"north": {"uv": [21, 14], "uv_size": [1, 1]},
								"east": {"uv": [22, 14], "uv_size": [-1, 1]},
								"south": {"uv": [21, 14], "uv_size": [1, 1]},
								"west": {"uv": [21, 14], "uv_size": [1, 1]},
								"up": {"uv": [22, 15], "uv_size": [-1, -1]},
								"down": {"uv": [22, 15], "uv_size": [-1, -1]}
							}
						},
						{
							"origin": [-0.5, 31, -24],
							"size": [1, 1, 1],
							"uv": {
								"north": {"uv": [18, 14], "uv_size": [1, 1]},
								"east": {"uv": [19, 14], "uv_size": [-1, 1]},
								"south": {"uv": [18, 14], "uv_size": [1, 1]},
								"west": {"uv": [18, 14], "uv_size": [1, 1]},
								"up": {"uv": [19, 15], "uv_size": [-1, -1]},
								"down": {"uv": [19, 15], "uv_size": [-1, -1]}
							}
						},
						{
							"origin": [-0.5, 41, -25],
							"size": [1, 1, 1],
							"uv": {
								"north": {"uv": [28, 13], "uv_size": [1, 1]},
								"east": {"uv": [29, 13], "uv_size": [-1, 1]},
								"south": {"uv": [28, 13], "uv_size": [1, 1]},
								"west": {"uv": [28, 13], "uv_size": [1, 1]},
								"up": {"uv": [29, 14], "uv_size": [-1, -1]},
								"down": {"uv": [29, 14], "uv_size": [-1, -1]}
							}
						},
						{
							"origin": [-0.5, 31, -25],
							"size": [1, 1, 1],
							"uv": {
								"north": {"uv": [18, 13], "uv_size": [1, 1]},
								"east": {"uv": [19, 13], "uv_size": [-1, 1]},
								"south": {"uv": [18, 13], "uv_size": [1, 1]},
								"west": {"uv": [18, 13], "uv_size": [1, 1]},
								"up": {"uv": [19, 14], "uv_size": [-1, -1]},
								"down": {"uv": [19, 14], "uv_size": [-1, -1]}
							}
						},
						{
							"origin": [-0.5, 30, -25],
							"size": [1, 1, 1],
							"uv": {
								"north": {"uv": [17, 13], "uv_size": [1, 1]},
								"east": {"uv": [18, 13], "uv_size": [-1, 1]},
								"south": {"uv": [17, 13], "uv_size": [1, 1]},
								"west": {"uv": [17, 13], "uv_size": [1, 1]},
								"up": {"uv": [18, 14], "uv_size": [-1, -1]},
								"down": {"uv": [18, 14], "uv_size": [-1, -1]}
							}
						},
						{
							"origin": [-0.5, 42, -26],
							"size": [1, 1, 1],
							"uv": {
								"north": {"uv": [29, 12], "uv_size": [1, 1]},
								"east": {"uv": [30, 12], "uv_size": [-1, 1]},
								"south": {"uv": [29, 12], "uv_size": [1, 1]},
								"west": {"uv": [29, 12], "uv_size": [1, 1]},
								"up": {"uv": [30, 13], "uv_size": [-1, -1]},
								"down": {"uv": [30, 13], "uv_size": [-1, -1]}
							}
						},
						{
							"origin": [-0.5, 41, -26],
							"size": [1, 1, 1],
							"uv": {
								"north": {"uv": [28, 12], "uv_size": [1, 1]},
								"east": {"uv": [29, 12], "uv_size": [-1, 1]},
								"south": {"uv": [28, 12], "uv_size": [1, 1]},
								"west": {"uv": [28, 12], "uv_size": [1, 1]},
								"up": {"uv": [29, 13], "uv_size": [-1, -1]},
								"down": {"uv": [29, 13], "uv_size": [-1, -1]}
							}
						},
						{
							"origin": [-0.5, 40, -26],
							"size": [1, 1, 1],
							"uv": {
								"north": {"uv": [27, 12], "uv_size": [1, 1]},
								"east": {"uv": [28, 12], "uv_size": [-1, 1]},
								"south": {"uv": [27, 12], "uv_size": [1, 1]},
								"west": {"uv": [27, 12], "uv_size": [1, 1]},
								"up": {"uv": [28, 13], "uv_size": [-1, -1]},
								"down": {"uv": [28, 13], "uv_size": [-1, -1]}
							}
						},
						{
							"origin": [-0.5, 39, -26],
							"size": [1, 1, 1],
							"uv": {
								"north": {"uv": [26, 12], "uv_size": [1, 1]},
								"east": {"uv": [27, 12], "uv_size": [-1, 1]},
								"south": {"uv": [26, 12], "uv_size": [1, 1]},
								"west": {"uv": [26, 12], "uv_size": [1, 1]},
								"up": {"uv": [27, 13], "uv_size": [-1, -1]},
								"down": {"uv": [27, 13], "uv_size": [-1, -1]}
							}
						},
						{
							"origin": [-0.5, 34, -26],
							"size": [1, 1, 1],
							"uv": {
								"north": {"uv": [21, 12], "uv_size": [1, 1]},
								"east": {"uv": [22, 12], "uv_size": [-1, 1]},
								"south": {"uv": [21, 12], "uv_size": [1, 1]},
								"west": {"uv": [21, 12], "uv_size": [1, 1]},
								"up": {"uv": [22, 13], "uv_size": [-1, -1]},
								"down": {"uv": [22, 13], "uv_size": [-1, -1]}
							}
						},
						{
							"origin": [-0.5, 33, -26],
							"size": [1, 1, 1],
							"uv": {
								"north": {"uv": [20, 12], "uv_size": [1, 1]},
								"east": {"uv": [21, 12], "uv_size": [-1, 1]},
								"south": {"uv": [20, 12], "uv_size": [1, 1]},
								"west": {"uv": [20, 12], "uv_size": [1, 1]},
								"up": {"uv": [21, 13], "uv_size": [-1, -1]},
								"down": {"uv": [21, 13], "uv_size": [-1, -1]}
							}
						},
						{
							"origin": [-0.5, 30, -26],
							"size": [1, 1, 1],
							"uv": {
								"north": {"uv": [17, 12], "uv_size": [1, 1]},
								"east": {"uv": [18, 12], "uv_size": [-1, 1]},
								"south": {"uv": [17, 12], "uv_size": [1, 1]},
								"west": {"uv": [17, 12], "uv_size": [1, 1]},
								"up": {"uv": [18, 13], "uv_size": [-1, -1]},
								"down": {"uv": [18, 13], "uv_size": [-1, -1]}
							}
						},
						{
							"origin": [-0.5, 38, -27],
							"size": [1, 1, 1],
							"uv": {
								"north": {"uv": [25, 11], "uv_size": [1, 1]},
								"east": {"uv": [26, 11], "uv_size": [-1, 1]},
								"south": {"uv": [25, 11], "uv_size": [1, 1]},
								"west": {"uv": [25, 11], "uv_size": [1, 1]},
								"up": {"uv": [26, 12], "uv_size": [-1, -1]},
								"down": {"uv": [26, 12], "uv_size": [-1, -1]}
							}
						},
						{
							"origin": [-0.5, 37, -27],
							"size": [1, 1, 1],
							"uv": {
								"north": {"uv": [24, 11], "uv_size": [1, 1]},
								"east": {"uv": [25, 11], "uv_size": [-1, 1]},
								"south": {"uv": [24, 11], "uv_size": [1, 1]},
								"west": {"uv": [24, 11], "uv_size": [1, 1]},
								"up": {"uv": [25, 12], "uv_size": [-1, -1]},
								"down": {"uv": [25, 12], "uv_size": [-1, -1]}
							}
						},
						{
							"origin": [-0.5, 36, -27],
							"size": [1, 1, 1],
							"uv": {
								"north": {"uv": [23, 11], "uv_size": [1, 1]},
								"east": {"uv": [24, 11], "uv_size": [-1, 1]},
								"south": {"uv": [23, 11], "uv_size": [1, 1]},
								"west": {"uv": [23, 11], "uv_size": [1, 1]},
								"up": {"uv": [24, 12], "uv_size": [-1, -1]},
								"down": {"uv": [24, 12], "uv_size": [-1, -1]}
							}
						},
						{
							"origin": [-0.5, 35, -27],
							"size": [1, 1, 1],
							"uv": {
								"north": {"uv": [22, 11], "uv_size": [1, 1]},
								"east": {"uv": [23, 11], "uv_size": [-1, 1]},
								"south": {"uv": [22, 11], "uv_size": [1, 1]},
								"west": {"uv": [22, 11], "uv_size": [1, 1]},
								"up": {"uv": [23, 12], "uv_size": [-1, -1]},
								"down": {"uv": [23, 12], "uv_size": [-1, -1]}
							}
						},
						{
							"origin": [-0.5, 32, -27],
							"size": [1, 1, 1],
							"uv": {
								"north": {"uv": [19, 11], "uv_size": [1, 1]},
								"east": {"uv": [20, 11], "uv_size": [-1, 1]},
								"south": {"uv": [19, 11], "uv_size": [1, 1]},
								"west": {"uv": [19, 11], "uv_size": [1, 1]},
								"up": {"uv": [20, 12], "uv_size": [-1, -1]},
								"down": {"uv": [20, 12], "uv_size": [-1, -1]}
							}
						},
						{
							"origin": [-0.5, 30, -27],
							"size": [1, 1, 1],
							"uv": {
								"north": {"uv": [17, 11], "uv_size": [1, 1]},
								"east": {"uv": [18, 11], "uv_size": [-1, 1]},
								"south": {"uv": [17, 11], "uv_size": [1, 1]},
								"west": {"uv": [17, 11], "uv_size": [1, 1]},
								"up": {"uv": [18, 12], "uv_size": [-1, -1]},
								"down": {"uv": [18, 12], "uv_size": [-1, -1]}
							}
						},
						{
							"origin": [-0.5, 31, -28],
							"size": [1, 1, 1],
							"uv": {
								"north": {"uv": [18, 10], "uv_size": [1, 1]},
								"east": {"uv": [19, 10], "uv_size": [-1, 1]},
								"south": {"uv": [18, 10], "uv_size": [1, 1]},
								"west": {"uv": [18, 10], "uv_size": [1, 1]},
								"up": {"uv": [19, 11], "uv_size": [-1, -1]},
								"down": {"uv": [19, 11], "uv_size": [-1, -1]}
							}
						},
						{
							"origin": [-0.5, 31, -29],
							"size": [1, 1, 1],
							"uv": {
								"north": {"uv": [18, 9], "uv_size": [1, 1]},
								"east": {"uv": [19, 9], "uv_size": [-1, 1]},
								"south": {"uv": [18, 9], "uv_size": [1, 1]},
								"west": {"uv": [18, 9], "uv_size": [1, 1]},
								"up": {"uv": [19, 10], "uv_size": [-1, -1]},
								"down": {"uv": [19, 10], "uv_size": [-1, -1]}
							}
						}
					]
				}
			]
		}
	]
}