{
	"format_version": "1.12.0",
	"minecraft:geometry": [
		{
			"description": {
				"identifier": "geometry.humanoid.armor.leggings",
				"texture_width": 64,
				"texture_height": 32,
				"visible_bounds_width": 2,
				"visible_bounds_height": 2,
				"visible_bounds_offset": [0, 0, 0]
			},
			"bones": [
				{
					"name": "root",
					"pivot": [0, 0, 0]
				},
				{
					"name": "body",
					"parent": "root",
					"pivot": [0, 13, 0],
					"cubes": [
						{
							"origin": [-16, 0, 17.4],
							"size": [4, 5.5, 0.5],
							"pivot": [4, -31, 18],
							"rotation": [0, -90, 0],
							"uv": {
								"north": {"uv": [16, 27], "uv_size": [4, 5]},
								"east": {"uv": [20, 27], "uv_size": [-1, 5]},
								"south": {"uv": [20, 27], "uv_size": [-4, 5]},
								"west": {"uv": [17, 27], "uv_size": [-1, 5]},
								"up": {"uv": [16, 28], "uv_size": [4, -1]},
								"down": {"uv": [16, 32], "uv_size": [4, -1]}
							}
						},
						{
							"origin": [-36, 0, -30.6],
							"size": [4, 5.5, 0.5],
							"pivot": [-4, -31, -30],
							"rotation": [0, 90, 0],
							"uv": {
								"north": {"uv": [32, 27], "uv_size": [-4, 5]},
								"east": {"uv": [31, 27], "uv_size": [1, 5]},
								"south": {"uv": [28, 27], "uv_size": [4, 5]},
								"west": {"uv": [28, 27], "uv_size": [1, 5]},
								"up": {"uv": [32, 28], "uv_size": [-4, -1]},
								"down": {"uv": [32, 32], "uv_size": [-4, -1]}
							}
						},
						{
							"origin": [-4.6, 0, 2],
							"size": [9.2, 5.5, 0.6],
							"uv": {
								"north": {"uv": [40, 27], "uv_size": [-8, 5]},
								"east": {"uv": [39, 27], "uv_size": [1, 5]},
								"south": {"uv": [32, 27], "uv_size": [8, 5]},
								"west": {"uv": [32, 27], "uv_size": [1, 5]},
								"up": {"uv": [40, 28], "uv_size": [-8, -1]},
								"down": {"uv": [40, 32], "uv_size": [-8, -1]}
							}
						},
						{
							"origin": [-4.6, 0, -2.6],
							"size": [9.2, 5.5, 0.6],
							"uv": {
								"north": {"uv": [20, 27], "uv_size": [8, 5]},
								"east": {"uv": [28, 27], "uv_size": [-1, 5]},
								"south": {"uv": [28, 27], "uv_size": [-8, 5]},
								"west": {"uv": [21, 27], "uv_size": [-1, 5]},
								"up": {"uv": [20, 28], "uv_size": [8, -1]},
								"down": {"uv": [20, 32], "uv_size": [8, -1]}
							}
						}
					]
				},
				{
					"name": "leftLeg",
					"parent": "root",
					"pivot": [1.9, 0, 0],
					"cubes": [
						{
							"origin": [-8.5, -6.5, 8.1],
							"size": [4, 7, 0.5],
							"pivot": [3, -42, 9.5],
							"rotation": [0, -90, 0],
							"uv": {
								"north": {"uv": [12, 20], "uv_size": [-4, 7]},
								"east": {"uv": [11, 20], "uv_size": [1, 7]},
								"south": {"uv": [8, 20], "uv_size": [4, 7]},
								"west": {"uv": [8, 20], "uv_size": [1, 7]},
								"up": {"uv": [12, 21], "uv_size": [-4, -1]},
								"down": {"uv": [12, 29], "uv_size": [-4, -1]}
							}
						},
						{
							"origin": [-5.5, -6.5, 1.6],
							"size": [4, 7, 0.5],
							"pivot": [-1, -42, 2.5],
							"rotation": [0, -90, 0],
							"uv": {
								"north": {"uv": [4, 20], "uv_size": [-4, 7]},
								"east": {"uv": [3, 20], "uv_size": [1, 7]},
								"south": {"uv": [0, 20], "uv_size": [4, 7]},
								"west": {"uv": [0, 20], "uv_size": [1, 7]},
								"up": {"uv": [4, 21], "uv_size": [-4, -1]},
								"down": {"uv": [4, 29], "uv_size": [-4, -1]}
							}
						},
						{
							"origin": [-0.1, 43.5, -46],
							"size": [4, 4, 0.5],
							"pivot": [8, 0, -45.5],
							"rotation": [-90, 0, 0],
							"uv": {
								"north": {"uv": [8, 16], "uv_size": [-4, 4]},
								"east": {"uv": [7, 16], "uv_size": [1, 4]},
								"south": {"uv": [4, 16], "uv_size": [4, 4]},
								"west": {"uv": [4, 16], "uv_size": [1, 4]},
								"up": {"uv": [8, 17], "uv_size": [-4, -1]},
								"down": {"uv": [8, 20], "uv_size": [-4, -1]}
							}
						},
						{
							"origin": [-28.4, -6.5, 0.5],
							"size": [5, 7, 0.5],
							"pivot": [-12, -42, 1.5],
							"rotation": [-180, 0, 180],
							"uv": {
								"north": {"uv": [16, 20], "uv_size": [-4, 7]},
								"east": {"uv": [15, 20], "uv_size": [1, 7]},
								"south": {"uv": [12, 20], "uv_size": [4, 7]},
								"west": {"uv": [12, 20], "uv_size": [1, 7]},
								"up": {"uv": [16, 21], "uv_size": [-4, -1]},
								"down": {"uv": [16, 29], "uv_size": [-4, -1]}
							}
						},
						{
							"origin": [-0.6, -6.5, -2.5],
							"size": [5, 7, 0.5],
							"uv": {
								"north": {"uv": [8, 20], "uv_size": [-4, 7]},
								"east": {"uv": [7, 20], "uv_size": [1, 7]},
								"south": {"uv": [4, 20], "uv_size": [4, 7]},
								"west": {"uv": [4, 20], "uv_size": [1, 7]},
								"up": {"uv": [8, 21], "uv_size": [-4, -1]},
								"down": {"uv": [8, 29], "uv_size": [-4, -1]}
							}
						}
					]
				},
				{
					"name": "leftLeg2",
					"parent": "leftLeg",
					"pivot": [1.9, -6, 0],
					"cubes": [
						{
							"origin": [-8.5, -9, 8.1],
							"size": [4, 3.5, 0.5],
							"pivot": [3, -45, 9.5],
							"rotation": [0, -90, 0],
							"uv": {
								"north": {"uv": [12, 26], "uv_size": [-4, 3]},
								"east": {"uv": [11, 26], "uv_size": [1, 3]},
								"south": {"uv": [8, 26], "uv_size": [4, 3]},
								"west": {"uv": [8, 26], "uv_size": [1, 3]},
								"up": {"uv": [12, 21], "uv_size": [-4, -1]},
								"down": {"uv": [12, 29], "uv_size": [-4, -1]}
							}
						},
						{
							"origin": [-5.5, -9, 1.6],
							"size": [4, 3.5, 0.5],
							"pivot": [-1, -45, 2.5],
							"rotation": [0, -90, 0],
							"uv": {
								"north": {"uv": [4, 26], "uv_size": [-4, 3]},
								"east": {"uv": [3, 26], "uv_size": [1, 3]},
								"south": {"uv": [0, 26], "uv_size": [4, 3]},
								"west": {"uv": [0, 26], "uv_size": [1, 3]},
								"up": {"uv": [4, 21], "uv_size": [-4, -1]},
								"down": {"uv": [4, 29], "uv_size": [-4, -1]}
							}
						},
						{
							"origin": [-28.4, -9, 0.5],
							"size": [5, 3.5, 0.5],
							"pivot": [-12, -45, 1.5],
							"rotation": [-180, 0, 180],
							"uv": {
								"north": {"uv": [16, 26], "uv_size": [-4, 3]},
								"east": {"uv": [15, 26], "uv_size": [1, 3]},
								"south": {"uv": [12, 26], "uv_size": [4, 3]},
								"west": {"uv": [12, 26], "uv_size": [1, 3]},
								"up": {"uv": [16, 21], "uv_size": [-4, -1]},
								"down": {"uv": [16, 29], "uv_size": [-4, -1]}
							}
						},
						{
							"origin": [-0.6, -9, -2.5],
							"size": [5, 3.5, 0.5],
							"uv": {
								"north": {"uv": [8, 26], "uv_size": [-4, 3]},
								"east": {"uv": [7, 26], "uv_size": [1, 3]},
								"south": {"uv": [4, 26], "uv_size": [4, 3]},
								"west": {"uv": [4, 26], "uv_size": [1, 3]},
								"up": {"uv": [8, 21], "uv_size": [-4, -1]},
								"down": {"uv": [8, 29], "uv_size": [-4, -1]}
							}
						}
					]
				},
				{
					"name": "rightLeg",
					"parent": "root",
					"pivot": [-1.9, 0, 0],
					"cubes": [
						{
							"origin": [-3.9, 43.5, -46],
							"size": [4, 4, 0.5],
							"pivot": [4, 0, -45.5],
							"rotation": [-90, 0, 0],
							"uv": {
								"north": {"uv": [4, 16], "uv_size": [4, 4]},
								"east": {"uv": [8, 16], "uv_size": [-1, 4]},
								"south": {"uv": [8, 16], "uv_size": [-4, 4]},
								"west": {"uv": [5, 16], "uv_size": [-1, 4]},
								"up": {"uv": [4, 17], "uv_size": [4, -1]},
								"down": {"uv": [4, 20], "uv_size": [4, -1]}
							}
						},
						{
							"origin": [-4.4, -6.5, -2.5],
							"size": [5, 7, 0.5],
							"uv": {
								"north": {"uv": [4, 20], "uv_size": [4, 7]},
								"east": {"uv": [8, 20], "uv_size": [-1, 7]},
								"south": {"uv": [8, 20], "uv_size": [-4, 7]},
								"west": {"uv": [5, 20], "uv_size": [-1, 7]},
								"up": {"uv": [4, 21], "uv_size": [4, -1]},
								"down": {"uv": [4, 29], "uv_size": [4, -1]}
							}
						},
						{
							"origin": [-32.6, -6.5, 0.5],
							"size": [5, 7, 0.5],
							"pivot": [-16, -42, 1.5],
							"rotation": [-180, 0, 180],
							"uv": {
								"north": {"uv": [12, 20], "uv_size": [4, 7]},
								"east": {"uv": [16, 20], "uv_size": [-1, 7]},
								"south": {"uv": [16, 20], "uv_size": [-4, 7]},
								"west": {"uv": [13, 20], "uv_size": [-1, 7]},
								"up": {"uv": [12, 21], "uv_size": [4, -1]},
								"down": {"uv": [12, 29], "uv_size": [4, -1]}
							}
						},
						{
							"origin": [-9.5, -6.5, 1.4],
							"size": [4, 7, 0.5],
							"pivot": [-5, -42, 2.5],
							"rotation": [0, -90, 0],
							"uv": {
								"north": {"uv": [4, 20], "uv_size": [-4, 7]},
								"east": {"uv": [4, 20], "uv_size": [-1, 7]},
								"south": {"uv": [0, 20], "uv_size": [4, 7]},
								"west": {"uv": [1, 20], "uv_size": [-1, 7]},
								"up": {"uv": [0, 21], "uv_size": [4, -1]},
								"down": {"uv": [0, 29], "uv_size": [4, -1]}
							}
						},
						{
							"origin": [-12.5, -6.5, 7.9],
							"size": [4, 7, 0.5],
							"pivot": [-1, -42, 9.5],
							"rotation": [0, -90, 0],
							"uv": {
								"north": {"uv": [8, 20], "uv_size": [4, 7]},
								"east": {"uv": [12, 20], "uv_size": [-1, 7]},
								"south": {"uv": [12, 20], "uv_size": [-4, 7]},
								"west": {"uv": [9, 20], "uv_size": [-1, 7]},
								"up": {"uv": [8, 21], "uv_size": [4, -1]},
								"down": {"uv": [8, 29], "uv_size": [4, -1]}
							}
						}
					]
				},
				{
					"name": "rightLeg2",
					"parent": "rightLeg",
					"pivot": [-1.9, -6, 0],
					"cubes": [
						{
							"origin": [-4.4, -9, -2.5],
							"size": [5, 3.5, 0.5],
							"uv": {
								"north": {"uv": [4, 26], "uv_size": [4, 3]},
								"east": {"uv": [8, 26], "uv_size": [-1, 3]},
								"south": {"uv": [8, 26], "uv_size": [-4, 3]},
								"west": {"uv": [5, 26], "uv_size": [-1, 3]},
								"up": {"uv": [4, 21], "uv_size": [4, -1]},
								"down": {"uv": [4, 29], "uv_size": [4, -1]}
							}
						},
						{
							"origin": [-32.6, -9, 0.5],
							"size": [5, 3.5, 0.5],
							"pivot": [-16, -45, 1.5],
							"rotation": [-180, 0, 180],
							"uv": {
								"north": {"uv": [12, 26], "uv_size": [4, 3]},
								"east": {"uv": [16, 26], "uv_size": [-1, 3]},
								"south": {"uv": [16, 26], "uv_size": [-4, 3]},
								"west": {"uv": [13, 26], "uv_size": [-1, 3]},
								"up": {"uv": [12, 21], "uv_size": [4, -1]},
								"down": {"uv": [12, 29], "uv_size": [4, -1]}
							}
						},
						{
							"origin": [-9.5, -9, 1.4],
							"size": [4, 3.5, 0.5],
							"pivot": [-5, -45, 2.5],
							"rotation": [0, -90, 0],
							"uv": {
								"north": {"uv": [4, 26], "uv_size": [-4, 3]},
								"east": {"uv": [4, 26], "uv_size": [-1, 3]},
								"south": {"uv": [0, 26], "uv_size": [4, 3]},
								"west": {"uv": [1, 26], "uv_size": [-1, 3]},
								"up": {"uv": [0, 21], "uv_size": [4, -1]},
								"down": {"uv": [0, 29], "uv_size": [4, -1]}
							}
						},
						{
							"origin": [-12.5, -9, 7.9],
							"size": [4, 3.5, 0.5],
							"pivot": [-1, -45, 9.5],
							"rotation": [0, -90, 0],
							"uv": {
								"north": {"uv": [8, 26], "uv_size": [4, 3]},
								"east": {"uv": [12, 26], "uv_size": [-1, 3]},
								"south": {"uv": [12, 26], "uv_size": [-4, 3]},
								"west": {"uv": [9, 26], "uv_size": [-1, 3]},
								"up": {"uv": [8, 21], "uv_size": [4, -1]},
								"down": {"uv": [8, 29], "uv_size": [4, -1]}
							}
						}
					]
				}
			]
		}
	]
}