{
	"format_version": "1.16.0",
	"minecraft:geometry": [
		{
			"description": {
				"identifier": "geometry.lem_trident",
				"texture_width": 128,
				"texture_height": 64,
				"visible_bounds_width": 2,
				"visible_bounds_height": 4.5,
				"visible_bounds_offset": [0, 1.75, 0]
			},
			"bones": [
				{
					"name": "rightitem",
					"pivot": [0, 39, 0],
					"binding": "q.item_slot_to_bone_name(c.item_slot)",
					"cubes": [
						{
							"origin": [1.5, 11, -0.5],
							"size": [1, 4, 1],
							"uv": {
								"north": {"uv": [10, 8], "uv_size": [2, 8]},
								"east": {"uv": [8, 8], "uv_size": [2, 8]},
								"south": {"uv": [14, 8], "uv_size": [2, 8]},
								"west": {"uv": [12, 8], "uv_size": [2, 8]},
								"up": {"uv": [10, 6], "uv_size": [2, 2]},
								"down": {"uv": [10, 8], "uv_size": [2, -2]}
							}
						},
						{
							"origin": [-2.5, 11, -0.5],
							"size": [1, 4, 1],
							"uv": {
								"north": {"uv": [10, 8], "uv_size": [2, 8]},
								"east": {"uv": [8, 8], "uv_size": [2, 8]},
								"south": {"uv": [14, 8], "uv_size": [2, 8]},
								"west": {"uv": [12, 8], "uv_size": [2, 8]},
								"up": {"uv": [10, 6], "uv_size": [2, 2]},
								"down": {"uv": [10, 8], "uv_size": [2, -2]}
							}
						},
						{
							"origin": [-1.5, 14, -0.5],
							"size": [3, 2, 1],
							"uv": {
								"north": {"uv": [10, 2], "uv_size": [6, 4]},
								"east": {"uv": [10, 2], "uv_size": [2, 4]},
								"south": {"uv": [18, 2], "uv_size": [6, 4]},
								"west": {"uv": [18, 2], "uv_size": [2, 4]},
								"up": {"uv": [16, 0], "uv_size": [6, 2]},
								"down": {"uv": [16, 2], "uv_size": [6, -2]}
							}
						},
						{
							"origin": [-0.5, 10, -0.5],
							"size": [1, 31, 1],
							"inflate": 0.01,
							"uv": {
								"north": {"uv": [2, 64], "uv_size": [2, -62]},
								"east": {"uv": [0, 64], "uv_size": [2, -62]},
								"south": {"uv": [6, 64], "uv_size": [2, -62]},
								"west": {"uv": [4, 64], "uv_size": [2, -62]},
								"up": {"uv": [6, 2], "uv_size": [-2, -2]},
								"down": {"uv": [14, 2], "uv_size": [-2, -2]}
							}
						}
					]
				},
				{
					"name": "lightning",
					"parent": "rightitem",
					"pivot": [0, 28, 0],
					"cubes": [
						{
							"origin": [-3, 15, -1],
							"size": [6, 24, 2],
							"uv": {
								"north": {"uv": [64, 0], "uv_size": [64, 64]},
								"east": {"uv": [127, 62], "uv_size": [1, 2]},
								"south": {"uv": [64, 0], "uv_size": [64, 64]},
								"west": {"uv": [127, 64], "uv_size": [1, 0]},
								"up": {"uv": [128, 64], "uv_size": [0, 0]},
								"down": {"uv": [128, 64], "uv_size": [0, 0]}
							}
						}
					]
				}
			]
		}
	]
}