{
	"format_version": "1.12.0",
	"minecraft:geometry": [
		{
			"description": {
				"identifier": "geometry.lemscj",
				"texture_width": 32,
				"texture_height": 32,
				"visible_bounds_width": 4,
				"visible_bounds_height": 3.5,
				"visible_bounds_offset": [0, 1.25, 0]
			},
			"bones": [
				{
					"name": "body",
					"pivot": [0, 3, -5],
					"rotation": [-90, 0, 0],
					"cubes": [
						{
							"origin": [-0.5, 0, -5.5],
							"size": [1, 31, 1],
							"inflate": 0.01,
							"uv": {
								"north": {"uv": [1, 32], "uv_size": [1, -31]},
								"east": {"uv": [0, 32], "uv_size": [1, -31]},
								"south": {"uv": [3, 32], "uv_size": [1, -31]},
								"west": {"uv": [2, 32], "uv_size": [1, -31]},
								"up": {"uv": [3, 1], "uv_size": [-1, -1]},
								"down": {"uv": [2, 1], "uv_size": [-1, -1]}
							}
						},
						{
							"origin": [-1.5, 4, -5.5],
							"size": [3, 2, 1],
							"uv": {
								"north": {"uv": [5, 1], "uv_size": [3, 2]},
								"east": {"uv": [4, 1], "uv_size": [1, 2]},
								"south": {"uv": [9, 1], "uv_size": [3, 2]},
								"west": {"uv": [8, 1], "uv_size": [1, 2]},
								"up": {"uv": [5, 0], "uv_size": [3, 1]},
								"down": {"uv": [8, 1], "uv_size": [3, -1]}
							}
						},
						{
							"origin": [-2.5, 1, -5.5],
							"size": [1, 4, 1],
							"uv": {
								"north": {"uv": [5, 4], "uv_size": [1, 4]},
								"east": {"uv": [4, 4], "uv_size": [1, 4]},
								"south": {"uv": [7, 4], "uv_size": [1, 4]},
								"west": {"uv": [6, 4], "uv_size": [1, 4]},
								"up": {"uv": [5, 3], "uv_size": [1, 1]},
								"down": {"uv": [6, 4], "uv_size": [1, -1]}
							}
						},
						{
							"origin": [1.5, 1, -5.5],
							"size": [1, 4, 1],
							"uv": {
								"north": {"uv": [5, 4], "uv_size": [1, 4]},
								"east": {"uv": [4, 4], "uv_size": [1, 4]},
								"south": {"uv": [7, 4], "uv_size": [1, 4]},
								"west": {"uv": [6, 4], "uv_size": [1, 4]},
								"up": {"uv": [5, 3], "uv_size": [1, 1]},
								"down": {"uv": [6, 4], "uv_size": [1, -1]}
							}
						}
					]
				}
			]
		}
	]
}