{
	"format_version": "1.16.0",
	"minecraft:geometry": [
		{
			"description": {
				"identifier": "geometry.lz_longsword",
				"texture_width": 24,
				"texture_height": 24,
				"visible_bounds_width": 2,
				"visible_bounds_height": 4.5,
				"visible_bounds_offset": [0, 1.75, 0]
			},
			"bones": [
				{
					"name": "rightitem",
					"pivot": [0, 20, 0],
					"binding": "q.item_slot_to_bone_name(c.item_slot)",
					"cubes": [
						{
							"origin": [-0.75, 41, -18.5],
							"size": [1.5, 1, 1],
							"uv": {
								"north": {"uv": [20, 2], "uv_size": [1, 1]},
								"east": {"uv": [20, 2], "uv_size": [1, 1]},
								"south": {"uv": [20, 2], "uv_size": [1, 1]},
								"west": {"uv": [21, 2], "uv_size": [-1, 1]},
								"up": {"uv": [21, 3], "uv_size": [-1, -1]},
								"down": {"uv": [21, 3], "uv_size": [-1, -1]}
							}
						},
						{
							"origin": [-0.75, 41, -19.5],
							"size": [1.5, 1, 1],
							"uv": {
								"north": {"uv": [21, 2], "uv_size": [1, 1]},
								"east": {"uv": [21, 2], "uv_size": [1, 1]},
								"south": {"uv": [21, 2], "uv_size": [1, 1]},
								"west": {"uv": [22, 2], "uv_size": [-1, 1]},
								"up": {"uv": [22, 3], "uv_size": [-1, -1]},
								"down": {"uv": [22, 3], "uv_size": [-1, -1]}
							}
						},
						{
							"origin": [-0.75, 40, -17.5],
							"size": [1.5, 1, 1],
							"uv": {
								"north": {"uv": [19, 3], "uv_size": [1, 1]},
								"east": {"uv": [19, 3], "uv_size": [1, 1]},
								"south": {"uv": [19, 3], "uv_size": [1, 1]},
								"west": {"uv": [20, 3], "uv_size": [-1, 1]},
								"up": {"uv": [20, 4], "uv_size": [-1, -1]},
								"down": {"uv": [20, 4], "uv_size": [-1, -1]}
							}
						},
						{
							"origin": [-0.75, 40, -19.5],
							"size": [1.5, 1, 1],
							"uv": {
								"north": {"uv": [21, 3], "uv_size": [1, 1]},
								"east": {"uv": [21, 3], "uv_size": [1, 1]},
								"south": {"uv": [21, 3], "uv_size": [1, 1]},
								"west": {"uv": [22, 3], "uv_size": [-1, 1]},
								"up": {"uv": [22, 4], "uv_size": [-1, -1]},
								"down": {"uv": [22, 4], "uv_size": [-1, -1]}
							}
						},
						{
							"origin": [-0.75, 39, -16.5],
							"size": [1.5, 1, 1],
							"uv": {
								"north": {"uv": [18, 4], "uv_size": [1, 1]},
								"east": {"uv": [18, 4], "uv_size": [1, 1]},
								"south": {"uv": [18, 4], "uv_size": [1, 1]},
								"west": {"uv": [19, 4], "uv_size": [-1, 1]},
								"up": {"uv": [19, 5], "uv_size": [-1, -1]},
								"down": {"uv": [19, 5], "uv_size": [-1, -1]}
							}
						},
						{
							"origin": [-0.75, 39, -18.5],
							"size": [1.5, 1, 1],
							"uv": {
								"north": {"uv": [20, 4], "uv_size": [1, 1]},
								"east": {"uv": [20, 4], "uv_size": [1, 1]},
								"south": {"uv": [20, 4], "uv_size": [1, 1]},
								"west": {"uv": [21, 4], "uv_size": [-1, 1]},
								"up": {"uv": [21, 5], "uv_size": [-1, -1]},
								"down": {"uv": [21, 5], "uv_size": [-1, -1]}
							}
						},
						{
							"origin": [-0.75, 38, -15.5],
							"size": [1.5, 1, 1],
							"uv": {
								"north": {"uv": [17, 5], "uv_size": [1, 1]},
								"east": {"uv": [17, 5], "uv_size": [1, 1]},
								"south": {"uv": [17, 5], "uv_size": [1, 1]},
								"west": {"uv": [18, 5], "uv_size": [-1, 1]},
								"up": {"uv": [18, 6], "uv_size": [-1, -1]},
								"down": {"uv": [18, 6], "uv_size": [-1, -1]}
							}
						},
						{
							"origin": [-0.75, 38, -17.5],
							"size": [1.5, 1, 1],
							"uv": {
								"north": {"uv": [19, 5], "uv_size": [1, 1]},
								"east": {"uv": [19, 5], "uv_size": [1, 1]},
								"south": {"uv": [19, 5], "uv_size": [1, 1]},
								"west": {"uv": [20, 5], "uv_size": [-1, 1]},
								"up": {"uv": [20, 6], "uv_size": [-1, -1]},
								"down": {"uv": [20, 6], "uv_size": [-1, -1]}
							}
						},
						{
							"origin": [-0.75, 37, -14.5],
							"size": [1.5, 1, 1],
							"uv": {
								"north": {"uv": [16, 6], "uv_size": [1, 1]},
								"east": {"uv": [16, 6], "uv_size": [1, 1]},
								"south": {"uv": [16, 6], "uv_size": [1, 1]},
								"west": {"uv": [17, 6], "uv_size": [-1, 1]},
								"up": {"uv": [17, 7], "uv_size": [-1, -1]},
								"down": {"uv": [17, 7], "uv_size": [-1, -1]}
							}
						},
						{
							"origin": [-0.75, 37, -16.5],
							"size": [1.5, 1, 1],
							"uv": {
								"north": {"uv": [18, 6], "uv_size": [1, 1]},
								"east": {"uv": [18, 6], "uv_size": [1, 1]},
								"south": {"uv": [18, 6], "uv_size": [1, 1]},
								"west": {"uv": [19, 6], "uv_size": [-1, 1]},
								"up": {"uv": [19, 7], "uv_size": [-1, -1]},
								"down": {"uv": [19, 7], "uv_size": [-1, -1]}
							}
						},
						{
							"origin": [-0.75, 36, -13.5],
							"size": [1.5, 1, 1],
							"uv": {
								"north": {"uv": [15, 7], "uv_size": [1, 1]},
								"east": {"uv": [15, 7], "uv_size": [1, 1]},
								"south": {"uv": [15, 7], "uv_size": [1, 1]},
								"west": {"uv": [16, 7], "uv_size": [-1, 1]},
								"up": {"uv": [16, 8], "uv_size": [-1, -1]},
								"down": {"uv": [16, 8], "uv_size": [-1, -1]}
							}
						},
						{
							"origin": [-0.75, 36, -15.5],
							"size": [1.5, 1, 1],
							"uv": {
								"north": {"uv": [17, 7], "uv_size": [1, 1]},
								"east": {"uv": [17, 7], "uv_size": [1, 1]},
								"south": {"uv": [17, 7], "uv_size": [1, 1]},
								"west": {"uv": [18, 7], "uv_size": [-1, 1]},
								"up": {"uv": [18, 8], "uv_size": [-1, -1]},
								"down": {"uv": [18, 8], "uv_size": [-1, -1]}
							}
						},
						{
							"origin": [-0.75, 35, -12.5],
							"size": [1.5, 1, 1],
							"uv": {
								"north": {"uv": [14, 8], "uv_size": [1, 1]},
								"east": {"uv": [14, 8], "uv_size": [1, 1]},
								"south": {"uv": [14, 8], "uv_size": [1, 1]},
								"west": {"uv": [15, 8], "uv_size": [-1, 1]},
								"up": {"uv": [15, 9], "uv_size": [-1, -1]},
								"down": {"uv": [15, 9], "uv_size": [-1, -1]}
							}
						},
						{
							"origin": [-0.75, 35, -14.5],
							"size": [1.5, 1, 1],
							"uv": {
								"north": {"uv": [16, 8], "uv_size": [1, 1]},
								"east": {"uv": [16, 8], "uv_size": [1, 1]},
								"south": {"uv": [16, 8], "uv_size": [1, 1]},
								"west": {"uv": [17, 8], "uv_size": [-1, 1]},
								"up": {"uv": [17, 9], "uv_size": [-1, -1]},
								"down": {"uv": [17, 9], "uv_size": [-1, -1]}
							}
						},
						{
							"origin": [-0.75, 34, -11.5],
							"size": [1.5, 1, 1],
							"uv": {
								"north": {"uv": [13, 9], "uv_size": [1, 1]},
								"east": {"uv": [13, 9], "uv_size": [1, 1]},
								"south": {"uv": [13, 9], "uv_size": [1, 1]},
								"west": {"uv": [14, 9], "uv_size": [-1, 1]},
								"up": {"uv": [14, 10], "uv_size": [-1, -1]},
								"down": {"uv": [14, 10], "uv_size": [-1, -1]}
							}
						},
						{
							"origin": [-0.75, 34, -13.5],
							"size": [1.5, 1, 1],
							"uv": {
								"north": {"uv": [15, 9], "uv_size": [1, 1]},
								"east": {"uv": [15, 9], "uv_size": [1, 1]},
								"south": {"uv": [15, 9], "uv_size": [1, 1]},
								"west": {"uv": [16, 9], "uv_size": [-1, 1]},
								"up": {"uv": [16, 10], "uv_size": [-1, -1]},
								"down": {"uv": [16, 10], "uv_size": [-1, -1]}
							}
						},
						{
							"origin": [-0.75, 33, -10.5],
							"size": [1.5, 1, 1],
							"uv": {
								"north": {"uv": [12, 10], "uv_size": [1, 1]},
								"east": {"uv": [12, 10], "uv_size": [1, 1]},
								"south": {"uv": [12, 10], "uv_size": [1, 1]},
								"west": {"uv": [13, 10], "uv_size": [-1, 1]},
								"up": {"uv": [13, 11], "uv_size": [-1, -1]},
								"down": {"uv": [13, 11], "uv_size": [-1, -1]}
							}
						},
						{
							"origin": [-0.75, 33, -12.5],
							"size": [1.5, 1, 1],
							"uv": {
								"north": {"uv": [14, 10], "uv_size": [1, 1]},
								"east": {"uv": [14, 10], "uv_size": [1, 1]},
								"south": {"uv": [14, 10], "uv_size": [1, 1]},
								"west": {"uv": [15, 10], "uv_size": [-1, 1]},
								"up": {"uv": [15, 11], "uv_size": [-1, -1]},
								"down": {"uv": [15, 11], "uv_size": [-1, -1]}
							}
						},
						{
							"origin": [-0.75, 32, -9.5],
							"size": [1.5, 1, 1],
							"uv": {
								"north": {"uv": [11, 11], "uv_size": [1, 1]},
								"east": {"uv": [11, 11], "uv_size": [1, 1]},
								"south": {"uv": [11, 11], "uv_size": [1, 1]},
								"west": {"uv": [12, 11], "uv_size": [-1, 1]},
								"up": {"uv": [12, 12], "uv_size": [-1, -1]},
								"down": {"uv": [12, 12], "uv_size": [-1, -1]}
							}
						},
						{
							"origin": [-0.75, 32, -11.5],
							"size": [1.5, 1, 1],
							"uv": {
								"north": {"uv": [13, 11], "uv_size": [1, 1]},
								"east": {"uv": [13, 11], "uv_size": [1, 1]},
								"south": {"uv": [13, 11], "uv_size": [1, 1]},
								"west": {"uv": [14, 11], "uv_size": [-1, 1]},
								"up": {"uv": [14, 12], "uv_size": [-1, -1]},
								"down": {"uv": [14, 12], "uv_size": [-1, -1]}
							}
						},
						{
							"origin": [-0.75, 31, -8.5],
							"size": [1.5, 1, 1],
							"uv": {
								"north": {"uv": [10, 12], "uv_size": [1, 1]},
								"east": {"uv": [10, 12], "uv_size": [1, 1]},
								"south": {"uv": [10, 12], "uv_size": [1, 1]},
								"west": {"uv": [11, 12], "uv_size": [-1, 1]},
								"up": {"uv": [11, 13], "uv_size": [-1, -1]},
								"down": {"uv": [11, 13], "uv_size": [-1, -1]}
							}
						},
						{
							"origin": [-0.75, 31, -10.5],
							"size": [1.5, 1, 1],
							"uv": {
								"north": {"uv": [12, 12], "uv_size": [1, 1]},
								"east": {"uv": [12, 12], "uv_size": [1, 1]},
								"south": {"uv": [12, 12], "uv_size": [1, 1]},
								"west": {"uv": [13, 12], "uv_size": [-1, 1]},
								"up": {"uv": [13, 13], "uv_size": [-1, -1]},
								"down": {"uv": [13, 13], "uv_size": [-1, -1]}
							}
						},
						{
							"origin": [-0.75, 30, -7.5],
							"size": [1.5, 1, 1],
							"uv": {
								"north": {"uv": [9, 13], "uv_size": [1, 1]},
								"east": {"uv": [9, 13], "uv_size": [1, 1]},
								"south": {"uv": [9, 13], "uv_size": [1, 1]},
								"west": {"uv": [10, 13], "uv_size": [-1, 1]},
								"up": {"uv": [10, 14], "uv_size": [-1, -1]},
								"down": {"uv": [10, 14], "uv_size": [-1, -1]}
							}
						},
						{
							"origin": [-0.75, 30, -9.5],
							"size": [1.5, 1, 1],
							"uv": {
								"north": {"uv": [11, 13], "uv_size": [1, 1]},
								"east": {"uv": [11, 13], "uv_size": [1, 1]},
								"south": {"uv": [11, 13], "uv_size": [1, 1]},
								"west": {"uv": [12, 13], "uv_size": [-1, 1]},
								"up": {"uv": [12, 14], "uv_size": [-1, -1]},
								"down": {"uv": [12, 14], "uv_size": [-1, -1]}
							}
						},
						{
							"origin": [-0.75, 29, -2.5],
							"size": [1.5, 1, 1],
							"uv": {
								"north": {"uv": [4, 14], "uv_size": [1, 1]},
								"east": {"uv": [4, 14], "uv_size": [1, 1]},
								"south": {"uv": [4, 14], "uv_size": [1, 1]},
								"west": {"uv": [5, 14], "uv_size": [-1, 1]},
								"up": {"uv": [5, 15], "uv_size": [-1, -1]},
								"down": {"uv": [5, 15], "uv_size": [-1, -1]}
							}
						},
						{
							"origin": [-0.75, 29, -6.5],
							"size": [1.5, 1, 1],
							"uv": {
								"north": {"uv": [8, 14], "uv_size": [1, 1]},
								"east": {"uv": [8, 14], "uv_size": [1, 1]},
								"south": {"uv": [8, 14], "uv_size": [1, 1]},
								"west": {"uv": [9, 14], "uv_size": [-1, 1]},
								"up": {"uv": [9, 15], "uv_size": [-1, -1]},
								"down": {"uv": [9, 15], "uv_size": [-1, -1]}
							}
						},
						{
							"origin": [-0.75, 29, -8.5],
							"size": [1.5, 1, 1],
							"uv": {
								"north": {"uv": [10, 14], "uv_size": [1, 1]},
								"east": {"uv": [10, 14], "uv_size": [1, 1]},
								"south": {"uv": [10, 14], "uv_size": [1, 1]},
								"west": {"uv": [11, 14], "uv_size": [-1, 1]},
								"up": {"uv": [11, 15], "uv_size": [-1, -1]},
								"down": {"uv": [11, 15], "uv_size": [-1, -1]}
							}
						},
						{
							"origin": [-0.75, 28, -3.5],
							"size": [1.5, 1, 1],
							"uv": {
								"north": {"uv": [5, 15], "uv_size": [1, 1]},
								"east": {"uv": [5, 15], "uv_size": [1, 1]},
								"south": {"uv": [5, 15], "uv_size": [1, 1]},
								"west": {"uv": [6, 15], "uv_size": [-1, 1]},
								"up": {"uv": [6, 16], "uv_size": [-1, -1]},
								"down": {"uv": [6, 16], "uv_size": [-1, -1]}
							}
						},
						{
							"origin": [-0.75, 28, -5.5],
							"size": [1.5, 1, 1],
							"uv": {
								"north": {"uv": [7, 15], "uv_size": [1, 1]},
								"east": {"uv": [7, 15], "uv_size": [1, 1]},
								"south": {"uv": [7, 15], "uv_size": [1, 1]},
								"west": {"uv": [8, 15], "uv_size": [-1, 1]},
								"up": {"uv": [8, 16], "uv_size": [-1, -1]},
								"down": {"uv": [8, 16], "uv_size": [-1, -1]}
							}
						},
						{
							"origin": [-0.75, 28, -7.5],
							"size": [1.5, 1, 1],
							"uv": {
								"north": {"uv": [9, 15], "uv_size": [1, 1]},
								"east": {"uv": [9, 15], "uv_size": [1, 1]},
								"south": {"uv": [9, 15], "uv_size": [1, 1]},
								"west": {"uv": [10, 15], "uv_size": [-1, 1]},
								"up": {"uv": [10, 16], "uv_size": [-1, -1]},
								"down": {"uv": [10, 16], "uv_size": [-1, -1]}
							}
						},
						{
							"origin": [-0.75, 27, -3.5],
							"size": [1.5, 1, 1],
							"uv": {
								"north": {"uv": [5, 16], "uv_size": [1, 1]},
								"east": {"uv": [5, 16], "uv_size": [1, 1]},
								"south": {"uv": [5, 16], "uv_size": [1, 1]},
								"west": {"uv": [6, 16], "uv_size": [-1, 1]},
								"up": {"uv": [6, 17], "uv_size": [-1, -1]},
								"down": {"uv": [6, 17], "uv_size": [-1, -1]}
							}
						},
						{
							"origin": [-0.75, 27, -4.5],
							"size": [1.5, 1, 1],
							"uv": {
								"north": {"uv": [6, 16], "uv_size": [1, 1]},
								"east": {"uv": [6, 16], "uv_size": [1, 1]},
								"south": {"uv": [6, 16], "uv_size": [1, 1]},
								"west": {"uv": [7, 16], "uv_size": [-1, 1]},
								"up": {"uv": [7, 17], "uv_size": [-1, -1]},
								"down": {"uv": [7, 17], "uv_size": [-1, -1]}
							}
						},
						{
							"origin": [-0.75, 27, -6.5],
							"size": [1.5, 1, 1],
							"uv": {
								"north": {"uv": [8, 16], "uv_size": [1, 1]},
								"east": {"uv": [8, 16], "uv_size": [1, 1]},
								"south": {"uv": [8, 16], "uv_size": [1, 1]},
								"west": {"uv": [9, 16], "uv_size": [-1, 1]},
								"up": {"uv": [9, 17], "uv_size": [-1, -1]},
								"down": {"uv": [9, 17], "uv_size": [-1, -1]}
							}
						},
						{
							"origin": [-0.75, 26, -4.5],
							"size": [1.5, 1, 1],
							"uv": {
								"north": {"uv": [6, 17], "uv_size": [1, 1]},
								"east": {"uv": [6, 17], "uv_size": [1, 1]},
								"south": {"uv": [6, 17], "uv_size": [1, 1]},
								"west": {"uv": [7, 17], "uv_size": [-1, 1]},
								"up": {"uv": [7, 18], "uv_size": [-1, -1]},
								"down": {"uv": [7, 18], "uv_size": [-1, -1]}
							}
						},
						{
							"origin": [-0.75, 26, -5.5],
							"size": [1.5, 1, 1],
							"uv": {
								"north": {"uv": [7, 17], "uv_size": [1, 1]},
								"east": {"uv": [7, 17], "uv_size": [1, 1]},
								"south": {"uv": [7, 17], "uv_size": [1, 1]},
								"west": {"uv": [8, 17], "uv_size": [-1, 1]},
								"up": {"uv": [8, 18], "uv_size": [-1, -1]},
								"down": {"uv": [8, 18], "uv_size": [-1, -1]}
							}
						},
						{
							"origin": [-0.75, 25, -3.5],
							"size": [1.5, 1, 1],
							"uv": {
								"north": {"uv": [5, 18], "uv_size": [1, 1]},
								"east": {"uv": [5, 18], "uv_size": [1, 1]},
								"south": {"uv": [5, 18], "uv_size": [1, 1]},
								"west": {"uv": [6, 18], "uv_size": [-1, 1]},
								"up": {"uv": [6, 19], "uv_size": [-1, -1]},
								"down": {"uv": [6, 19], "uv_size": [-1, -1]}
							}
						},
						{
							"origin": [-0.75, 25, -5.5],
							"size": [1.5, 1, 1],
							"uv": {
								"north": {"uv": [7, 18], "uv_size": [1, 1]},
								"east": {"uv": [7, 18], "uv_size": [1, 1]},
								"south": {"uv": [7, 18], "uv_size": [1, 1]},
								"west": {"uv": [8, 18], "uv_size": [-1, 1]},
								"up": {"uv": [8, 19], "uv_size": [-1, -1]},
								"down": {"uv": [8, 19], "uv_size": [-1, -1]}
							}
						},
						{
							"origin": [-0.75, 25, -6.5],
							"size": [1.5, 1, 1],
							"uv": {
								"north": {"uv": [8, 18], "uv_size": [1, 1]},
								"east": {"uv": [8, 18], "uv_size": [1, 1]},
								"south": {"uv": [8, 18], "uv_size": [1, 1]},
								"west": {"uv": [9, 18], "uv_size": [-1, 1]},
								"up": {"uv": [9, 19], "uv_size": [-1, -1]},
								"down": {"uv": [9, 19], "uv_size": [-1, -1]}
							}
						},
						{
							"origin": [-0.75, 24, -2.5],
							"size": [1.5, 1, 1],
							"uv": {
								"north": {"uv": [4, 19], "uv_size": [1, 1]},
								"east": {"uv": [4, 19], "uv_size": [1, 1]},
								"south": {"uv": [4, 19], "uv_size": [1, 1]},
								"west": {"uv": [5, 19], "uv_size": [-1, 1]},
								"up": {"uv": [5, 20], "uv_size": [-1, -1]},
								"down": {"uv": [5, 20], "uv_size": [-1, -1]}
							}
						},
						{
							"origin": [-0.75, 24, -7.5],
							"size": [1.5, 1, 1],
							"uv": {
								"north": {"uv": [9, 19], "uv_size": [1, 1]},
								"east": {"uv": [9, 19], "uv_size": [1, 1]},
								"south": {"uv": [9, 19], "uv_size": [1, 1]},
								"west": {"uv": [10, 19], "uv_size": [-1, 1]},
								"up": {"uv": [10, 20], "uv_size": [-1, -1]},
								"down": {"uv": [10, 20], "uv_size": [-1, -1]}
							}
						},
						{
							"origin": [-0.75, 23, -1.5],
							"size": [1.5, 1, 1],
							"uv": {
								"north": {"uv": [3, 20], "uv_size": [1, 1]},
								"east": {"uv": [3, 20], "uv_size": [1, 1]},
								"south": {"uv": [3, 20], "uv_size": [1, 1]},
								"west": {"uv": [4, 20], "uv_size": [-1, 1]},
								"up": {"uv": [4, 21], "uv_size": [-1, -1]},
								"down": {"uv": [4, 21], "uv_size": [-1, -1]}
							}
						},
						{
							"origin": [-0.75, 22, -0.5],
							"size": [1.5, 1, 1],
							"uv": {
								"north": {"uv": [2, 21], "uv_size": [1, 1]},
								"east": {"uv": [2, 21], "uv_size": [1, 1]},
								"south": {"uv": [2, 21], "uv_size": [1, 1]},
								"west": {"uv": [3, 21], "uv_size": [-1, 1]},
								"up": {"uv": [3, 22], "uv_size": [-1, -1]},
								"down": {"uv": [3, 22], "uv_size": [-1, -1]}
							}
						},
						{
							"origin": [-0.8, 40, -18.5],
							"size": [1.6, 1, 1],
							"uv": {
								"north": {"uv": [20, 3], "uv_size": [1, 1]},
								"east": {"uv": [20, 3], "uv_size": [1, 1]},
								"south": {"uv": [20, 3], "uv_size": [1, 1]},
								"west": {"uv": [21, 3], "uv_size": [-1, 1]},
								"up": {"uv": [21, 4], "uv_size": [-1, -1]},
								"down": {"uv": [21, 4], "uv_size": [-1, -1]}
							}
						},
						{
							"origin": [-0.8, 39, -17.5],
							"size": [1.6, 1, 1],
							"uv": {
								"north": {"uv": [19, 4], "uv_size": [1, 1]},
								"east": {"uv": [19, 4], "uv_size": [1, 1]},
								"south": {"uv": [19, 4], "uv_size": [1, 1]},
								"west": {"uv": [20, 4], "uv_size": [-1, 1]},
								"up": {"uv": [20, 5], "uv_size": [-1, -1]},
								"down": {"uv": [20, 5], "uv_size": [-1, -1]}
							}
						},
						{
							"origin": [-0.8, 38, -16.5],
							"size": [1.6, 1, 1],
							"uv": {
								"north": {"uv": [18, 5], "uv_size": [1, 1]},
								"east": {"uv": [18, 5], "uv_size": [1, 1]},
								"south": {"uv": [18, 5], "uv_size": [1, 1]},
								"west": {"uv": [19, 5], "uv_size": [-1, 1]},
								"up": {"uv": [19, 6], "uv_size": [-1, -1]},
								"down": {"uv": [19, 6], "uv_size": [-1, -1]}
							}
						},
						{
							"origin": [-0.8, 37, -15.5],
							"size": [1.6, 1, 1],
							"uv": {
								"north": {"uv": [17, 6], "uv_size": [1, 1]},
								"east": {"uv": [17, 6], "uv_size": [1, 1]},
								"south": {"uv": [17, 6], "uv_size": [1, 1]},
								"west": {"uv": [18, 6], "uv_size": [-1, 1]},
								"up": {"uv": [18, 7], "uv_size": [-1, -1]},
								"down": {"uv": [18, 7], "uv_size": [-1, -1]}
							}
						},
						{
							"origin": [-0.8, 36, -14.5],
							"size": [1.6, 1, 1],
							"uv": {
								"north": {"uv": [16, 7], "uv_size": [1, 1]},
								"east": {"uv": [16, 7], "uv_size": [1, 1]},
								"south": {"uv": [16, 7], "uv_size": [1, 1]},
								"west": {"uv": [17, 7], "uv_size": [-1, 1]},
								"up": {"uv": [17, 8], "uv_size": [-1, -1]},
								"down": {"uv": [17, 8], "uv_size": [-1, -1]}
							}
						},
						{
							"origin": [-0.8, 35, -13.5],
							"size": [1.6, 1, 1],
							"uv": {
								"north": {"uv": [15, 8], "uv_size": [1, 1]},
								"east": {"uv": [15, 8], "uv_size": [1, 1]},
								"south": {"uv": [15, 8], "uv_size": [1, 1]},
								"west": {"uv": [16, 8], "uv_size": [-1, 1]},
								"up": {"uv": [16, 9], "uv_size": [-1, -1]},
								"down": {"uv": [16, 9], "uv_size": [-1, -1]}
							}
						},
						{
							"origin": [-0.8, 34, -12.5],
							"size": [1.6, 1, 1],
							"uv": {
								"north": {"uv": [14, 9], "uv_size": [1, 1]},
								"east": {"uv": [14, 9], "uv_size": [1, 1]},
								"south": {"uv": [14, 9], "uv_size": [1, 1]},
								"west": {"uv": [15, 9], "uv_size": [-1, 1]},
								"up": {"uv": [15, 10], "uv_size": [-1, -1]},
								"down": {"uv": [15, 10], "uv_size": [-1, -1]}
							}
						},
						{
							"origin": [-0.8, 33, -11.5],
							"size": [1.6, 1, 1],
							"uv": {
								"north": {"uv": [13, 10], "uv_size": [1, 1]},
								"east": {"uv": [13, 10], "uv_size": [1, 1]},
								"south": {"uv": [13, 10], "uv_size": [1, 1]},
								"west": {"uv": [14, 10], "uv_size": [-1, 1]},
								"up": {"uv": [14, 11], "uv_size": [-1, -1]},
								"down": {"uv": [14, 11], "uv_size": [-1, -1]}
							}
						},
						{
							"origin": [-0.8, 32, -10.5],
							"size": [1.6, 1, 1],
							"uv": {
								"north": {"uv": [12, 11], "uv_size": [1, 1]},
								"east": {"uv": [12, 11], "uv_size": [1, 1]},
								"south": {"uv": [12, 11], "uv_size": [1, 1]},
								"west": {"uv": [13, 11], "uv_size": [-1, 1]},
								"up": {"uv": [13, 12], "uv_size": [-1, -1]},
								"down": {"uv": [13, 12], "uv_size": [-1, -1]}
							}
						},
						{
							"origin": [-0.8, 31, -9.5],
							"size": [1.6, 1, 1],
							"uv": {
								"north": {"uv": [11, 12], "uv_size": [1, 1]},
								"east": {"uv": [11, 12], "uv_size": [1, 1]},
								"south": {"uv": [11, 12], "uv_size": [1, 1]},
								"west": {"uv": [12, 12], "uv_size": [-1, 1]},
								"up": {"uv": [12, 13], "uv_size": [-1, -1]},
								"down": {"uv": [12, 13], "uv_size": [-1, -1]}
							}
						},
						{
							"origin": [-0.8, 30, -8.5],
							"size": [1.6, 1, 1],
							"uv": {
								"north": {"uv": [10, 13], "uv_size": [1, 1]},
								"east": {"uv": [10, 13], "uv_size": [1, 1]},
								"south": {"uv": [10, 13], "uv_size": [1, 1]},
								"west": {"uv": [11, 13], "uv_size": [-1, 1]},
								"up": {"uv": [11, 14], "uv_size": [-1, -1]},
								"down": {"uv": [11, 14], "uv_size": [-1, -1]}
							}
						},
						{
							"origin": [-0.8, 29, -7.5],
							"size": [1.6, 1, 1],
							"uv": {
								"north": {"uv": [9, 14], "uv_size": [1, 1]},
								"east": {"uv": [9, 14], "uv_size": [1, 1]},
								"south": {"uv": [9, 14], "uv_size": [1, 1]},
								"west": {"uv": [10, 14], "uv_size": [-1, 1]},
								"up": {"uv": [10, 15], "uv_size": [-1, -1]},
								"down": {"uv": [10, 15], "uv_size": [-1, -1]}
							}
						},
						{
							"origin": [-0.8, 28, -6.5],
							"size": [1.6, 1, 1],
							"uv": {
								"north": {"uv": [8, 15], "uv_size": [1, 1]},
								"east": {"uv": [8, 15], "uv_size": [1, 1]},
								"south": {"uv": [8, 15], "uv_size": [1, 1]},
								"west": {"uv": [9, 15], "uv_size": [-1, 1]},
								"up": {"uv": [9, 16], "uv_size": [-1, -1]},
								"down": {"uv": [9, 16], "uv_size": [-1, -1]}
							}
						},
						{
							"origin": [-0.8, 27, -5.5],
							"size": [1.6, 1, 1],
							"uv": {
								"north": {"uv": [7, 16], "uv_size": [1, 1]},
								"east": {"uv": [7, 16], "uv_size": [1, 1]},
								"south": {"uv": [7, 16], "uv_size": [1, 1]},
								"west": {"uv": [8, 16], "uv_size": [-1, 1]},
								"up": {"uv": [8, 17], "uv_size": [-1, -1]},
								"down": {"uv": [8, 17], "uv_size": [-1, -1]}
							}
						},
						{
							"origin": [-0.8, 21, 0.5],
							"size": [1.6, 1, 1],
							"uv": {
								"north": {"uv": [1, 22], "uv_size": [1, 1]},
								"east": {"uv": [1, 22], "uv_size": [1, 1]},
								"south": {"uv": [1, 22], "uv_size": [1, 1]},
								"west": {"uv": [2, 22], "uv_size": [-1, 1]},
								"up": {"uv": [2, 23], "uv_size": [-1, -1]},
								"down": {"uv": [2, 23], "uv_size": [-1, -1]}
							}
						},
						{
							"origin": [-0.5, 20, -0.5],
							"size": [1, 1, 1],
							"uv": {
								"north": {"uv": [2, 23], "uv_size": [1, 1]},
								"east": {"uv": [2, 23], "uv_size": [1, 1]},
								"south": {"uv": [2, 23], "uv_size": [1, 1]},
								"west": {"uv": [3, 23], "uv_size": [-1, 1]},
								"up": {"uv": [3, 24], "uv_size": [-1, -1]},
								"down": {"uv": [3, 24], "uv_size": [-1, -1]}
							}
						},
						{
							"origin": [-0.5, 20, 0.5],
							"size": [1, 1, 1],
							"uv": {
								"north": {"uv": [1, 23], "uv_size": [1, 1]},
								"east": {"uv": [1, 23], "uv_size": [1, 1]},
								"south": {"uv": [1, 23], "uv_size": [1, 1]},
								"west": {"uv": [2, 23], "uv_size": [-1, 1]},
								"up": {"uv": [2, 24], "uv_size": [-1, -1]},
								"down": {"uv": [2, 24], "uv_size": [-1, -1]}
							}
						},
						{
							"origin": [-0.5, 20, 1.5],
							"size": [1, 1, 1],
							"uv": {
								"north": {"uv": [0, 23], "uv_size": [1, 1]},
								"east": {"uv": [0, 23], "uv_size": [1, 1]},
								"south": {"uv": [0, 23], "uv_size": [1, 1]},
								"west": {"uv": [1, 23], "uv_size": [-1, 1]},
								"up": {"uv": [1, 24], "uv_size": [-1, -1]},
								"down": {"uv": [1, 24], "uv_size": [-1, -1]}
							}
						},
						{
							"origin": [-0.5, 21, -0.5],
							"size": [1, 1, 1],
							"uv": {
								"north": {"uv": [2, 22], "uv_size": [1, 1]},
								"east": {"uv": [2, 22], "uv_size": [1, 1]},
								"south": {"uv": [2, 22], "uv_size": [1, 1]},
								"west": {"uv": [3, 22], "uv_size": [-1, 1]},
								"up": {"uv": [3, 23], "uv_size": [-1, -1]},
								"down": {"uv": [3, 23], "uv_size": [-1, -1]}
							}
						},
						{
							"origin": [-0.5, 21, 1.5],
							"size": [1, 1, 1],
							"uv": {
								"north": {"uv": [0, 22], "uv_size": [1, 1]},
								"east": {"uv": [0, 22], "uv_size": [1, 1]},
								"south": {"uv": [0, 22], "uv_size": [1, 1]},
								"west": {"uv": [1, 22], "uv_size": [-1, 1]},
								"up": {"uv": [1, 23], "uv_size": [-1, -1]},
								"down": {"uv": [1, 23], "uv_size": [-1, -1]}
							}
						},
						{
							"origin": [-0.5, 22, -1.5],
							"size": [1, 1, 1],
							"uv": {
								"north": {"uv": [3, 21], "uv_size": [1, 1]},
								"east": {"uv": [3, 21], "uv_size": [1, 1]},
								"south": {"uv": [3, 21], "uv_size": [1, 1]},
								"west": {"uv": [4, 21], "uv_size": [-1, 1]},
								"up": {"uv": [4, 22], "uv_size": [-1, -1]},
								"down": {"uv": [4, 22], "uv_size": [-1, -1]}
							}
						},
						{
							"origin": [-0.5, 22, 0.5],
							"size": [1, 1, 1],
							"uv": {
								"north": {"uv": [1, 21], "uv_size": [1, 1]},
								"east": {"uv": [1, 21], "uv_size": [1, 1]},
								"south": {"uv": [1, 21], "uv_size": [1, 1]},
								"west": {"uv": [2, 21], "uv_size": [-1, 1]},
								"up": {"uv": [2, 22], "uv_size": [-1, -1]},
								"down": {"uv": [2, 22], "uv_size": [-1, -1]}
							}
						},
						{
							"origin": [-0.5, 22, 1.5],
							"size": [1, 1, 1],
							"uv": {
								"north": {"uv": [0, 21], "uv_size": [1, 1]},
								"east": {"uv": [0, 21], "uv_size": [1, 1]},
								"south": {"uv": [0, 21], "uv_size": [1, 1]},
								"west": {"uv": [1, 21], "uv_size": [-1, 1]},
								"up": {"uv": [1, 22], "uv_size": [-1, -1]},
								"down": {"uv": [1, 22], "uv_size": [-1, -1]}
							}
						},
						{
							"origin": [-0.5, 23, -8.5],
							"size": [1, 1, 1],
							"uv": {
								"north": {"uv": [10, 20], "uv_size": [1, 1]},
								"east": {"uv": [10, 20], "uv_size": [1, 1]},
								"south": {"uv": [10, 20], "uv_size": [1, 1]},
								"west": {"uv": [11, 20], "uv_size": [-1, 1]},
								"up": {"uv": [11, 21], "uv_size": [-1, -1]},
								"down": {"uv": [11, 21], "uv_size": [-1, -1]}
							}
						},
						{
							"origin": [-0.5, 23, -7.5],
							"size": [1, 1, 1],
							"uv": {
								"north": {"uv": [9, 20], "uv_size": [1, 1]},
								"east": {"uv": [9, 20], "uv_size": [1, 1]},
								"south": {"uv": [9, 20], "uv_size": [1, 1]},
								"west": {"uv": [10, 20], "uv_size": [-1, 1]},
								"up": {"uv": [10, 21], "uv_size": [-1, -1]},
								"down": {"uv": [10, 21], "uv_size": [-1, -1]}
							}
						},
						{
							"origin": [-0.5, 23, -2.5],
							"size": [1, 1, 1],
							"uv": {
								"north": {"uv": [4, 20], "uv_size": [1, 1]},
								"east": {"uv": [4, 20], "uv_size": [1, 1]},
								"south": {"uv": [4, 20], "uv_size": [1, 1]},
								"west": {"uv": [5, 20], "uv_size": [-1, 1]},
								"up": {"uv": [5, 21], "uv_size": [-1, -1]},
								"down": {"uv": [5, 21], "uv_size": [-1, -1]}
							}
						},
						{
							"origin": [-0.5, 23, -0.5],
							"size": [1, 1, 1],
							"uv": {
								"north": {"uv": [2, 20], "uv_size": [1, 1]},
								"east": {"uv": [2, 20], "uv_size": [1, 1]},
								"south": {"uv": [2, 20], "uv_size": [1, 1]},
								"west": {"uv": [3, 20], "uv_size": [-1, 1]},
								"up": {"uv": [3, 21], "uv_size": [-1, -1]},
								"down": {"uv": [3, 21], "uv_size": [-1, -1]}
							}
						},
						{
							"origin": [-0.5, 24, -8.5],
							"size": [1, 1, 1],
							"uv": {
								"north": {"uv": [10, 19], "uv_size": [1, 1]},
								"east": {"uv": [10, 19], "uv_size": [1, 1]},
								"south": {"uv": [10, 19], "uv_size": [1, 1]},
								"west": {"uv": [11, 19], "uv_size": [-1, 1]},
								"up": {"uv": [11, 20], "uv_size": [-1, -1]},
								"down": {"uv": [11, 20], "uv_size": [-1, -1]}
							}
						},
						{
							"origin": [-0.5, 24, -6.5],
							"size": [1, 1, 1],
							"uv": {
								"north": {"uv": [8, 19], "uv_size": [1, 1]},
								"east": {"uv": [8, 19], "uv_size": [1, 1]},
								"south": {"uv": [8, 19], "uv_size": [1, 1]},
								"west": {"uv": [9, 19], "uv_size": [-1, 1]},
								"up": {"uv": [9, 20], "uv_size": [-1, -1]},
								"down": {"uv": [9, 20], "uv_size": [-1, -1]}
							}
						},
						{
							"origin": [-0.5, 24, -5.5],
							"size": [1, 1, 1],
							"uv": {
								"north": {"uv": [7, 19], "uv_size": [1, 1]},
								"east": {"uv": [7, 19], "uv_size": [1, 1]},
								"south": {"uv": [7, 19], "uv_size": [1, 1]},
								"west": {"uv": [8, 19], "uv_size": [-1, 1]},
								"up": {"uv": [8, 20], "uv_size": [-1, -1]},
								"down": {"uv": [8, 20], "uv_size": [-1, -1]}
							}
						},
						{
							"origin": [-0.5, 24, -3.5],
							"size": [1, 1, 1],
							"uv": {
								"north": {"uv": [5, 19], "uv_size": [1, 1]},
								"east": {"uv": [5, 19], "uv_size": [1, 1]},
								"south": {"uv": [5, 19], "uv_size": [1, 1]},
								"west": {"uv": [6, 19], "uv_size": [-1, 1]},
								"up": {"uv": [6, 20], "uv_size": [-1, -1]},
								"down": {"uv": [6, 20], "uv_size": [-1, -1]}
							}
						},
						{
							"origin": [-0.5, 24, -1.5],
							"size": [1, 1, 1],
							"uv": {
								"north": {"uv": [3, 19], "uv_size": [1, 1]},
								"east": {"uv": [3, 19], "uv_size": [1, 1]},
								"south": {"uv": [3, 19], "uv_size": [1, 1]},
								"west": {"uv": [4, 19], "uv_size": [-1, 1]},
								"up": {"uv": [4, 20], "uv_size": [-1, -1]},
								"down": {"uv": [4, 20], "uv_size": [-1, -1]}
							}
						},
						{
							"origin": [-0.5, 25, -7.5],
							"size": [1, 1, 1],
							"uv": {
								"north": {"uv": [9, 18], "uv_size": [1, 1]},
								"east": {"uv": [9, 18], "uv_size": [1, 1]},
								"south": {"uv": [9, 18], "uv_size": [1, 1]},
								"west": {"uv": [10, 18], "uv_size": [-1, 1]},
								"up": {"uv": [10, 19], "uv_size": [-1, -1]},
								"down": {"uv": [10, 19], "uv_size": [-1, -1]}
							}
						},
						{
							"origin": [-0.5, 25, -4.5],
							"size": [1, 1, 1],
							"uv": {
								"north": {"uv": [6, 18], "uv_size": [1, 1]},
								"east": {"uv": [6, 18], "uv_size": [1, 1]},
								"south": {"uv": [6, 18], "uv_size": [1, 1]},
								"west": {"uv": [7, 18], "uv_size": [-1, 1]},
								"up": {"uv": [7, 19], "uv_size": [-1, -1]},
								"down": {"uv": [7, 19], "uv_size": [-1, -1]}
							}
						},
						{
							"origin": [-0.5, 25, -2.5],
							"size": [1, 1, 1],
							"uv": {
								"north": {"uv": [4, 18], "uv_size": [1, 1]},
								"east": {"uv": [4, 18], "uv_size": [1, 1]},
								"south": {"uv": [4, 18], "uv_size": [1, 1]},
								"west": {"uv": [5, 18], "uv_size": [-1, 1]},
								"up": {"uv": [5, 19], "uv_size": [-1, -1]},
								"down": {"uv": [5, 19], "uv_size": [-1, -1]}
							}
						},
						{
							"origin": [-0.5, 26, -6.5],
							"size": [1, 1, 1],
							"uv": {
								"north": {"uv": [8, 17], "uv_size": [1, 1]},
								"east": {"uv": [8, 17], "uv_size": [1, 1]},
								"south": {"uv": [8, 17], "uv_size": [1, 1]},
								"west": {"uv": [9, 17], "uv_size": [-1, 1]},
								"up": {"uv": [9, 18], "uv_size": [-1, -1]},
								"down": {"uv": [9, 18], "uv_size": [-1, -1]}
							}
						},
						{
							"origin": [-0.5, 26, -3.5],
							"size": [1, 1, 1],
							"uv": {
								"north": {"uv": [5, 17], "uv_size": [1, 1]},
								"east": {"uv": [5, 17], "uv_size": [1, 1]},
								"south": {"uv": [5, 17], "uv_size": [1, 1]},
								"west": {"uv": [6, 17], "uv_size": [-1, 1]},
								"up": {"uv": [6, 18], "uv_size": [-1, -1]},
								"down": {"uv": [6, 18], "uv_size": [-1, -1]}
							}
						},
						{
							"origin": [-0.5, 27, -7.5],
							"size": [1, 1, 1],
							"uv": {
								"north": {"uv": [9, 16], "uv_size": [1, 1]},
								"east": {"uv": [9, 16], "uv_size": [1, 1]},
								"south": {"uv": [9, 16], "uv_size": [1, 1]},
								"west": {"uv": [10, 16], "uv_size": [-1, 1]},
								"up": {"uv": [10, 17], "uv_size": [-1, -1]},
								"down": {"uv": [10, 17], "uv_size": [-1, -1]}
							}
						},
						{
							"origin": [-0.5, 27, -2.5],
							"size": [1, 1, 1],
							"uv": {
								"north": {"uv": [4, 16], "uv_size": [1, 1]},
								"east": {"uv": [4, 16], "uv_size": [1, 1]},
								"south": {"uv": [4, 16], "uv_size": [1, 1]},
								"west": {"uv": [5, 16], "uv_size": [-1, 1]},
								"up": {"uv": [5, 17], "uv_size": [-1, -1]},
								"down": {"uv": [5, 17], "uv_size": [-1, -1]}
							}
						},
						{
							"origin": [-0.5, 28, -8.5],
							"size": [1, 1, 1],
							"uv": {
								"north": {"uv": [10, 15], "uv_size": [1, 1]},
								"east": {"uv": [10, 15], "uv_size": [1, 1]},
								"south": {"uv": [10, 15], "uv_size": [1, 1]},
								"west": {"uv": [11, 15], "uv_size": [-1, 1]},
								"up": {"uv": [11, 16], "uv_size": [-1, -1]},
								"down": {"uv": [11, 16], "uv_size": [-1, -1]}
							}
						},
						{
							"origin": [-0.5, 28, -4.5],
							"size": [1, 1, 1],
							"uv": {
								"north": {"uv": [6, 15], "uv_size": [1, 1]},
								"east": {"uv": [6, 15], "uv_size": [1, 1]},
								"south": {"uv": [6, 15], "uv_size": [1, 1]},
								"west": {"uv": [7, 15], "uv_size": [-1, 1]},
								"up": {"uv": [7, 16], "uv_size": [-1, -1]},
								"down": {"uv": [7, 16], "uv_size": [-1, -1]}
							}
						},
						{
							"origin": [-0.5, 28, -2.5],
							"size": [1, 1, 1],
							"uv": {
								"north": {"uv": [4, 15], "uv_size": [1, 1]},
								"east": {"uv": [4, 15], "uv_size": [1, 1]},
								"south": {"uv": [4, 15], "uv_size": [1, 1]},
								"west": {"uv": [5, 15], "uv_size": [-1, 1]},
								"up": {"uv": [5, 16], "uv_size": [-1, -1]},
								"down": {"uv": [5, 16], "uv_size": [-1, -1]}
							}
						},
						{
							"origin": [-0.5, 29, -9.5],
							"size": [1, 1, 1],
							"uv": {
								"north": {"uv": [11, 14], "uv_size": [1, 1]},
								"east": {"uv": [11, 14], "uv_size": [1, 1]},
								"south": {"uv": [11, 14], "uv_size": [1, 1]},
								"west": {"uv": [12, 14], "uv_size": [-1, 1]},
								"up": {"uv": [12, 15], "uv_size": [-1, -1]},
								"down": {"uv": [12, 15], "uv_size": [-1, -1]}
							}
						},
						{
							"origin": [-0.5, 29, -5.5],
							"size": [1, 1, 1],
							"uv": {
								"north": {"uv": [7, 14], "uv_size": [1, 1]},
								"east": {"uv": [7, 14], "uv_size": [1, 1]},
								"south": {"uv": [7, 14], "uv_size": [1, 1]},
								"west": {"uv": [8, 14], "uv_size": [-1, 1]},
								"up": {"uv": [8, 15], "uv_size": [-1, -1]},
								"down": {"uv": [8, 15], "uv_size": [-1, -1]}
							}
						},
						{
							"origin": [-0.5, 29, -3.5],
							"size": [1, 1, 1],
							"uv": {
								"north": {"uv": [5, 14], "uv_size": [1, 1]},
								"east": {"uv": [5, 14], "uv_size": [1, 1]},
								"south": {"uv": [5, 14], "uv_size": [1, 1]},
								"west": {"uv": [6, 14], "uv_size": [-1, 1]},
								"up": {"uv": [6, 15], "uv_size": [-1, -1]},
								"down": {"uv": [6, 15], "uv_size": [-1, -1]}
							}
						},
						{
							"origin": [-0.5, 29, -1.5],
							"size": [1, 1, 1],
							"uv": {
								"north": {"uv": [3, 14], "uv_size": [1, 1]},
								"east": {"uv": [3, 14], "uv_size": [1, 1]},
								"south": {"uv": [3, 14], "uv_size": [1, 1]},
								"west": {"uv": [4, 14], "uv_size": [-1, 1]},
								"up": {"uv": [4, 15], "uv_size": [-1, -1]},
								"down": {"uv": [4, 15], "uv_size": [-1, -1]}
							}
						},
						{
							"origin": [-0.5, 30, -10.5],
							"size": [1, 1, 1],
							"uv": {
								"north": {"uv": [12, 13], "uv_size": [1, 1]},
								"east": {"uv": [12, 13], "uv_size": [1, 1]},
								"south": {"uv": [12, 13], "uv_size": [1, 1]},
								"west": {"uv": [13, 13], "uv_size": [-1, 1]},
								"up": {"uv": [13, 14], "uv_size": [-1, -1]},
								"down": {"uv": [13, 14], "uv_size": [-1, -1]}
							}
						},
						{
							"origin": [-0.5, 30, -6.5],
							"size": [1, 1, 1],
							"uv": {
								"north": {"uv": [8, 13], "uv_size": [1, 1]},
								"east": {"uv": [8, 13], "uv_size": [1, 1]},
								"south": {"uv": [8, 13], "uv_size": [1, 1]},
								"west": {"uv": [9, 13], "uv_size": [-1, 1]},
								"up": {"uv": [9, 14], "uv_size": [-1, -1]},
								"down": {"uv": [9, 14], "uv_size": [-1, -1]}
							}
						},
						{
							"origin": [-0.5, 30, -2.5],
							"size": [1, 1, 1],
							"uv": {
								"north": {"uv": [4, 13], "uv_size": [1, 1]},
								"east": {"uv": [4, 13], "uv_size": [1, 1]},
								"south": {"uv": [4, 13], "uv_size": [1, 1]},
								"west": {"uv": [5, 13], "uv_size": [-1, 1]},
								"up": {"uv": [5, 14], "uv_size": [-1, -1]},
								"down": {"uv": [5, 14], "uv_size": [-1, -1]}
							}
						},
						{
							"origin": [-0.5, 30, -1.5],
							"size": [1, 1, 1],
							"uv": {
								"north": {"uv": [3, 13], "uv_size": [1, 1]},
								"east": {"uv": [3, 13], "uv_size": [1, 1]},
								"south": {"uv": [3, 13], "uv_size": [1, 1]},
								"west": {"uv": [4, 13], "uv_size": [-1, 1]},
								"up": {"uv": [4, 14], "uv_size": [-1, -1]},
								"down": {"uv": [4, 14], "uv_size": [-1, -1]}
							}
						},
						{
							"origin": [-0.5, 31, -11.5],
							"size": [1, 1, 1],
							"uv": {
								"north": {"uv": [13, 12], "uv_size": [1, 1]},
								"east": {"uv": [13, 12], "uv_size": [1, 1]},
								"south": {"uv": [13, 12], "uv_size": [1, 1]},
								"west": {"uv": [14, 12], "uv_size": [-1, 1]},
								"up": {"uv": [14, 13], "uv_size": [-1, -1]},
								"down": {"uv": [14, 13], "uv_size": [-1, -1]}
							}
						},
						{
							"origin": [-0.5, 31, -7.5],
							"size": [1, 1, 1],
							"uv": {
								"north": {"uv": [9, 12], "uv_size": [1, 1]},
								"east": {"uv": [9, 12], "uv_size": [1, 1]},
								"south": {"uv": [9, 12], "uv_size": [1, 1]},
								"west": {"uv": [10, 12], "uv_size": [-1, 1]},
								"up": {"uv": [10, 13], "uv_size": [-1, -1]},
								"down": {"uv": [10, 13], "uv_size": [-1, -1]}
							}
						},
						{
							"origin": [-0.5, 32, -12.5],
							"size": [1, 1, 1],
							"uv": {
								"north": {"uv": [14, 11], "uv_size": [1, 1]},
								"east": {"uv": [14, 11], "uv_size": [1, 1]},
								"south": {"uv": [14, 11], "uv_size": [1, 1]},
								"west": {"uv": [15, 11], "uv_size": [-1, 1]},
								"up": {"uv": [15, 12], "uv_size": [-1, -1]},
								"down": {"uv": [15, 12], "uv_size": [-1, -1]}
							}
						},
						{
							"origin": [-0.5, 32, -8.5],
							"size": [1, 1, 1],
							"uv": {
								"north": {"uv": [10, 11], "uv_size": [1, 1]},
								"east": {"uv": [10, 11], "uv_size": [1, 1]},
								"south": {"uv": [10, 11], "uv_size": [1, 1]},
								"west": {"uv": [11, 11], "uv_size": [-1, 1]},
								"up": {"uv": [11, 12], "uv_size": [-1, -1]},
								"down": {"uv": [11, 12], "uv_size": [-1, -1]}
							}
						},
						{
							"origin": [-0.5, 33, -13.5],
							"size": [1, 1, 1],
							"uv": {
								"north": {"uv": [15, 10], "uv_size": [1, 1]},
								"east": {"uv": [15, 10], "uv_size": [1, 1]},
								"south": {"uv": [15, 10], "uv_size": [1, 1]},
								"west": {"uv": [16, 10], "uv_size": [-1, 1]},
								"up": {"uv": [16, 11], "uv_size": [-1, -1]},
								"down": {"uv": [16, 11], "uv_size": [-1, -1]}
							}
						},
						{
							"origin": [-0.5, 33, -9.5],
							"size": [1, 1, 1],
							"uv": {
								"north": {"uv": [11, 10], "uv_size": [1, 1]},
								"east": {"uv": [11, 10], "uv_size": [1, 1]},
								"south": {"uv": [11, 10], "uv_size": [1, 1]},
								"west": {"uv": [12, 10], "uv_size": [-1, 1]},
								"up": {"uv": [12, 11], "uv_size": [-1, -1]},
								"down": {"uv": [12, 11], "uv_size": [-1, -1]}
							}
						},
						{
							"origin": [-0.5, 34, -14.5],
							"size": [1, 1, 1],
							"uv": {
								"north": {"uv": [16, 9], "uv_size": [1, 1]},
								"east": {"uv": [16, 9], "uv_size": [1, 1]},
								"south": {"uv": [16, 9], "uv_size": [1, 1]},
								"west": {"uv": [17, 9], "uv_size": [-1, 1]},
								"up": {"uv": [17, 10], "uv_size": [-1, -1]},
								"down": {"uv": [17, 10], "uv_size": [-1, -1]}
							}
						},
						{
							"origin": [-0.5, 34, -10.5],
							"size": [1, 1, 1],
							"uv": {
								"north": {"uv": [12, 9], "uv_size": [1, 1]},
								"east": {"uv": [12, 9], "uv_size": [1, 1]},
								"south": {"uv": [12, 9], "uv_size": [1, 1]},
								"west": {"uv": [13, 9], "uv_size": [-1, 1]},
								"up": {"uv": [13, 10], "uv_size": [-1, -1]},
								"down": {"uv": [13, 10], "uv_size": [-1, -1]}
							}
						},
						{
							"origin": [-0.5, 35, -15.5],
							"size": [1, 1, 1],
							"uv": {
								"north": {"uv": [17, 8], "uv_size": [1, 1]},
								"east": {"uv": [17, 8], "uv_size": [1, 1]},
								"south": {"uv": [17, 8], "uv_size": [1, 1]},
								"west": {"uv": [18, 8], "uv_size": [-1, 1]},
								"up": {"uv": [18, 9], "uv_size": [-1, -1]},
								"down": {"uv": [18, 9], "uv_size": [-1, -1]}
							}
						},
						{
							"origin": [-0.5, 35, -11.5],
							"size": [1, 1, 1],
							"uv": {
								"north": {"uv": [13, 8], "uv_size": [1, 1]},
								"east": {"uv": [13, 8], "uv_size": [1, 1]},
								"south": {"uv": [13, 8], "uv_size": [1, 1]},
								"west": {"uv": [14, 8], "uv_size": [-1, 1]},
								"up": {"uv": [14, 9], "uv_size": [-1, -1]},
								"down": {"uv": [14, 9], "uv_size": [-1, -1]}
							}
						},
						{
							"origin": [-0.5, 36, -16.5],
							"size": [1, 1, 1],
							"uv": {
								"north": {"uv": [18, 7], "uv_size": [1, 1]},
								"east": {"uv": [18, 7], "uv_size": [1, 1]},
								"south": {"uv": [18, 7], "uv_size": [1, 1]},
								"west": {"uv": [19, 7], "uv_size": [-1, 1]},
								"up": {"uv": [19, 8], "uv_size": [-1, -1]},
								"down": {"uv": [19, 8], "uv_size": [-1, -1]}
							}
						},
						{
							"origin": [-0.5, 36, -12.5],
							"size": [1, 1, 1],
							"uv": {
								"north": {"uv": [14, 7], "uv_size": [1, 1]},
								"east": {"uv": [14, 7], "uv_size": [1, 1]},
								"south": {"uv": [14, 7], "uv_size": [1, 1]},
								"west": {"uv": [15, 7], "uv_size": [-1, 1]},
								"up": {"uv": [15, 8], "uv_size": [-1, -1]},
								"down": {"uv": [15, 8], "uv_size": [-1, -1]}
							}
						},
						{
							"origin": [-0.5, 37, -17.5],
							"size": [1, 1, 1],
							"uv": {
								"north": {"uv": [19, 6], "uv_size": [1, 1]},
								"east": {"uv": [19, 6], "uv_size": [1, 1]},
								"south": {"uv": [19, 6], "uv_size": [1, 1]},
								"west": {"uv": [20, 6], "uv_size": [-1, 1]},
								"up": {"uv": [20, 7], "uv_size": [-1, -1]},
								"down": {"uv": [20, 7], "uv_size": [-1, -1]}
							}
						},
						{
							"origin": [-0.5, 37, -13.5],
							"size": [1, 1, 1],
							"uv": {
								"north": {"uv": [15, 6], "uv_size": [1, 1]},
								"east": {"uv": [15, 6], "uv_size": [1, 1]},
								"south": {"uv": [15, 6], "uv_size": [1, 1]},
								"west": {"uv": [16, 6], "uv_size": [-1, 1]},
								"up": {"uv": [16, 7], "uv_size": [-1, -1]},
								"down": {"uv": [16, 7], "uv_size": [-1, -1]}
							}
						},
						{
							"origin": [-0.5, 38, -18.5],
							"size": [1, 1, 1],
							"uv": {
								"north": {"uv": [20, 5], "uv_size": [1, 1]},
								"east": {"uv": [20, 5], "uv_size": [1, 1]},
								"south": {"uv": [20, 5], "uv_size": [1, 1]},
								"west": {"uv": [21, 5], "uv_size": [-1, 1]},
								"up": {"uv": [21, 6], "uv_size": [-1, -1]},
								"down": {"uv": [21, 6], "uv_size": [-1, -1]}
							}
						},
						{
							"origin": [-0.5, 38, -14.5],
							"size": [1, 1, 1],
							"uv": {
								"north": {"uv": [16, 5], "uv_size": [1, 1]},
								"east": {"uv": [16, 5], "uv_size": [1, 1]},
								"south": {"uv": [16, 5], "uv_size": [1, 1]},
								"west": {"uv": [17, 5], "uv_size": [-1, 1]},
								"up": {"uv": [17, 6], "uv_size": [-1, -1]},
								"down": {"uv": [17, 6], "uv_size": [-1, -1]}
							}
						},
						{
							"origin": [-0.5, 39, -19.5],
							"size": [1, 1, 1],
							"uv": {
								"north": {"uv": [21, 4], "uv_size": [1, 1]},
								"east": {"uv": [21, 4], "uv_size": [1, 1]},
								"south": {"uv": [21, 4], "uv_size": [1, 1]},
								"west": {"uv": [22, 4], "uv_size": [-1, 1]},
								"up": {"uv": [22, 5], "uv_size": [-1, -1]},
								"down": {"uv": [22, 5], "uv_size": [-1, -1]}
							}
						},
						{
							"origin": [-0.5, 39, -15.5],
							"size": [1, 1, 1],
							"uv": {
								"north": {"uv": [17, 4], "uv_size": [1, 1]},
								"east": {"uv": [17, 4], "uv_size": [1, 1]},
								"south": {"uv": [17, 4], "uv_size": [1, 1]},
								"west": {"uv": [18, 4], "uv_size": [-1, 1]},
								"up": {"uv": [18, 5], "uv_size": [-1, -1]},
								"down": {"uv": [18, 5], "uv_size": [-1, -1]}
							}
						},
						{
							"origin": [-0.5, 40, -20.5],
							"size": [1, 1, 1],
							"uv": {
								"north": {"uv": [22, 3], "uv_size": [1, 1]},
								"east": {"uv": [22, 3], "uv_size": [1, 1]},
								"south": {"uv": [22, 3], "uv_size": [1, 1]},
								"west": {"uv": [23, 3], "uv_size": [-1, 1]},
								"up": {"uv": [23, 4], "uv_size": [-1, -1]},
								"down": {"uv": [23, 4], "uv_size": [-1, -1]}
							}
						},
						{
							"origin": [-0.5, 40, -16.5],
							"size": [1, 1, 1],
							"uv": {
								"north": {"uv": [18, 3], "uv_size": [1, 1]},
								"east": {"uv": [18, 3], "uv_size": [1, 1]},
								"south": {"uv": [18, 3], "uv_size": [1, 1]},
								"west": {"uv": [19, 3], "uv_size": [-1, 1]},
								"up": {"uv": [19, 4], "uv_size": [-1, -1]},
								"down": {"uv": [19, 4], "uv_size": [-1, -1]}
							}
						},
						{
							"origin": [-0.5, 41, -20.5],
							"size": [1, 1, 1],
							"uv": {
								"north": {"uv": [22, 2], "uv_size": [1, 1]},
								"east": {"uv": [22, 2], "uv_size": [1, 1]},
								"south": {"uv": [22, 2], "uv_size": [1, 1]},
								"west": {"uv": [23, 2], "uv_size": [-1, 1]},
								"up": {"uv": [23, 3], "uv_size": [-1, -1]},
								"down": {"uv": [23, 3], "uv_size": [-1, -1]}
							}
						},
						{
							"origin": [-0.5, 41, -17.5],
							"size": [1, 1, 1],
							"uv": {
								"north": {"uv": [19, 2], "uv_size": [1, 1]},
								"east": {"uv": [19, 2], "uv_size": [1, 1]},
								"south": {"uv": [19, 2], "uv_size": [1, 1]},
								"west": {"uv": [20, 2], "uv_size": [-1, 1]},
								"up": {"uv": [20, 3], "uv_size": [-1, -1]},
								"down": {"uv": [20, 3], "uv_size": [-1, -1]}
							}
						},
						{
							"origin": [-0.5, 42, -20.5],
							"size": [1, 1, 1],
							"uv": {
								"north": {"uv": [22, 1], "uv_size": [1, 1]},
								"east": {"uv": [22, 1], "uv_size": [1, 1]},
								"south": {"uv": [22, 1], "uv_size": [1, 1]},
								"west": {"uv": [23, 1], "uv_size": [-1, 1]},
								"up": {"uv": [23, 2], "uv_size": [-1, -1]},
								"down": {"uv": [23, 2], "uv_size": [-1, -1]}
							}
						},
						{
							"origin": [-0.5, 42, -19.5],
							"size": [1, 1, 1],
							"uv": {
								"north": {"uv": [21, 1], "uv_size": [1, 1]},
								"east": {"uv": [21, 1], "uv_size": [1, 1]},
								"south": {"uv": [21, 1], "uv_size": [1, 1]},
								"west": {"uv": [22, 1], "uv_size": [-1, 1]},
								"up": {"uv": [22, 2], "uv_size": [-1, -1]},
								"down": {"uv": [22, 2], "uv_size": [-1, -1]}
							}
						},
						{
							"origin": [-0.5, 42, -18.5],
							"size": [1, 1, 1],
							"uv": {
								"north": {"uv": [20, 1], "uv_size": [1, 1]},
								"east": {"uv": [20, 1], "uv_size": [1, 1]},
								"south": {"uv": [20, 1], "uv_size": [1, 1]},
								"west": {"uv": [21, 1], "uv_size": [-1, 1]},
								"up": {"uv": [21, 2], "uv_size": [-1, -1]},
								"down": {"uv": [21, 2], "uv_size": [-1, -1]}
							}
						}
					]
				}
			]
		}
	]
}