{
	"format_version": "1.12.0",
	"minecraft:geometry": [
		{
			"description": {
				"identifier": "geometry.lz_arrow",
				"texture_width": 32,
				"texture_height": 32,
				"visible_bounds_width": 3,
				"visible_bounds_height": 1.5,
				"visible_bounds_offset": [0, 0.25, 0]
			},
			"bones": [
				{
					"name": "body",
					"pivot": [0, 0, 0],
					"cubes": [
						{
							"origin": [1.5, 0.5, 13],
							"size": [1, 1, 1],
							"uv": {
								"north": {"uv": [0, 0], "uv_size": [1, 1]},
								"east": {"uv": [0, 0], "uv_size": [1, 1]},
								"south": {"uv": [0, 0], "uv_size": [1, 1]},
								"west": {"uv": [0, 0], "uv_size": [1, 1]},
								"up": {"uv": [1, 1], "uv_size": [-1, -1]},
								"down": {"uv": [1, 1], "uv_size": [-1, -1]}
							}
						},
						{
							"origin": [-0.5, 2.5, 10],
							"size": [1, 1, 1],
							"uv": {
								"north": {"uv": [2, 1], "uv_size": [1, 1]},
								"east": {"uv": [2, 1], "uv_size": [1, 1]},
								"south": {"uv": [2, 1], "uv_size": [1, 1]},
								"west": {"uv": [2, 1], "uv_size": [1, 1]},
								"up": {"uv": [3, 2], "uv_size": [-1, -1]},
								"down": {"uv": [3, 2], "uv_size": [-1, -1]}
							}
						},
						{
							"origin": [-0.5, 0.5, 0],
							"size": [1, 1, 1],
							"uv": {
								"north": {"uv": [12, 2], "uv_size": [1, 1]},
								"east": {"uv": [12, 2], "uv_size": [1, 1]},
								"south": {"uv": [12, 2], "uv_size": [1, 1]},
								"west": {"uv": [12, 2], "uv_size": [1, 1]},
								"up": {"uv": [13, 3], "uv_size": [-1, -1]},
								"down": {"uv": [13, 3], "uv_size": [-1, -1]}
							}
						},
						{
							"origin": [-0.5, 0.5, -1],
							"size": [1, 1, 1],
							"uv": {
								"north": {"uv": [10, 2], "uv_size": [1, 1]},
								"east": {"uv": [10, 2], "uv_size": [1, 1]},
								"south": {"uv": [10, 2], "uv_size": [1, 1]},
								"west": {"uv": [10, 2], "uv_size": [1, 1]},
								"up": {"uv": [11, 3], "uv_size": [-1, -1]},
								"down": {"uv": [11, 3], "uv_size": [-1, -1]}
							}
						},
						{
							"origin": [-0.5, 0.5, -2],
							"size": [1, 1, 1],
							"uv": {
								"north": {"uv": [8, 2], "uv_size": [1, 1]},
								"east": {"uv": [8, 2], "uv_size": [1, 1]},
								"south": {"uv": [8, 2], "uv_size": [1, 1]},
								"west": {"uv": [8, 2], "uv_size": [1, 1]},
								"up": {"uv": [9, 3], "uv_size": [-1, -1]},
								"down": {"uv": [9, 3], "uv_size": [-1, -1]}
							}
						},
						{
							"origin": [-0.5, 0.5, 1],
							"size": [1, 1, 1],
							"uv": {
								"north": {"uv": [11, 2], "uv_size": [1, 1]},
								"east": {"uv": [11, 2], "uv_size": [1, 1]},
								"south": {"uv": [11, 2], "uv_size": [1, 1]},
								"west": {"uv": [11, 2], "uv_size": [1, 1]},
								"up": {"uv": [12, 3], "uv_size": [-1, -1]},
								"down": {"uv": [12, 3], "uv_size": [-1, -1]}
							}
						},
						{
							"origin": [-0.5, 0.5, 2],
							"size": [1, 1, 1],
							"uv": {
								"north": {"uv": [10, 2], "uv_size": [1, 1]},
								"east": {"uv": [10, 2], "uv_size": [1, 1]},
								"south": {"uv": [10, 2], "uv_size": [1, 1]},
								"west": {"uv": [10, 2], "uv_size": [1, 1]},
								"up": {"uv": [11, 3], "uv_size": [-1, -1]},
								"down": {"uv": [11, 3], "uv_size": [-1, -1]}
							}
						},
						{
							"origin": [-0.5, 0.5, 3],
							"size": [1, 1, 1],
							"uv": {
								"north": {"uv": [9, 2], "uv_size": [1, 1]},
								"east": {"uv": [9, 2], "uv_size": [1, 1]},
								"south": {"uv": [9, 2], "uv_size": [1, 1]},
								"west": {"uv": [9, 2], "uv_size": [1, 1]},
								"up": {"uv": [10, 3], "uv_size": [-1, -1]},
								"down": {"uv": [10, 3], "uv_size": [-1, -1]}
							}
						},
						{
							"origin": [-0.5, 0.5, 4],
							"size": [1, 1, 1],
							"uv": {
								"north": {"uv": [8, 2], "uv_size": [1, 1]},
								"east": {"uv": [8, 2], "uv_size": [1, 1]},
								"south": {"uv": [8, 2], "uv_size": [1, 1]},
								"west": {"uv": [8, 2], "uv_size": [1, 1]},
								"up": {"uv": [9, 3], "uv_size": [-1, -1]},
								"down": {"uv": [9, 3], "uv_size": [-1, -1]}
							}
						},
						{
							"origin": [-0.5, 0.5, 5],
							"size": [1, 1, 1],
							"uv": {
								"north": {"uv": [7, 2], "uv_size": [1, 1]},
								"east": {"uv": [7, 2], "uv_size": [1, 1]},
								"south": {"uv": [7, 2], "uv_size": [1, 1]},
								"west": {"uv": [7, 2], "uv_size": [1, 1]},
								"up": {"uv": [8, 3], "uv_size": [-1, -1]},
								"down": {"uv": [8, 3], "uv_size": [-1, -1]}
							}
						},
						{
							"origin": [-0.5, 0.5, 6],
							"size": [1, 1, 1],
							"uv": {
								"north": {"uv": [6, 2], "uv_size": [1, 1]},
								"east": {"uv": [6, 2], "uv_size": [1, 1]},
								"south": {"uv": [6, 2], "uv_size": [1, 1]},
								"west": {"uv": [6, 2], "uv_size": [1, 1]},
								"up": {"uv": [7, 3], "uv_size": [-1, -1]},
								"down": {"uv": [7, 3], "uv_size": [-1, -1]}
							}
						},
						{
							"origin": [-0.5, 0.5, 7],
							"size": [1, 1, 1],
							"uv": {
								"north": {"uv": [5, 2], "uv_size": [1, 1]},
								"east": {"uv": [5, 2], "uv_size": [1, 1]},
								"south": {"uv": [5, 2], "uv_size": [1, 1]},
								"west": {"uv": [5, 2], "uv_size": [1, 1]},
								"up": {"uv": [6, 3], "uv_size": [-1, -1]},
								"down": {"uv": [6, 3], "uv_size": [-1, -1]}
							}
						},
						{
							"origin": [-0.5, 0.5, 8],
							"size": [1, 1, 1],
							"uv": {
								"north": {"uv": [4, 2], "uv_size": [1, 1]},
								"east": {"uv": [4, 2], "uv_size": [1, 1]},
								"south": {"uv": [4, 2], "uv_size": [1, 1]},
								"west": {"uv": [4, 2], "uv_size": [1, 1]},
								"up": {"uv": [5, 3], "uv_size": [-1, -1]},
								"down": {"uv": [5, 3], "uv_size": [-1, -1]}
							}
						},
						{
							"origin": [-0.5, 0.5, 9],
							"size": [1, 1, 1],
							"uv": {
								"north": {"uv": [3, 2], "uv_size": [1, 1]},
								"east": {"uv": [3, 2], "uv_size": [1, 1]},
								"south": {"uv": [3, 2], "uv_size": [1, 1]},
								"west": {"uv": [3, 2], "uv_size": [1, 1]},
								"up": {"uv": [4, 3], "uv_size": [-1, -1]},
								"down": {"uv": [4, 3], "uv_size": [-1, -1]}
							}
						},
						{
							"origin": [-0.5, 0.5, 10],
							"size": [1, 1, 1],
							"uv": {
								"north": {"uv": [2, 2], "uv_size": [1, 1]},
								"east": {"uv": [2, 2], "uv_size": [1, 1]},
								"south": {"uv": [2, 2], "uv_size": [1, 1]},
								"west": {"uv": [2, 2], "uv_size": [1, 1]},
								"up": {"uv": [3, 3], "uv_size": [-1, -1]},
								"down": {"uv": [3, 3], "uv_size": [-1, -1]}
							}
						},
						{
							"origin": [-0.5, 0.5, 11],
							"size": [1, 1, 1],
							"uv": {
								"north": {"uv": [1, 2], "uv_size": [1, 1]},
								"east": {"uv": [1, 2], "uv_size": [1, 1]},
								"south": {"uv": [1, 2], "uv_size": [1, 1]},
								"west": {"uv": [1, 2], "uv_size": [1, 1]},
								"up": {"uv": [2, 3], "uv_size": [-1, -1]},
								"down": {"uv": [2, 3], "uv_size": [-1, -1]}
							}
						},
						{
							"origin": [-0.5, 0.5, 12],
							"size": [1, 1, 1],
							"uv": {
								"north": {"uv": [0, 2], "uv_size": [1, 1]},
								"east": {"uv": [0, 2], "uv_size": [1, 1]},
								"south": {"uv": [0, 2], "uv_size": [1, 1]},
								"west": {"uv": [0, 2], "uv_size": [1, 1]},
								"up": {"uv": [1, 3], "uv_size": [-1, -1]},
								"down": {"uv": [1, 3], "uv_size": [-1, -1]}
							}
						},
						{
							"origin": [-0.5, 0.5, -3],
							"size": [1, 1, 1],
							"uv": {
								"north": {"uv": [0, 2], "uv_size": [1, 1]},
								"east": {"uv": [0, 2], "uv_size": [1, 1]},
								"south": {"uv": [0, 2], "uv_size": [1, 1]},
								"west": {"uv": [0, 2], "uv_size": [1, 1]},
								"up": {"uv": [1, 3], "uv_size": [-1, -1]},
								"down": {"uv": [1, 3], "uv_size": [-1, -1]}
							}
						},
						{
							"origin": [-0.5, 0.5, -6],
							"size": [1, 1, 1],
							"uv": {
								"north": {"uv": [15, 2], "uv_size": [1, 1]},
								"east": {"uv": [15, 2], "uv_size": [1, 1]},
								"south": {"uv": [15, 2], "uv_size": [1, 1]},
								"west": {"uv": [15, 2], "uv_size": [1, 1]},
								"up": {"uv": [16, 3], "uv_size": [-1, -1]},
								"down": {"uv": [16, 3], "uv_size": [-1, -1]}
							}
						},
						{
							"origin": [-0.5, 1.5, -4],
							"size": [1, 1, 1],
							"uv": {
								"north": {"uv": [13, 1], "uv_size": [1, 1]},
								"east": {"uv": [13, 1], "uv_size": [1, 1]},
								"south": {"uv": [13, 1], "uv_size": [1, 1]},
								"west": {"uv": [13, 1], "uv_size": [1, 1]},
								"up": {"uv": [14, 2], "uv_size": [-1, -1]},
								"down": {"uv": [14, 2], "uv_size": [-1, -1]}
							}
						},
						{
							"origin": [-0.5, 1.5, -5],
							"size": [1, 1, 1],
							"uv": {
								"north": {"uv": [14, 1], "uv_size": [1, 1]},
								"east": {"uv": [14, 1], "uv_size": [1, 1]},
								"south": {"uv": [14, 1], "uv_size": [1, 1]},
								"west": {"uv": [14, 1], "uv_size": [1, 1]},
								"up": {"uv": [15, 2], "uv_size": [-1, -1]},
								"down": {"uv": [15, 2], "uv_size": [-1, -1]}
							}
						},
						{
							"origin": [-1.5, 0.5, -4],
							"size": [3, 1, 1],
							"uv": {
								"north": {"uv": [13, 2], "uv_size": [1, 1]},
								"east": {"uv": [13, 2], "uv_size": [1, 1]},
								"south": {"uv": [13, 2], "uv_size": [1, 1]},
								"west": {"uv": [13, 2], "uv_size": [1, 1]},
								"up": {"uv": [14, 3], "uv_size": [-1, -1]},
								"down": {"uv": [14, 3], "uv_size": [-1, -1]}
							}
						},
						{
							"origin": [-1.5, 0.5, -5],
							"size": [3, 1, 1],
							"uv": {
								"north": {"uv": [14, 2], "uv_size": [1, 1]},
								"east": {"uv": [14, 2], "uv_size": [1, 1]},
								"south": {"uv": [14, 2], "uv_size": [1, 1]},
								"west": {"uv": [14, 2], "uv_size": [1, 1]},
								"up": {"uv": [15, 3], "uv_size": [-1, -1]},
								"down": {"uv": [15, 3], "uv_size": [-1, -1]}
							}
						},
						{
							"origin": [-0.5, -0.5, -4],
							"size": [1, 1, 1],
							"uv": {
								"north": {"uv": [13, 3], "uv_size": [1, 1]},
								"east": {"uv": [13, 3], "uv_size": [1, 1]},
								"south": {"uv": [13, 3], "uv_size": [1, 1]},
								"west": {"uv": [13, 3], "uv_size": [1, 1]},
								"up": {"uv": [14, 4], "uv_size": [-1, -1]},
								"down": {"uv": [14, 4], "uv_size": [-1, -1]}
							}
						},
						{
							"origin": [-0.5, -0.5, -5],
							"size": [1, 1, 1],
							"uv": {
								"north": {"uv": [14, 3], "uv_size": [1, 1]},
								"east": {"uv": [14, 3], "uv_size": [1, 1]},
								"south": {"uv": [14, 3], "uv_size": [1, 1]},
								"west": {"uv": [14, 3], "uv_size": [1, 1]},
								"up": {"uv": [15, 4], "uv_size": [-1, -1]},
								"down": {"uv": [15, 4], "uv_size": [-1, -1]}
							}
						},
						{
							"origin": [-0.5, 1.5, 10],
							"size": [1, 1, 1],
							"uv": {
								"north": {"uv": [0, 0], "uv_size": [1, 1]},
								"east": {"uv": [0, 0], "uv_size": [1, 1]},
								"south": {"uv": [0, 0], "uv_size": [1, 1]},
								"west": {"uv": [0, 0], "uv_size": [1, 1]},
								"up": {"uv": [1, 1], "uv_size": [-1, -1]},
								"down": {"uv": [1, 1], "uv_size": [-1, -1]}
							}
						},
						{
							"origin": [-0.5, 2.5, 11],
							"size": [1, 1, 1],
							"uv": {
								"north": {"uv": [2, 0], "uv_size": [1, 1]},
								"east": {"uv": [2, 0], "uv_size": [1, 1]},
								"south": {"uv": [2, 0], "uv_size": [1, 1]},
								"west": {"uv": [2, 0], "uv_size": [1, 1]},
								"up": {"uv": [3, 1], "uv_size": [-1, -1]},
								"down": {"uv": [3, 1], "uv_size": [-1, -1]}
							}
						},
						{
							"origin": [-0.5, 2.5, 12],
							"size": [1, 1, 1],
							"uv": {
								"north": {"uv": [1, 0], "uv_size": [1, 1]},
								"east": {"uv": [1, 0], "uv_size": [1, 1]},
								"south": {"uv": [1, 0], "uv_size": [1, 1]},
								"west": {"uv": [1, 0], "uv_size": [1, 1]},
								"up": {"uv": [2, 1], "uv_size": [-1, -1]},
								"down": {"uv": [2, 1], "uv_size": [-1, -1]}
							}
						},
						{
							"origin": [-0.5, 2.5, 13],
							"size": [1, 1, 1],
							"uv": {
								"north": {"uv": [0, 0], "uv_size": [1, 1]},
								"east": {"uv": [0, 0], "uv_size": [1, 1]},
								"south": {"uv": [0, 0], "uv_size": [1, 1]},
								"west": {"uv": [0, 0], "uv_size": [1, 1]},
								"up": {"uv": [1, 1], "uv_size": [-1, -1]},
								"down": {"uv": [1, 1], "uv_size": [-1, -1]}
							}
						},
						{
							"origin": [-2.5, 0.5, 11],
							"size": [1, 1, 1],
							"uv": {
								"north": {"uv": [0, 0], "uv_size": [1, 1]},
								"east": {"uv": [0, 0], "uv_size": [1, 1]},
								"south": {"uv": [0, 0], "uv_size": [1, 1]},
								"west": {"uv": [0, 0], "uv_size": [1, 1]},
								"up": {"uv": [1, 1], "uv_size": [-1, -1]},
								"down": {"uv": [1, 1], "uv_size": [-1, -1]}
							}
						},
						{
							"origin": [-2.5, 0.5, 13],
							"size": [1, 1, 1],
							"uv": {
								"north": {"uv": [0, 0], "uv_size": [1, 1]},
								"east": {"uv": [0, 0], "uv_size": [1, 1]},
								"south": {"uv": [0, 0], "uv_size": [1, 1]},
								"west": {"uv": [0, 0], "uv_size": [1, 1]},
								"up": {"uv": [1, 1], "uv_size": [-1, -1]},
								"down": {"uv": [1, 1], "uv_size": [-1, -1]}
							}
						},
						{
							"origin": [-1.5, 0.5, 10],
							"size": [1, 1, 1],
							"uv": {
								"north": {"uv": [0, 0], "uv_size": [1, 1]},
								"east": {"uv": [0, 0], "uv_size": [1, 1]},
								"south": {"uv": [0, 0], "uv_size": [1, 1]},
								"west": {"uv": [0, 0], "uv_size": [1, 1]},
								"up": {"uv": [1, 1], "uv_size": [-1, -1]},
								"down": {"uv": [1, 1], "uv_size": [-1, -1]}
							}
						},
						{
							"origin": [0.5, 0.5, 10],
							"size": [1, 1, 1],
							"uv": {
								"north": {"uv": [0, 0], "uv_size": [1, 1]},
								"east": {"uv": [0, 0], "uv_size": [1, 1]},
								"south": {"uv": [0, 0], "uv_size": [1, 1]},
								"west": {"uv": [0, 0], "uv_size": [1, 1]},
								"up": {"uv": [1, 1], "uv_size": [-1, -1]},
								"down": {"uv": [1, 1], "uv_size": [-1, -1]}
							}
						},
						{
							"origin": [1.5, 0.5, 11],
							"size": [1, 1, 1],
							"uv": {
								"north": {"uv": [0, 0], "uv_size": [1, 1]},
								"east": {"uv": [0, 0], "uv_size": [1, 1]},
								"south": {"uv": [0, 0], "uv_size": [1, 1]},
								"west": {"uv": [0, 0], "uv_size": [1, 1]},
								"up": {"uv": [1, 1], "uv_size": [-1, -1]},
								"down": {"uv": [1, 1], "uv_size": [-1, -1]}
							}
						},
						{
							"origin": [-0.5, -0.5, 10],
							"size": [1, 1, 1],
							"uv": {
								"north": {"uv": [0, 0], "uv_size": [1, 1]},
								"east": {"uv": [0, 0], "uv_size": [1, 1]},
								"south": {"uv": [0, 0], "uv_size": [1, 1]},
								"west": {"uv": [0, 0], "uv_size": [1, 1]},
								"up": {"uv": [1, 1], "uv_size": [-1, -1]},
								"down": {"uv": [1, 1], "uv_size": [-1, -1]}
							}
						},
						{
							"origin": [-0.5, -1.5, 11],
							"size": [1, 1, 1],
							"uv": {
								"north": {"uv": [0, 0], "uv_size": [1, 1]},
								"east": {"uv": [0, 0], "uv_size": [1, 1]},
								"south": {"uv": [0, 0], "uv_size": [1, 1]},
								"west": {"uv": [0, 0], "uv_size": [1, 1]},
								"up": {"uv": [1, 1], "uv_size": [-1, -1]},
								"down": {"uv": [1, 1], "uv_size": [-1, -1]}
							}
						},
						{
							"origin": [-0.5, -1.5, 13],
							"size": [1, 1, 1],
							"uv": {
								"north": {"uv": [0, 0], "uv_size": [1, 1]},
								"east": {"uv": [0, 0], "uv_size": [1, 1]},
								"south": {"uv": [0, 0], "uv_size": [1, 1]},
								"west": {"uv": [0, 0], "uv_size": [1, 1]},
								"up": {"uv": [1, 1], "uv_size": [-1, -1]},
								"down": {"uv": [1, 1], "uv_size": [-1, -1]}
							}
						},
						{
							"origin": [-0.5, 1.5, 9],
							"size": [1, 1, 1],
							"uv": {
								"north": {"uv": [2, 1], "uv_size": [1, 1]},
								"east": {"uv": [2, 1], "uv_size": [1, 1]},
								"south": {"uv": [2, 1], "uv_size": [1, 1]},
								"west": {"uv": [2, 1], "uv_size": [1, 1]},
								"up": {"uv": [3, 2], "uv_size": [-1, -1]},
								"down": {"uv": [3, 2], "uv_size": [-1, -1]}
							}
						},
						{
							"origin": [-0.5, 1.5, 11],
							"size": [1, 1, 1],
							"uv": {
								"north": {"uv": [1, 0], "uv_size": [1, 1]},
								"east": {"uv": [1, 0], "uv_size": [1, 1]},
								"south": {"uv": [1, 0], "uv_size": [1, 1]},
								"west": {"uv": [1, 0], "uv_size": [1, 1]},
								"up": {"uv": [2, 1], "uv_size": [-1, -1]},
								"down": {"uv": [2, 1], "uv_size": [-1, -1]}
							}
						},
						{
							"origin": [-1.5, 0.5, 9],
							"size": [1, 1, 1],
							"uv": {
								"north": {"uv": [2, 1], "uv_size": [1, 1]},
								"east": {"uv": [2, 1], "uv_size": [1, 1]},
								"south": {"uv": [2, 1], "uv_size": [1, 1]},
								"west": {"uv": [2, 1], "uv_size": [1, 1]},
								"up": {"uv": [3, 2], "uv_size": [-1, -1]},
								"down": {"uv": [3, 2], "uv_size": [-1, -1]}
							}
						},
						{
							"origin": [-1.5, 0.5, 11],
							"size": [1, 1, 1],
							"uv": {
								"north": {"uv": [1, 0], "uv_size": [1, 1]},
								"east": {"uv": [1, 0], "uv_size": [1, 1]},
								"south": {"uv": [1, 0], "uv_size": [1, 1]},
								"west": {"uv": [1, 0], "uv_size": [1, 1]},
								"up": {"uv": [2, 1], "uv_size": [-1, -1]},
								"down": {"uv": [2, 1], "uv_size": [-1, -1]}
							}
						},
						{
							"origin": [0.5, 0.5, 11],
							"size": [1, 1, 1],
							"uv": {
								"north": {"uv": [1, 0], "uv_size": [1, 1]},
								"east": {"uv": [1, 0], "uv_size": [1, 1]},
								"south": {"uv": [1, 0], "uv_size": [1, 1]},
								"west": {"uv": [1, 0], "uv_size": [1, 1]},
								"up": {"uv": [2, 1], "uv_size": [-1, -1]},
								"down": {"uv": [2, 1], "uv_size": [-1, -1]}
							}
						},
						{
							"origin": [0.5, 0.5, 9],
							"size": [1, 1, 1],
							"uv": {
								"north": {"uv": [2, 1], "uv_size": [1, 1]},
								"east": {"uv": [2, 1], "uv_size": [1, 1]},
								"south": {"uv": [2, 1], "uv_size": [1, 1]},
								"west": {"uv": [2, 1], "uv_size": [1, 1]},
								"up": {"uv": [3, 2], "uv_size": [-1, -1]},
								"down": {"uv": [3, 2], "uv_size": [-1, -1]}
							}
						},
						{
							"origin": [-0.5, -0.5, 9],
							"size": [1, 1, 1],
							"uv": {
								"north": {"uv": [2, 1], "uv_size": [1, 1]},
								"east": {"uv": [2, 1], "uv_size": [1, 1]},
								"south": {"uv": [2, 1], "uv_size": [1, 1]},
								"west": {"uv": [2, 1], "uv_size": [1, 1]},
								"up": {"uv": [3, 2], "uv_size": [-1, -1]},
								"down": {"uv": [3, 2], "uv_size": [-1, -1]}
							}
						},
						{
							"origin": [-2.5, 0.5, 10],
							"size": [1, 1, 1],
							"uv": {
								"north": {"uv": [2, 1], "uv_size": [1, 1]},
								"east": {"uv": [2, 1], "uv_size": [1, 1]},
								"south": {"uv": [2, 1], "uv_size": [1, 1]},
								"west": {"uv": [2, 1], "uv_size": [1, 1]},
								"up": {"uv": [3, 2], "uv_size": [-1, -1]},
								"down": {"uv": [3, 2], "uv_size": [-1, -1]}
							}
						},
						{
							"origin": [-2.5, 0.5, 12],
							"size": [1, 1, 1],
							"uv": {
								"north": {"uv": [2, 1], "uv_size": [1, 1]},
								"east": {"uv": [2, 1], "uv_size": [1, 1]},
								"south": {"uv": [2, 1], "uv_size": [1, 1]},
								"west": {"uv": [2, 1], "uv_size": [1, 1]},
								"up": {"uv": [3, 2], "uv_size": [-1, -1]},
								"down": {"uv": [3, 2], "uv_size": [-1, -1]}
							}
						},
						{
							"origin": [-0.5, -0.5, 11],
							"size": [1, 1, 1],
							"uv": {
								"north": {"uv": [1, 0], "uv_size": [1, 1]},
								"east": {"uv": [1, 0], "uv_size": [1, 1]},
								"south": {"uv": [1, 0], "uv_size": [1, 1]},
								"west": {"uv": [1, 0], "uv_size": [1, 1]},
								"up": {"uv": [2, 1], "uv_size": [-1, -1]},
								"down": {"uv": [2, 1], "uv_size": [-1, -1]}
							}
						},
						{
							"origin": [-0.5, -1.5, 10],
							"size": [1, 1, 1],
							"uv": {
								"north": {"uv": [2, 1], "uv_size": [1, 1]},
								"east": {"uv": [2, 1], "uv_size": [1, 1]},
								"south": {"uv": [2, 1], "uv_size": [1, 1]},
								"west": {"uv": [2, 1], "uv_size": [1, 1]},
								"up": {"uv": [3, 2], "uv_size": [-1, -1]},
								"down": {"uv": [3, 2], "uv_size": [-1, -1]}
							}
						},
						{
							"origin": [-0.5, -1.5, 12],
							"size": [1, 1, 1],
							"uv": {
								"north": {"uv": [2, 1], "uv_size": [1, 1]},
								"east": {"uv": [2, 1], "uv_size": [1, 1]},
								"south": {"uv": [2, 1], "uv_size": [1, 1]},
								"west": {"uv": [2, 1], "uv_size": [1, 1]},
								"up": {"uv": [3, 2], "uv_size": [-1, -1]},
								"down": {"uv": [3, 2], "uv_size": [-1, -1]}
							}
						},
						{
							"origin": [1.5, 0.5, 10],
							"size": [1, 1, 1],
							"uv": {
								"north": {"uv": [2, 1], "uv_size": [1, 1]},
								"east": {"uv": [2, 1], "uv_size": [1, 1]},
								"south": {"uv": [2, 1], "uv_size": [1, 1]},
								"west": {"uv": [2, 1], "uv_size": [1, 1]},
								"up": {"uv": [3, 2], "uv_size": [-1, -1]},
								"down": {"uv": [3, 2], "uv_size": [-1, -1]}
							}
						},
						{
							"origin": [1.5, 0.5, 12],
							"size": [1, 1, 1],
							"uv": {
								"north": {"uv": [2, 1], "uv_size": [1, 1]},
								"east": {"uv": [2, 1], "uv_size": [1, 1]},
								"south": {"uv": [2, 1], "uv_size": [1, 1]},
								"west": {"uv": [2, 1], "uv_size": [1, 1]},
								"up": {"uv": [3, 2], "uv_size": [-1, -1]},
								"down": {"uv": [3, 2], "uv_size": [-1, -1]}
							}
						}
					]
				}
			]
		}
	]
}