{
	"format_version": "1.16.0",
	"minecraft:geometry": [
		{
			"description": {
				"identifier": "geometry.magic_diamond",
				"texture_width": 16,
				"texture_height": 16,
				"visible_bounds_width": 2,
				"visible_bounds_height": 3.5,
				"visible_bounds_offset": [0, 1.25, 0]
			},
			"bones": [
				{
					"name": "rightitem",
					"pivot": [0, 21, -2],
					"rotation": [45, 0, 0],
					"binding": "q.item_slot_to_bone_name(c.item_slot)",
					"cubes": [
						{
							"origin": [0.4, 25.8, -2.4],
							"size": [0.4, 0.4, 0.8],
							"uv": {
								"north": {"uv": [7, 3], "uv_size": [-1, 1]},
								"east": {"uv": [6, 3], "uv_size": [1, 1]},
								"south": {"uv": [6, 3], "uv_size": [1, 1]},
								"west": {"uv": [6, 3], "uv_size": [1, 1]},
								"up": {"uv": [7, 4], "uv_size": [-1, -1]},
								"down": {"uv": [7, 4], "uv_size": [-1, -1]}
							}
						},
						{
							"origin": [0, 25.8, -2.4],
							"size": [0.4, 0.4, 0.8],
							"uv": {
								"north": {"uv": [8, 3], "uv_size": [-1, 1]},
								"east": {"uv": [7, 3], "uv_size": [1, 1]},
								"south": {"uv": [7, 3], "uv_size": [1, 1]},
								"west": {"uv": [7, 3], "uv_size": [1, 1]},
								"up": {"uv": [8, 4], "uv_size": [-1, -1]},
								"down": {"uv": [8, 4], "uv_size": [-1, -1]}
							}
						},
						{
							"origin": [-0.4, 25.8, -2.4],
							"size": [0.4, 0.4, 0.8],
							"uv": {
								"north": {"uv": [9, 3], "uv_size": [-1, 1]},
								"east": {"uv": [8, 3], "uv_size": [1, 1]},
								"south": {"uv": [8, 3], "uv_size": [1, 1]},
								"west": {"uv": [8, 3], "uv_size": [1, 1]},
								"up": {"uv": [9, 4], "uv_size": [-1, -1]},
								"down": {"uv": [9, 4], "uv_size": [-1, -1]}
							}
						},
						{
							"origin": [-0.8, 25.8, -2.4],
							"size": [0.4, 0.4, 0.8],
							"uv": {
								"north": {"uv": [10, 3], "uv_size": [-1, 1]},
								"east": {"uv": [9, 3], "uv_size": [1, 1]},
								"south": {"uv": [9, 3], "uv_size": [1, 1]},
								"west": {"uv": [9, 3], "uv_size": [1, 1]},
								"up": {"uv": [10, 4], "uv_size": [-1, -1]},
								"down": {"uv": [10, 4], "uv_size": [-1, -1]}
							}
						},
						{
							"origin": [0.8, 25.4, -2.4],
							"size": [0.4, 0.4, 0.8],
							"uv": {
								"north": {"uv": [6, 4], "uv_size": [-1, 1]},
								"east": {"uv": [5, 4], "uv_size": [1, 1]},
								"south": {"uv": [5, 4], "uv_size": [1, 1]},
								"west": {"uv": [5, 4], "uv_size": [1, 1]},
								"up": {"uv": [6, 5], "uv_size": [-1, -1]},
								"down": {"uv": [6, 5], "uv_size": [-1, -1]}
							}
						},
						{
							"origin": [0.4, 25.4, -2.4],
							"size": [0.4, 0.4, 0.8],
							"uv": {
								"north": {"uv": [7, 4], "uv_size": [-1, 1]},
								"east": {"uv": [6, 4], "uv_size": [1, 1]},
								"south": {"uv": [6, 4], "uv_size": [1, 1]},
								"west": {"uv": [6, 4], "uv_size": [1, 1]},
								"up": {"uv": [7, 5], "uv_size": [-1, -1]},
								"down": {"uv": [7, 5], "uv_size": [-1, -1]}
							}
						},
						{
							"origin": [0, 25.4, -2.4],
							"size": [0.4, 0.4, 0.8],
							"uv": {
								"north": {"uv": [8, 4], "uv_size": [-1, 1]},
								"east": {"uv": [7, 4], "uv_size": [1, 1]},
								"south": {"uv": [7, 4], "uv_size": [1, 1]},
								"west": {"uv": [7, 4], "uv_size": [1, 1]},
								"up": {"uv": [8, 5], "uv_size": [-1, -1]},
								"down": {"uv": [8, 5], "uv_size": [-1, -1]}
							}
						},
						{
							"origin": [-0.4, 25.4, -2.4],
							"size": [0.4, 0.4, 0.8],
							"uv": {
								"north": {"uv": [9, 4], "uv_size": [-1, 1]},
								"east": {"uv": [8, 4], "uv_size": [1, 1]},
								"south": {"uv": [8, 4], "uv_size": [1, 1]},
								"west": {"uv": [8, 4], "uv_size": [1, 1]},
								"up": {"uv": [9, 5], "uv_size": [-1, -1]},
								"down": {"uv": [9, 5], "uv_size": [-1, -1]}
							}
						},
						{
							"origin": [-0.8, 25.4, -2.4],
							"size": [0.4, 0.4, 0.8],
							"uv": {
								"north": {"uv": [10, 4], "uv_size": [-1, 1]},
								"east": {"uv": [9, 4], "uv_size": [1, 1]},
								"south": {"uv": [9, 4], "uv_size": [1, 1]},
								"west": {"uv": [9, 4], "uv_size": [1, 1]},
								"up": {"uv": [10, 5], "uv_size": [-1, -1]},
								"down": {"uv": [10, 5], "uv_size": [-1, -1]}
							}
						},
						{
							"origin": [-1.2, 25.4, -2.4],
							"size": [0.4, 0.4, 0.8],
							"uv": {
								"north": {"uv": [11, 4], "uv_size": [-1, 1]},
								"east": {"uv": [10, 4], "uv_size": [1, 1]},
								"south": {"uv": [10, 4], "uv_size": [1, 1]},
								"west": {"uv": [10, 4], "uv_size": [1, 1]},
								"up": {"uv": [11, 5], "uv_size": [-1, -1]},
								"down": {"uv": [11, 5], "uv_size": [-1, -1]}
							}
						},
						{
							"origin": [1.2, 25, -2.4],
							"size": [0.4, 0.4, 0.8],
							"uv": {
								"north": {"uv": [5, 5], "uv_size": [-1, 1]},
								"east": {"uv": [4, 5], "uv_size": [1, 1]},
								"south": {"uv": [4, 5], "uv_size": [1, 1]},
								"west": {"uv": [4, 5], "uv_size": [1, 1]},
								"up": {"uv": [5, 6], "uv_size": [-1, -1]},
								"down": {"uv": [5, 6], "uv_size": [-1, -1]}
							}
						},
						{
							"origin": [0.8, 25, -2.4],
							"size": [0.4, 0.4, 0.8],
							"uv": {
								"north": {"uv": [6, 5], "uv_size": [-1, 1]},
								"east": {"uv": [5, 5], "uv_size": [1, 1]},
								"south": {"uv": [5, 5], "uv_size": [1, 1]},
								"west": {"uv": [5, 5], "uv_size": [1, 1]},
								"up": {"uv": [6, 6], "uv_size": [-1, -1]},
								"down": {"uv": [6, 6], "uv_size": [-1, -1]}
							}
						},
						{
							"origin": [0.4, 25, -2.4],
							"size": [0.4, 0.4, 0.8],
							"uv": {
								"north": {"uv": [7, 5], "uv_size": [-1, 1]},
								"east": {"uv": [6, 5], "uv_size": [1, 1]},
								"south": {"uv": [6, 5], "uv_size": [1, 1]},
								"west": {"uv": [6, 5], "uv_size": [1, 1]},
								"up": {"uv": [7, 6], "uv_size": [-1, -1]},
								"down": {"uv": [7, 6], "uv_size": [-1, -1]}
							}
						},
						{
							"origin": [0, 25, -2.4],
							"size": [0.4, 0.4, 0.8],
							"uv": {
								"north": {"uv": [8, 5], "uv_size": [-1, 1]},
								"east": {"uv": [7, 5], "uv_size": [1, 1]},
								"south": {"uv": [7, 5], "uv_size": [1, 1]},
								"west": {"uv": [7, 5], "uv_size": [1, 1]},
								"up": {"uv": [8, 6], "uv_size": [-1, -1]},
								"down": {"uv": [8, 6], "uv_size": [-1, -1]}
							}
						},
						{
							"origin": [-0.4, 25, -2.4],
							"size": [0.4, 0.4, 0.8],
							"uv": {
								"north": {"uv": [9, 5], "uv_size": [-1, 1]},
								"east": {"uv": [8, 5], "uv_size": [1, 1]},
								"south": {"uv": [8, 5], "uv_size": [1, 1]},
								"west": {"uv": [8, 5], "uv_size": [1, 1]},
								"up": {"uv": [9, 6], "uv_size": [-1, -1]},
								"down": {"uv": [9, 6], "uv_size": [-1, -1]}
							}
						},
						{
							"origin": [-0.8, 25, -2.4],
							"size": [0.4, 0.4, 0.8],
							"uv": {
								"north": {"uv": [10, 5], "uv_size": [-1, 1]},
								"east": {"uv": [9, 5], "uv_size": [1, 1]},
								"south": {"uv": [9, 5], "uv_size": [1, 1]},
								"west": {"uv": [9, 5], "uv_size": [1, 1]},
								"up": {"uv": [10, 6], "uv_size": [-1, -1]},
								"down": {"uv": [10, 6], "uv_size": [-1, -1]}
							}
						},
						{
							"origin": [-1.2, 25, -2.4],
							"size": [0.4, 0.4, 0.8],
							"uv": {
								"north": {"uv": [11, 5], "uv_size": [-1, 1]},
								"east": {"uv": [10, 5], "uv_size": [1, 1]},
								"south": {"uv": [10, 5], "uv_size": [1, 1]},
								"west": {"uv": [10, 5], "uv_size": [1, 1]},
								"up": {"uv": [11, 6], "uv_size": [-1, -1]},
								"down": {"uv": [11, 6], "uv_size": [-1, -1]}
							}
						},
						{
							"origin": [-1.6, 25, -2.4],
							"size": [0.4, 0.4, 0.8],
							"uv": {
								"north": {"uv": [12, 5], "uv_size": [-1, 1]},
								"east": {"uv": [11, 5], "uv_size": [1, 1]},
								"south": {"uv": [11, 5], "uv_size": [1, 1]},
								"west": {"uv": [11, 5], "uv_size": [1, 1]},
								"up": {"uv": [12, 6], "uv_size": [-1, -1]},
								"down": {"uv": [12, 6], "uv_size": [-1, -1]}
							}
						},
						{
							"origin": [1.2, 24.6, -2.4],
							"size": [0.4, 0.4, 0.8],
							"uv": {
								"north": {"uv": [5, 6], "uv_size": [-1, 1]},
								"east": {"uv": [4, 6], "uv_size": [1, 1]},
								"south": {"uv": [4, 6], "uv_size": [1, 1]},
								"west": {"uv": [4, 6], "uv_size": [1, 1]},
								"up": {"uv": [5, 7], "uv_size": [-1, -1]},
								"down": {"uv": [5, 7], "uv_size": [-1, -1]}
							}
						},
						{
							"origin": [0.8, 24.6, -2.4],
							"size": [0.4, 0.4, 0.8],
							"uv": {
								"north": {"uv": [6, 6], "uv_size": [-1, 1]},
								"east": {"uv": [5, 6], "uv_size": [1, 1]},
								"south": {"uv": [5, 6], "uv_size": [1, 1]},
								"west": {"uv": [5, 6], "uv_size": [1, 1]},
								"up": {"uv": [6, 7], "uv_size": [-1, -1]},
								"down": {"uv": [6, 7], "uv_size": [-1, -1]}
							}
						},
						{
							"origin": [0.4, 24.6, -2.4],
							"size": [0.4, 0.4, 0.8],
							"uv": {
								"north": {"uv": [7, 6], "uv_size": [-1, 1]},
								"east": {"uv": [6, 6], "uv_size": [1, 1]},
								"south": {"uv": [6, 6], "uv_size": [1, 1]},
								"west": {"uv": [6, 6], "uv_size": [1, 1]},
								"up": {"uv": [7, 7], "uv_size": [-1, -1]},
								"down": {"uv": [7, 7], "uv_size": [-1, -1]}
							}
						},
						{
							"origin": [0, 24.6, -2.4],
							"size": [0.4, 0.4, 0.8],
							"uv": {
								"north": {"uv": [8, 6], "uv_size": [-1, 1]},
								"east": {"uv": [7, 6], "uv_size": [1, 1]},
								"south": {"uv": [7, 6], "uv_size": [1, 1]},
								"west": {"uv": [7, 6], "uv_size": [1, 1]},
								"up": {"uv": [8, 7], "uv_size": [-1, -1]},
								"down": {"uv": [8, 7], "uv_size": [-1, -1]}
							}
						},
						{
							"origin": [-0.4, 24.6, -2.4],
							"size": [0.4, 0.4, 0.8],
							"uv": {
								"north": {"uv": [9, 6], "uv_size": [-1, 1]},
								"east": {"uv": [8, 6], "uv_size": [1, 1]},
								"south": {"uv": [8, 6], "uv_size": [1, 1]},
								"west": {"uv": [8, 6], "uv_size": [1, 1]},
								"up": {"uv": [9, 7], "uv_size": [-1, -1]},
								"down": {"uv": [9, 7], "uv_size": [-1, -1]}
							}
						},
						{
							"origin": [-0.8, 24.6, -2.4],
							"size": [0.4, 0.4, 0.8],
							"uv": {
								"north": {"uv": [10, 6], "uv_size": [-1, 1]},
								"east": {"uv": [9, 6], "uv_size": [1, 1]},
								"south": {"uv": [9, 6], "uv_size": [1, 1]},
								"west": {"uv": [9, 6], "uv_size": [1, 1]},
								"up": {"uv": [10, 7], "uv_size": [-1, -1]},
								"down": {"uv": [10, 7], "uv_size": [-1, -1]}
							}
						},
						{
							"origin": [-1.2, 24.6, -2.4],
							"size": [0.4, 0.4, 0.8],
							"uv": {
								"north": {"uv": [11, 6], "uv_size": [-1, 1]},
								"east": {"uv": [10, 6], "uv_size": [1, 1]},
								"south": {"uv": [10, 6], "uv_size": [1, 1]},
								"west": {"uv": [10, 6], "uv_size": [1, 1]},
								"up": {"uv": [11, 7], "uv_size": [-1, -1]},
								"down": {"uv": [11, 7], "uv_size": [-1, -1]}
							}
						},
						{
							"origin": [-1.6, 24.6, -2.4],
							"size": [0.4, 0.4, 0.8],
							"uv": {
								"north": {"uv": [12, 6], "uv_size": [-1, 1]},
								"east": {"uv": [11, 6], "uv_size": [1, 1]},
								"south": {"uv": [11, 6], "uv_size": [1, 1]},
								"west": {"uv": [11, 6], "uv_size": [1, 1]},
								"up": {"uv": [12, 7], "uv_size": [-1, -1]},
								"down": {"uv": [12, 7], "uv_size": [-1, -1]}
							}
						},
						{
							"origin": [1.6, 24.2, -2.4],
							"size": [0.4, 0.4, 0.8],
							"uv": {
								"north": {"uv": [4, 7], "uv_size": [-1, 1]},
								"east": {"uv": [3, 7], "uv_size": [1, 1]},
								"south": {"uv": [3, 7], "uv_size": [1, 1]},
								"west": {"uv": [3, 7], "uv_size": [1, 1]},
								"up": {"uv": [4, 8], "uv_size": [-1, -1]},
								"down": {"uv": [4, 8], "uv_size": [-1, -1]}
							}
						},
						{
							"origin": [1.2, 24.2, -2.4],
							"size": [0.4, 0.4, 0.8],
							"uv": {
								"north": {"uv": [5, 7], "uv_size": [-1, 1]},
								"east": {"uv": [4, 7], "uv_size": [1, 1]},
								"south": {"uv": [4, 7], "uv_size": [1, 1]},
								"west": {"uv": [4, 7], "uv_size": [1, 1]},
								"up": {"uv": [5, 8], "uv_size": [-1, -1]},
								"down": {"uv": [5, 8], "uv_size": [-1, -1]}
							}
						},
						{
							"origin": [0.8, 24.2, -2.4],
							"size": [0.4, 0.4, 0.8],
							"uv": {
								"north": {"uv": [6, 7], "uv_size": [-1, 1]},
								"east": {"uv": [5, 7], "uv_size": [1, 1]},
								"south": {"uv": [5, 7], "uv_size": [1, 1]},
								"west": {"uv": [5, 7], "uv_size": [1, 1]},
								"up": {"uv": [6, 8], "uv_size": [-1, -1]},
								"down": {"uv": [6, 8], "uv_size": [-1, -1]}
							}
						},
						{
							"origin": [0.4, 24.2, -2.4],
							"size": [0.4, 0.4, 0.8],
							"uv": {
								"north": {"uv": [7, 7], "uv_size": [-1, 1]},
								"east": {"uv": [6, 7], "uv_size": [1, 1]},
								"south": {"uv": [6, 7], "uv_size": [1, 1]},
								"west": {"uv": [6, 7], "uv_size": [1, 1]},
								"up": {"uv": [7, 8], "uv_size": [-1, -1]},
								"down": {"uv": [7, 8], "uv_size": [-1, -1]}
							}
						},
						{
							"origin": [0, 24.2, -2.4],
							"size": [0.4, 0.4, 0.8],
							"uv": {
								"north": {"uv": [8, 7], "uv_size": [-1, 1]},
								"east": {"uv": [7, 7], "uv_size": [1, 1]},
								"south": {"uv": [7, 7], "uv_size": [1, 1]},
								"west": {"uv": [7, 7], "uv_size": [1, 1]},
								"up": {"uv": [8, 8], "uv_size": [-1, -1]},
								"down": {"uv": [8, 8], "uv_size": [-1, -1]}
							}
						},
						{
							"origin": [-0.4, 24.2, -2.4],
							"size": [0.4, 0.4, 0.8],
							"uv": {
								"north": {"uv": [9, 7], "uv_size": [-1, 1]},
								"east": {"uv": [8, 7], "uv_size": [1, 1]},
								"south": {"uv": [8, 7], "uv_size": [1, 1]},
								"west": {"uv": [8, 7], "uv_size": [1, 1]},
								"up": {"uv": [9, 8], "uv_size": [-1, -1]},
								"down": {"uv": [9, 8], "uv_size": [-1, -1]}
							}
						},
						{
							"origin": [-0.8, 24.2, -2.4],
							"size": [0.4, 0.4, 0.8],
							"uv": {
								"north": {"uv": [10, 7], "uv_size": [-1, 1]},
								"east": {"uv": [9, 7], "uv_size": [1, 1]},
								"south": {"uv": [9, 7], "uv_size": [1, 1]},
								"west": {"uv": [9, 7], "uv_size": [1, 1]},
								"up": {"uv": [10, 8], "uv_size": [-1, -1]},
								"down": {"uv": [10, 8], "uv_size": [-1, -1]}
							}
						},
						{
							"origin": [-1.2, 24.2, -2.4],
							"size": [0.4, 0.4, 0.8],
							"uv": {
								"north": {"uv": [11, 7], "uv_size": [-1, 1]},
								"east": {"uv": [10, 7], "uv_size": [1, 1]},
								"south": {"uv": [10, 7], "uv_size": [1, 1]},
								"west": {"uv": [10, 7], "uv_size": [1, 1]},
								"up": {"uv": [11, 8], "uv_size": [-1, -1]},
								"down": {"uv": [11, 8], "uv_size": [-1, -1]}
							}
						},
						{
							"origin": [-1.6, 24.2, -2.4],
							"size": [0.4, 0.4, 0.8],
							"uv": {
								"north": {"uv": [12, 7], "uv_size": [-1, 1]},
								"east": {"uv": [11, 7], "uv_size": [1, 1]},
								"south": {"uv": [11, 7], "uv_size": [1, 1]},
								"west": {"uv": [11, 7], "uv_size": [1, 1]},
								"up": {"uv": [12, 8], "uv_size": [-1, -1]},
								"down": {"uv": [12, 8], "uv_size": [-1, -1]}
							}
						},
						{
							"origin": [-2, 24.2, -2.4],
							"size": [0.4, 0.4, 0.8],
							"uv": {
								"north": {"uv": [13, 7], "uv_size": [-1, 1]},
								"east": {"uv": [12, 7], "uv_size": [1, 1]},
								"south": {"uv": [12, 7], "uv_size": [1, 1]},
								"west": {"uv": [12, 7], "uv_size": [1, 1]},
								"up": {"uv": [13, 8], "uv_size": [-1, -1]},
								"down": {"uv": [13, 8], "uv_size": [-1, -1]}
							}
						},
						{
							"origin": [1.6, 23.8, -2.4],
							"size": [0.4, 0.4, 0.8],
							"uv": {
								"north": {"uv": [4, 8], "uv_size": [-1, 1]},
								"east": {"uv": [3, 8], "uv_size": [1, 1]},
								"south": {"uv": [3, 8], "uv_size": [1, 1]},
								"west": {"uv": [3, 8], "uv_size": [1, 1]},
								"up": {"uv": [4, 9], "uv_size": [-1, -1]},
								"down": {"uv": [4, 9], "uv_size": [-1, -1]}
							}
						},
						{
							"origin": [1.2, 23.8, -2.4],
							"size": [0.4, 0.4, 0.8],
							"uv": {
								"north": {"uv": [5, 8], "uv_size": [-1, 1]},
								"east": {"uv": [4, 8], "uv_size": [1, 1]},
								"south": {"uv": [4, 8], "uv_size": [1, 1]},
								"west": {"uv": [4, 8], "uv_size": [1, 1]},
								"up": {"uv": [5, 9], "uv_size": [-1, -1]},
								"down": {"uv": [5, 9], "uv_size": [-1, -1]}
							}
						},
						{
							"origin": [0.8, 23.8, -2.4],
							"size": [0.4, 0.4, 0.8],
							"uv": {
								"north": {"uv": [6, 8], "uv_size": [-1, 1]},
								"east": {"uv": [5, 8], "uv_size": [1, 1]},
								"south": {"uv": [5, 8], "uv_size": [1, 1]},
								"west": {"uv": [5, 8], "uv_size": [1, 1]},
								"up": {"uv": [6, 9], "uv_size": [-1, -1]},
								"down": {"uv": [6, 9], "uv_size": [-1, -1]}
							}
						},
						{
							"origin": [0.4, 23.8, -2.4],
							"size": [0.4, 0.4, 0.8],
							"uv": {
								"north": {"uv": [7, 8], "uv_size": [-1, 1]},
								"east": {"uv": [6, 8], "uv_size": [1, 1]},
								"south": {"uv": [6, 8], "uv_size": [1, 1]},
								"west": {"uv": [6, 8], "uv_size": [1, 1]},
								"up": {"uv": [7, 9], "uv_size": [-1, -1]},
								"down": {"uv": [7, 9], "uv_size": [-1, -1]}
							}
						},
						{
							"origin": [0, 23.8, -2.4],
							"size": [0.4, 0.4, 0.8],
							"uv": {
								"north": {"uv": [8, 8], "uv_size": [-1, 1]},
								"east": {"uv": [7, 8], "uv_size": [1, 1]},
								"south": {"uv": [7, 8], "uv_size": [1, 1]},
								"west": {"uv": [7, 8], "uv_size": [1, 1]},
								"up": {"uv": [8, 9], "uv_size": [-1, -1]},
								"down": {"uv": [8, 9], "uv_size": [-1, -1]}
							}
						},
						{
							"origin": [-0.4, 23.8, -2.4],
							"size": [0.4, 0.4, 0.8],
							"uv": {
								"north": {"uv": [9, 8], "uv_size": [-1, 1]},
								"east": {"uv": [8, 8], "uv_size": [1, 1]},
								"south": {"uv": [8, 8], "uv_size": [1, 1]},
								"west": {"uv": [8, 8], "uv_size": [1, 1]},
								"up": {"uv": [9, 9], "uv_size": [-1, -1]},
								"down": {"uv": [9, 9], "uv_size": [-1, -1]}
							}
						},
						{
							"origin": [-0.8, 23.8, -2.4],
							"size": [0.4, 0.4, 0.8],
							"uv": {
								"north": {"uv": [10, 8], "uv_size": [-1, 1]},
								"east": {"uv": [9, 8], "uv_size": [1, 1]},
								"south": {"uv": [9, 8], "uv_size": [1, 1]},
								"west": {"uv": [9, 8], "uv_size": [1, 1]},
								"up": {"uv": [10, 9], "uv_size": [-1, -1]},
								"down": {"uv": [10, 9], "uv_size": [-1, -1]}
							}
						},
						{
							"origin": [-1.2, 23.8, -2.4],
							"size": [0.4, 0.4, 0.8],
							"uv": {
								"north": {"uv": [11, 8], "uv_size": [-1, 1]},
								"east": {"uv": [10, 8], "uv_size": [1, 1]},
								"south": {"uv": [10, 8], "uv_size": [1, 1]},
								"west": {"uv": [10, 8], "uv_size": [1, 1]},
								"up": {"uv": [11, 9], "uv_size": [-1, -1]},
								"down": {"uv": [11, 9], "uv_size": [-1, -1]}
							}
						},
						{
							"origin": [-1.6, 23.8, -2.4],
							"size": [0.4, 0.4, 0.8],
							"uv": {
								"north": {"uv": [12, 8], "uv_size": [-1, 1]},
								"east": {"uv": [11, 8], "uv_size": [1, 1]},
								"south": {"uv": [11, 8], "uv_size": [1, 1]},
								"west": {"uv": [11, 8], "uv_size": [1, 1]},
								"up": {"uv": [12, 9], "uv_size": [-1, -1]},
								"down": {"uv": [12, 9], "uv_size": [-1, -1]}
							}
						},
						{
							"origin": [-2, 23.8, -2.4],
							"size": [0.4, 0.4, 0.8],
							"uv": {
								"north": {"uv": [13, 8], "uv_size": [-1, 1]},
								"east": {"uv": [12, 8], "uv_size": [1, 1]},
								"south": {"uv": [12, 8], "uv_size": [1, 1]},
								"west": {"uv": [12, 8], "uv_size": [1, 1]},
								"up": {"uv": [13, 9], "uv_size": [-1, -1]},
								"down": {"uv": [13, 9], "uv_size": [-1, -1]}
							}
						},
						{
							"origin": [1.6, 23.4, -2.4],
							"size": [0.4, 0.4, 0.8],
							"uv": {
								"north": {"uv": [4, 9], "uv_size": [-1, 1]},
								"east": {"uv": [3, 9], "uv_size": [1, 1]},
								"south": {"uv": [3, 9], "uv_size": [1, 1]},
								"west": {"uv": [3, 9], "uv_size": [1, 1]},
								"up": {"uv": [4, 10], "uv_size": [-1, -1]},
								"down": {"uv": [4, 10], "uv_size": [-1, -1]}
							}
						},
						{
							"origin": [1.2, 23.4, -2.4],
							"size": [0.4, 0.4, 0.8],
							"uv": {
								"north": {"uv": [5, 9], "uv_size": [-1, 1]},
								"east": {"uv": [4, 9], "uv_size": [1, 1]},
								"south": {"uv": [4, 9], "uv_size": [1, 1]},
								"west": {"uv": [4, 9], "uv_size": [1, 1]},
								"up": {"uv": [5, 10], "uv_size": [-1, -1]},
								"down": {"uv": [5, 10], "uv_size": [-1, -1]}
							}
						},
						{
							"origin": [0.8, 23.4, -2.4],
							"size": [0.4, 0.4, 0.8],
							"uv": {
								"north": {"uv": [6, 9], "uv_size": [-1, 1]},
								"east": {"uv": [5, 9], "uv_size": [1, 1]},
								"south": {"uv": [5, 9], "uv_size": [1, 1]},
								"west": {"uv": [5, 9], "uv_size": [1, 1]},
								"up": {"uv": [6, 10], "uv_size": [-1, -1]},
								"down": {"uv": [6, 10], "uv_size": [-1, -1]}
							}
						},
						{
							"origin": [0.4, 23.4, -2.4],
							"size": [0.4, 0.4, 0.8],
							"uv": {
								"north": {"uv": [7, 9], "uv_size": [-1, 1]},
								"east": {"uv": [6, 9], "uv_size": [1, 1]},
								"south": {"uv": [6, 9], "uv_size": [1, 1]},
								"west": {"uv": [6, 9], "uv_size": [1, 1]},
								"up": {"uv": [7, 10], "uv_size": [-1, -1]},
								"down": {"uv": [7, 10], "uv_size": [-1, -1]}
							}
						},
						{
							"origin": [0, 23.4, -2.4],
							"size": [0.4, 0.4, 0.8],
							"uv": {
								"north": {"uv": [8, 9], "uv_size": [-1, 1]},
								"east": {"uv": [7, 9], "uv_size": [1, 1]},
								"south": {"uv": [7, 9], "uv_size": [1, 1]},
								"west": {"uv": [7, 9], "uv_size": [1, 1]},
								"up": {"uv": [8, 10], "uv_size": [-1, -1]},
								"down": {"uv": [8, 10], "uv_size": [-1, -1]}
							}
						},
						{
							"origin": [-0.4, 23.4, -2.4],
							"size": [0.4, 0.4, 0.8],
							"uv": {
								"north": {"uv": [9, 9], "uv_size": [-1, 1]},
								"east": {"uv": [8, 9], "uv_size": [1, 1]},
								"south": {"uv": [8, 9], "uv_size": [1, 1]},
								"west": {"uv": [8, 9], "uv_size": [1, 1]},
								"up": {"uv": [9, 10], "uv_size": [-1, -1]},
								"down": {"uv": [9, 10], "uv_size": [-1, -1]}
							}
						},
						{
							"origin": [-0.8, 23.4, -2.4],
							"size": [0.4, 0.4, 0.8],
							"uv": {
								"north": {"uv": [10, 9], "uv_size": [-1, 1]},
								"east": {"uv": [9, 9], "uv_size": [1, 1]},
								"south": {"uv": [9, 9], "uv_size": [1, 1]},
								"west": {"uv": [9, 9], "uv_size": [1, 1]},
								"up": {"uv": [10, 10], "uv_size": [-1, -1]},
								"down": {"uv": [10, 10], "uv_size": [-1, -1]}
							}
						},
						{
							"origin": [-1.2, 23.4, -2.4],
							"size": [0.4, 0.4, 0.8],
							"uv": {
								"north": {"uv": [11, 9], "uv_size": [-1, 1]},
								"east": {"uv": [10, 9], "uv_size": [1, 1]},
								"south": {"uv": [10, 9], "uv_size": [1, 1]},
								"west": {"uv": [10, 9], "uv_size": [1, 1]},
								"up": {"uv": [11, 10], "uv_size": [-1, -1]},
								"down": {"uv": [11, 10], "uv_size": [-1, -1]}
							}
						},
						{
							"origin": [-1.6, 23.4, -2.4],
							"size": [0.4, 0.4, 0.8],
							"uv": {
								"north": {"uv": [12, 9], "uv_size": [-1, 1]},
								"east": {"uv": [11, 9], "uv_size": [1, 1]},
								"south": {"uv": [11, 9], "uv_size": [1, 1]},
								"west": {"uv": [11, 9], "uv_size": [1, 1]},
								"up": {"uv": [12, 10], "uv_size": [-1, -1]},
								"down": {"uv": [12, 10], "uv_size": [-1, -1]}
							}
						},
						{
							"origin": [-2, 23.4, -2.4],
							"size": [0.4, 0.4, 0.8],
							"uv": {
								"north": {"uv": [13, 9], "uv_size": [-1, 1]},
								"east": {"uv": [12, 9], "uv_size": [1, 1]},
								"south": {"uv": [12, 9], "uv_size": [1, 1]},
								"west": {"uv": [12, 9], "uv_size": [1, 1]},
								"up": {"uv": [13, 10], "uv_size": [-1, -1]},
								"down": {"uv": [13, 10], "uv_size": [-1, -1]}
							}
						},
						{
							"origin": [1.6, 23, -2.4],
							"size": [0.4, 0.4, 0.8],
							"uv": {
								"north": {"uv": [4, 10], "uv_size": [-1, 1]},
								"east": {"uv": [3, 10], "uv_size": [1, 1]},
								"south": {"uv": [3, 10], "uv_size": [1, 1]},
								"west": {"uv": [3, 10], "uv_size": [1, 1]},
								"up": {"uv": [4, 11], "uv_size": [-1, -1]},
								"down": {"uv": [4, 11], "uv_size": [-1, -1]}
							}
						},
						{
							"origin": [1.2, 23, -2.4],
							"size": [0.4, 0.4, 0.8],
							"uv": {
								"north": {"uv": [5, 10], "uv_size": [-1, 1]},
								"east": {"uv": [4, 10], "uv_size": [1, 1]},
								"south": {"uv": [4, 10], "uv_size": [1, 1]},
								"west": {"uv": [4, 10], "uv_size": [1, 1]},
								"up": {"uv": [5, 11], "uv_size": [-1, -1]},
								"down": {"uv": [5, 11], "uv_size": [-1, -1]}
							}
						},
						{
							"origin": [0.8, 23, -2.4],
							"size": [0.4, 0.4, 0.8],
							"uv": {
								"north": {"uv": [6, 10], "uv_size": [-1, 1]},
								"east": {"uv": [5, 10], "uv_size": [1, 1]},
								"south": {"uv": [5, 10], "uv_size": [1, 1]},
								"west": {"uv": [5, 10], "uv_size": [1, 1]},
								"up": {"uv": [6, 11], "uv_size": [-1, -1]},
								"down": {"uv": [6, 11], "uv_size": [-1, -1]}
							}
						},
						{
							"origin": [0.4, 23, -2.4],
							"size": [0.4, 0.4, 0.8],
							"uv": {
								"north": {"uv": [7, 10], "uv_size": [-1, 1]},
								"east": {"uv": [6, 10], "uv_size": [1, 1]},
								"south": {"uv": [6, 10], "uv_size": [1, 1]},
								"west": {"uv": [6, 10], "uv_size": [1, 1]},
								"up": {"uv": [7, 11], "uv_size": [-1, -1]},
								"down": {"uv": [7, 11], "uv_size": [-1, -1]}
							}
						},
						{
							"origin": [0, 23, -2.4],
							"size": [0.4, 0.4, 0.8],
							"uv": {
								"north": {"uv": [8, 10], "uv_size": [-1, 1]},
								"east": {"uv": [7, 10], "uv_size": [1, 1]},
								"south": {"uv": [7, 10], "uv_size": [1, 1]},
								"west": {"uv": [7, 10], "uv_size": [1, 1]},
								"up": {"uv": [8, 11], "uv_size": [-1, -1]},
								"down": {"uv": [8, 11], "uv_size": [-1, -1]}
							}
						},
						{
							"origin": [-0.4, 23, -2.4],
							"size": [0.4, 0.4, 0.8],
							"uv": {
								"north": {"uv": [9, 10], "uv_size": [-1, 1]},
								"east": {"uv": [8, 10], "uv_size": [1, 1]},
								"south": {"uv": [8, 10], "uv_size": [1, 1]},
								"west": {"uv": [8, 10], "uv_size": [1, 1]},
								"up": {"uv": [9, 11], "uv_size": [-1, -1]},
								"down": {"uv": [9, 11], "uv_size": [-1, -1]}
							}
						},
						{
							"origin": [-0.8, 23, -2.4],
							"size": [0.4, 0.4, 0.8],
							"uv": {
								"north": {"uv": [10, 10], "uv_size": [-1, 1]},
								"east": {"uv": [9, 10], "uv_size": [1, 1]},
								"south": {"uv": [9, 10], "uv_size": [1, 1]},
								"west": {"uv": [9, 10], "uv_size": [1, 1]},
								"up": {"uv": [10, 11], "uv_size": [-1, -1]},
								"down": {"uv": [10, 11], "uv_size": [-1, -1]}
							}
						},
						{
							"origin": [-1.2, 23, -2.4],
							"size": [0.4, 0.4, 0.8],
							"uv": {
								"north": {"uv": [11, 10], "uv_size": [-1, 1]},
								"east": {"uv": [10, 10], "uv_size": [1, 1]},
								"south": {"uv": [10, 10], "uv_size": [1, 1]},
								"west": {"uv": [10, 10], "uv_size": [1, 1]},
								"up": {"uv": [11, 11], "uv_size": [-1, -1]},
								"down": {"uv": [11, 11], "uv_size": [-1, -1]}
							}
						},
						{
							"origin": [-1.6, 23, -2.4],
							"size": [0.4, 0.4, 0.8],
							"uv": {
								"north": {"uv": [12, 10], "uv_size": [-1, 1]},
								"east": {"uv": [11, 10], "uv_size": [1, 1]},
								"south": {"uv": [11, 10], "uv_size": [1, 1]},
								"west": {"uv": [11, 10], "uv_size": [1, 1]},
								"up": {"uv": [12, 11], "uv_size": [-1, -1]},
								"down": {"uv": [12, 11], "uv_size": [-1, -1]}
							}
						},
						{
							"origin": [-2, 23, -2.4],
							"size": [0.4, 0.4, 0.8],
							"uv": {
								"north": {"uv": [13, 10], "uv_size": [-1, 1]},
								"east": {"uv": [12, 10], "uv_size": [1, 1]},
								"south": {"uv": [12, 10], "uv_size": [1, 1]},
								"west": {"uv": [12, 10], "uv_size": [1, 1]},
								"up": {"uv": [13, 11], "uv_size": [-1, -1]},
								"down": {"uv": [13, 11], "uv_size": [-1, -1]}
							}
						},
						{
							"origin": [1.2, 22.6, -2.4],
							"size": [0.4, 0.4, 0.8],
							"uv": {
								"north": {"uv": [5, 11], "uv_size": [-1, 1]},
								"east": {"uv": [4, 11], "uv_size": [1, 1]},
								"south": {"uv": [4, 11], "uv_size": [1, 1]},
								"west": {"uv": [4, 11], "uv_size": [1, 1]},
								"up": {"uv": [5, 12], "uv_size": [-1, -1]},
								"down": {"uv": [5, 12], "uv_size": [-1, -1]}
							}
						},
						{
							"origin": [0.8, 22.6, -2.4],
							"size": [0.4, 0.4, 0.8],
							"uv": {
								"north": {"uv": [6, 11], "uv_size": [-1, 1]},
								"east": {"uv": [5, 11], "uv_size": [1, 1]},
								"south": {"uv": [5, 11], "uv_size": [1, 1]},
								"west": {"uv": [5, 11], "uv_size": [1, 1]},
								"up": {"uv": [6, 12], "uv_size": [-1, -1]},
								"down": {"uv": [6, 12], "uv_size": [-1, -1]}
							}
						},
						{
							"origin": [0.4, 22.6, -2.4],
							"size": [0.4, 0.4, 0.8],
							"uv": {
								"north": {"uv": [7, 11], "uv_size": [-1, 1]},
								"east": {"uv": [6, 11], "uv_size": [1, 1]},
								"south": {"uv": [6, 11], "uv_size": [1, 1]},
								"west": {"uv": [6, 11], "uv_size": [1, 1]},
								"up": {"uv": [7, 12], "uv_size": [-1, -1]},
								"down": {"uv": [7, 12], "uv_size": [-1, -1]}
							}
						},
						{
							"origin": [0, 22.6, -2.4],
							"size": [0.4, 0.4, 0.8],
							"uv": {
								"north": {"uv": [8, 11], "uv_size": [-1, 1]},
								"east": {"uv": [7, 11], "uv_size": [1, 1]},
								"south": {"uv": [7, 11], "uv_size": [1, 1]},
								"west": {"uv": [7, 11], "uv_size": [1, 1]},
								"up": {"uv": [8, 12], "uv_size": [-1, -1]},
								"down": {"uv": [8, 12], "uv_size": [-1, -1]}
							}
						},
						{
							"origin": [-0.4, 22.6, -2.4],
							"size": [0.4, 0.4, 0.8],
							"uv": {
								"north": {"uv": [9, 11], "uv_size": [-1, 1]},
								"east": {"uv": [8, 11], "uv_size": [1, 1]},
								"south": {"uv": [8, 11], "uv_size": [1, 1]},
								"west": {"uv": [8, 11], "uv_size": [1, 1]},
								"up": {"uv": [9, 12], "uv_size": [-1, -1]},
								"down": {"uv": [9, 12], "uv_size": [-1, -1]}
							}
						},
						{
							"origin": [-0.8, 22.6, -2.4],
							"size": [0.4, 0.4, 0.8],
							"uv": {
								"north": {"uv": [10, 11], "uv_size": [-1, 1]},
								"east": {"uv": [9, 11], "uv_size": [1, 1]},
								"south": {"uv": [9, 11], "uv_size": [1, 1]},
								"west": {"uv": [9, 11], "uv_size": [1, 1]},
								"up": {"uv": [10, 12], "uv_size": [-1, -1]},
								"down": {"uv": [10, 12], "uv_size": [-1, -1]}
							}
						},
						{
							"origin": [-1.2, 22.6, -2.4],
							"size": [0.4, 0.4, 0.8],
							"uv": {
								"north": {"uv": [11, 11], "uv_size": [-1, 1]},
								"east": {"uv": [10, 11], "uv_size": [1, 1]},
								"south": {"uv": [10, 11], "uv_size": [1, 1]},
								"west": {"uv": [10, 11], "uv_size": [1, 1]},
								"up": {"uv": [11, 12], "uv_size": [-1, -1]},
								"down": {"uv": [11, 12], "uv_size": [-1, -1]}
							}
						},
						{
							"origin": [-1.6, 22.6, -2.4],
							"size": [0.4, 0.4, 0.8],
							"uv": {
								"north": {"uv": [12, 11], "uv_size": [-1, 1]},
								"east": {"uv": [11, 11], "uv_size": [1, 1]},
								"south": {"uv": [11, 11], "uv_size": [1, 1]},
								"west": {"uv": [11, 11], "uv_size": [1, 1]},
								"up": {"uv": [12, 12], "uv_size": [-1, -1]},
								"down": {"uv": [12, 12], "uv_size": [-1, -1]}
							}
						},
						{
							"origin": [1.2, 22.2, -2.4],
							"size": [0.4, 0.4, 0.8],
							"uv": {
								"north": {"uv": [5, 12], "uv_size": [-1, 1]},
								"east": {"uv": [4, 12], "uv_size": [1, 1]},
								"south": {"uv": [4, 12], "uv_size": [1, 1]},
								"west": {"uv": [4, 12], "uv_size": [1, 1]},
								"up": {"uv": [5, 13], "uv_size": [-1, -1]},
								"down": {"uv": [5, 13], "uv_size": [-1, -1]}
							}
						},
						{
							"origin": [0.8, 22.2, -2.4],
							"size": [0.4, 0.4, 0.8],
							"uv": {
								"north": {"uv": [6, 12], "uv_size": [-1, 1]},
								"east": {"uv": [5, 12], "uv_size": [1, 1]},
								"south": {"uv": [5, 12], "uv_size": [1, 1]},
								"west": {"uv": [5, 12], "uv_size": [1, 1]},
								"up": {"uv": [6, 13], "uv_size": [-1, -1]},
								"down": {"uv": [6, 13], "uv_size": [-1, -1]}
							}
						},
						{
							"origin": [0.4, 22.2, -2.4],
							"size": [0.4, 0.4, 0.8],
							"uv": {
								"north": {"uv": [7, 12], "uv_size": [-1, 1]},
								"east": {"uv": [6, 12], "uv_size": [1, 1]},
								"south": {"uv": [6, 12], "uv_size": [1, 1]},
								"west": {"uv": [6, 12], "uv_size": [1, 1]},
								"up": {"uv": [7, 13], "uv_size": [-1, -1]},
								"down": {"uv": [7, 13], "uv_size": [-1, -1]}
							}
						},
						{
							"origin": [0, 22.2, -2.4],
							"size": [0.4, 0.4, 0.8],
							"uv": {
								"north": {"uv": [8, 12], "uv_size": [-1, 1]},
								"east": {"uv": [7, 12], "uv_size": [1, 1]},
								"south": {"uv": [7, 12], "uv_size": [1, 1]},
								"west": {"uv": [7, 12], "uv_size": [1, 1]},
								"up": {"uv": [8, 13], "uv_size": [-1, -1]},
								"down": {"uv": [8, 13], "uv_size": [-1, -1]}
							}
						},
						{
							"origin": [-0.4, 22.2, -2.4],
							"size": [0.4, 0.4, 0.8],
							"uv": {
								"north": {"uv": [9, 12], "uv_size": [-1, 1]},
								"east": {"uv": [8, 12], "uv_size": [1, 1]},
								"south": {"uv": [8, 12], "uv_size": [1, 1]},
								"west": {"uv": [8, 12], "uv_size": [1, 1]},
								"up": {"uv": [9, 13], "uv_size": [-1, -1]},
								"down": {"uv": [9, 13], "uv_size": [-1, -1]}
							}
						},
						{
							"origin": [-0.8, 22.2, -2.4],
							"size": [0.4, 0.4, 0.8],
							"uv": {
								"north": {"uv": [10, 12], "uv_size": [-1, 1]},
								"east": {"uv": [9, 12], "uv_size": [1, 1]},
								"south": {"uv": [9, 12], "uv_size": [1, 1]},
								"west": {"uv": [9, 12], "uv_size": [1, 1]},
								"up": {"uv": [10, 13], "uv_size": [-1, -1]},
								"down": {"uv": [10, 13], "uv_size": [-1, -1]}
							}
						},
						{
							"origin": [-1.2, 22.2, -2.4],
							"size": [0.4, 0.4, 0.8],
							"uv": {
								"north": {"uv": [11, 12], "uv_size": [-1, 1]},
								"east": {"uv": [10, 12], "uv_size": [1, 1]},
								"south": {"uv": [10, 12], "uv_size": [1, 1]},
								"west": {"uv": [10, 12], "uv_size": [1, 1]},
								"up": {"uv": [11, 13], "uv_size": [-1, -1]},
								"down": {"uv": [11, 13], "uv_size": [-1, -1]}
							}
						},
						{
							"origin": [-1.6, 22.2, -2.4],
							"size": [0.4, 0.4, 0.8],
							"uv": {
								"north": {"uv": [12, 12], "uv_size": [-1, 1]},
								"east": {"uv": [11, 12], "uv_size": [1, 1]},
								"south": {"uv": [11, 12], "uv_size": [1, 1]},
								"west": {"uv": [11, 12], "uv_size": [1, 1]},
								"up": {"uv": [12, 13], "uv_size": [-1, -1]},
								"down": {"uv": [12, 13], "uv_size": [-1, -1]}
							}
						},
						{
							"origin": [0.8, 21.8, -2.4],
							"size": [0.4, 0.4, 0.8],
							"uv": {
								"north": {"uv": [6, 13], "uv_size": [-1, 1]},
								"east": {"uv": [5, 13], "uv_size": [1, 1]},
								"south": {"uv": [5, 13], "uv_size": [1, 1]},
								"west": {"uv": [5, 13], "uv_size": [1, 1]},
								"up": {"uv": [6, 14], "uv_size": [-1, -1]},
								"down": {"uv": [6, 14], "uv_size": [-1, -1]}
							}
						},
						{
							"origin": [0.4, 21.8, -2.4],
							"size": [0.4, 0.4, 0.8],
							"uv": {
								"north": {"uv": [7, 13], "uv_size": [-1, 1]},
								"east": {"uv": [6, 13], "uv_size": [1, 1]},
								"south": {"uv": [6, 13], "uv_size": [1, 1]},
								"west": {"uv": [6, 13], "uv_size": [1, 1]},
								"up": {"uv": [7, 14], "uv_size": [-1, -1]},
								"down": {"uv": [7, 14], "uv_size": [-1, -1]}
							}
						},
						{
							"origin": [0, 21.8, -2.4],
							"size": [0.4, 0.4, 0.8],
							"uv": {
								"north": {"uv": [8, 13], "uv_size": [-1, 1]},
								"east": {"uv": [7, 13], "uv_size": [1, 1]},
								"south": {"uv": [7, 13], "uv_size": [1, 1]},
								"west": {"uv": [7, 13], "uv_size": [1, 1]},
								"up": {"uv": [8, 14], "uv_size": [-1, -1]},
								"down": {"uv": [8, 14], "uv_size": [-1, -1]}
							}
						},
						{
							"origin": [-0.4, 21.8, -2.4],
							"size": [0.4, 0.4, 0.8],
							"uv": {
								"north": {"uv": [9, 13], "uv_size": [-1, 1]},
								"east": {"uv": [8, 13], "uv_size": [1, 1]},
								"south": {"uv": [8, 13], "uv_size": [1, 1]},
								"west": {"uv": [8, 13], "uv_size": [1, 1]},
								"up": {"uv": [9, 14], "uv_size": [-1, -1]},
								"down": {"uv": [9, 14], "uv_size": [-1, -1]}
							}
						},
						{
							"origin": [-0.8, 21.8, -2.4],
							"size": [0.4, 0.4, 0.8],
							"uv": {
								"north": {"uv": [10, 13], "uv_size": [-1, 1]},
								"east": {"uv": [9, 13], "uv_size": [1, 1]},
								"south": {"uv": [9, 13], "uv_size": [1, 1]},
								"west": {"uv": [9, 13], "uv_size": [1, 1]},
								"up": {"uv": [10, 14], "uv_size": [-1, -1]},
								"down": {"uv": [10, 14], "uv_size": [-1, -1]}
							}
						},
						{
							"origin": [-1.2, 21.8, -2.4],
							"size": [0.4, 0.4, 0.8],
							"uv": {
								"north": {"uv": [11, 13], "uv_size": [-1, 1]},
								"east": {"uv": [10, 13], "uv_size": [1, 1]},
								"south": {"uv": [10, 13], "uv_size": [1, 1]},
								"west": {"uv": [10, 13], "uv_size": [1, 1]},
								"up": {"uv": [11, 14], "uv_size": [-1, -1]},
								"down": {"uv": [11, 14], "uv_size": [-1, -1]}
							}
						},
						{
							"origin": [-1.2, 21.4, -2.2],
							"size": [0.4, 0.4, 0.4],
							"uv": {
								"north": {"uv": [11, 14], "uv_size": [-1, 1]},
								"east": {"uv": [10, 14], "uv_size": [1, 1]},
								"south": {"uv": [10, 14], "uv_size": [1, 1]},
								"west": {"uv": [10, 14], "uv_size": [1, 1]},
								"up": {"uv": [11, 15], "uv_size": [-1, -1]},
								"down": {"uv": [11, 15], "uv_size": [-1, -1]}
							}
						},
						{
							"origin": [-0.8, 21.4, -2.2],
							"size": [0.4, 0.4, 0.4],
							"uv": {
								"north": {"uv": [10, 14], "uv_size": [-1, 1]},
								"east": {"uv": [9, 14], "uv_size": [1, 1]},
								"south": {"uv": [9, 14], "uv_size": [1, 1]},
								"west": {"uv": [9, 14], "uv_size": [1, 1]},
								"up": {"uv": [10, 15], "uv_size": [-1, -1]},
								"down": {"uv": [10, 15], "uv_size": [-1, -1]}
							}
						},
						{
							"origin": [-0.4, 21.4, -2.2],
							"size": [0.4, 0.4, 0.4],
							"uv": {
								"north": {"uv": [9, 14], "uv_size": [-1, 1]},
								"east": {"uv": [8, 14], "uv_size": [1, 1]},
								"south": {"uv": [8, 14], "uv_size": [1, 1]},
								"west": {"uv": [8, 14], "uv_size": [1, 1]},
								"up": {"uv": [9, 15], "uv_size": [-1, -1]},
								"down": {"uv": [9, 15], "uv_size": [-1, -1]}
							}
						},
						{
							"origin": [0, 21.4, -2.2],
							"size": [0.4, 0.4, 0.4],
							"uv": {
								"north": {"uv": [8, 14], "uv_size": [-1, 1]},
								"east": {"uv": [7, 14], "uv_size": [1, 1]},
								"south": {"uv": [7, 14], "uv_size": [1, 1]},
								"west": {"uv": [7, 14], "uv_size": [1, 1]},
								"up": {"uv": [8, 15], "uv_size": [-1, -1]},
								"down": {"uv": [8, 15], "uv_size": [-1, -1]}
							}
						},
						{
							"origin": [0.4, 21.4, -2.2],
							"size": [0.4, 0.4, 0.4],
							"uv": {
								"north": {"uv": [7, 14], "uv_size": [-1, 1]},
								"east": {"uv": [6, 14], "uv_size": [1, 1]},
								"south": {"uv": [6, 14], "uv_size": [1, 1]},
								"west": {"uv": [6, 14], "uv_size": [1, 1]},
								"up": {"uv": [7, 15], "uv_size": [-1, -1]},
								"down": {"uv": [7, 15], "uv_size": [-1, -1]}
							}
						},
						{
							"origin": [0.8, 21.4, -2.2],
							"size": [0.4, 0.4, 0.4],
							"uv": {
								"north": {"uv": [6, 14], "uv_size": [-1, 1]},
								"east": {"uv": [5, 14], "uv_size": [1, 1]},
								"south": {"uv": [5, 14], "uv_size": [1, 1]},
								"west": {"uv": [5, 14], "uv_size": [1, 1]},
								"up": {"uv": [6, 15], "uv_size": [-1, -1]},
								"down": {"uv": [6, 15], "uv_size": [-1, -1]}
							}
						},
						{
							"origin": [-1.6, 21.8, -2.2],
							"size": [0.4, 0.4, 0.4],
							"uv": {
								"north": {"uv": [12, 13], "uv_size": [-1, 1]},
								"east": {"uv": [11, 13], "uv_size": [1, 1]},
								"south": {"uv": [11, 13], "uv_size": [1, 1]},
								"west": {"uv": [11, 13], "uv_size": [1, 1]},
								"up": {"uv": [12, 14], "uv_size": [-1, -1]},
								"down": {"uv": [12, 14], "uv_size": [-1, -1]}
							}
						},
						{
							"origin": [1.2, 21.8, -2.2],
							"size": [0.4, 0.4, 0.4],
							"uv": {
								"north": {"uv": [5, 13], "uv_size": [-1, 1]},
								"east": {"uv": [4, 13], "uv_size": [1, 1]},
								"south": {"uv": [4, 13], "uv_size": [1, 1]},
								"west": {"uv": [4, 13], "uv_size": [1, 1]},
								"up": {"uv": [5, 14], "uv_size": [-1, -1]},
								"down": {"uv": [5, 14], "uv_size": [-1, -1]}
							}
						},
						{
							"origin": [-2, 22.2, -2.2],
							"size": [0.4, 0.4, 0.4],
							"uv": {
								"north": {"uv": [13, 12], "uv_size": [-1, 1]},
								"east": {"uv": [12, 12], "uv_size": [1, 1]},
								"south": {"uv": [12, 12], "uv_size": [1, 1]},
								"west": {"uv": [12, 12], "uv_size": [1, 1]},
								"up": {"uv": [13, 13], "uv_size": [-1, -1]},
								"down": {"uv": [13, 13], "uv_size": [-1, -1]}
							}
						},
						{
							"origin": [1.6, 22.2, -2.2],
							"size": [0.4, 0.4, 0.4],
							"uv": {
								"north": {"uv": [4, 12], "uv_size": [-1, 1]},
								"east": {"uv": [3, 12], "uv_size": [1, 1]},
								"south": {"uv": [3, 12], "uv_size": [1, 1]},
								"west": {"uv": [3, 12], "uv_size": [1, 1]},
								"up": {"uv": [4, 13], "uv_size": [-1, -1]},
								"down": {"uv": [4, 13], "uv_size": [-1, -1]}
							}
						},
						{
							"origin": [-2, 22.6, -2.2],
							"size": [0.4, 0.4, 0.4],
							"uv": {
								"north": {"uv": [13, 11], "uv_size": [-1, 1]},
								"east": {"uv": [12, 11], "uv_size": [1, 1]},
								"south": {"uv": [12, 11], "uv_size": [1, 1]},
								"west": {"uv": [12, 11], "uv_size": [1, 1]},
								"up": {"uv": [13, 12], "uv_size": [-1, -1]},
								"down": {"uv": [13, 12], "uv_size": [-1, -1]}
							}
						},
						{
							"origin": [1.6, 22.6, -2.2],
							"size": [0.4, 0.4, 0.4],
							"uv": {
								"north": {"uv": [4, 11], "uv_size": [-1, 1]},
								"east": {"uv": [3, 11], "uv_size": [1, 1]},
								"south": {"uv": [3, 11], "uv_size": [1, 1]},
								"west": {"uv": [3, 11], "uv_size": [1, 1]},
								"up": {"uv": [4, 12], "uv_size": [-1, -1]},
								"down": {"uv": [4, 12], "uv_size": [-1, -1]}
							}
						},
						{
							"origin": [-2.4, 23, -2.2],
							"size": [0.4, 0.4, 0.4],
							"uv": {
								"north": {"uv": [14, 10], "uv_size": [-1, 1]},
								"east": {"uv": [13, 10], "uv_size": [1, 1]},
								"south": {"uv": [13, 10], "uv_size": [1, 1]},
								"west": {"uv": [13, 10], "uv_size": [1, 1]},
								"up": {"uv": [14, 11], "uv_size": [-1, -1]},
								"down": {"uv": [14, 11], "uv_size": [-1, -1]}
							}
						},
						{
							"origin": [2, 23, -2.2],
							"size": [0.4, 0.4, 0.4],
							"uv": {
								"north": {"uv": [3, 10], "uv_size": [-1, 1]},
								"east": {"uv": [2, 10], "uv_size": [1, 1]},
								"south": {"uv": [2, 10], "uv_size": [1, 1]},
								"west": {"uv": [2, 10], "uv_size": [1, 1]},
								"up": {"uv": [3, 11], "uv_size": [-1, -1]},
								"down": {"uv": [3, 11], "uv_size": [-1, -1]}
							}
						},
						{
							"origin": [-2.4, 23.4, -2.2],
							"size": [0.4, 0.4, 0.4],
							"uv": {
								"north": {"uv": [14, 9], "uv_size": [-1, 1]},
								"east": {"uv": [13, 9], "uv_size": [1, 1]},
								"south": {"uv": [13, 9], "uv_size": [1, 1]},
								"west": {"uv": [13, 9], "uv_size": [1, 1]},
								"up": {"uv": [14, 10], "uv_size": [-1, -1]},
								"down": {"uv": [14, 10], "uv_size": [-1, -1]}
							}
						},
						{
							"origin": [2, 23.4, -2.2],
							"size": [0.4, 0.4, 0.4],
							"uv": {
								"north": {"uv": [3, 9], "uv_size": [-1, 1]},
								"east": {"uv": [2, 9], "uv_size": [1, 1]},
								"south": {"uv": [2, 9], "uv_size": [1, 1]},
								"west": {"uv": [2, 9], "uv_size": [1, 1]},
								"up": {"uv": [3, 10], "uv_size": [-1, -1]},
								"down": {"uv": [3, 10], "uv_size": [-1, -1]}
							}
						},
						{
							"origin": [-2.4, 23.8, -2.2],
							"size": [0.4, 0.4, 0.4],
							"uv": {
								"north": {"uv": [14, 8], "uv_size": [-1, 1]},
								"east": {"uv": [13, 8], "uv_size": [1, 1]},
								"south": {"uv": [13, 8], "uv_size": [1, 1]},
								"west": {"uv": [13, 8], "uv_size": [1, 1]},
								"up": {"uv": [14, 9], "uv_size": [-1, -1]},
								"down": {"uv": [14, 9], "uv_size": [-1, -1]}
							}
						},
						{
							"origin": [2, 23.8, -2.2],
							"size": [0.4, 0.4, 0.4],
							"uv": {
								"north": {"uv": [3, 8], "uv_size": [-1, 1]},
								"east": {"uv": [2, 8], "uv_size": [1, 1]},
								"south": {"uv": [2, 8], "uv_size": [1, 1]},
								"west": {"uv": [2, 8], "uv_size": [1, 1]},
								"up": {"uv": [3, 9], "uv_size": [-1, -1]},
								"down": {"uv": [3, 9], "uv_size": [-1, -1]}
							}
						},
						{
							"origin": [-2.4, 24.2, -2.2],
							"size": [0.4, 0.4, 0.4],
							"uv": {
								"north": {"uv": [14, 7], "uv_size": [-1, 1]},
								"east": {"uv": [13, 7], "uv_size": [1, 1]},
								"south": {"uv": [13, 7], "uv_size": [1, 1]},
								"west": {"uv": [13, 7], "uv_size": [1, 1]},
								"up": {"uv": [14, 8], "uv_size": [-1, -1]},
								"down": {"uv": [14, 8], "uv_size": [-1, -1]}
							}
						},
						{
							"origin": [2, 24.2, -2.2],
							"size": [0.4, 0.4, 0.4],
							"uv": {
								"north": {"uv": [3, 7], "uv_size": [-1, 1]},
								"east": {"uv": [2, 7], "uv_size": [1, 1]},
								"south": {"uv": [2, 7], "uv_size": [1, 1]},
								"west": {"uv": [2, 7], "uv_size": [1, 1]},
								"up": {"uv": [3, 8], "uv_size": [-1, -1]},
								"down": {"uv": [3, 8], "uv_size": [-1, -1]}
							}
						},
						{
							"origin": [-2, 24.6, -2.2],
							"size": [0.4, 0.4, 0.4],
							"uv": {
								"north": {"uv": [13, 6], "uv_size": [-1, 1]},
								"east": {"uv": [12, 6], "uv_size": [1, 1]},
								"south": {"uv": [12, 6], "uv_size": [1, 1]},
								"west": {"uv": [12, 6], "uv_size": [1, 1]},
								"up": {"uv": [13, 7], "uv_size": [-1, -1]},
								"down": {"uv": [13, 7], "uv_size": [-1, -1]}
							}
						},
						{
							"origin": [1.6, 24.6, -2.2],
							"size": [0.4, 0.4, 0.4],
							"uv": {
								"north": {"uv": [4, 6], "uv_size": [-1, 1]},
								"east": {"uv": [3, 6], "uv_size": [1, 1]},
								"south": {"uv": [3, 6], "uv_size": [1, 1]},
								"west": {"uv": [3, 6], "uv_size": [1, 1]},
								"up": {"uv": [4, 7], "uv_size": [-1, -1]},
								"down": {"uv": [4, 7], "uv_size": [-1, -1]}
							}
						},
						{
							"origin": [-2, 25, -2.2],
							"size": [0.4, 0.4, 0.4],
							"uv": {
								"north": {"uv": [13, 5], "uv_size": [-1, 1]},
								"east": {"uv": [12, 5], "uv_size": [1, 1]},
								"south": {"uv": [12, 5], "uv_size": [1, 1]},
								"west": {"uv": [12, 5], "uv_size": [1, 1]},
								"up": {"uv": [13, 6], "uv_size": [-1, -1]},
								"down": {"uv": [13, 6], "uv_size": [-1, -1]}
							}
						},
						{
							"origin": [1.6, 25, -2.2],
							"size": [0.4, 0.4, 0.4],
							"uv": {
								"north": {"uv": [4, 5], "uv_size": [-1, 1]},
								"east": {"uv": [3, 5], "uv_size": [1, 1]},
								"south": {"uv": [3, 5], "uv_size": [1, 1]},
								"west": {"uv": [3, 5], "uv_size": [1, 1]},
								"up": {"uv": [4, 6], "uv_size": [-1, -1]},
								"down": {"uv": [4, 6], "uv_size": [-1, -1]}
							}
						},
						{
							"origin": [-1.6, 25.4, -2.2],
							"size": [0.4, 0.4, 0.4],
							"uv": {
								"north": {"uv": [12, 4], "uv_size": [-1, 1]},
								"east": {"uv": [11, 4], "uv_size": [1, 1]},
								"south": {"uv": [11, 4], "uv_size": [1, 1]},
								"west": {"uv": [11, 4], "uv_size": [1, 1]},
								"up": {"uv": [12, 5], "uv_size": [-1, -1]},
								"down": {"uv": [12, 5], "uv_size": [-1, -1]}
							}
						},
						{
							"origin": [1.2, 25.4, -2.2],
							"size": [0.4, 0.4, 0.4],
							"uv": {
								"north": {"uv": [5, 4], "uv_size": [-1, 1]},
								"east": {"uv": [4, 4], "uv_size": [1, 1]},
								"south": {"uv": [4, 4], "uv_size": [1, 1]},
								"west": {"uv": [4, 4], "uv_size": [1, 1]},
								"up": {"uv": [5, 5], "uv_size": [-1, -1]},
								"down": {"uv": [5, 5], "uv_size": [-1, -1]}
							}
						},
						{
							"origin": [-1.2, 25.8, -2.2],
							"size": [0.4, 0.4, 0.4],
							"uv": {
								"north": {"uv": [11, 3], "uv_size": [-1, 1]},
								"east": {"uv": [10, 3], "uv_size": [1, 1]},
								"south": {"uv": [10, 3], "uv_size": [1, 1]},
								"west": {"uv": [10, 3], "uv_size": [1, 1]},
								"up": {"uv": [11, 4], "uv_size": [-1, -1]},
								"down": {"uv": [11, 4], "uv_size": [-1, -1]}
							}
						},
						{
							"origin": [0.8, 25.8, -2.2],
							"size": [0.4, 0.4, 0.4],
							"uv": {
								"north": {"uv": [6, 3], "uv_size": [-1, 1]},
								"east": {"uv": [5, 3], "uv_size": [1, 1]},
								"south": {"uv": [5, 3], "uv_size": [1, 1]},
								"west": {"uv": [5, 3], "uv_size": [1, 1]},
								"up": {"uv": [6, 4], "uv_size": [-1, -1]},
								"down": {"uv": [6, 4], "uv_size": [-1, -1]}
							}
						},
						{
							"origin": [-0.8, 26.2, -2.2],
							"size": [0.4, 0.4, 0.4],
							"uv": {
								"north": {"uv": [10, 2], "uv_size": [-1, 1]},
								"east": {"uv": [9, 2], "uv_size": [1, 1]},
								"south": {"uv": [9, 2], "uv_size": [1, 1]},
								"west": {"uv": [9, 2], "uv_size": [1, 1]},
								"up": {"uv": [10, 3], "uv_size": [-1, -1]},
								"down": {"uv": [10, 3], "uv_size": [-1, -1]}
							}
						},
						{
							"origin": [-0.4, 26.2, -2.2],
							"size": [0.4, 0.4, 0.4],
							"uv": {
								"north": {"uv": [9, 2], "uv_size": [-1, 1]},
								"east": {"uv": [8, 2], "uv_size": [1, 1]},
								"south": {"uv": [8, 2], "uv_size": [1, 1]},
								"west": {"uv": [8, 2], "uv_size": [1, 1]},
								"up": {"uv": [9, 3], "uv_size": [-1, -1]},
								"down": {"uv": [9, 3], "uv_size": [-1, -1]}
							}
						},
						{
							"origin": [0, 26.2, -2.2],
							"size": [0.4, 0.4, 0.4],
							"uv": {
								"north": {"uv": [8, 2], "uv_size": [-1, 1]},
								"east": {"uv": [7, 2], "uv_size": [1, 1]},
								"south": {"uv": [7, 2], "uv_size": [1, 1]},
								"west": {"uv": [7, 2], "uv_size": [1, 1]},
								"up": {"uv": [8, 3], "uv_size": [-1, -1]},
								"down": {"uv": [8, 3], "uv_size": [-1, -1]}
							}
						},
						{
							"origin": [0.4, 26.2, -2.2],
							"size": [0.4, 0.4, 0.4],
							"uv": {
								"north": {"uv": [7, 2], "uv_size": [-1, 1]},
								"east": {"uv": [6, 2], "uv_size": [1, 1]},
								"south": {"uv": [6, 2], "uv_size": [1, 1]},
								"west": {"uv": [6, 2], "uv_size": [1, 1]},
								"up": {"uv": [7, 3], "uv_size": [-1, -1]},
								"down": {"uv": [7, 3], "uv_size": [-1, -1]}
							}
						}
					]
				}
			]
		}
	]
}