{
	"format_version": "1.12.0",
	"minecraft:geometry": [
		{
			"description": {
				"identifier": "geometry.obsidianhouse",
				"texture_width": 16,
				"texture_height": 16,
				"visible_bounds_width": 8,
				"visible_bounds_height": 6.5,
				"visible_bounds_offset": [0, 2.75, 0]
			},
			"bones": [
				{
					"name": "body",
					"pivot": [0, 0, 0],
					"cubes": [
						{
							"origin": [-8, 22, -34],
							"size": [16, 4, 4],
							"uv": {
								"north": {"uv": [0, 0], "uv_size": [16, 4]},
								"east": {"uv": [0, 0], "uv_size": [4, 4]},
								"south": {"uv": [0, 0], "uv_size": [16, 4]},
								"west": {"uv": [0, 0], "uv_size": [4, 4]},
								"up": {"uv": [16, 4], "uv_size": [-16, -4]},
								"down": {"uv": [16, 4], "uv_size": [-16, -4]}
							}
						},
						{
							"origin": [-8, 22, 30],
							"size": [16, 4, 4],
							"uv": {
								"north": {"uv": [0, 0], "uv_size": [16, 4]},
								"east": {"uv": [0, 0], "uv_size": [4, 4]},
								"south": {"uv": [0, 0], "uv_size": [16, 4]},
								"west": {"uv": [0, 0], "uv_size": [4, 4]},
								"up": {"uv": [16, 4], "uv_size": [-16, -4]},
								"down": {"uv": [16, 4], "uv_size": [-16, -4]}
							}
						},
						{
							"origin": [-8, 38, -34],
							"size": [16, 4, 4],
							"uv": {
								"north": {"uv": [0, 0], "uv_size": [16, 4]},
								"east": {"uv": [0, 0], "uv_size": [4, 4]},
								"south": {"uv": [0, 0], "uv_size": [16, 4]},
								"west": {"uv": [0, 0], "uv_size": [4, 4]},
								"up": {"uv": [16, 4], "uv_size": [-16, -4]},
								"down": {"uv": [16, 4], "uv_size": [-16, -4]}
							}
						},
						{
							"origin": [-8, 38, 30],
							"size": [16, 4, 4],
							"uv": {
								"north": {"uv": [0, 0], "uv_size": [16, 4]},
								"east": {"uv": [0, 0], "uv_size": [4, 4]},
								"south": {"uv": [0, 0], "uv_size": [16, 4]},
								"west": {"uv": [0, 0], "uv_size": [4, 4]},
								"up": {"uv": [16, 4], "uv_size": [-16, -4]},
								"down": {"uv": [16, 4], "uv_size": [-16, -4]}
							}
						},
						{
							"origin": [-40, 0, -8],
							"size": [16, 16, 16],
							"uv": {
								"north": {"uv": [0, 0], "uv_size": [16, 16]},
								"east": {"uv": [0, 0], "uv_size": [16, 16]},
								"south": {"uv": [0, 0], "uv_size": [16, 16]},
								"west": {"uv": [0, 0], "uv_size": [16, 16]},
								"up": {"uv": [16, 16], "uv_size": [-16, -16]},
								"down": {"uv": [16, 16], "uv_size": [-16, -16]}
							}
						},
						{
							"origin": [-40, 0, 8],
							"size": [16, 16, 16],
							"uv": {
								"north": {"uv": [0, 0], "uv_size": [16, 16]},
								"east": {"uv": [0, 0], "uv_size": [16, 16]},
								"south": {"uv": [0, 0], "uv_size": [16, 16]},
								"west": {"uv": [0, 0], "uv_size": [16, 16]},
								"up": {"uv": [16, 16], "uv_size": [-16, -16]},
								"down": {"uv": [16, 16], "uv_size": [-16, -16]}
							}
						},
						{
							"origin": [-40, 16, 8],
							"size": [16, 16, 16],
							"uv": {
								"north": {"uv": [0, 0], "uv_size": [16, 16]},
								"east": {"uv": [0, 0], "uv_size": [16, 16]},
								"south": {"uv": [0, 0], "uv_size": [16, 16]},
								"west": {"uv": [0, 0], "uv_size": [16, 16]},
								"up": {"uv": [16, 16], "uv_size": [-16, -16]},
								"down": {"uv": [16, 16], "uv_size": [-16, -16]}
							}
						},
						{
							"origin": [-40, 32, 8],
							"size": [16, 16, 16],
							"uv": {
								"north": {"uv": [0, 0], "uv_size": [16, 16]},
								"east": {"uv": [0, 0], "uv_size": [16, 16]},
								"south": {"uv": [0, 0], "uv_size": [16, 16]},
								"west": {"uv": [0, 0], "uv_size": [16, 16]},
								"up": {"uv": [16, 16], "uv_size": [-16, -16]},
								"down": {"uv": [16, 16], "uv_size": [-16, -16]}
							}
						},
						{
							"origin": [8, 0, 24],
							"size": [16, 16, 16],
							"uv": {
								"north": {"uv": [0, 0], "uv_size": [16, 16]},
								"east": {"uv": [0, 0], "uv_size": [16, 16]},
								"south": {"uv": [0, 0], "uv_size": [16, 16]},
								"west": {"uv": [0, 0], "uv_size": [16, 16]},
								"up": {"uv": [16, 16], "uv_size": [-16, -16]},
								"down": {"uv": [16, 16], "uv_size": [-16, -16]}
							}
						},
						{
							"origin": [8, 16, 24],
							"size": [16, 16, 16],
							"uv": {
								"north": {"uv": [0, 0], "uv_size": [16, 16]},
								"east": {"uv": [0, 0], "uv_size": [16, 16]},
								"south": {"uv": [0, 0], "uv_size": [16, 16]},
								"west": {"uv": [0, 0], "uv_size": [16, 16]},
								"up": {"uv": [16, 16], "uv_size": [-16, -16]},
								"down": {"uv": [16, 16], "uv_size": [-16, -16]}
							}
						},
						{
							"origin": [8, 32, 24],
							"size": [16, 16, 16],
							"uv": {
								"north": {"uv": [0, 0], "uv_size": [16, 16]},
								"east": {"uv": [0, 0], "uv_size": [16, 16]},
								"south": {"uv": [0, 0], "uv_size": [16, 16]},
								"west": {"uv": [0, 0], "uv_size": [16, 16]},
								"up": {"uv": [16, 16], "uv_size": [-16, -16]},
								"down": {"uv": [16, 16], "uv_size": [-16, -16]}
							}
						},
						{
							"origin": [-8, 0, 24],
							"size": [16, 16, 16],
							"uv": {
								"north": {"uv": [0, 0], "uv_size": [16, 16]},
								"east": {"uv": [0, 0], "uv_size": [16, 16]},
								"south": {"uv": [0, 0], "uv_size": [16, 16]},
								"west": {"uv": [0, 0], "uv_size": [16, 16]},
								"up": {"uv": [16, 16], "uv_size": [-16, -16]},
								"down": {"uv": [16, 16], "uv_size": [-16, -16]}
							}
						},
						{
							"origin": [-24, 0, 24],
							"size": [16, 16, 16],
							"uv": {
								"north": {"uv": [0, 0], "uv_size": [16, 16]},
								"east": {"uv": [0, 0], "uv_size": [16, 16]},
								"south": {"uv": [0, 0], "uv_size": [16, 16]},
								"west": {"uv": [0, 0], "uv_size": [16, 16]},
								"up": {"uv": [16, 16], "uv_size": [-16, -16]},
								"down": {"uv": [16, 16], "uv_size": [-16, -16]}
							}
						},
						{
							"origin": [-24, 16, 24],
							"size": [16, 16, 16],
							"uv": {
								"north": {"uv": [0, 0], "uv_size": [16, 16]},
								"east": {"uv": [0, 0], "uv_size": [16, 16]},
								"south": {"uv": [0, 0], "uv_size": [16, 16]},
								"west": {"uv": [0, 0], "uv_size": [16, 16]},
								"up": {"uv": [16, 16], "uv_size": [-16, -16]},
								"down": {"uv": [16, 16], "uv_size": [-16, -16]}
							}
						},
						{
							"origin": [-24, 32, 24],
							"size": [16, 16, 16],
							"uv": {
								"north": {"uv": [0, 0], "uv_size": [16, 16]},
								"east": {"uv": [0, 0], "uv_size": [16, 16]},
								"south": {"uv": [0, 0], "uv_size": [16, 16]},
								"west": {"uv": [0, 0], "uv_size": [16, 16]},
								"up": {"uv": [16, 16], "uv_size": [-16, -16]},
								"down": {"uv": [16, 16], "uv_size": [-16, -16]}
							}
						},
						{
							"origin": [-40, 0, -24],
							"size": [16, 16, 16],
							"uv": {
								"north": {"uv": [0, 0], "uv_size": [16, 16]},
								"east": {"uv": [0, 0], "uv_size": [16, 16]},
								"south": {"uv": [0, 0], "uv_size": [16, 16]},
								"west": {"uv": [0, 0], "uv_size": [16, 16]},
								"up": {"uv": [16, 16], "uv_size": [-16, -16]},
								"down": {"uv": [16, 16], "uv_size": [-16, -16]}
							}
						},
						{
							"origin": [-40, 16, -24],
							"size": [16, 16, 16],
							"uv": {
								"north": {"uv": [0, 0], "uv_size": [16, 16]},
								"east": {"uv": [0, 0], "uv_size": [16, 16]},
								"south": {"uv": [0, 0], "uv_size": [16, 16]},
								"west": {"uv": [0, 0], "uv_size": [16, 16]},
								"up": {"uv": [16, 16], "uv_size": [-16, -16]},
								"down": {"uv": [16, 16], "uv_size": [-16, -16]}
							}
						},
						{
							"origin": [-40, 32, -24],
							"size": [16, 16, 16],
							"uv": {
								"north": {"uv": [0, 0], "uv_size": [16, 16]},
								"east": {"uv": [0, 0], "uv_size": [16, 16]},
								"south": {"uv": [0, 0], "uv_size": [16, 16]},
								"west": {"uv": [0, 0], "uv_size": [16, 16]},
								"up": {"uv": [16, 16], "uv_size": [-16, -16]},
								"down": {"uv": [16, 16], "uv_size": [-16, -16]}
							}
						},
						{
							"origin": [24, 0, -8],
							"size": [16, 16, 16],
							"uv": {
								"north": {"uv": [0, 0], "uv_size": [16, 16]},
								"east": {"uv": [0, 0], "uv_size": [16, 16]},
								"south": {"uv": [0, 0], "uv_size": [16, 16]},
								"west": {"uv": [0, 0], "uv_size": [16, 16]},
								"up": {"uv": [16, 16], "uv_size": [-16, -16]},
								"down": {"uv": [16, 16], "uv_size": [-16, -16]}
							}
						},
						{
							"origin": [24, 0, -24],
							"size": [16, 16, 16],
							"uv": {
								"north": {"uv": [0, 0], "uv_size": [16, 16]},
								"east": {"uv": [0, 0], "uv_size": [16, 16]},
								"south": {"uv": [0, 0], "uv_size": [16, 16]},
								"west": {"uv": [0, 0], "uv_size": [16, 16]},
								"up": {"uv": [16, 16], "uv_size": [-16, -16]},
								"down": {"uv": [16, 16], "uv_size": [-16, -16]}
							}
						},
						{
							"origin": [24, 16, -24],
							"size": [16, 16, 16],
							"uv": {
								"north": {"uv": [0, 0], "uv_size": [16, 16]},
								"east": {"uv": [0, 0], "uv_size": [16, 16]},
								"south": {"uv": [0, 0], "uv_size": [16, 16]},
								"west": {"uv": [0, 0], "uv_size": [16, 16]},
								"up": {"uv": [16, 16], "uv_size": [-16, -16]},
								"down": {"uv": [16, 16], "uv_size": [-16, -16]}
							}
						},
						{
							"origin": [24, 32, -24],
							"size": [16, 16, 16],
							"uv": {
								"north": {"uv": [0, 0], "uv_size": [16, 16]},
								"east": {"uv": [0, 0], "uv_size": [16, 16]},
								"south": {"uv": [0, 0], "uv_size": [16, 16]},
								"west": {"uv": [0, 0], "uv_size": [16, 16]},
								"up": {"uv": [16, 16], "uv_size": [-16, -16]},
								"down": {"uv": [16, 16], "uv_size": [-16, -16]}
							}
						},
						{
							"origin": [8, 0, -40],
							"size": [16, 16, 16],
							"uv": {
								"north": {"uv": [0, 0], "uv_size": [16, 16]},
								"east": {"uv": [0, 0], "uv_size": [16, 16]},
								"south": {"uv": [0, 0], "uv_size": [16, 16]},
								"west": {"uv": [0, 0], "uv_size": [16, 16]},
								"up": {"uv": [16, 16], "uv_size": [-16, -16]},
								"down": {"uv": [16, 16], "uv_size": [-16, -16]}
							}
						},
						{
							"origin": [8, 16, -40],
							"size": [16, 16, 16],
							"uv": {
								"north": {"uv": [0, 0], "uv_size": [16, 16]},
								"east": {"uv": [0, 0], "uv_size": [16, 16]},
								"south": {"uv": [0, 0], "uv_size": [16, 16]},
								"west": {"uv": [0, 0], "uv_size": [16, 16]},
								"up": {"uv": [16, 16], "uv_size": [-16, -16]},
								"down": {"uv": [16, 16], "uv_size": [-16, -16]}
							}
						},
						{
							"origin": [8, 32, -40],
							"size": [16, 16, 16],
							"uv": {
								"north": {"uv": [0, 0], "uv_size": [16, 16]},
								"east": {"uv": [0, 0], "uv_size": [16, 16]},
								"south": {"uv": [0, 0], "uv_size": [16, 16]},
								"west": {"uv": [0, 0], "uv_size": [16, 16]},
								"up": {"uv": [16, 16], "uv_size": [-16, -16]},
								"down": {"uv": [16, 16], "uv_size": [-16, -16]}
							}
						},
						{
							"origin": [-8, 0, -40],
							"size": [16, 16, 16],
							"uv": {
								"north": {"uv": [0, 0], "uv_size": [16, 16]},
								"east": {"uv": [0, 0], "uv_size": [16, 16]},
								"south": {"uv": [0, 0], "uv_size": [16, 16]},
								"west": {"uv": [0, 0], "uv_size": [16, 16]},
								"up": {"uv": [16, 16], "uv_size": [-16, -16]},
								"down": {"uv": [16, 16], "uv_size": [-16, -16]}
							}
						},
						{
							"origin": [-24, 0, -40],
							"size": [16, 16, 16],
							"uv": {
								"north": {"uv": [0, 0], "uv_size": [16, 16]},
								"east": {"uv": [0, 0], "uv_size": [16, 16]},
								"south": {"uv": [0, 0], "uv_size": [16, 16]},
								"west": {"uv": [0, 0], "uv_size": [16, 16]},
								"up": {"uv": [16, 16], "uv_size": [-16, -16]},
								"down": {"uv": [16, 16], "uv_size": [-16, -16]}
							}
						},
						{
							"origin": [-24, 16, -40],
							"size": [16, 16, 16],
							"uv": {
								"north": {"uv": [0, 0], "uv_size": [16, 16]},
								"east": {"uv": [0, 0], "uv_size": [16, 16]},
								"south": {"uv": [0, 0], "uv_size": [16, 16]},
								"west": {"uv": [0, 0], "uv_size": [16, 16]},
								"up": {"uv": [16, 16], "uv_size": [-16, -16]},
								"down": {"uv": [16, 16], "uv_size": [-16, -16]}
							}
						},
						{
							"origin": [-24, 32, -40],
							"size": [16, 16, 16],
							"uv": {
								"north": {"uv": [0, 0], "uv_size": [16, 16]},
								"east": {"uv": [0, 0], "uv_size": [16, 16]},
								"south": {"uv": [0, 0], "uv_size": [16, 16]},
								"west": {"uv": [0, 0], "uv_size": [16, 16]},
								"up": {"uv": [16, 16], "uv_size": [-16, -16]},
								"down": {"uv": [16, 16], "uv_size": [-16, -16]}
							}
						},
						{
							"origin": [24, 0, 8],
							"size": [16, 16, 16],
							"uv": {
								"north": {"uv": [0, 0], "uv_size": [16, 16]},
								"east": {"uv": [0, 0], "uv_size": [16, 16]},
								"south": {"uv": [0, 0], "uv_size": [16, 16]},
								"west": {"uv": [0, 0], "uv_size": [16, 16]},
								"up": {"uv": [16, 16], "uv_size": [-16, -16]},
								"down": {"uv": [16, 16], "uv_size": [-16, -16]}
							}
						},
						{
							"origin": [24, 16, 8],
							"size": [16, 16, 16],
							"uv": {
								"north": {"uv": [0, 0], "uv_size": [16, 16]},
								"east": {"uv": [0, 0], "uv_size": [16, 16]},
								"south": {"uv": [0, 0], "uv_size": [16, 16]},
								"west": {"uv": [0, 0], "uv_size": [16, 16]},
								"up": {"uv": [16, 16], "uv_size": [-16, -16]},
								"down": {"uv": [16, 16], "uv_size": [-16, -16]}
							}
						},
						{
							"origin": [24, 32, 8],
							"size": [16, 16, 16],
							"uv": {
								"north": {"uv": [0, 0], "uv_size": [16, 16]},
								"east": {"uv": [0, 0], "uv_size": [16, 16]},
								"south": {"uv": [0, 0], "uv_size": [16, 16]},
								"west": {"uv": [0, 0], "uv_size": [16, 16]},
								"up": {"uv": [16, 16], "uv_size": [-16, -16]},
								"down": {"uv": [16, 16], "uv_size": [-16, -16]}
							}
						},
						{
							"origin": [-2, 26, -34],
							"size": [4, 12, 4],
							"uv": {
								"north": {"uv": [0, 0], "uv_size": [4, 12]},
								"east": {"uv": [0, 0], "uv_size": [4, 12]},
								"south": {"uv": [0, 0], "uv_size": [4, 12]},
								"west": {"uv": [0, 0], "uv_size": [4, 12]},
								"up": {"uv": [4, 4], "uv_size": [-4, -4]},
								"down": {"uv": [4, 4], "uv_size": [-4, -4]}
							}
						},
						{
							"origin": [-2, 26, 30],
							"size": [4, 12, 4],
							"uv": {
								"north": {"uv": [0, 0], "uv_size": [4, 12]},
								"east": {"uv": [0, 0], "uv_size": [4, 12]},
								"south": {"uv": [0, 0], "uv_size": [4, 12]},
								"west": {"uv": [0, 0], "uv_size": [4, 12]},
								"up": {"uv": [4, 4], "uv_size": [-4, -4]},
								"down": {"uv": [4, 4], "uv_size": [-4, -4]}
							}
						},
						{
							"origin": [-2, 16, -34],
							"size": [4, 6, 4],
							"uv": {
								"north": {"uv": [0, 0], "uv_size": [4, 6]},
								"east": {"uv": [0, 0], "uv_size": [4, 6]},
								"south": {"uv": [0, 0], "uv_size": [4, 6]},
								"west": {"uv": [0, 0], "uv_size": [4, 6]},
								"up": {"uv": [4, 4], "uv_size": [-4, -4]},
								"down": {"uv": [4, 4], "uv_size": [-4, -4]}
							}
						},
						{
							"origin": [-2, 16, 30],
							"size": [4, 6, 4],
							"uv": {
								"north": {"uv": [0, 0], "uv_size": [4, 6]},
								"east": {"uv": [0, 0], "uv_size": [4, 6]},
								"south": {"uv": [0, 0], "uv_size": [4, 6]},
								"west": {"uv": [0, 0], "uv_size": [4, 6]},
								"up": {"uv": [4, 4], "uv_size": [-4, -4]},
								"down": {"uv": [4, 4], "uv_size": [-4, -4]}
							}
						},
						{
							"origin": [-2, 42, -34],
							"size": [4, 6, 4],
							"uv": {
								"north": {"uv": [0, 0], "uv_size": [4, 6]},
								"east": {"uv": [0, 0], "uv_size": [4, 6]},
								"south": {"uv": [0, 0], "uv_size": [4, 6]},
								"west": {"uv": [0, 0], "uv_size": [4, 6]},
								"up": {"uv": [4, 4], "uv_size": [-4, -4]},
								"down": {"uv": [4, 4], "uv_size": [-4, -4]}
							}
						},
						{
							"origin": [-2, 42, 30],
							"size": [4, 6, 4],
							"uv": {
								"north": {"uv": [0, 0], "uv_size": [4, 6]},
								"east": {"uv": [0, 0], "uv_size": [4, 6]},
								"south": {"uv": [0, 0], "uv_size": [4, 6]},
								"west": {"uv": [0, 0], "uv_size": [4, 6]},
								"up": {"uv": [4, 4], "uv_size": [-4, -4]},
								"down": {"uv": [4, 4], "uv_size": [-4, -4]}
							}
						},
						{
							"origin": [-34, 16, -2],
							"size": [4, 6, 4],
							"uv": {
								"north": {"uv": [0, 0], "uv_size": [4, 6]},
								"east": {"uv": [0, 0], "uv_size": [4, 6]},
								"south": {"uv": [0, 0], "uv_size": [4, 6]},
								"west": {"uv": [0, 0], "uv_size": [4, 6]},
								"up": {"uv": [4, 4], "uv_size": [-4, -4]},
								"down": {"uv": [4, 4], "uv_size": [-4, -4]}
							}
						},
						{
							"origin": [30, 16, -2],
							"size": [4, 6, 4],
							"uv": {
								"north": {"uv": [0, 0], "uv_size": [4, 6]},
								"east": {"uv": [0, 0], "uv_size": [4, 6]},
								"south": {"uv": [0, 0], "uv_size": [4, 6]},
								"west": {"uv": [0, 0], "uv_size": [4, 6]},
								"up": {"uv": [4, 4], "uv_size": [-4, -4]},
								"down": {"uv": [4, 4], "uv_size": [-4, -4]}
							}
						},
						{
							"origin": [30, 42, -2],
							"size": [4, 6, 4],
							"uv": {
								"north": {"uv": [0, 0], "uv_size": [4, 6]},
								"east": {"uv": [0, 0], "uv_size": [4, 6]},
								"south": {"uv": [0, 0], "uv_size": [4, 6]},
								"west": {"uv": [0, 0], "uv_size": [4, 6]},
								"up": {"uv": [4, 4], "uv_size": [-4, -4]},
								"down": {"uv": [4, 4], "uv_size": [-4, -4]}
							}
						},
						{
							"origin": [30, 26, -2],
							"size": [4, 12, 4],
							"uv": {
								"north": {"uv": [0, 0], "uv_size": [4, 12]},
								"east": {"uv": [0, 0], "uv_size": [4, 12]},
								"south": {"uv": [0, 0], "uv_size": [4, 12]},
								"west": {"uv": [0, 0], "uv_size": [4, 12]},
								"up": {"uv": [4, 4], "uv_size": [-4, -4]},
								"down": {"uv": [4, 4], "uv_size": [-4, -4]}
							}
						},
						{
							"origin": [-34, 42, -2],
							"size": [4, 6, 4],
							"uv": {
								"north": {"uv": [0, 0], "uv_size": [4, 6]},
								"east": {"uv": [0, 0], "uv_size": [4, 6]},
								"south": {"uv": [0, 0], "uv_size": [4, 6]},
								"west": {"uv": [0, 0], "uv_size": [4, 6]},
								"up": {"uv": [4, 4], "uv_size": [-4, -4]},
								"down": {"uv": [4, 4], "uv_size": [-4, -4]}
							}
						},
						{
							"origin": [-34, 26, -2],
							"size": [4, 12, 4],
							"uv": {
								"north": {"uv": [0, 0], "uv_size": [4, 12]},
								"east": {"uv": [0, 0], "uv_size": [4, 12]},
								"south": {"uv": [0, 0], "uv_size": [4, 12]},
								"west": {"uv": [0, 0], "uv_size": [4, 12]},
								"up": {"uv": [4, 4], "uv_size": [-4, -4]},
								"down": {"uv": [4, 4], "uv_size": [-4, -4]}
							}
						},
						{
							"origin": [-34, 22, -8],
							"size": [4, 4, 16],
							"uv": {
								"north": {"uv": [0, 0], "uv_size": [4, 4]},
								"east": {"uv": [0, 0], "uv_size": [16, 4]},
								"south": {"uv": [0, 0], "uv_size": [4, 4]},
								"west": {"uv": [0, 0], "uv_size": [16, 4]},
								"up": {"uv": [4, 16], "uv_size": [-4, -16]},
								"down": {"uv": [4, 16], "uv_size": [-4, -16]}
							}
						},
						{
							"origin": [30, 22, -8],
							"size": [4, 4, 16],
							"uv": {
								"north": {"uv": [0, 0], "uv_size": [4, 4]},
								"east": {"uv": [0, 0], "uv_size": [16, 4]},
								"south": {"uv": [0, 0], "uv_size": [4, 4]},
								"west": {"uv": [0, 0], "uv_size": [16, 4]},
								"up": {"uv": [4, 16], "uv_size": [-4, -16]},
								"down": {"uv": [4, 16], "uv_size": [-4, -16]}
							}
						},
						{
							"origin": [30, 38, -8],
							"size": [4, 4, 16],
							"uv": {
								"north": {"uv": [0, 0], "uv_size": [4, 4]},
								"east": {"uv": [0, 0], "uv_size": [16, 4]},
								"south": {"uv": [0, 0], "uv_size": [4, 4]},
								"west": {"uv": [0, 0], "uv_size": [16, 4]},
								"up": {"uv": [4, 16], "uv_size": [-4, -16]},
								"down": {"uv": [4, 16], "uv_size": [-4, -16]}
							}
						},
						{
							"origin": [-34, 38, -8],
							"size": [4, 4, 16],
							"uv": {
								"north": {"uv": [0, 0], "uv_size": [4, 4]},
								"east": {"uv": [0, 0], "uv_size": [16, 4]},
								"south": {"uv": [0, 0], "uv_size": [4, 4]},
								"west": {"uv": [0, 0], "uv_size": [16, 4]},
								"up": {"uv": [4, 16], "uv_size": [-4, -16]},
								"down": {"uv": [4, 16], "uv_size": [-4, -16]}
							}
						},
						{
							"origin": [-40, 48, -24],
							"size": [16, 8, 16],
							"uv": {
								"north": {"uv": [0, 0], "uv_size": [16, 8]},
								"east": {"uv": [0, 0], "uv_size": [16, 8]},
								"south": {"uv": [0, 0], "uv_size": [16, 8]},
								"west": {"uv": [0, 0], "uv_size": [16, 8]},
								"up": {"uv": [16, 16], "uv_size": [-16, -16]},
								"down": {"uv": [16, 16], "uv_size": [-16, -16]}
							}
						},
						{
							"origin": [-40, 48, -8],
							"size": [16, 8, 16],
							"uv": {
								"north": {"uv": [0, 0], "uv_size": [16, 8]},
								"east": {"uv": [0, 0], "uv_size": [16, 8]},
								"south": {"uv": [0, 0], "uv_size": [16, 8]},
								"west": {"uv": [0, 0], "uv_size": [16, 8]},
								"up": {"uv": [16, 16], "uv_size": [-16, -16]},
								"down": {"uv": [16, 16], "uv_size": [-16, -16]}
							}
						},
						{
							"origin": [-40, 48, 8],
							"size": [16, 8, 16],
							"uv": {
								"north": {"uv": [0, 0], "uv_size": [16, 8]},
								"east": {"uv": [0, 0], "uv_size": [16, 8]},
								"south": {"uv": [0, 0], "uv_size": [16, 8]},
								"west": {"uv": [0, 0], "uv_size": [16, 8]},
								"up": {"uv": [16, 16], "uv_size": [-16, -16]},
								"down": {"uv": [16, 16], "uv_size": [-16, -16]}
							}
						},
						{
							"origin": [-40, 48, 24],
							"size": [16, 8, 16],
							"uv": {
								"north": {"uv": [0, 0], "uv_size": [16, 8]},
								"east": {"uv": [0, 0], "uv_size": [16, 8]},
								"south": {"uv": [0, 0], "uv_size": [16, 8]},
								"west": {"uv": [0, 0], "uv_size": [16, 8]},
								"up": {"uv": [16, 16], "uv_size": [-16, -16]},
								"down": {"uv": [16, 16], "uv_size": [-16, -16]}
							}
						},
						{
							"origin": [-8, 48, 24],
							"size": [16, 8, 16],
							"uv": {
								"north": {"uv": [0, 0], "uv_size": [16, 8]},
								"east": {"uv": [0, 0], "uv_size": [16, 8]},
								"south": {"uv": [0, 0], "uv_size": [16, 8]},
								"west": {"uv": [0, 0], "uv_size": [16, 8]},
								"up": {"uv": [16, 16], "uv_size": [-16, -16]},
								"down": {"uv": [16, 16], "uv_size": [-16, -16]}
							}
						},
						{
							"origin": [8, 48, 24],
							"size": [16, 8, 16],
							"uv": {
								"north": {"uv": [0, 0], "uv_size": [16, 8]},
								"east": {"uv": [0, 0], "uv_size": [16, 8]},
								"south": {"uv": [0, 0], "uv_size": [16, 8]},
								"west": {"uv": [0, 0], "uv_size": [16, 8]},
								"up": {"uv": [16, 16], "uv_size": [-16, -16]},
								"down": {"uv": [16, 16], "uv_size": [-16, -16]}
							}
						},
						{
							"origin": [24, 48, 24],
							"size": [16, 8, 16],
							"uv": {
								"north": {"uv": [0, 0], "uv_size": [16, 8]},
								"east": {"uv": [0, 0], "uv_size": [16, 8]},
								"south": {"uv": [0, 0], "uv_size": [16, 8]},
								"west": {"uv": [0, 0], "uv_size": [16, 8]},
								"up": {"uv": [16, 16], "uv_size": [-16, -16]},
								"down": {"uv": [16, 16], "uv_size": [-16, -16]}
							}
						},
						{
							"origin": [24, 48, 8],
							"size": [16, 8, 16],
							"uv": {
								"north": {"uv": [0, 0], "uv_size": [16, 8]},
								"east": {"uv": [0, 0], "uv_size": [16, 8]},
								"south": {"uv": [0, 0], "uv_size": [16, 8]},
								"west": {"uv": [0, 0], "uv_size": [16, 8]},
								"up": {"uv": [16, 16], "uv_size": [-16, -16]},
								"down": {"uv": [16, 16], "uv_size": [-16, -16]}
							}
						},
						{
							"origin": [24, 48, -8],
							"size": [16, 8, 16],
							"uv": {
								"north": {"uv": [0, 0], "uv_size": [16, 8]},
								"east": {"uv": [0, 0], "uv_size": [16, 8]},
								"south": {"uv": [0, 0], "uv_size": [16, 8]},
								"west": {"uv": [0, 0], "uv_size": [16, 8]},
								"up": {"uv": [16, 16], "uv_size": [-16, -16]},
								"down": {"uv": [16, 16], "uv_size": [-16, -16]}
							}
						},
						{
							"origin": [24, 64, -8],
							"size": [16, 8, 16],
							"uv": {
								"north": {"uv": [0, 0], "uv_size": [16, 8]},
								"east": {"uv": [0, 0], "uv_size": [16, 8]},
								"south": {"uv": [0, 0], "uv_size": [16, 8]},
								"west": {"uv": [0, 0], "uv_size": [16, 8]},
								"up": {"uv": [16, 16], "uv_size": [-16, -16]},
								"down": {"uv": [16, 16], "uv_size": [-16, -16]}
							}
						},
						{
							"origin": [24, 64, 8],
							"size": [16, 8, 16],
							"uv": {
								"north": {"uv": [0, 0], "uv_size": [16, 8]},
								"east": {"uv": [0, 0], "uv_size": [16, 8]},
								"south": {"uv": [0, 0], "uv_size": [16, 8]},
								"west": {"uv": [0, 0], "uv_size": [16, 8]},
								"up": {"uv": [16, 16], "uv_size": [-16, -16]},
								"down": {"uv": [16, 16], "uv_size": [-16, -16]}
							}
						},
						{
							"origin": [24, 64, 24],
							"size": [16, 8, 16],
							"uv": {
								"north": {"uv": [0, 0], "uv_size": [16, 8]},
								"east": {"uv": [0, 0], "uv_size": [16, 8]},
								"south": {"uv": [0, 0], "uv_size": [16, 8]},
								"west": {"uv": [0, 0], "uv_size": [16, 8]},
								"up": {"uv": [16, 16], "uv_size": [-16, -16]},
								"down": {"uv": [16, 16], "uv_size": [-16, -16]}
							}
						},
						{
							"origin": [8, 64, 24],
							"size": [16, 8, 16],
							"uv": {
								"north": {"uv": [0, 0], "uv_size": [16, 8]},
								"east": {"uv": [0, 0], "uv_size": [16, 8]},
								"south": {"uv": [0, 0], "uv_size": [16, 8]},
								"west": {"uv": [0, 0], "uv_size": [16, 8]},
								"up": {"uv": [16, 16], "uv_size": [-16, -16]},
								"down": {"uv": [16, 16], "uv_size": [-16, -16]}
							}
						},
						{
							"origin": [-8, 64, 24],
							"size": [16, 8, 16],
							"uv": {
								"north": {"uv": [0, 0], "uv_size": [16, 8]},
								"east": {"uv": [0, 0], "uv_size": [16, 8]},
								"south": {"uv": [0, 0], "uv_size": [16, 8]},
								"west": {"uv": [0, 0], "uv_size": [16, 8]},
								"up": {"uv": [16, 16], "uv_size": [-16, -16]},
								"down": {"uv": [16, 16], "uv_size": [-16, -16]}
							}
						},
						{
							"origin": [-24, 64, 24],
							"size": [16, 8, 16],
							"uv": {
								"north": {"uv": [0, 0], "uv_size": [16, 8]},
								"east": {"uv": [0, 0], "uv_size": [16, 8]},
								"south": {"uv": [0, 0], "uv_size": [16, 8]},
								"west": {"uv": [0, 0], "uv_size": [16, 8]},
								"up": {"uv": [16, 16], "uv_size": [-16, -16]},
								"down": {"uv": [16, 16], "uv_size": [-16, -16]}
							}
						},
						{
							"origin": [-24, 72, 8],
							"size": [16, 8, 16],
							"uv": {
								"north": {"uv": [0, 0], "uv_size": [16, 8]},
								"east": {"uv": [0, 0], "uv_size": [16, 8]},
								"south": {"uv": [0, 0], "uv_size": [16, 8]},
								"west": {"uv": [0, 0], "uv_size": [16, 8]},
								"up": {"uv": [16, 16], "uv_size": [-16, -16]},
								"down": {"uv": [16, 16], "uv_size": [-16, -16]}
							}
						},
						{
							"origin": [-24, 72, -8],
							"size": [16, 8, 16],
							"uv": {
								"north": {"uv": [0, 0], "uv_size": [16, 8]},
								"east": {"uv": [0, 0], "uv_size": [16, 8]},
								"south": {"uv": [0, 0], "uv_size": [16, 8]},
								"west": {"uv": [0, 0], "uv_size": [16, 8]},
								"up": {"uv": [16, 16], "uv_size": [-16, -16]},
								"down": {"uv": [16, 16], "uv_size": [-16, -16]}
							}
						},
						{
							"origin": [-24, 72, -24],
							"size": [16, 8, 16],
							"uv": {
								"north": {"uv": [0, 0], "uv_size": [16, 8]},
								"east": {"uv": [0, 0], "uv_size": [16, 8]},
								"south": {"uv": [0, 0], "uv_size": [16, 8]},
								"west": {"uv": [0, 0], "uv_size": [16, 8]},
								"up": {"uv": [16, 16], "uv_size": [-16, -16]},
								"down": {"uv": [16, 16], "uv_size": [-16, -16]}
							}
						},
						{
							"origin": [-8, 72, -24],
							"size": [16, 8, 16],
							"uv": {
								"north": {"uv": [0, 0], "uv_size": [16, 8]},
								"east": {"uv": [0, 0], "uv_size": [16, 8]},
								"south": {"uv": [0, 0], "uv_size": [16, 8]},
								"west": {"uv": [0, 0], "uv_size": [16, 8]},
								"up": {"uv": [16, 16], "uv_size": [-16, -16]},
								"down": {"uv": [16, 16], "uv_size": [-16, -16]}
							}
						},
						{
							"origin": [8, 72, -24],
							"size": [16, 8, 16],
							"uv": {
								"north": {"uv": [0, 0], "uv_size": [16, 8]},
								"east": {"uv": [0, 0], "uv_size": [16, 8]},
								"south": {"uv": [0, 0], "uv_size": [16, 8]},
								"west": {"uv": [0, 0], "uv_size": [16, 8]},
								"up": {"uv": [16, 16], "uv_size": [-16, -16]},
								"down": {"uv": [16, 16], "uv_size": [-16, -16]}
							}
						},
						{
							"origin": [8, 72, 8],
							"size": [16, 8, 16],
							"uv": {
								"north": {"uv": [0, 0], "uv_size": [16, 8]},
								"east": {"uv": [0, 0], "uv_size": [16, 8]},
								"south": {"uv": [0, 0], "uv_size": [16, 8]},
								"west": {"uv": [0, 0], "uv_size": [16, 8]},
								"up": {"uv": [16, 16], "uv_size": [-16, -16]},
								"down": {"uv": [16, 16], "uv_size": [-16, -16]}
							}
						},
						{
							"origin": [-8, 72, -8],
							"size": [16, 8, 16],
							"uv": {
								"north": {"uv": [0, 0], "uv_size": [16, 8]},
								"east": {"uv": [0, 0], "uv_size": [16, 8]},
								"south": {"uv": [0, 0], "uv_size": [16, 8]},
								"west": {"uv": [0, 0], "uv_size": [16, 8]},
								"up": {"uv": [16, 16], "uv_size": [-16, -16]},
								"down": {"uv": [16, 16], "uv_size": [-16, -16]}
							}
						},
						{
							"origin": [-8, 72, 8],
							"size": [16, 8, 16],
							"uv": {
								"north": {"uv": [0, 0], "uv_size": [16, 8]},
								"east": {"uv": [0, 0], "uv_size": [16, 8]},
								"south": {"uv": [0, 0], "uv_size": [16, 8]},
								"west": {"uv": [0, 0], "uv_size": [16, 8]},
								"up": {"uv": [16, 16], "uv_size": [-16, -16]},
								"down": {"uv": [16, 16], "uv_size": [-16, -16]}
							}
						},
						{
							"origin": [8, 72, -8],
							"size": [16, 8, 16],
							"uv": {
								"north": {"uv": [0, 0], "uv_size": [16, 8]},
								"east": {"uv": [0, 0], "uv_size": [16, 8]},
								"south": {"uv": [0, 0], "uv_size": [16, 8]},
								"west": {"uv": [0, 0], "uv_size": [16, 8]},
								"up": {"uv": [16, 16], "uv_size": [-16, -16]},
								"down": {"uv": [16, 16], "uv_size": [-16, -16]}
							}
						},
						{
							"origin": [-40, 64, 24],
							"size": [16, 8, 16],
							"uv": {
								"north": {"uv": [0, 0], "uv_size": [16, 8]},
								"east": {"uv": [0, 0], "uv_size": [16, 8]},
								"south": {"uv": [0, 0], "uv_size": [16, 8]},
								"west": {"uv": [0, 0], "uv_size": [16, 8]},
								"up": {"uv": [16, 16], "uv_size": [-16, -16]},
								"down": {"uv": [16, 16], "uv_size": [-16, -16]}
							}
						},
						{
							"origin": [-40, 64, 8],
							"size": [16, 8, 16],
							"uv": {
								"north": {"uv": [0, 0], "uv_size": [16, 8]},
								"east": {"uv": [0, 0], "uv_size": [16, 8]},
								"south": {"uv": [0, 0], "uv_size": [16, 8]},
								"west": {"uv": [0, 0], "uv_size": [16, 8]},
								"up": {"uv": [16, 16], "uv_size": [-16, -16]},
								"down": {"uv": [16, 16], "uv_size": [-16, -16]}
							}
						},
						{
							"origin": [-40, 64, -8],
							"size": [16, 8, 16],
							"uv": {
								"north": {"uv": [0, 0], "uv_size": [16, 8]},
								"east": {"uv": [0, 0], "uv_size": [16, 8]},
								"south": {"uv": [0, 0], "uv_size": [16, 8]},
								"west": {"uv": [0, 0], "uv_size": [16, 8]},
								"up": {"uv": [16, 16], "uv_size": [-16, -16]},
								"down": {"uv": [16, 16], "uv_size": [-16, -16]}
							}
						},
						{
							"origin": [-40, 64, -24],
							"size": [16, 8, 16],
							"uv": {
								"north": {"uv": [0, 0], "uv_size": [16, 8]},
								"east": {"uv": [0, 0], "uv_size": [16, 8]},
								"south": {"uv": [0, 0], "uv_size": [16, 8]},
								"west": {"uv": [0, 0], "uv_size": [16, 8]},
								"up": {"uv": [16, 16], "uv_size": [-16, -16]},
								"down": {"uv": [16, 16], "uv_size": [-16, -16]}
							}
						},
						{
							"origin": [-40, 64, -40],
							"size": [16, 8, 16],
							"uv": {
								"north": {"uv": [0, 0], "uv_size": [16, 8]},
								"east": {"uv": [0, 0], "uv_size": [16, 8]},
								"south": {"uv": [0, 0], "uv_size": [16, 8]},
								"west": {"uv": [0, 0], "uv_size": [16, 8]},
								"up": {"uv": [16, 16], "uv_size": [-16, -16]},
								"down": {"uv": [16, 16], "uv_size": [-16, -16]}
							}
						},
						{
							"origin": [-24, 64, -40],
							"size": [16, 8, 16],
							"uv": {
								"north": {"uv": [0, 0], "uv_size": [16, 8]},
								"east": {"uv": [0, 0], "uv_size": [16, 8]},
								"south": {"uv": [0, 0], "uv_size": [16, 8]},
								"west": {"uv": [0, 0], "uv_size": [16, 8]},
								"up": {"uv": [16, 16], "uv_size": [-16, -16]},
								"down": {"uv": [16, 16], "uv_size": [-16, -16]}
							}
						},
						{
							"origin": [-8, 64, -40],
							"size": [16, 8, 16],
							"uv": {
								"north": {"uv": [0, 0], "uv_size": [16, 8]},
								"east": {"uv": [0, 0], "uv_size": [16, 8]},
								"south": {"uv": [0, 0], "uv_size": [16, 8]},
								"west": {"uv": [0, 0], "uv_size": [16, 8]},
								"up": {"uv": [16, 16], "uv_size": [-16, -16]},
								"down": {"uv": [16, 16], "uv_size": [-16, -16]}
							}
						},
						{
							"origin": [8, 64, -40],
							"size": [16, 8, 16],
							"uv": {
								"north": {"uv": [0, 0], "uv_size": [16, 8]},
								"east": {"uv": [0, 0], "uv_size": [16, 8]},
								"south": {"uv": [0, 0], "uv_size": [16, 8]},
								"west": {"uv": [0, 0], "uv_size": [16, 8]},
								"up": {"uv": [16, 16], "uv_size": [-16, -16]},
								"down": {"uv": [16, 16], "uv_size": [-16, -16]}
							}
						},
						{
							"origin": [24, 64, -40],
							"size": [16, 8, 16],
							"uv": {
								"north": {"uv": [0, 0], "uv_size": [16, 8]},
								"east": {"uv": [0, 0], "uv_size": [16, 8]},
								"south": {"uv": [0, 0], "uv_size": [16, 8]},
								"west": {"uv": [0, 0], "uv_size": [16, 8]},
								"up": {"uv": [16, 16], "uv_size": [-16, -16]},
								"down": {"uv": [16, 16], "uv_size": [-16, -16]}
							}
						},
						{
							"origin": [24, 64, -24],
							"size": [16, 8, 16],
							"uv": {
								"north": {"uv": [0, 0], "uv_size": [16, 8]},
								"east": {"uv": [0, 0], "uv_size": [16, 8]},
								"south": {"uv": [0, 0], "uv_size": [16, 8]},
								"west": {"uv": [0, 0], "uv_size": [16, 8]},
								"up": {"uv": [16, 16], "uv_size": [-16, -16]},
								"down": {"uv": [16, 16], "uv_size": [-16, -16]}
							}
						},
						{
							"origin": [24, 48, -24],
							"size": [16, 8, 16],
							"uv": {
								"north": {"uv": [0, 0], "uv_size": [16, 8]},
								"east": {"uv": [0, 0], "uv_size": [16, 8]},
								"south": {"uv": [0, 0], "uv_size": [16, 8]},
								"west": {"uv": [0, 0], "uv_size": [16, 8]},
								"up": {"uv": [16, 16], "uv_size": [-16, -16]},
								"down": {"uv": [16, 16], "uv_size": [-16, -16]}
							}
						},
						{
							"origin": [24, 48, -40],
							"size": [16, 8, 16],
							"uv": {
								"north": {"uv": [0, 0], "uv_size": [16, 8]},
								"east": {"uv": [0, 0], "uv_size": [16, 8]},
								"south": {"uv": [0, 0], "uv_size": [16, 8]},
								"west": {"uv": [0, 0], "uv_size": [16, 8]},
								"up": {"uv": [16, 16], "uv_size": [-16, -16]},
								"down": {"uv": [16, 16], "uv_size": [-16, -16]}
							}
						},
						{
							"origin": [8, 48, -40],
							"size": [16, 8, 16],
							"uv": {
								"north": {"uv": [0, 0], "uv_size": [16, 8]},
								"east": {"uv": [0, 0], "uv_size": [16, 8]},
								"south": {"uv": [0, 0], "uv_size": [16, 8]},
								"west": {"uv": [0, 0], "uv_size": [16, 8]},
								"up": {"uv": [16, 16], "uv_size": [-16, -16]},
								"down": {"uv": [16, 16], "uv_size": [-16, -16]}
							}
						},
						{
							"origin": [-8, 48, -40],
							"size": [16, 8, 16],
							"uv": {
								"north": {"uv": [0, 0], "uv_size": [16, 8]},
								"east": {"uv": [0, 0], "uv_size": [16, 8]},
								"south": {"uv": [0, 0], "uv_size": [16, 8]},
								"west": {"uv": [0, 0], "uv_size": [16, 8]},
								"up": {"uv": [16, 16], "uv_size": [-16, -16]},
								"down": {"uv": [16, 16], "uv_size": [-16, -16]}
							}
						},
						{
							"origin": [-24, 48, -40],
							"size": [16, 8, 16],
							"uv": {
								"north": {"uv": [0, 0], "uv_size": [16, 8]},
								"east": {"uv": [0, 0], "uv_size": [16, 8]},
								"south": {"uv": [0, 0], "uv_size": [16, 8]},
								"west": {"uv": [0, 0], "uv_size": [16, 8]},
								"up": {"uv": [16, 16], "uv_size": [-16, -16]},
								"down": {"uv": [16, 16], "uv_size": [-16, -16]}
							}
						},
						{
							"origin": [-40, 48, -40],
							"size": [16, 8, 16],
							"uv": {
								"north": {"uv": [0, 0], "uv_size": [16, 8]},
								"east": {"uv": [0, 0], "uv_size": [16, 8]},
								"south": {"uv": [0, 0], "uv_size": [16, 8]},
								"west": {"uv": [0, 0], "uv_size": [16, 8]},
								"up": {"uv": [16, 16], "uv_size": [-16, -16]},
								"down": {"uv": [16, 16], "uv_size": [-16, -16]}
							}
						},
						{
							"origin": [-48, 56, -48],
							"size": [16, 8, 16],
							"uv": {
								"north": {"uv": [0, 0], "uv_size": [16, 8]},
								"east": {"uv": [0, 0], "uv_size": [16, 8]},
								"south": {"uv": [0, 0], "uv_size": [16, 8]},
								"west": {"uv": [0, 0], "uv_size": [16, 8]},
								"up": {"uv": [16, 16], "uv_size": [-16, -16]},
								"down": {"uv": [16, 16], "uv_size": [-16, -16]}
							}
						},
						{
							"origin": [-48, 56, -32],
							"size": [16, 8, 16],
							"uv": {
								"north": {"uv": [0, 0], "uv_size": [16, 8]},
								"east": {"uv": [0, 0], "uv_size": [16, 8]},
								"south": {"uv": [0, 0], "uv_size": [16, 8]},
								"west": {"uv": [0, 0], "uv_size": [16, 8]},
								"up": {"uv": [16, 16], "uv_size": [-16, -16]},
								"down": {"uv": [16, 16], "uv_size": [-16, -16]}
							}
						},
						{
							"origin": [-48, 56, -16],
							"size": [16, 8, 16],
							"uv": {
								"north": {"uv": [0, 0], "uv_size": [16, 8]},
								"east": {"uv": [0, 0], "uv_size": [16, 8]},
								"south": {"uv": [0, 0], "uv_size": [16, 8]},
								"west": {"uv": [0, 0], "uv_size": [16, 8]},
								"up": {"uv": [16, 16], "uv_size": [-16, -16]},
								"down": {"uv": [16, 16], "uv_size": [-16, -16]}
							}
						},
						{
							"origin": [-48, 56, 0],
							"size": [16, 8, 16],
							"uv": {
								"north": {"uv": [0, 0], "uv_size": [16, 8]},
								"east": {"uv": [0, 0], "uv_size": [16, 8]},
								"south": {"uv": [0, 0], "uv_size": [16, 8]},
								"west": {"uv": [0, 0], "uv_size": [16, 8]},
								"up": {"uv": [16, 16], "uv_size": [-16, -16]},
								"down": {"uv": [16, 16], "uv_size": [-16, -16]}
							}
						},
						{
							"origin": [-48, 56, 16],
							"size": [16, 8, 16],
							"uv": {
								"north": {"uv": [0, 0], "uv_size": [16, 8]},
								"east": {"uv": [0, 0], "uv_size": [16, 8]},
								"south": {"uv": [0, 0], "uv_size": [16, 8]},
								"west": {"uv": [0, 0], "uv_size": [16, 8]},
								"up": {"uv": [16, 16], "uv_size": [-16, -16]},
								"down": {"uv": [16, 16], "uv_size": [-16, -16]}
							}
						},
						{
							"origin": [-48, 56, 32],
							"size": [16, 8, 16],
							"uv": {
								"north": {"uv": [0, 0], "uv_size": [16, 8]},
								"east": {"uv": [0, 0], "uv_size": [16, 8]},
								"south": {"uv": [0, 0], "uv_size": [16, 8]},
								"west": {"uv": [0, 0], "uv_size": [16, 8]},
								"up": {"uv": [16, 16], "uv_size": [-16, -16]},
								"down": {"uv": [16, 16], "uv_size": [-16, -16]}
							}
						},
						{
							"origin": [-32, 56, 32],
							"size": [16, 8, 16],
							"uv": {
								"north": {"uv": [0, 0], "uv_size": [16, 8]},
								"east": {"uv": [0, 0], "uv_size": [16, 8]},
								"south": {"uv": [0, 0], "uv_size": [16, 8]},
								"west": {"uv": [0, 0], "uv_size": [16, 8]},
								"up": {"uv": [16, 16], "uv_size": [-16, -16]},
								"down": {"uv": [16, 16], "uv_size": [-16, -16]}
							}
						},
						{
							"origin": [-16, 56, 32],
							"size": [16, 8, 16],
							"uv": {
								"north": {"uv": [0, 0], "uv_size": [16, 8]},
								"east": {"uv": [0, 0], "uv_size": [16, 8]},
								"south": {"uv": [0, 0], "uv_size": [16, 8]},
								"west": {"uv": [0, 0], "uv_size": [16, 8]},
								"up": {"uv": [16, 16], "uv_size": [-16, -16]},
								"down": {"uv": [16, 16], "uv_size": [-16, -16]}
							}
						},
						{
							"origin": [0, 56, 32],
							"size": [16, 8, 16],
							"uv": {
								"north": {"uv": [0, 0], "uv_size": [16, 8]},
								"east": {"uv": [0, 0], "uv_size": [16, 8]},
								"south": {"uv": [0, 0], "uv_size": [16, 8]},
								"west": {"uv": [0, 0], "uv_size": [16, 8]},
								"up": {"uv": [16, 16], "uv_size": [-16, -16]},
								"down": {"uv": [16, 16], "uv_size": [-16, -16]}
							}
						},
						{
							"origin": [16, 56, 32],
							"size": [16, 8, 16],
							"uv": {
								"north": {"uv": [0, 0], "uv_size": [16, 8]},
								"east": {"uv": [0, 0], "uv_size": [16, 8]},
								"south": {"uv": [0, 0], "uv_size": [16, 8]},
								"west": {"uv": [0, 0], "uv_size": [16, 8]},
								"up": {"uv": [16, 16], "uv_size": [-16, -16]},
								"down": {"uv": [16, 16], "uv_size": [-16, -16]}
							}
						},
						{
							"origin": [32, 56, 16],
							"size": [16, 8, 16],
							"uv": {
								"north": {"uv": [0, 0], "uv_size": [16, 8]},
								"east": {"uv": [0, 0], "uv_size": [16, 8]},
								"south": {"uv": [0, 0], "uv_size": [16, 8]},
								"west": {"uv": [0, 0], "uv_size": [16, 8]},
								"up": {"uv": [16, 16], "uv_size": [-16, -16]},
								"down": {"uv": [16, 16], "uv_size": [-16, -16]}
							}
						},
						{
							"origin": [32, 56, 0],
							"size": [16, 8, 16],
							"uv": {
								"north": {"uv": [0, 0], "uv_size": [16, 8]},
								"east": {"uv": [0, 0], "uv_size": [16, 8]},
								"south": {"uv": [0, 0], "uv_size": [16, 8]},
								"west": {"uv": [0, 0], "uv_size": [16, 8]},
								"up": {"uv": [16, 16], "uv_size": [-16, -16]},
								"down": {"uv": [16, 16], "uv_size": [-16, -16]}
							}
						},
						{
							"origin": [32, 56, -16],
							"size": [16, 8, 16],
							"uv": {
								"north": {"uv": [0, 0], "uv_size": [16, 8]},
								"east": {"uv": [0, 0], "uv_size": [16, 8]},
								"south": {"uv": [0, 0], "uv_size": [16, 8]},
								"west": {"uv": [0, 0], "uv_size": [16, 8]},
								"up": {"uv": [16, 16], "uv_size": [-16, -16]},
								"down": {"uv": [16, 16], "uv_size": [-16, -16]}
							}
						},
						{
							"origin": [32, 56, -32],
							"size": [16, 8, 16],
							"uv": {
								"north": {"uv": [0, 0], "uv_size": [16, 8]},
								"east": {"uv": [0, 0], "uv_size": [16, 8]},
								"south": {"uv": [0, 0], "uv_size": [16, 8]},
								"west": {"uv": [0, 0], "uv_size": [16, 8]},
								"up": {"uv": [16, 16], "uv_size": [-16, -16]},
								"down": {"uv": [16, 16], "uv_size": [-16, -16]}
							}
						},
						{
							"origin": [32, 56, -48],
							"size": [16, 8, 16],
							"uv": {
								"north": {"uv": [0, 0], "uv_size": [16, 8]},
								"east": {"uv": [0, 0], "uv_size": [16, 8]},
								"south": {"uv": [0, 0], "uv_size": [16, 8]},
								"west": {"uv": [0, 0], "uv_size": [16, 8]},
								"up": {"uv": [16, 16], "uv_size": [-16, -16]},
								"down": {"uv": [16, 16], "uv_size": [-16, -16]}
							}
						},
						{
							"origin": [16, 56, -48],
							"size": [16, 8, 16],
							"uv": {
								"north": {"uv": [0, 0], "uv_size": [16, 8]},
								"east": {"uv": [0, 0], "uv_size": [16, 8]},
								"south": {"uv": [0, 0], "uv_size": [16, 8]},
								"west": {"uv": [0, 0], "uv_size": [16, 8]},
								"up": {"uv": [16, 16], "uv_size": [-16, -16]},
								"down": {"uv": [16, 16], "uv_size": [-16, -16]}
							}
						},
						{
							"origin": [0, 56, -48],
							"size": [16, 8, 16],
							"uv": {
								"north": {"uv": [0, 0], "uv_size": [16, 8]},
								"east": {"uv": [0, 0], "uv_size": [16, 8]},
								"south": {"uv": [0, 0], "uv_size": [16, 8]},
								"west": {"uv": [0, 0], "uv_size": [16, 8]},
								"up": {"uv": [16, 16], "uv_size": [-16, -16]},
								"down": {"uv": [16, 16], "uv_size": [-16, -16]}
							}
						},
						{
							"origin": [-16, 56, -48],
							"size": [16, 8, 16],
							"uv": {
								"north": {"uv": [0, 0], "uv_size": [16, 8]},
								"east": {"uv": [0, 0], "uv_size": [16, 8]},
								"south": {"uv": [0, 0], "uv_size": [16, 8]},
								"west": {"uv": [0, 0], "uv_size": [16, 8]},
								"up": {"uv": [16, 16], "uv_size": [-16, -16]},
								"down": {"uv": [16, 16], "uv_size": [-16, -16]}
							}
						},
						{
							"origin": [-32, 56, -48],
							"size": [16, 8, 16],
							"uv": {
								"north": {"uv": [0, 0], "uv_size": [16, 8]},
								"east": {"uv": [0, 0], "uv_size": [16, 8]},
								"south": {"uv": [0, 0], "uv_size": [16, 8]},
								"west": {"uv": [0, 0], "uv_size": [16, 8]},
								"up": {"uv": [16, 16], "uv_size": [-16, -16]},
								"down": {"uv": [16, 16], "uv_size": [-16, -16]}
							}
						},
						{
							"origin": [32, 56, 32],
							"size": [16, 8, 16],
							"uv": {
								"north": {"uv": [0, 0], "uv_size": [16, 8]},
								"east": {"uv": [0, 0], "uv_size": [16, 8]},
								"south": {"uv": [0, 0], "uv_size": [16, 8]},
								"west": {"uv": [0, 0], "uv_size": [16, 8]},
								"up": {"uv": [16, 16], "uv_size": [-16, -16]},
								"down": {"uv": [16, 16], "uv_size": [-16, -16]}
							}
						},
						{
							"origin": [-56, 48, -40],
							"size": [16, 8, 16],
							"uv": {
								"north": {"uv": [0, 0], "uv_size": [16, 8]},
								"east": {"uv": [0, 0], "uv_size": [16, 8]},
								"south": {"uv": [0, 0], "uv_size": [16, 8]},
								"west": {"uv": [0, 0], "uv_size": [16, 8]},
								"up": {"uv": [16, 16], "uv_size": [-16, -16]},
								"down": {"uv": [16, 16], "uv_size": [-16, -16]}
							}
						},
						{
							"origin": [-56, 48, -24],
							"size": [16, 8, 16],
							"uv": {
								"north": {"uv": [0, 0], "uv_size": [16, 8]},
								"east": {"uv": [0, 0], "uv_size": [16, 8]},
								"south": {"uv": [0, 0], "uv_size": [16, 8]},
								"west": {"uv": [0, 0], "uv_size": [16, 8]},
								"up": {"uv": [16, 16], "uv_size": [-16, -16]},
								"down": {"uv": [16, 16], "uv_size": [-16, -16]}
							}
						},
						{
							"origin": [-56, 48, -8],
							"size": [16, 8, 16],
							"uv": {
								"north": {"uv": [0, 0], "uv_size": [16, 8]},
								"east": {"uv": [0, 0], "uv_size": [16, 8]},
								"south": {"uv": [0, 0], "uv_size": [16, 8]},
								"west": {"uv": [0, 0], "uv_size": [16, 8]},
								"up": {"uv": [16, 16], "uv_size": [-16, -16]},
								"down": {"uv": [16, 16], "uv_size": [-16, -16]}
							}
						},
						{
							"origin": [-56, 48, 8],
							"size": [16, 8, 16],
							"uv": {
								"north": {"uv": [0, 0], "uv_size": [16, 8]},
								"east": {"uv": [0, 0], "uv_size": [16, 8]},
								"south": {"uv": [0, 0], "uv_size": [16, 8]},
								"west": {"uv": [0, 0], "uv_size": [16, 8]},
								"up": {"uv": [16, 16], "uv_size": [-16, -16]},
								"down": {"uv": [16, 16], "uv_size": [-16, -16]}
							}
						},
						{
							"origin": [-56, 48, 24],
							"size": [16, 8, 16],
							"uv": {
								"north": {"uv": [0, 0], "uv_size": [16, 8]},
								"east": {"uv": [0, 0], "uv_size": [16, 8]},
								"south": {"uv": [0, 0], "uv_size": [16, 8]},
								"west": {"uv": [0, 0], "uv_size": [16, 8]},
								"up": {"uv": [16, 16], "uv_size": [-16, -16]},
								"down": {"uv": [16, 16], "uv_size": [-16, -16]}
							}
						},
						{
							"origin": [-56, 48, 40],
							"size": [16, 8, 16],
							"uv": {
								"north": {"uv": [0, 0], "uv_size": [16, 8]},
								"east": {"uv": [0, 0], "uv_size": [16, 8]},
								"south": {"uv": [0, 0], "uv_size": [16, 8]},
								"west": {"uv": [0, 0], "uv_size": [16, 8]},
								"up": {"uv": [16, 16], "uv_size": [-16, -16]},
								"down": {"uv": [16, 16], "uv_size": [-16, -16]}
							}
						},
						{
							"origin": [-40, 48, 40],
							"size": [16, 8, 16],
							"uv": {
								"north": {"uv": [0, 0], "uv_size": [16, 8]},
								"east": {"uv": [0, 0], "uv_size": [16, 8]},
								"south": {"uv": [0, 0], "uv_size": [16, 8]},
								"west": {"uv": [0, 0], "uv_size": [16, 8]},
								"up": {"uv": [16, 16], "uv_size": [-16, -16]},
								"down": {"uv": [16, 16], "uv_size": [-16, -16]}
							}
						},
						{
							"origin": [-24, 48, 40],
							"size": [16, 8, 16],
							"uv": {
								"north": {"uv": [0, 0], "uv_size": [16, 8]},
								"east": {"uv": [0, 0], "uv_size": [16, 8]},
								"south": {"uv": [0, 0], "uv_size": [16, 8]},
								"west": {"uv": [0, 0], "uv_size": [16, 8]},
								"up": {"uv": [16, 16], "uv_size": [-16, -16]},
								"down": {"uv": [16, 16], "uv_size": [-16, -16]}
							}
						},
						{
							"origin": [-8, 48, 40],
							"size": [16, 8, 16],
							"uv": {
								"north": {"uv": [0, 0], "uv_size": [16, 8]},
								"east": {"uv": [0, 0], "uv_size": [16, 8]},
								"south": {"uv": [0, 0], "uv_size": [16, 8]},
								"west": {"uv": [0, 0], "uv_size": [16, 8]},
								"up": {"uv": [16, 16], "uv_size": [-16, -16]},
								"down": {"uv": [16, 16], "uv_size": [-16, -16]}
							}
						},
						{
							"origin": [8, 48, 40],
							"size": [16, 8, 16],
							"uv": {
								"north": {"uv": [0, 0], "uv_size": [16, 8]},
								"east": {"uv": [0, 0], "uv_size": [16, 8]},
								"south": {"uv": [0, 0], "uv_size": [16, 8]},
								"west": {"uv": [0, 0], "uv_size": [16, 8]},
								"up": {"uv": [16, 16], "uv_size": [-16, -16]},
								"down": {"uv": [16, 16], "uv_size": [-16, -16]}
							}
						},
						{
							"origin": [24, 48, 40],
							"size": [16, 8, 16],
							"uv": {
								"north": {"uv": [0, 0], "uv_size": [16, 8]},
								"east": {"uv": [0, 0], "uv_size": [16, 8]},
								"south": {"uv": [0, 0], "uv_size": [16, 8]},
								"west": {"uv": [0, 0], "uv_size": [16, 8]},
								"up": {"uv": [16, 16], "uv_size": [-16, -16]},
								"down": {"uv": [16, 16], "uv_size": [-16, -16]}
							}
						},
						{
							"origin": [40, 48, 40],
							"size": [16, 8, 16],
							"uv": {
								"north": {"uv": [0, 0], "uv_size": [16, 8]},
								"east": {"uv": [0, 0], "uv_size": [16, 8]},
								"south": {"uv": [0, 0], "uv_size": [16, 8]},
								"west": {"uv": [0, 0], "uv_size": [16, 8]},
								"up": {"uv": [16, 16], "uv_size": [-16, -16]},
								"down": {"uv": [16, 16], "uv_size": [-16, -16]}
							}
						},
						{
							"origin": [40, 48, 24],
							"size": [16, 8, 16],
							"uv": {
								"north": {"uv": [0, 0], "uv_size": [16, 8]},
								"east": {"uv": [0, 0], "uv_size": [16, 8]},
								"south": {"uv": [0, 0], "uv_size": [16, 8]},
								"west": {"uv": [0, 0], "uv_size": [16, 8]},
								"up": {"uv": [16, 16], "uv_size": [-16, -16]},
								"down": {"uv": [16, 16], "uv_size": [-16, -16]}
							}
						},
						{
							"origin": [40, 48, 8],
							"size": [16, 8, 16],
							"uv": {
								"north": {"uv": [0, 0], "uv_size": [16, 8]},
								"east": {"uv": [0, 0], "uv_size": [16, 8]},
								"south": {"uv": [0, 0], "uv_size": [16, 8]},
								"west": {"uv": [0, 0], "uv_size": [16, 8]},
								"up": {"uv": [16, 16], "uv_size": [-16, -16]},
								"down": {"uv": [16, 16], "uv_size": [-16, -16]}
							}
						},
						{
							"origin": [40, 48, -8],
							"size": [16, 8, 16],
							"uv": {
								"north": {"uv": [0, 0], "uv_size": [16, 8]},
								"east": {"uv": [0, 0], "uv_size": [16, 8]},
								"south": {"uv": [0, 0], "uv_size": [16, 8]},
								"west": {"uv": [0, 0], "uv_size": [16, 8]},
								"up": {"uv": [16, 16], "uv_size": [-16, -16]},
								"down": {"uv": [16, 16], "uv_size": [-16, -16]}
							}
						},
						{
							"origin": [40, 48, -24],
							"size": [16, 8, 16],
							"uv": {
								"north": {"uv": [0, 0], "uv_size": [16, 8]},
								"east": {"uv": [0, 0], "uv_size": [16, 8]},
								"south": {"uv": [0, 0], "uv_size": [16, 8]},
								"west": {"uv": [0, 0], "uv_size": [16, 8]},
								"up": {"uv": [16, 16], "uv_size": [-16, -16]},
								"down": {"uv": [16, 16], "uv_size": [-16, -16]}
							}
						},
						{
							"origin": [40, 48, -40],
							"size": [16, 8, 16],
							"uv": {
								"north": {"uv": [0, 0], "uv_size": [16, 8]},
								"east": {"uv": [0, 0], "uv_size": [16, 8]},
								"south": {"uv": [0, 0], "uv_size": [16, 8]},
								"west": {"uv": [0, 0], "uv_size": [16, 8]},
								"up": {"uv": [16, 16], "uv_size": [-16, -16]},
								"down": {"uv": [16, 16], "uv_size": [-16, -16]}
							}
						},
						{
							"origin": [40, 48, -56],
							"size": [16, 8, 16],
							"uv": {
								"north": {"uv": [0, 0], "uv_size": [16, 8]},
								"east": {"uv": [0, 0], "uv_size": [16, 8]},
								"south": {"uv": [0, 0], "uv_size": [16, 8]},
								"west": {"uv": [0, 0], "uv_size": [16, 8]},
								"up": {"uv": [16, 16], "uv_size": [-16, -16]},
								"down": {"uv": [16, 16], "uv_size": [-16, -16]}
							}
						},
						{
							"origin": [24, 48, -56],
							"size": [16, 8, 16],
							"uv": {
								"north": {"uv": [0, 0], "uv_size": [16, 8]},
								"east": {"uv": [0, 0], "uv_size": [16, 8]},
								"south": {"uv": [0, 0], "uv_size": [16, 8]},
								"west": {"uv": [0, 0], "uv_size": [16, 8]},
								"up": {"uv": [16, 16], "uv_size": [-16, -16]},
								"down": {"uv": [16, 16], "uv_size": [-16, -16]}
							}
						},
						{
							"origin": [8, 48, -56],
							"size": [16, 8, 16],
							"uv": {
								"north": {"uv": [0, 0], "uv_size": [16, 8]},
								"east": {"uv": [0, 0], "uv_size": [16, 8]},
								"south": {"uv": [0, 0], "uv_size": [16, 8]},
								"west": {"uv": [0, 0], "uv_size": [16, 8]},
								"up": {"uv": [16, 16], "uv_size": [-16, -16]},
								"down": {"uv": [16, 16], "uv_size": [-16, -16]}
							}
						},
						{
							"origin": [-8, 48, -56],
							"size": [16, 8, 16],
							"uv": {
								"north": {"uv": [0, 0], "uv_size": [16, 8]},
								"east": {"uv": [0, 0], "uv_size": [16, 8]},
								"south": {"uv": [0, 0], "uv_size": [16, 8]},
								"west": {"uv": [0, 0], "uv_size": [16, 8]},
								"up": {"uv": [16, 16], "uv_size": [-16, -16]},
								"down": {"uv": [16, 16], "uv_size": [-16, -16]}
							}
						},
						{
							"origin": [-24, 48, -56],
							"size": [16, 8, 16],
							"uv": {
								"north": {"uv": [0, 0], "uv_size": [16, 8]},
								"east": {"uv": [0, 0], "uv_size": [16, 8]},
								"south": {"uv": [0, 0], "uv_size": [16, 8]},
								"west": {"uv": [0, 0], "uv_size": [16, 8]},
								"up": {"uv": [16, 16], "uv_size": [-16, -16]},
								"down": {"uv": [16, 16], "uv_size": [-16, -16]}
							}
						},
						{
							"origin": [-40, 48, -56],
							"size": [16, 8, 16],
							"uv": {
								"north": {"uv": [0, 0], "uv_size": [16, 8]},
								"east": {"uv": [0, 0], "uv_size": [16, 8]},
								"south": {"uv": [0, 0], "uv_size": [16, 8]},
								"west": {"uv": [0, 0], "uv_size": [16, 8]},
								"up": {"uv": [16, 16], "uv_size": [-16, -16]},
								"down": {"uv": [16, 16], "uv_size": [-16, -16]}
							}
						},
						{
							"origin": [-56, 48, -56],
							"size": [16, 8, 16],
							"uv": {
								"north": {"uv": [0, 0], "uv_size": [16, 8]},
								"east": {"uv": [0, 0], "uv_size": [16, 8]},
								"south": {"uv": [0, 0], "uv_size": [16, 8]},
								"west": {"uv": [0, 0], "uv_size": [16, 8]},
								"up": {"uv": [16, 16], "uv_size": [-16, -16]},
								"down": {"uv": [16, 16], "uv_size": [-16, -16]}
							}
						},
						{
							"origin": [-24, 48, 24],
							"size": [16, 8, 16],
							"uv": {
								"north": {"uv": [0, 0], "uv_size": [16, 8]},
								"east": {"uv": [0, 0], "uv_size": [16, 8]},
								"south": {"uv": [0, 0], "uv_size": [16, 8]},
								"west": {"uv": [0, 0], "uv_size": [16, 8]},
								"up": {"uv": [16, 16], "uv_size": [-16, -16]},
								"down": {"uv": [16, 16], "uv_size": [-16, -16]}
							}
						}
					]
				}
			]
		}
	]
}