{
	"format_version": "1.16.0",
	"minecraft:geometry": [
		{
			"description": {
				"identifier": "geometry.potatoqz",
				"texture_width": 32,
				"texture_height": 32,
				"visible_bounds_width": 2,
				"visible_bounds_height": 4.5,
				"visible_bounds_offset": [0, 1.75, 0]
			},
			"bones": [
				{
					"name": "rightitem",
					"pivot": [0, 20, 0],
					"binding": "q.item_slot_to_bone_name(c.item_slot)"
				},
				{
					"name": "stick",
					"parent": "rightitem",
					"pivot": [0, 20, 0],
					"cubes": [
						{
							"origin": [0, 40.25, -0.75],
							"size": [0.75, 0.75, 0.75],
							"uv": {
								"north": {"uv": [29, 16], "uv_size": [-1, 1]},
								"east": {"uv": [28, 16], "uv_size": [1, 1]},
								"south": {"uv": [28, 16], "uv_size": [1, 1]},
								"west": {"uv": [28, 16], "uv_size": [1, 1]},
								"up": {"uv": [29, 17], "uv_size": [-1, -1]},
								"down": {"uv": [29, 17], "uv_size": [-1, -1]}
							}
						},
						{
							"origin": [0, 40.25, 0],
							"size": [0.75, 0.75, 0.75],
							"uv": {
								"north": {"uv": [30, 16], "uv_size": [-1, 1]},
								"east": {"uv": [29, 16], "uv_size": [1, 1]},
								"south": {"uv": [29, 16], "uv_size": [1, 1]},
								"west": {"uv": [29, 16], "uv_size": [1, 1]},
								"up": {"uv": [30, 17], "uv_size": [-1, -1]},
								"down": {"uv": [30, 17], "uv_size": [-1, -1]}
							}
						},
						{
							"origin": [-0.75, 40.25, 0],
							"size": [0.75, 0.75, 0.75],
							"uv": {
								"north": {"uv": [31, 16], "uv_size": [-1, 1]},
								"east": {"uv": [30, 16], "uv_size": [1, 1]},
								"south": {"uv": [30, 16], "uv_size": [1, 1]},
								"west": {"uv": [30, 16], "uv_size": [1, 1]},
								"up": {"uv": [31, 17], "uv_size": [-1, -1]},
								"down": {"uv": [31, 17], "uv_size": [-1, -1]}
							}
						},
						{
							"origin": [-0.75, 40.25, -0.75],
							"size": [0.75, 0.75, 0.75],
							"uv": {
								"north": {"uv": [32, 16], "uv_size": [-1, 1]},
								"east": {"uv": [31, 16], "uv_size": [1, 1]},
								"south": {"uv": [31, 16], "uv_size": [1, 1]},
								"west": {"uv": [31, 16], "uv_size": [1, 1]},
								"up": {"uv": [32, 17], "uv_size": [-1, -1]},
								"down": {"uv": [32, 17], "uv_size": [-1, -1]}
							}
						},
						{
							"origin": [0, 39.5, -0.75],
							"size": [0.75, 0.75, 0.75],
							"uv": {
								"north": {"uv": [29, 17], "uv_size": [-1, 1]},
								"east": {"uv": [28, 17], "uv_size": [1, 1]},
								"south": {"uv": [28, 17], "uv_size": [1, 1]},
								"west": {"uv": [28, 17], "uv_size": [1, 1]},
								"up": {"uv": [29, 18], "uv_size": [-1, -1]},
								"down": {"uv": [29, 18], "uv_size": [-1, -1]}
							}
						},
						{
							"origin": [0, 39.5, 0],
							"size": [0.75, 0.75, 0.75],
							"uv": {
								"north": {"uv": [30, 17], "uv_size": [-1, 1]},
								"east": {"uv": [29, 17], "uv_size": [1, 1]},
								"south": {"uv": [29, 17], "uv_size": [1, 1]},
								"west": {"uv": [29, 17], "uv_size": [1, 1]},
								"up": {"uv": [30, 18], "uv_size": [-1, -1]},
								"down": {"uv": [30, 18], "uv_size": [-1, -1]}
							}
						},
						{
							"origin": [-0.75, 39.5, 0],
							"size": [0.75, 0.75, 0.75],
							"uv": {
								"north": {"uv": [31, 17], "uv_size": [-1, 1]},
								"east": {"uv": [30, 17], "uv_size": [1, 1]},
								"south": {"uv": [30, 17], "uv_size": [1, 1]},
								"west": {"uv": [30, 17], "uv_size": [1, 1]},
								"up": {"uv": [31, 18], "uv_size": [-1, -1]},
								"down": {"uv": [31, 18], "uv_size": [-1, -1]}
							}
						},
						{
							"origin": [-0.75, 39.5, -0.75],
							"size": [0.75, 0.75, 0.75],
							"uv": {
								"north": {"uv": [32, 17], "uv_size": [-1, 1]},
								"east": {"uv": [31, 17], "uv_size": [1, 1]},
								"south": {"uv": [31, 17], "uv_size": [1, 1]},
								"west": {"uv": [31, 17], "uv_size": [1, 1]},
								"up": {"uv": [32, 18], "uv_size": [-1, -1]},
								"down": {"uv": [32, 18], "uv_size": [-1, -1]}
							}
						},
						{
							"origin": [0, 38.75, -0.75],
							"size": [0.75, 0.75, 0.75],
							"uv": {
								"north": {"uv": [29, 18], "uv_size": [-1, 1]},
								"east": {"uv": [28, 18], "uv_size": [1, 1]},
								"south": {"uv": [28, 18], "uv_size": [1, 1]},
								"west": {"uv": [28, 18], "uv_size": [1, 1]},
								"up": {"uv": [29, 19], "uv_size": [-1, -1]},
								"down": {"uv": [29, 19], "uv_size": [-1, -1]}
							}
						},
						{
							"origin": [0, 38.75, 0],
							"size": [0.75, 0.75, 0.75],
							"uv": {
								"north": {"uv": [30, 18], "uv_size": [-1, 1]},
								"east": {"uv": [29, 18], "uv_size": [1, 1]},
								"south": {"uv": [29, 18], "uv_size": [1, 1]},
								"west": {"uv": [29, 18], "uv_size": [1, 1]},
								"up": {"uv": [30, 19], "uv_size": [-1, -1]},
								"down": {"uv": [30, 19], "uv_size": [-1, -1]}
							}
						},
						{
							"origin": [-0.75, 38.75, 0],
							"size": [0.75, 0.75, 0.75],
							"uv": {
								"north": {"uv": [31, 18], "uv_size": [-1, 1]},
								"east": {"uv": [30, 18], "uv_size": [1, 1]},
								"south": {"uv": [30, 18], "uv_size": [1, 1]},
								"west": {"uv": [30, 18], "uv_size": [1, 1]},
								"up": {"uv": [31, 19], "uv_size": [-1, -1]},
								"down": {"uv": [31, 19], "uv_size": [-1, -1]}
							}
						},
						{
							"origin": [-0.75, 38.75, -0.75],
							"size": [0.75, 0.75, 0.75],
							"uv": {
								"north": {"uv": [32, 18], "uv_size": [-1, 1]},
								"east": {"uv": [31, 18], "uv_size": [1, 1]},
								"south": {"uv": [31, 18], "uv_size": [1, 1]},
								"west": {"uv": [31, 18], "uv_size": [1, 1]},
								"up": {"uv": [32, 19], "uv_size": [-1, -1]},
								"down": {"uv": [32, 19], "uv_size": [-1, -1]}
							}
						},
						{
							"origin": [0, 38, -0.75],
							"size": [0.75, 0.75, 0.75],
							"uv": {
								"north": {"uv": [29, 19], "uv_size": [-1, 1]},
								"east": {"uv": [28, 19], "uv_size": [1, 1]},
								"south": {"uv": [28, 19], "uv_size": [1, 1]},
								"west": {"uv": [28, 19], "uv_size": [1, 1]},
								"up": {"uv": [29, 20], "uv_size": [-1, -1]},
								"down": {"uv": [29, 20], "uv_size": [-1, -1]}
							}
						},
						{
							"origin": [0, 38, 0],
							"size": [0.75, 0.75, 0.75],
							"uv": {
								"north": {"uv": [30, 19], "uv_size": [-1, 1]},
								"east": {"uv": [29, 19], "uv_size": [1, 1]},
								"south": {"uv": [29, 19], "uv_size": [1, 1]},
								"west": {"uv": [29, 19], "uv_size": [1, 1]},
								"up": {"uv": [30, 20], "uv_size": [-1, -1]},
								"down": {"uv": [30, 20], "uv_size": [-1, -1]}
							}
						},
						{
							"origin": [-0.75, 38, 0],
							"size": [0.75, 0.75, 0.75],
							"uv": {
								"north": {"uv": [31, 19], "uv_size": [-1, 1]},
								"east": {"uv": [30, 19], "uv_size": [1, 1]},
								"south": {"uv": [30, 19], "uv_size": [1, 1]},
								"west": {"uv": [30, 19], "uv_size": [1, 1]},
								"up": {"uv": [31, 20], "uv_size": [-1, -1]},
								"down": {"uv": [31, 20], "uv_size": [-1, -1]}
							}
						},
						{
							"origin": [-0.75, 38, -0.75],
							"size": [0.75, 0.75, 0.75],
							"uv": {
								"north": {"uv": [32, 19], "uv_size": [-1, 1]},
								"east": {"uv": [31, 19], "uv_size": [1, 1]},
								"south": {"uv": [31, 19], "uv_size": [1, 1]},
								"west": {"uv": [31, 19], "uv_size": [1, 1]},
								"up": {"uv": [32, 20], "uv_size": [-1, -1]},
								"down": {"uv": [32, 20], "uv_size": [-1, -1]}
							}
						},
						{
							"origin": [0, 37.25, -0.75],
							"size": [0.75, 0.75, 0.75],
							"uv": {
								"north": {"uv": [29, 20], "uv_size": [-1, 1]},
								"east": {"uv": [28, 20], "uv_size": [1, 1]},
								"south": {"uv": [28, 20], "uv_size": [1, 1]},
								"west": {"uv": [28, 20], "uv_size": [1, 1]},
								"up": {"uv": [29, 21], "uv_size": [-1, -1]},
								"down": {"uv": [29, 21], "uv_size": [-1, -1]}
							}
						},
						{
							"origin": [0, 37.25, 0],
							"size": [0.75, 0.75, 0.75],
							"uv": {
								"north": {"uv": [30, 20], "uv_size": [-1, 1]},
								"east": {"uv": [29, 20], "uv_size": [1, 1]},
								"south": {"uv": [29, 20], "uv_size": [1, 1]},
								"west": {"uv": [29, 20], "uv_size": [1, 1]},
								"up": {"uv": [30, 21], "uv_size": [-1, -1]},
								"down": {"uv": [30, 21], "uv_size": [-1, -1]}
							}
						},
						{
							"origin": [-0.75, 37.25, 0],
							"size": [0.75, 0.75, 0.75],
							"uv": {
								"north": {"uv": [31, 20], "uv_size": [-1, 1]},
								"east": {"uv": [30, 20], "uv_size": [1, 1]},
								"south": {"uv": [30, 20], "uv_size": [1, 1]},
								"west": {"uv": [30, 20], "uv_size": [1, 1]},
								"up": {"uv": [31, 21], "uv_size": [-1, -1]},
								"down": {"uv": [31, 21], "uv_size": [-1, -1]}
							}
						},
						{
							"origin": [-0.75, 37.25, -0.75],
							"size": [0.75, 0.75, 0.75],
							"uv": {
								"north": {"uv": [32, 20], "uv_size": [-1, 1]},
								"east": {"uv": [31, 20], "uv_size": [1, 1]},
								"south": {"uv": [31, 20], "uv_size": [1, 1]},
								"west": {"uv": [31, 20], "uv_size": [1, 1]},
								"up": {"uv": [32, 21], "uv_size": [-1, -1]},
								"down": {"uv": [32, 21], "uv_size": [-1, -1]}
							}
						},
						{
							"origin": [0, 36.5, -0.75],
							"size": [0.75, 0.75, 0.75],
							"uv": {
								"north": {"uv": [29, 21], "uv_size": [-1, 1]},
								"east": {"uv": [28, 21], "uv_size": [1, 1]},
								"south": {"uv": [28, 21], "uv_size": [1, 1]},
								"west": {"uv": [28, 21], "uv_size": [1, 1]},
								"up": {"uv": [29, 22], "uv_size": [-1, -1]},
								"down": {"uv": [29, 22], "uv_size": [-1, -1]}
							}
						},
						{
							"origin": [0, 36.5, 0],
							"size": [0.75, 0.75, 0.75],
							"uv": {
								"north": {"uv": [30, 21], "uv_size": [-1, 1]},
								"east": {"uv": [29, 21], "uv_size": [1, 1]},
								"south": {"uv": [29, 21], "uv_size": [1, 1]},
								"west": {"uv": [29, 21], "uv_size": [1, 1]},
								"up": {"uv": [30, 22], "uv_size": [-1, -1]},
								"down": {"uv": [30, 22], "uv_size": [-1, -1]}
							}
						},
						{
							"origin": [-0.75, 36.5, 0],
							"size": [0.75, 0.75, 0.75],
							"uv": {
								"north": {"uv": [31, 21], "uv_size": [-1, 1]},
								"east": {"uv": [30, 21], "uv_size": [1, 1]},
								"south": {"uv": [30, 21], "uv_size": [1, 1]},
								"west": {"uv": [30, 21], "uv_size": [1, 1]},
								"up": {"uv": [31, 22], "uv_size": [-1, -1]},
								"down": {"uv": [31, 22], "uv_size": [-1, -1]}
							}
						},
						{
							"origin": [-0.75, 36.5, -0.75],
							"size": [0.75, 0.75, 0.75],
							"uv": {
								"north": {"uv": [32, 21], "uv_size": [-1, 1]},
								"east": {"uv": [31, 21], "uv_size": [1, 1]},
								"south": {"uv": [31, 21], "uv_size": [1, 1]},
								"west": {"uv": [31, 21], "uv_size": [1, 1]},
								"up": {"uv": [32, 22], "uv_size": [-1, -1]},
								"down": {"uv": [32, 22], "uv_size": [-1, -1]}
							}
						},
						{
							"origin": [0, 35.75, -0.75],
							"size": [0.75, 0.75, 0.75],
							"uv": {
								"north": {"uv": [29, 22], "uv_size": [-1, 1]},
								"east": {"uv": [28, 22], "uv_size": [1, 1]},
								"south": {"uv": [28, 22], "uv_size": [1, 1]},
								"west": {"uv": [28, 22], "uv_size": [1, 1]},
								"up": {"uv": [29, 23], "uv_size": [-1, -1]},
								"down": {"uv": [29, 23], "uv_size": [-1, -1]}
							}
						},
						{
							"origin": [0, 35.75, 0],
							"size": [0.75, 0.75, 0.75],
							"uv": {
								"north": {"uv": [30, 22], "uv_size": [-1, 1]},
								"east": {"uv": [29, 22], "uv_size": [1, 1]},
								"south": {"uv": [29, 22], "uv_size": [1, 1]},
								"west": {"uv": [29, 22], "uv_size": [1, 1]},
								"up": {"uv": [30, 23], "uv_size": [-1, -1]},
								"down": {"uv": [30, 23], "uv_size": [-1, -1]}
							}
						},
						{
							"origin": [-0.75, 35.75, 0],
							"size": [0.75, 0.75, 0.75],
							"uv": {
								"north": {"uv": [31, 22], "uv_size": [-1, 1]},
								"east": {"uv": [30, 22], "uv_size": [1, 1]},
								"south": {"uv": [30, 22], "uv_size": [1, 1]},
								"west": {"uv": [30, 22], "uv_size": [1, 1]},
								"up": {"uv": [31, 23], "uv_size": [-1, -1]},
								"down": {"uv": [31, 23], "uv_size": [-1, -1]}
							}
						},
						{
							"origin": [-0.75, 35.75, -0.75],
							"size": [0.75, 0.75, 0.75],
							"uv": {
								"north": {"uv": [32, 22], "uv_size": [-1, 1]},
								"east": {"uv": [31, 22], "uv_size": [1, 1]},
								"south": {"uv": [31, 22], "uv_size": [1, 1]},
								"west": {"uv": [31, 22], "uv_size": [1, 1]},
								"up": {"uv": [32, 23], "uv_size": [-1, -1]},
								"down": {"uv": [32, 23], "uv_size": [-1, -1]}
							}
						},
						{
							"origin": [0, 35, -0.75],
							"size": [0.75, 0.75, 0.75],
							"uv": {
								"north": {"uv": [29, 23], "uv_size": [-1, 1]},
								"east": {"uv": [28, 23], "uv_size": [1, 1]},
								"south": {"uv": [28, 23], "uv_size": [1, 1]},
								"west": {"uv": [28, 23], "uv_size": [1, 1]},
								"up": {"uv": [29, 24], "uv_size": [-1, -1]},
								"down": {"uv": [29, 24], "uv_size": [-1, -1]}
							}
						},
						{
							"origin": [0, 35, 0],
							"size": [0.75, 0.75, 0.75],
							"uv": {
								"north": {"uv": [30, 23], "uv_size": [-1, 1]},
								"east": {"uv": [29, 23], "uv_size": [1, 1]},
								"south": {"uv": [29, 23], "uv_size": [1, 1]},
								"west": {"uv": [29, 23], "uv_size": [1, 1]},
								"up": {"uv": [30, 24], "uv_size": [-1, -1]},
								"down": {"uv": [30, 24], "uv_size": [-1, -1]}
							}
						},
						{
							"origin": [-0.75, 35, 0],
							"size": [0.75, 0.75, 0.75],
							"uv": {
								"north": {"uv": [31, 23], "uv_size": [-1, 1]},
								"east": {"uv": [30, 23], "uv_size": [1, 1]},
								"south": {"uv": [30, 23], "uv_size": [1, 1]},
								"west": {"uv": [30, 23], "uv_size": [1, 1]},
								"up": {"uv": [31, 24], "uv_size": [-1, -1]},
								"down": {"uv": [31, 24], "uv_size": [-1, -1]}
							}
						},
						{
							"origin": [-0.75, 35, -0.75],
							"size": [0.75, 0.75, 0.75],
							"uv": {
								"north": {"uv": [32, 23], "uv_size": [-1, 1]},
								"east": {"uv": [31, 23], "uv_size": [1, 1]},
								"south": {"uv": [31, 23], "uv_size": [1, 1]},
								"west": {"uv": [31, 23], "uv_size": [1, 1]},
								"up": {"uv": [32, 24], "uv_size": [-1, -1]},
								"down": {"uv": [32, 24], "uv_size": [-1, -1]}
							}
						},
						{
							"origin": [0, 34.25, -0.75],
							"size": [0.75, 0.75, 0.75],
							"uv": {
								"north": {"uv": [29, 24], "uv_size": [-1, 1]},
								"east": {"uv": [28, 24], "uv_size": [1, 1]},
								"south": {"uv": [28, 24], "uv_size": [1, 1]},
								"west": {"uv": [28, 24], "uv_size": [1, 1]},
								"up": {"uv": [29, 25], "uv_size": [-1, -1]},
								"down": {"uv": [29, 25], "uv_size": [-1, -1]}
							}
						},
						{
							"origin": [0, 34.25, 0],
							"size": [0.75, 0.75, 0.75],
							"uv": {
								"north": {"uv": [30, 24], "uv_size": [-1, 1]},
								"east": {"uv": [29, 24], "uv_size": [1, 1]},
								"south": {"uv": [29, 24], "uv_size": [1, 1]},
								"west": {"uv": [29, 24], "uv_size": [1, 1]},
								"up": {"uv": [30, 25], "uv_size": [-1, -1]},
								"down": {"uv": [30, 25], "uv_size": [-1, -1]}
							}
						},
						{
							"origin": [-0.75, 34.25, 0],
							"size": [0.75, 0.75, 0.75],
							"uv": {
								"north": {"uv": [31, 24], "uv_size": [-1, 1]},
								"east": {"uv": [30, 24], "uv_size": [1, 1]},
								"south": {"uv": [30, 24], "uv_size": [1, 1]},
								"west": {"uv": [30, 24], "uv_size": [1, 1]},
								"up": {"uv": [31, 25], "uv_size": [-1, -1]},
								"down": {"uv": [31, 25], "uv_size": [-1, -1]}
							}
						},
						{
							"origin": [-0.75, 34.25, -0.75],
							"size": [0.75, 0.75, 0.75],
							"uv": {
								"north": {"uv": [32, 24], "uv_size": [-1, 1]},
								"east": {"uv": [31, 24], "uv_size": [1, 1]},
								"south": {"uv": [31, 24], "uv_size": [1, 1]},
								"west": {"uv": [31, 24], "uv_size": [1, 1]},
								"up": {"uv": [32, 25], "uv_size": [-1, -1]},
								"down": {"uv": [32, 25], "uv_size": [-1, -1]}
							}
						},
						{
							"origin": [0, 33.5, -0.75],
							"size": [0.75, 0.75, 0.75],
							"uv": {
								"north": {"uv": [29, 25], "uv_size": [-1, 1]},
								"east": {"uv": [28, 25], "uv_size": [1, 1]},
								"south": {"uv": [28, 25], "uv_size": [1, 1]},
								"west": {"uv": [28, 25], "uv_size": [1, 1]},
								"up": {"uv": [29, 26], "uv_size": [-1, -1]},
								"down": {"uv": [29, 26], "uv_size": [-1, -1]}
							}
						},
						{
							"origin": [0, 33.5, 0],
							"size": [0.75, 0.75, 0.75],
							"uv": {
								"north": {"uv": [30, 25], "uv_size": [-1, 1]},
								"east": {"uv": [29, 25], "uv_size": [1, 1]},
								"south": {"uv": [29, 25], "uv_size": [1, 1]},
								"west": {"uv": [29, 25], "uv_size": [1, 1]},
								"up": {"uv": [30, 26], "uv_size": [-1, -1]},
								"down": {"uv": [30, 26], "uv_size": [-1, -1]}
							}
						},
						{
							"origin": [-0.75, 33.5, 0],
							"size": [0.75, 0.75, 0.75],
							"uv": {
								"north": {"uv": [31, 25], "uv_size": [-1, 1]},
								"east": {"uv": [30, 25], "uv_size": [1, 1]},
								"south": {"uv": [30, 25], "uv_size": [1, 1]},
								"west": {"uv": [30, 25], "uv_size": [1, 1]},
								"up": {"uv": [31, 26], "uv_size": [-1, -1]},
								"down": {"uv": [31, 26], "uv_size": [-1, -1]}
							}
						},
						{
							"origin": [-0.75, 33.5, -0.75],
							"size": [0.75, 0.75, 0.75],
							"uv": {
								"north": {"uv": [32, 25], "uv_size": [-1, 1]},
								"east": {"uv": [31, 25], "uv_size": [1, 1]},
								"south": {"uv": [31, 25], "uv_size": [1, 1]},
								"west": {"uv": [31, 25], "uv_size": [1, 1]},
								"up": {"uv": [32, 26], "uv_size": [-1, -1]},
								"down": {"uv": [32, 26], "uv_size": [-1, -1]}
							}
						},
						{
							"origin": [0, 32.75, -0.75],
							"size": [0.75, 0.75, 0.75],
							"uv": {
								"north": {"uv": [29, 26], "uv_size": [-1, 1]},
								"east": {"uv": [28, 26], "uv_size": [1, 1]},
								"south": {"uv": [28, 26], "uv_size": [1, 1]},
								"west": {"uv": [28, 26], "uv_size": [1, 1]},
								"up": {"uv": [29, 27], "uv_size": [-1, -1]},
								"down": {"uv": [29, 27], "uv_size": [-1, -1]}
							}
						},
						{
							"origin": [0, 32.75, 0],
							"size": [0.75, 0.75, 0.75],
							"uv": {
								"north": {"uv": [30, 26], "uv_size": [-1, 1]},
								"east": {"uv": [29, 26], "uv_size": [1, 1]},
								"south": {"uv": [29, 26], "uv_size": [1, 1]},
								"west": {"uv": [29, 26], "uv_size": [1, 1]},
								"up": {"uv": [30, 27], "uv_size": [-1, -1]},
								"down": {"uv": [30, 27], "uv_size": [-1, -1]}
							}
						},
						{
							"origin": [-0.75, 32.75, 0],
							"size": [0.75, 0.75, 0.75],
							"uv": {
								"north": {"uv": [31, 26], "uv_size": [-1, 1]},
								"east": {"uv": [30, 26], "uv_size": [1, 1]},
								"south": {"uv": [30, 26], "uv_size": [1, 1]},
								"west": {"uv": [30, 26], "uv_size": [1, 1]},
								"up": {"uv": [31, 27], "uv_size": [-1, -1]},
								"down": {"uv": [31, 27], "uv_size": [-1, -1]}
							}
						},
						{
							"origin": [-0.75, 32.75, -0.75],
							"size": [0.75, 0.75, 0.75],
							"uv": {
								"north": {"uv": [32, 26], "uv_size": [-1, 1]},
								"east": {"uv": [31, 26], "uv_size": [1, 1]},
								"south": {"uv": [31, 26], "uv_size": [1, 1]},
								"west": {"uv": [31, 26], "uv_size": [1, 1]},
								"up": {"uv": [32, 27], "uv_size": [-1, -1]},
								"down": {"uv": [32, 27], "uv_size": [-1, -1]}
							}
						},
						{
							"origin": [0, 32, -0.75],
							"size": [0.75, 0.75, 0.75],
							"uv": {
								"north": {"uv": [29, 27], "uv_size": [-1, 1]},
								"east": {"uv": [28, 27], "uv_size": [1, 1]},
								"south": {"uv": [28, 27], "uv_size": [1, 1]},
								"west": {"uv": [28, 27], "uv_size": [1, 1]},
								"up": {"uv": [29, 28], "uv_size": [-1, -1]},
								"down": {"uv": [29, 28], "uv_size": [-1, -1]}
							}
						},
						{
							"origin": [0, 32, 0],
							"size": [0.75, 0.75, 0.75],
							"uv": {
								"north": {"uv": [30, 27], "uv_size": [-1, 1]},
								"east": {"uv": [29, 27], "uv_size": [1, 1]},
								"south": {"uv": [29, 27], "uv_size": [1, 1]},
								"west": {"uv": [29, 27], "uv_size": [1, 1]},
								"up": {"uv": [30, 28], "uv_size": [-1, -1]},
								"down": {"uv": [30, 28], "uv_size": [-1, -1]}
							}
						},
						{
							"origin": [-0.75, 32, 0],
							"size": [0.75, 0.75, 0.75],
							"uv": {
								"north": {"uv": [31, 27], "uv_size": [-1, 1]},
								"east": {"uv": [30, 27], "uv_size": [1, 1]},
								"south": {"uv": [30, 27], "uv_size": [1, 1]},
								"west": {"uv": [30, 27], "uv_size": [1, 1]},
								"up": {"uv": [31, 28], "uv_size": [-1, -1]},
								"down": {"uv": [31, 28], "uv_size": [-1, -1]}
							}
						},
						{
							"origin": [-0.75, 32, -0.75],
							"size": [0.75, 0.75, 0.75],
							"uv": {
								"north": {"uv": [32, 27], "uv_size": [-1, 1]},
								"east": {"uv": [31, 27], "uv_size": [1, 1]},
								"south": {"uv": [31, 27], "uv_size": [1, 1]},
								"west": {"uv": [31, 27], "uv_size": [1, 1]},
								"up": {"uv": [32, 28], "uv_size": [-1, -1]},
								"down": {"uv": [32, 28], "uv_size": [-1, -1]}
							}
						},
						{
							"origin": [-0.75, 20, -0.75],
							"size": [0.75, 0.75, 0.75],
							"uv": {
								"north": {"uv": [20, 31], "uv_size": [-1, 1]},
								"east": {"uv": [19, 31], "uv_size": [1, 1]},
								"south": {"uv": [19, 31], "uv_size": [1, 1]},
								"west": {"uv": [19, 31], "uv_size": [1, 1]},
								"up": {"uv": [20, 32], "uv_size": [-1, -1]},
								"down": {"uv": [20, 32], "uv_size": [-1, -1]}
							}
						},
						{
							"origin": [-0.75, 20, 0],
							"size": [0.75, 0.75, 0.75],
							"uv": {
								"north": {"uv": [19, 31], "uv_size": [-1, 1]},
								"east": {"uv": [18, 31], "uv_size": [1, 1]},
								"south": {"uv": [18, 31], "uv_size": [1, 1]},
								"west": {"uv": [18, 31], "uv_size": [1, 1]},
								"up": {"uv": [19, 32], "uv_size": [-1, -1]},
								"down": {"uv": [19, 32], "uv_size": [-1, -1]}
							}
						},
						{
							"origin": [0, 20, 0],
							"size": [0.75, 0.75, 0.75],
							"uv": {
								"north": {"uv": [18, 31], "uv_size": [-1, 1]},
								"east": {"uv": [17, 31], "uv_size": [1, 1]},
								"south": {"uv": [17, 31], "uv_size": [1, 1]},
								"west": {"uv": [17, 31], "uv_size": [1, 1]},
								"up": {"uv": [18, 32], "uv_size": [-1, -1]},
								"down": {"uv": [18, 32], "uv_size": [-1, -1]}
							}
						},
						{
							"origin": [0, 20, -0.75],
							"size": [0.75, 0.75, 0.75],
							"uv": {
								"north": {"uv": [17, 31], "uv_size": [-1, 1]},
								"east": {"uv": [16, 31], "uv_size": [1, 1]},
								"south": {"uv": [16, 31], "uv_size": [1, 1]},
								"west": {"uv": [16, 31], "uv_size": [1, 1]},
								"up": {"uv": [17, 32], "uv_size": [-1, -1]},
								"down": {"uv": [17, 32], "uv_size": [-1, -1]}
							}
						},
						{
							"origin": [-0.75, 20.75, -0.75],
							"size": [0.75, 0.75, 0.75],
							"uv": {
								"north": {"uv": [20, 30], "uv_size": [-1, 1]},
								"east": {"uv": [19, 30], "uv_size": [1, 1]},
								"south": {"uv": [19, 30], "uv_size": [1, 1]},
								"west": {"uv": [19, 30], "uv_size": [1, 1]},
								"up": {"uv": [20, 31], "uv_size": [-1, -1]},
								"down": {"uv": [20, 31], "uv_size": [-1, -1]}
							}
						},
						{
							"origin": [-0.75, 20.75, 0],
							"size": [0.75, 0.75, 0.75],
							"uv": {
								"north": {"uv": [19, 30], "uv_size": [-1, 1]},
								"east": {"uv": [18, 30], "uv_size": [1, 1]},
								"south": {"uv": [18, 30], "uv_size": [1, 1]},
								"west": {"uv": [18, 30], "uv_size": [1, 1]},
								"up": {"uv": [19, 31], "uv_size": [-1, -1]},
								"down": {"uv": [19, 31], "uv_size": [-1, -1]}
							}
						},
						{
							"origin": [0, 20.75, 0],
							"size": [0.75, 0.75, 0.75],
							"uv": {
								"north": {"uv": [18, 30], "uv_size": [-1, 1]},
								"east": {"uv": [17, 30], "uv_size": [1, 1]},
								"south": {"uv": [17, 30], "uv_size": [1, 1]},
								"west": {"uv": [17, 30], "uv_size": [1, 1]},
								"up": {"uv": [18, 31], "uv_size": [-1, -1]},
								"down": {"uv": [18, 31], "uv_size": [-1, -1]}
							}
						},
						{
							"origin": [0, 20.75, -0.75],
							"size": [0.75, 0.75, 0.75],
							"uv": {
								"north": {"uv": [17, 30], "uv_size": [-1, 1]},
								"east": {"uv": [16, 30], "uv_size": [1, 1]},
								"south": {"uv": [16, 30], "uv_size": [1, 1]},
								"west": {"uv": [16, 30], "uv_size": [1, 1]},
								"up": {"uv": [17, 31], "uv_size": [-1, -1]},
								"down": {"uv": [17, 31], "uv_size": [-1, -1]}
							}
						},
						{
							"origin": [-0.75, 21.5, -0.75],
							"size": [0.75, 0.75, 0.75],
							"uv": {
								"north": {"uv": [20, 29], "uv_size": [-1, 1]},
								"east": {"uv": [19, 29], "uv_size": [1, 1]},
								"south": {"uv": [19, 29], "uv_size": [1, 1]},
								"west": {"uv": [19, 29], "uv_size": [1, 1]},
								"up": {"uv": [20, 30], "uv_size": [-1, -1]},
								"down": {"uv": [20, 30], "uv_size": [-1, -1]}
							}
						},
						{
							"origin": [-0.75, 21.5, 0],
							"size": [0.75, 0.75, 0.75],
							"uv": {
								"north": {"uv": [19, 29], "uv_size": [-1, 1]},
								"east": {"uv": [18, 29], "uv_size": [1, 1]},
								"south": {"uv": [18, 29], "uv_size": [1, 1]},
								"west": {"uv": [18, 29], "uv_size": [1, 1]},
								"up": {"uv": [19, 30], "uv_size": [-1, -1]},
								"down": {"uv": [19, 30], "uv_size": [-1, -1]}
							}
						},
						{
							"origin": [0, 21.5, 0],
							"size": [0.75, 0.75, 0.75],
							"uv": {
								"north": {"uv": [18, 29], "uv_size": [-1, 1]},
								"east": {"uv": [17, 29], "uv_size": [1, 1]},
								"south": {"uv": [17, 29], "uv_size": [1, 1]},
								"west": {"uv": [17, 29], "uv_size": [1, 1]},
								"up": {"uv": [18, 30], "uv_size": [-1, -1]},
								"down": {"uv": [18, 30], "uv_size": [-1, -1]}
							}
						},
						{
							"origin": [0, 21.5, -0.75],
							"size": [0.75, 0.75, 0.75],
							"uv": {
								"north": {"uv": [17, 29], "uv_size": [-1, 1]},
								"east": {"uv": [16, 29], "uv_size": [1, 1]},
								"south": {"uv": [16, 29], "uv_size": [1, 1]},
								"west": {"uv": [16, 29], "uv_size": [1, 1]},
								"up": {"uv": [17, 30], "uv_size": [-1, -1]},
								"down": {"uv": [17, 30], "uv_size": [-1, -1]}
							}
						},
						{
							"origin": [-0.75, 22.25, -0.75],
							"size": [0.75, 0.75, 0.75],
							"uv": {
								"north": {"uv": [20, 28], "uv_size": [-1, 1]},
								"east": {"uv": [19, 28], "uv_size": [1, 1]},
								"south": {"uv": [19, 28], "uv_size": [1, 1]},
								"west": {"uv": [19, 28], "uv_size": [1, 1]},
								"up": {"uv": [20, 29], "uv_size": [-1, -1]},
								"down": {"uv": [20, 29], "uv_size": [-1, -1]}
							}
						},
						{
							"origin": [-0.75, 22.25, 0],
							"size": [0.75, 0.75, 0.75],
							"uv": {
								"north": {"uv": [19, 28], "uv_size": [-1, 1]},
								"east": {"uv": [18, 28], "uv_size": [1, 1]},
								"south": {"uv": [18, 28], "uv_size": [1, 1]},
								"west": {"uv": [18, 28], "uv_size": [1, 1]},
								"up": {"uv": [19, 29], "uv_size": [-1, -1]},
								"down": {"uv": [19, 29], "uv_size": [-1, -1]}
							}
						},
						{
							"origin": [0, 22.25, 0],
							"size": [0.75, 0.75, 0.75],
							"uv": {
								"north": {"uv": [18, 28], "uv_size": [-1, 1]},
								"east": {"uv": [17, 28], "uv_size": [1, 1]},
								"south": {"uv": [17, 28], "uv_size": [1, 1]},
								"west": {"uv": [17, 28], "uv_size": [1, 1]},
								"up": {"uv": [18, 29], "uv_size": [-1, -1]},
								"down": {"uv": [18, 29], "uv_size": [-1, -1]}
							}
						},
						{
							"origin": [0, 22.25, -0.75],
							"size": [0.75, 0.75, 0.75],
							"uv": {
								"north": {"uv": [17, 28], "uv_size": [-1, 1]},
								"east": {"uv": [16, 28], "uv_size": [1, 1]},
								"south": {"uv": [16, 28], "uv_size": [1, 1]},
								"west": {"uv": [16, 28], "uv_size": [1, 1]},
								"up": {"uv": [17, 29], "uv_size": [-1, -1]},
								"down": {"uv": [17, 29], "uv_size": [-1, -1]}
							}
						},
						{
							"origin": [-0.75, 23, -0.75],
							"size": [0.75, 0.75, 0.75],
							"uv": {
								"north": {"uv": [20, 27], "uv_size": [-1, 1]},
								"east": {"uv": [19, 27], "uv_size": [1, 1]},
								"south": {"uv": [19, 27], "uv_size": [1, 1]},
								"west": {"uv": [19, 27], "uv_size": [1, 1]},
								"up": {"uv": [20, 28], "uv_size": [-1, -1]},
								"down": {"uv": [20, 28], "uv_size": [-1, -1]}
							}
						},
						{
							"origin": [-0.75, 23, 0],
							"size": [0.75, 0.75, 0.75],
							"uv": {
								"north": {"uv": [19, 27], "uv_size": [-1, 1]},
								"east": {"uv": [18, 27], "uv_size": [1, 1]},
								"south": {"uv": [18, 27], "uv_size": [1, 1]},
								"west": {"uv": [18, 27], "uv_size": [1, 1]},
								"up": {"uv": [19, 28], "uv_size": [-1, -1]},
								"down": {"uv": [19, 28], "uv_size": [-1, -1]}
							}
						},
						{
							"origin": [0, 23, 0],
							"size": [0.75, 0.75, 0.75],
							"uv": {
								"north": {"uv": [18, 27], "uv_size": [-1, 1]},
								"east": {"uv": [17, 27], "uv_size": [1, 1]},
								"south": {"uv": [17, 27], "uv_size": [1, 1]},
								"west": {"uv": [17, 27], "uv_size": [1, 1]},
								"up": {"uv": [18, 28], "uv_size": [-1, -1]},
								"down": {"uv": [18, 28], "uv_size": [-1, -1]}
							}
						},
						{
							"origin": [0, 23, -0.75],
							"size": [0.75, 0.75, 0.75],
							"uv": {
								"north": {"uv": [17, 27], "uv_size": [-1, 1]},
								"east": {"uv": [16, 27], "uv_size": [1, 1]},
								"south": {"uv": [16, 27], "uv_size": [1, 1]},
								"west": {"uv": [16, 27], "uv_size": [1, 1]},
								"up": {"uv": [17, 28], "uv_size": [-1, -1]},
								"down": {"uv": [17, 28], "uv_size": [-1, -1]}
							}
						},
						{
							"origin": [-0.75, 23.75, -0.75],
							"size": [0.75, 0.75, 0.75],
							"uv": {
								"north": {"uv": [20, 26], "uv_size": [-1, 1]},
								"east": {"uv": [19, 26], "uv_size": [1, 1]},
								"south": {"uv": [19, 26], "uv_size": [1, 1]},
								"west": {"uv": [19, 26], "uv_size": [1, 1]},
								"up": {"uv": [20, 27], "uv_size": [-1, -1]},
								"down": {"uv": [20, 27], "uv_size": [-1, -1]}
							}
						},
						{
							"origin": [-0.75, 23.75, 0],
							"size": [0.75, 0.75, 0.75],
							"uv": {
								"north": {"uv": [19, 26], "uv_size": [-1, 1]},
								"east": {"uv": [18, 26], "uv_size": [1, 1]},
								"south": {"uv": [18, 26], "uv_size": [1, 1]},
								"west": {"uv": [18, 26], "uv_size": [1, 1]},
								"up": {"uv": [19, 27], "uv_size": [-1, -1]},
								"down": {"uv": [19, 27], "uv_size": [-1, -1]}
							}
						},
						{
							"origin": [0, 23.75, 0],
							"size": [0.75, 0.75, 0.75],
							"uv": {
								"north": {"uv": [18, 26], "uv_size": [-1, 1]},
								"east": {"uv": [17, 26], "uv_size": [1, 1]},
								"south": {"uv": [17, 26], "uv_size": [1, 1]},
								"west": {"uv": [17, 26], "uv_size": [1, 1]},
								"up": {"uv": [18, 27], "uv_size": [-1, -1]},
								"down": {"uv": [18, 27], "uv_size": [-1, -1]}
							}
						},
						{
							"origin": [0, 23.75, -0.75],
							"size": [0.75, 0.75, 0.75],
							"uv": {
								"north": {"uv": [17, 26], "uv_size": [-1, 1]},
								"east": {"uv": [16, 26], "uv_size": [1, 1]},
								"south": {"uv": [16, 26], "uv_size": [1, 1]},
								"west": {"uv": [16, 26], "uv_size": [1, 1]},
								"up": {"uv": [17, 27], "uv_size": [-1, -1]},
								"down": {"uv": [17, 27], "uv_size": [-1, -1]}
							}
						},
						{
							"origin": [-0.75, 24.5, -0.75],
							"size": [0.75, 0.75, 0.75],
							"uv": {
								"north": {"uv": [20, 25], "uv_size": [-1, 1]},
								"east": {"uv": [19, 25], "uv_size": [1, 1]},
								"south": {"uv": [19, 25], "uv_size": [1, 1]},
								"west": {"uv": [19, 25], "uv_size": [1, 1]},
								"up": {"uv": [20, 26], "uv_size": [-1, -1]},
								"down": {"uv": [20, 26], "uv_size": [-1, -1]}
							}
						},
						{
							"origin": [-0.75, 24.5, 0],
							"size": [0.75, 0.75, 0.75],
							"uv": {
								"north": {"uv": [19, 25], "uv_size": [-1, 1]},
								"east": {"uv": [18, 25], "uv_size": [1, 1]},
								"south": {"uv": [18, 25], "uv_size": [1, 1]},
								"west": {"uv": [18, 25], "uv_size": [1, 1]},
								"up": {"uv": [19, 26], "uv_size": [-1, -1]},
								"down": {"uv": [19, 26], "uv_size": [-1, -1]}
							}
						},
						{
							"origin": [0, 24.5, 0],
							"size": [0.75, 0.75, 0.75],
							"uv": {
								"north": {"uv": [18, 25], "uv_size": [-1, 1]},
								"east": {"uv": [17, 25], "uv_size": [1, 1]},
								"south": {"uv": [17, 25], "uv_size": [1, 1]},
								"west": {"uv": [17, 25], "uv_size": [1, 1]},
								"up": {"uv": [18, 26], "uv_size": [-1, -1]},
								"down": {"uv": [18, 26], "uv_size": [-1, -1]}
							}
						},
						{
							"origin": [0, 24.5, -0.75],
							"size": [0.75, 0.75, 0.75],
							"uv": {
								"north": {"uv": [17, 25], "uv_size": [-1, 1]},
								"east": {"uv": [16, 25], "uv_size": [1, 1]},
								"south": {"uv": [16, 25], "uv_size": [1, 1]},
								"west": {"uv": [16, 25], "uv_size": [1, 1]},
								"up": {"uv": [17, 26], "uv_size": [-1, -1]},
								"down": {"uv": [17, 26], "uv_size": [-1, -1]}
							}
						},
						{
							"origin": [-0.75, 25.25, -0.75],
							"size": [0.75, 0.75, 0.75],
							"uv": {
								"north": {"uv": [20, 24], "uv_size": [-1, 1]},
								"east": {"uv": [19, 24], "uv_size": [1, 1]},
								"south": {"uv": [19, 24], "uv_size": [1, 1]},
								"west": {"uv": [19, 24], "uv_size": [1, 1]},
								"up": {"uv": [20, 25], "uv_size": [-1, -1]},
								"down": {"uv": [20, 25], "uv_size": [-1, -1]}
							}
						},
						{
							"origin": [-0.75, 25.25, 0],
							"size": [0.75, 0.75, 0.75],
							"uv": {
								"north": {"uv": [19, 24], "uv_size": [-1, 1]},
								"east": {"uv": [18, 24], "uv_size": [1, 1]},
								"south": {"uv": [18, 24], "uv_size": [1, 1]},
								"west": {"uv": [18, 24], "uv_size": [1, 1]},
								"up": {"uv": [19, 25], "uv_size": [-1, -1]},
								"down": {"uv": [19, 25], "uv_size": [-1, -1]}
							}
						},
						{
							"origin": [0, 25.25, 0],
							"size": [0.75, 0.75, 0.75],
							"uv": {
								"north": {"uv": [18, 24], "uv_size": [-1, 1]},
								"east": {"uv": [17, 24], "uv_size": [1, 1]},
								"south": {"uv": [17, 24], "uv_size": [1, 1]},
								"west": {"uv": [17, 24], "uv_size": [1, 1]},
								"up": {"uv": [18, 25], "uv_size": [-1, -1]},
								"down": {"uv": [18, 25], "uv_size": [-1, -1]}
							}
						},
						{
							"origin": [0, 25.25, -0.75],
							"size": [0.75, 0.75, 0.75],
							"uv": {
								"north": {"uv": [17, 24], "uv_size": [-1, 1]},
								"east": {"uv": [16, 24], "uv_size": [1, 1]},
								"south": {"uv": [16, 24], "uv_size": [1, 1]},
								"west": {"uv": [16, 24], "uv_size": [1, 1]},
								"up": {"uv": [17, 25], "uv_size": [-1, -1]},
								"down": {"uv": [17, 25], "uv_size": [-1, -1]}
							}
						},
						{
							"origin": [-0.75, 26, -0.75],
							"size": [0.75, 0.75, 0.75],
							"uv": {
								"north": {"uv": [20, 23], "uv_size": [-1, 1]},
								"east": {"uv": [19, 23], "uv_size": [1, 1]},
								"south": {"uv": [19, 23], "uv_size": [1, 1]},
								"west": {"uv": [19, 23], "uv_size": [1, 1]},
								"up": {"uv": [20, 24], "uv_size": [-1, -1]},
								"down": {"uv": [20, 24], "uv_size": [-1, -1]}
							}
						},
						{
							"origin": [-0.75, 26, 0],
							"size": [0.75, 0.75, 0.75],
							"uv": {
								"north": {"uv": [19, 23], "uv_size": [-1, 1]},
								"east": {"uv": [18, 23], "uv_size": [1, 1]},
								"south": {"uv": [18, 23], "uv_size": [1, 1]},
								"west": {"uv": [18, 23], "uv_size": [1, 1]},
								"up": {"uv": [19, 24], "uv_size": [-1, -1]},
								"down": {"uv": [19, 24], "uv_size": [-1, -1]}
							}
						},
						{
							"origin": [0, 26, 0],
							"size": [0.75, 0.75, 0.75],
							"uv": {
								"north": {"uv": [18, 23], "uv_size": [-1, 1]},
								"east": {"uv": [17, 23], "uv_size": [1, 1]},
								"south": {"uv": [17, 23], "uv_size": [1, 1]},
								"west": {"uv": [17, 23], "uv_size": [1, 1]},
								"up": {"uv": [18, 24], "uv_size": [-1, -1]},
								"down": {"uv": [18, 24], "uv_size": [-1, -1]}
							}
						},
						{
							"origin": [0, 26, -0.75],
							"size": [0.75, 0.75, 0.75],
							"uv": {
								"north": {"uv": [17, 23], "uv_size": [-1, 1]},
								"east": {"uv": [16, 23], "uv_size": [1, 1]},
								"south": {"uv": [16, 23], "uv_size": [1, 1]},
								"west": {"uv": [16, 23], "uv_size": [1, 1]},
								"up": {"uv": [17, 24], "uv_size": [-1, -1]},
								"down": {"uv": [17, 24], "uv_size": [-1, -1]}
							}
						},
						{
							"origin": [-0.75, 26.75, -0.75],
							"size": [0.75, 0.75, 0.75],
							"uv": {
								"north": {"uv": [20, 22], "uv_size": [-1, 1]},
								"east": {"uv": [19, 22], "uv_size": [1, 1]},
								"south": {"uv": [19, 22], "uv_size": [1, 1]},
								"west": {"uv": [19, 22], "uv_size": [1, 1]},
								"up": {"uv": [20, 23], "uv_size": [-1, -1]},
								"down": {"uv": [20, 23], "uv_size": [-1, -1]}
							}
						},
						{
							"origin": [-0.75, 26.75, 0],
							"size": [0.75, 0.75, 0.75],
							"uv": {
								"north": {"uv": [19, 22], "uv_size": [-1, 1]},
								"east": {"uv": [18, 22], "uv_size": [1, 1]},
								"south": {"uv": [18, 22], "uv_size": [1, 1]},
								"west": {"uv": [18, 22], "uv_size": [1, 1]},
								"up": {"uv": [19, 23], "uv_size": [-1, -1]},
								"down": {"uv": [19, 23], "uv_size": [-1, -1]}
							}
						},
						{
							"origin": [0, 26.75, 0],
							"size": [0.75, 0.75, 0.75],
							"uv": {
								"north": {"uv": [18, 22], "uv_size": [-1, 1]},
								"east": {"uv": [17, 22], "uv_size": [1, 1]},
								"south": {"uv": [17, 22], "uv_size": [1, 1]},
								"west": {"uv": [17, 22], "uv_size": [1, 1]},
								"up": {"uv": [18, 23], "uv_size": [-1, -1]},
								"down": {"uv": [18, 23], "uv_size": [-1, -1]}
							}
						},
						{
							"origin": [0, 26.75, -0.75],
							"size": [0.75, 0.75, 0.75],
							"uv": {
								"north": {"uv": [17, 22], "uv_size": [-1, 1]},
								"east": {"uv": [16, 22], "uv_size": [1, 1]},
								"south": {"uv": [16, 22], "uv_size": [1, 1]},
								"west": {"uv": [16, 22], "uv_size": [1, 1]},
								"up": {"uv": [17, 23], "uv_size": [-1, -1]},
								"down": {"uv": [17, 23], "uv_size": [-1, -1]}
							}
						},
						{
							"origin": [-0.75, 27.5, -0.75],
							"size": [0.75, 0.75, 0.75],
							"uv": {
								"north": {"uv": [20, 21], "uv_size": [-1, 1]},
								"east": {"uv": [19, 21], "uv_size": [1, 1]},
								"south": {"uv": [19, 21], "uv_size": [1, 1]},
								"west": {"uv": [19, 21], "uv_size": [1, 1]},
								"up": {"uv": [20, 22], "uv_size": [-1, -1]},
								"down": {"uv": [20, 22], "uv_size": [-1, -1]}
							}
						},
						{
							"origin": [-0.75, 27.5, 0],
							"size": [0.75, 0.75, 0.75],
							"uv": {
								"north": {"uv": [19, 21], "uv_size": [-1, 1]},
								"east": {"uv": [18, 21], "uv_size": [1, 1]},
								"south": {"uv": [18, 21], "uv_size": [1, 1]},
								"west": {"uv": [18, 21], "uv_size": [1, 1]},
								"up": {"uv": [19, 22], "uv_size": [-1, -1]},
								"down": {"uv": [19, 22], "uv_size": [-1, -1]}
							}
						},
						{
							"origin": [0, 27.5, 0],
							"size": [0.75, 0.75, 0.75],
							"uv": {
								"north": {"uv": [18, 21], "uv_size": [-1, 1]},
								"east": {"uv": [17, 21], "uv_size": [1, 1]},
								"south": {"uv": [17, 21], "uv_size": [1, 1]},
								"west": {"uv": [17, 21], "uv_size": [1, 1]},
								"up": {"uv": [18, 22], "uv_size": [-1, -1]},
								"down": {"uv": [18, 22], "uv_size": [-1, -1]}
							}
						},
						{
							"origin": [0, 27.5, -0.75],
							"size": [0.75, 0.75, 0.75],
							"uv": {
								"north": {"uv": [17, 21], "uv_size": [-1, 1]},
								"east": {"uv": [16, 21], "uv_size": [1, 1]},
								"south": {"uv": [16, 21], "uv_size": [1, 1]},
								"west": {"uv": [16, 21], "uv_size": [1, 1]},
								"up": {"uv": [17, 22], "uv_size": [-1, -1]},
								"down": {"uv": [17, 22], "uv_size": [-1, -1]}
							}
						},
						{
							"origin": [-0.75, 28.25, -0.75],
							"size": [0.75, 0.75, 0.75],
							"uv": {
								"north": {"uv": [20, 20], "uv_size": [-1, 1]},
								"east": {"uv": [19, 20], "uv_size": [1, 1]},
								"south": {"uv": [19, 20], "uv_size": [1, 1]},
								"west": {"uv": [19, 20], "uv_size": [1, 1]},
								"up": {"uv": [20, 21], "uv_size": [-1, -1]},
								"down": {"uv": [20, 21], "uv_size": [-1, -1]}
							}
						},
						{
							"origin": [-0.75, 28.25, 0],
							"size": [0.75, 0.75, 0.75],
							"uv": {
								"north": {"uv": [19, 20], "uv_size": [-1, 1]},
								"east": {"uv": [18, 20], "uv_size": [1, 1]},
								"south": {"uv": [18, 20], "uv_size": [1, 1]},
								"west": {"uv": [18, 20], "uv_size": [1, 1]},
								"up": {"uv": [19, 21], "uv_size": [-1, -1]},
								"down": {"uv": [19, 21], "uv_size": [-1, -1]}
							}
						},
						{
							"origin": [0, 28.25, 0],
							"size": [0.75, 0.75, 0.75],
							"uv": {
								"north": {"uv": [18, 20], "uv_size": [-1, 1]},
								"east": {"uv": [17, 20], "uv_size": [1, 1]},
								"south": {"uv": [17, 20], "uv_size": [1, 1]},
								"west": {"uv": [17, 20], "uv_size": [1, 1]},
								"up": {"uv": [18, 21], "uv_size": [-1, -1]},
								"down": {"uv": [18, 21], "uv_size": [-1, -1]}
							}
						},
						{
							"origin": [0, 28.25, -0.75],
							"size": [0.75, 0.75, 0.75],
							"uv": {
								"north": {"uv": [17, 20], "uv_size": [-1, 1]},
								"east": {"uv": [16, 20], "uv_size": [1, 1]},
								"south": {"uv": [16, 20], "uv_size": [1, 1]},
								"west": {"uv": [16, 20], "uv_size": [1, 1]},
								"up": {"uv": [17, 21], "uv_size": [-1, -1]},
								"down": {"uv": [17, 21], "uv_size": [-1, -1]}
							}
						},
						{
							"origin": [-0.75, 29, -0.75],
							"size": [0.75, 0.75, 0.75],
							"uv": {
								"north": {"uv": [20, 19], "uv_size": [-1, 1]},
								"east": {"uv": [19, 19], "uv_size": [1, 1]},
								"south": {"uv": [19, 19], "uv_size": [1, 1]},
								"west": {"uv": [19, 19], "uv_size": [1, 1]},
								"up": {"uv": [20, 20], "uv_size": [-1, -1]},
								"down": {"uv": [20, 20], "uv_size": [-1, -1]}
							}
						},
						{
							"origin": [-0.75, 29, 0],
							"size": [0.75, 0.75, 0.75],
							"uv": {
								"north": {"uv": [19, 19], "uv_size": [-1, 1]},
								"east": {"uv": [18, 19], "uv_size": [1, 1]},
								"south": {"uv": [18, 19], "uv_size": [1, 1]},
								"west": {"uv": [18, 19], "uv_size": [1, 1]},
								"up": {"uv": [19, 20], "uv_size": [-1, -1]},
								"down": {"uv": [19, 20], "uv_size": [-1, -1]}
							}
						},
						{
							"origin": [0, 29, 0],
							"size": [0.75, 0.75, 0.75],
							"uv": {
								"north": {"uv": [18, 19], "uv_size": [-1, 1]},
								"east": {"uv": [17, 19], "uv_size": [1, 1]},
								"south": {"uv": [17, 19], "uv_size": [1, 1]},
								"west": {"uv": [17, 19], "uv_size": [1, 1]},
								"up": {"uv": [18, 20], "uv_size": [-1, -1]},
								"down": {"uv": [18, 20], "uv_size": [-1, -1]}
							}
						},
						{
							"origin": [0, 29, -0.75],
							"size": [0.75, 0.75, 0.75],
							"uv": {
								"north": {"uv": [17, 19], "uv_size": [-1, 1]},
								"east": {"uv": [16, 19], "uv_size": [1, 1]},
								"south": {"uv": [16, 19], "uv_size": [1, 1]},
								"west": {"uv": [16, 19], "uv_size": [1, 1]},
								"up": {"uv": [17, 20], "uv_size": [-1, -1]},
								"down": {"uv": [17, 20], "uv_size": [-1, -1]}
							}
						},
						{
							"origin": [-0.75, 29.75, -0.75],
							"size": [0.75, 0.75, 0.75],
							"uv": {
								"north": {"uv": [20, 18], "uv_size": [-1, 1]},
								"east": {"uv": [19, 18], "uv_size": [1, 1]},
								"south": {"uv": [19, 18], "uv_size": [1, 1]},
								"west": {"uv": [19, 18], "uv_size": [1, 1]},
								"up": {"uv": [20, 19], "uv_size": [-1, -1]},
								"down": {"uv": [20, 19], "uv_size": [-1, -1]}
							}
						},
						{
							"origin": [-0.75, 29.75, 0],
							"size": [0.75, 0.75, 0.75],
							"uv": {
								"north": {"uv": [19, 18], "uv_size": [-1, 1]},
								"east": {"uv": [18, 18], "uv_size": [1, 1]},
								"south": {"uv": [18, 18], "uv_size": [1, 1]},
								"west": {"uv": [18, 18], "uv_size": [1, 1]},
								"up": {"uv": [19, 19], "uv_size": [-1, -1]},
								"down": {"uv": [19, 19], "uv_size": [-1, -1]}
							}
						},
						{
							"origin": [0, 29.75, 0],
							"size": [0.75, 0.75, 0.75],
							"uv": {
								"north": {"uv": [18, 18], "uv_size": [-1, 1]},
								"east": {"uv": [17, 18], "uv_size": [1, 1]},
								"south": {"uv": [17, 18], "uv_size": [1, 1]},
								"west": {"uv": [17, 18], "uv_size": [1, 1]},
								"up": {"uv": [18, 19], "uv_size": [-1, -1]},
								"down": {"uv": [18, 19], "uv_size": [-1, -1]}
							}
						},
						{
							"origin": [0, 29.75, -0.75],
							"size": [0.75, 0.75, 0.75],
							"uv": {
								"north": {"uv": [17, 18], "uv_size": [-1, 1]},
								"east": {"uv": [16, 18], "uv_size": [1, 1]},
								"south": {"uv": [16, 18], "uv_size": [1, 1]},
								"west": {"uv": [16, 18], "uv_size": [1, 1]},
								"up": {"uv": [17, 19], "uv_size": [-1, -1]},
								"down": {"uv": [17, 19], "uv_size": [-1, -1]}
							}
						},
						{
							"origin": [-0.75, 30.5, -0.75],
							"size": [0.75, 0.75, 0.75],
							"uv": {
								"north": {"uv": [20, 17], "uv_size": [-1, 1]},
								"east": {"uv": [19, 17], "uv_size": [1, 1]},
								"south": {"uv": [19, 17], "uv_size": [1, 1]},
								"west": {"uv": [19, 17], "uv_size": [1, 1]},
								"up": {"uv": [20, 18], "uv_size": [-1, -1]},
								"down": {"uv": [20, 18], "uv_size": [-1, -1]}
							}
						},
						{
							"origin": [-0.75, 30.5, 0],
							"size": [0.75, 0.75, 0.75],
							"uv": {
								"north": {"uv": [19, 17], "uv_size": [-1, 1]},
								"east": {"uv": [18, 17], "uv_size": [1, 1]},
								"south": {"uv": [18, 17], "uv_size": [1, 1]},
								"west": {"uv": [18, 17], "uv_size": [1, 1]},
								"up": {"uv": [19, 18], "uv_size": [-1, -1]},
								"down": {"uv": [19, 18], "uv_size": [-1, -1]}
							}
						},
						{
							"origin": [0, 30.5, 0],
							"size": [0.75, 0.75, 0.75],
							"uv": {
								"north": {"uv": [18, 17], "uv_size": [-1, 1]},
								"east": {"uv": [17, 17], "uv_size": [1, 1]},
								"south": {"uv": [17, 17], "uv_size": [1, 1]},
								"west": {"uv": [17, 17], "uv_size": [1, 1]},
								"up": {"uv": [18, 18], "uv_size": [-1, -1]},
								"down": {"uv": [18, 18], "uv_size": [-1, -1]}
							}
						},
						{
							"origin": [0, 30.5, -0.75],
							"size": [0.75, 0.75, 0.75],
							"uv": {
								"north": {"uv": [17, 17], "uv_size": [-1, 1]},
								"east": {"uv": [16, 17], "uv_size": [1, 1]},
								"south": {"uv": [16, 17], "uv_size": [1, 1]},
								"west": {"uv": [16, 17], "uv_size": [1, 1]},
								"up": {"uv": [17, 18], "uv_size": [-1, -1]},
								"down": {"uv": [17, 18], "uv_size": [-1, -1]}
							}
						},
						{
							"origin": [-0.75, 31.25, -0.75],
							"size": [0.75, 0.75, 0.75],
							"uv": {
								"north": {"uv": [20, 16], "uv_size": [-1, 1]},
								"east": {"uv": [19, 16], "uv_size": [1, 1]},
								"south": {"uv": [19, 16], "uv_size": [1, 1]},
								"west": {"uv": [19, 16], "uv_size": [1, 1]},
								"up": {"uv": [20, 17], "uv_size": [-1, -1]},
								"down": {"uv": [20, 17], "uv_size": [-1, -1]}
							}
						},
						{
							"origin": [-0.75, 31.25, 0],
							"size": [0.75, 0.75, 0.75],
							"uv": {
								"north": {"uv": [19, 16], "uv_size": [-1, 1]},
								"east": {"uv": [18, 16], "uv_size": [1, 1]},
								"south": {"uv": [18, 16], "uv_size": [1, 1]},
								"west": {"uv": [18, 16], "uv_size": [1, 1]},
								"up": {"uv": [19, 17], "uv_size": [-1, -1]},
								"down": {"uv": [19, 17], "uv_size": [-1, -1]}
							}
						},
						{
							"origin": [0, 31.25, 0],
							"size": [0.75, 0.75, 0.75],
							"uv": {
								"north": {"uv": [18, 16], "uv_size": [-1, 1]},
								"east": {"uv": [17, 16], "uv_size": [1, 1]},
								"south": {"uv": [17, 16], "uv_size": [1, 1]},
								"west": {"uv": [17, 16], "uv_size": [1, 1]},
								"up": {"uv": [18, 17], "uv_size": [-1, -1]},
								"down": {"uv": [18, 17], "uv_size": [-1, -1]}
							}
						},
						{
							"origin": [0, 31.25, -0.75],
							"size": [0.75, 0.75, 0.75],
							"uv": {
								"north": {"uv": [17, 16], "uv_size": [-1, 1]},
								"east": {"uv": [16, 16], "uv_size": [1, 1]},
								"south": {"uv": [16, 16], "uv_size": [1, 1]},
								"west": {"uv": [16, 16], "uv_size": [1, 1]},
								"up": {"uv": [17, 17], "uv_size": [-1, -1]},
								"down": {"uv": [17, 17], "uv_size": [-1, -1]}
							}
						}
					]
				},
				{
					"name": "emerald",
					"parent": "rightitem",
					"pivot": [0, 45, 0],
					"cubes": [
						{
							"origin": [0, 42, 0],
							"size": [0.5, 0.5, 0.5],
							"uv": {
								"north": {"uv": [8, 13], "uv_size": [-1, 1]},
								"east": {"uv": [7, 13], "uv_size": [1, 1]},
								"south": {"uv": [7, 13], "uv_size": [1, 1]},
								"west": {"uv": [7, 13], "uv_size": [1, 1]},
								"up": {"uv": [8, 14], "uv_size": [-1, -1]},
								"down": {"uv": [8, 14], "uv_size": [-1, -1]}
							}
						},
						{
							"origin": [0.5, 42, 0],
							"size": [0.5, 0.5, 0.5],
							"uv": {
								"north": {"uv": [7, 13], "uv_size": [-1, 1]},
								"east": {"uv": [6, 13], "uv_size": [1, 1]},
								"south": {"uv": [6, 13], "uv_size": [1, 1]},
								"west": {"uv": [6, 13], "uv_size": [1, 1]},
								"up": {"uv": [7, 14], "uv_size": [-1, -1]},
								"down": {"uv": [7, 14], "uv_size": [-1, -1]}
							}
						},
						{
							"origin": [1, 42, 0],
							"size": [0.5, 0.5, 0.5],
							"uv": {
								"north": {"uv": [6, 13], "uv_size": [-1, 1]},
								"east": {"uv": [5, 13], "uv_size": [1, 1]},
								"south": {"uv": [5, 13], "uv_size": [1, 1]},
								"west": {"uv": [5, 13], "uv_size": [1, 1]},
								"up": {"uv": [6, 14], "uv_size": [-1, -1]},
								"down": {"uv": [6, 14], "uv_size": [-1, -1]}
							}
						},
						{
							"origin": [1.5, 42, 0],
							"size": [0.5, 0.5, 0.5],
							"uv": {
								"north": {"uv": [5, 13], "uv_size": [-1, 1]},
								"east": {"uv": [4, 13], "uv_size": [1, 1]},
								"south": {"uv": [4, 13], "uv_size": [1, 1]},
								"west": {"uv": [4, 13], "uv_size": [1, 1]},
								"up": {"uv": [5, 14], "uv_size": [-1, -1]},
								"down": {"uv": [5, 14], "uv_size": [-1, -1]}
							}
						},
						{
							"origin": [-1, 42.5, 0],
							"size": [0.5, 0.5, 0.5],
							"uv": {
								"north": {"uv": [10, 12], "uv_size": [-1, 1]},
								"east": {"uv": [9, 12], "uv_size": [1, 1]},
								"south": {"uv": [9, 12], "uv_size": [1, 1]},
								"west": {"uv": [9, 12], "uv_size": [1, 1]},
								"up": {"uv": [10, 13], "uv_size": [-1, -1]},
								"down": {"uv": [10, 13], "uv_size": [-1, -1]}
							}
						},
						{
							"origin": [-0.5, 42.5, 0],
							"size": [0.5, 0.5, 0.5],
							"uv": {
								"north": {"uv": [9, 12], "uv_size": [-1, 1]},
								"east": {"uv": [8, 12], "uv_size": [1, 1]},
								"south": {"uv": [8, 12], "uv_size": [1, 1]},
								"west": {"uv": [8, 12], "uv_size": [1, 1]},
								"up": {"uv": [9, 13], "uv_size": [-1, -1]},
								"down": {"uv": [9, 13], "uv_size": [-1, -1]}
							}
						},
						{
							"origin": [0, 42.5, 0],
							"size": [0.5, 0.5, 0.5],
							"uv": {
								"north": {"uv": [8, 12], "uv_size": [-1, 1]},
								"east": {"uv": [7, 12], "uv_size": [1, 1]},
								"south": {"uv": [7, 12], "uv_size": [1, 1]},
								"west": {"uv": [7, 12], "uv_size": [1, 1]},
								"up": {"uv": [8, 13], "uv_size": [-1, -1]},
								"down": {"uv": [8, 13], "uv_size": [-1, -1]}
							}
						},
						{
							"origin": [0.5, 42.5, 0],
							"size": [0.5, 0.5, 0.5],
							"uv": {
								"north": {"uv": [7, 12], "uv_size": [-1, 1]},
								"east": {"uv": [6, 12], "uv_size": [1, 1]},
								"south": {"uv": [6, 12], "uv_size": [1, 1]},
								"west": {"uv": [6, 12], "uv_size": [1, 1]},
								"up": {"uv": [7, 13], "uv_size": [-1, -1]},
								"down": {"uv": [7, 13], "uv_size": [-1, -1]}
							}
						},
						{
							"origin": [1, 42.5, 0],
							"size": [0.5, 0.5, 0.5],
							"uv": {
								"north": {"uv": [6, 12], "uv_size": [-1, 1]},
								"east": {"uv": [5, 12], "uv_size": [1, 1]},
								"south": {"uv": [5, 12], "uv_size": [1, 1]},
								"west": {"uv": [5, 12], "uv_size": [1, 1]},
								"up": {"uv": [6, 13], "uv_size": [-1, -1]},
								"down": {"uv": [6, 13], "uv_size": [-1, -1]}
							}
						},
						{
							"origin": [1.5, 42.5, 0],
							"size": [0.5, 0.5, 0.5],
							"uv": {
								"north": {"uv": [5, 12], "uv_size": [-1, 1]},
								"east": {"uv": [4, 12], "uv_size": [1, 1]},
								"south": {"uv": [4, 12], "uv_size": [1, 1]},
								"west": {"uv": [4, 12], "uv_size": [1, 1]},
								"up": {"uv": [5, 13], "uv_size": [-1, -1]},
								"down": {"uv": [5, 13], "uv_size": [-1, -1]}
							}
						},
						{
							"origin": [2, 42.5, 0],
							"size": [0.5, 0.5, 0.5],
							"uv": {
								"north": {"uv": [4, 12], "uv_size": [-1, 1]},
								"east": {"uv": [3, 12], "uv_size": [1, 1]},
								"south": {"uv": [3, 12], "uv_size": [1, 1]},
								"west": {"uv": [3, 12], "uv_size": [1, 1]},
								"up": {"uv": [4, 13], "uv_size": [-1, -1]},
								"down": {"uv": [4, 13], "uv_size": [-1, -1]}
							}
						},
						{
							"origin": [-2, 43, 0],
							"size": [0.5, 0.5, 0.5],
							"uv": {
								"north": {"uv": [12, 11], "uv_size": [-1, 1]},
								"east": {"uv": [11, 11], "uv_size": [1, 1]},
								"south": {"uv": [11, 11], "uv_size": [1, 1]},
								"west": {"uv": [11, 11], "uv_size": [1, 1]},
								"up": {"uv": [12, 12], "uv_size": [-1, -1]},
								"down": {"uv": [12, 12], "uv_size": [-1, -1]}
							}
						},
						{
							"origin": [-1.5, 43, 0],
							"size": [0.5, 0.5, 0.5],
							"uv": {
								"north": {"uv": [11, 11], "uv_size": [-1, 1]},
								"east": {"uv": [10, 11], "uv_size": [1, 1]},
								"south": {"uv": [10, 11], "uv_size": [1, 1]},
								"west": {"uv": [10, 11], "uv_size": [1, 1]},
								"up": {"uv": [11, 12], "uv_size": [-1, -1]},
								"down": {"uv": [11, 12], "uv_size": [-1, -1]}
							}
						},
						{
							"origin": [-1, 43, 0],
							"size": [0.5, 0.5, 0.5],
							"uv": {
								"north": {"uv": [10, 11], "uv_size": [-1, 1]},
								"east": {"uv": [9, 11], "uv_size": [1, 1]},
								"south": {"uv": [9, 11], "uv_size": [1, 1]},
								"west": {"uv": [9, 11], "uv_size": [1, 1]},
								"up": {"uv": [10, 12], "uv_size": [-1, -1]},
								"down": {"uv": [10, 12], "uv_size": [-1, -1]}
							}
						},
						{
							"origin": [-0.5, 43, 0],
							"size": [0.5, 0.5, 0.5],
							"uv": {
								"north": {"uv": [9, 11], "uv_size": [-1, 1]},
								"east": {"uv": [8, 11], "uv_size": [1, 1]},
								"south": {"uv": [8, 11], "uv_size": [1, 1]},
								"west": {"uv": [8, 11], "uv_size": [1, 1]},
								"up": {"uv": [9, 12], "uv_size": [-1, -1]},
								"down": {"uv": [9, 12], "uv_size": [-1, -1]}
							}
						},
						{
							"origin": [0, 43, 0],
							"size": [0.5, 0.5, 0.5],
							"uv": {
								"north": {"uv": [8, 11], "uv_size": [-1, 1]},
								"east": {"uv": [7, 11], "uv_size": [1, 1]},
								"south": {"uv": [7, 11], "uv_size": [1, 1]},
								"west": {"uv": [7, 11], "uv_size": [1, 1]},
								"up": {"uv": [8, 12], "uv_size": [-1, -1]},
								"down": {"uv": [8, 12], "uv_size": [-1, -1]}
							}
						},
						{
							"origin": [0.5, 43, 0],
							"size": [0.5, 0.5, 0.5],
							"uv": {
								"north": {"uv": [7, 11], "uv_size": [-1, 1]},
								"east": {"uv": [6, 11], "uv_size": [1, 1]},
								"south": {"uv": [6, 11], "uv_size": [1, 1]},
								"west": {"uv": [6, 11], "uv_size": [1, 1]},
								"up": {"uv": [7, 12], "uv_size": [-1, -1]},
								"down": {"uv": [7, 12], "uv_size": [-1, -1]}
							}
						},
						{
							"origin": [1, 43, 0],
							"size": [0.5, 0.5, 0.5],
							"uv": {
								"north": {"uv": [6, 11], "uv_size": [-1, 1]},
								"east": {"uv": [5, 11], "uv_size": [1, 1]},
								"south": {"uv": [5, 11], "uv_size": [1, 1]},
								"west": {"uv": [5, 11], "uv_size": [1, 1]},
								"up": {"uv": [6, 12], "uv_size": [-1, -1]},
								"down": {"uv": [6, 12], "uv_size": [-1, -1]}
							}
						},
						{
							"origin": [1.5, 43, 0],
							"size": [0.5, 0.5, 0.5],
							"uv": {
								"north": {"uv": [5, 11], "uv_size": [-1, 1]},
								"east": {"uv": [4, 11], "uv_size": [1, 1]},
								"south": {"uv": [4, 11], "uv_size": [1, 1]},
								"west": {"uv": [4, 11], "uv_size": [1, 1]},
								"up": {"uv": [5, 12], "uv_size": [-1, -1]},
								"down": {"uv": [5, 12], "uv_size": [-1, -1]}
							}
						},
						{
							"origin": [2, 43, 0],
							"size": [0.5, 0.5, 0.5],
							"uv": {
								"north": {"uv": [4, 11], "uv_size": [-1, 1]},
								"east": {"uv": [3, 11], "uv_size": [1, 1]},
								"south": {"uv": [3, 11], "uv_size": [1, 1]},
								"west": {"uv": [3, 11], "uv_size": [1, 1]},
								"up": {"uv": [4, 12], "uv_size": [-1, -1]},
								"down": {"uv": [4, 12], "uv_size": [-1, -1]}
							}
						},
						{
							"origin": [2.5, 43, 0],
							"size": [0.5, 0.5, 0.5],
							"uv": {
								"north": {"uv": [3, 11], "uv_size": [-1, 1]},
								"east": {"uv": [2, 11], "uv_size": [1, 1]},
								"south": {"uv": [2, 11], "uv_size": [1, 1]},
								"west": {"uv": [2, 11], "uv_size": [1, 1]},
								"up": {"uv": [3, 12], "uv_size": [-1, -1]},
								"down": {"uv": [3, 12], "uv_size": [-1, -1]}
							}
						},
						{
							"origin": [-2.5, 43.5, 0],
							"size": [0.5, 0.5, 0.5],
							"uv": {
								"north": {"uv": [13, 10], "uv_size": [-1, 1]},
								"east": {"uv": [12, 10], "uv_size": [1, 1]},
								"south": {"uv": [12, 10], "uv_size": [1, 1]},
								"west": {"uv": [12, 10], "uv_size": [1, 1]},
								"up": {"uv": [13, 11], "uv_size": [-1, -1]},
								"down": {"uv": [13, 11], "uv_size": [-1, -1]}
							}
						},
						{
							"origin": [-2, 43.5, 0],
							"size": [0.5, 0.5, 0.5],
							"uv": {
								"north": {"uv": [12, 10], "uv_size": [-1, 1]},
								"east": {"uv": [11, 10], "uv_size": [1, 1]},
								"south": {"uv": [11, 10], "uv_size": [1, 1]},
								"west": {"uv": [11, 10], "uv_size": [1, 1]},
								"up": {"uv": [12, 11], "uv_size": [-1, -1]},
								"down": {"uv": [12, 11], "uv_size": [-1, -1]}
							}
						},
						{
							"origin": [-1.5, 43.5, 0],
							"size": [0.5, 0.5, 0.5],
							"uv": {
								"north": {"uv": [11, 10], "uv_size": [-1, 1]},
								"east": {"uv": [10, 10], "uv_size": [1, 1]},
								"south": {"uv": [10, 10], "uv_size": [1, 1]},
								"west": {"uv": [10, 10], "uv_size": [1, 1]},
								"up": {"uv": [11, 11], "uv_size": [-1, -1]},
								"down": {"uv": [11, 11], "uv_size": [-1, -1]}
							}
						},
						{
							"origin": [-1, 43.5, 0],
							"size": [0.5, 0.5, 0.5],
							"uv": {
								"north": {"uv": [10, 10], "uv_size": [-1, 1]},
								"east": {"uv": [9, 10], "uv_size": [1, 1]},
								"south": {"uv": [9, 10], "uv_size": [1, 1]},
								"west": {"uv": [9, 10], "uv_size": [1, 1]},
								"up": {"uv": [10, 11], "uv_size": [-1, -1]},
								"down": {"uv": [10, 11], "uv_size": [-1, -1]}
							}
						},
						{
							"origin": [-0.5, 43.5, 0],
							"size": [0.5, 0.5, 0.5],
							"uv": {
								"north": {"uv": [9, 10], "uv_size": [-1, 1]},
								"east": {"uv": [8, 10], "uv_size": [1, 1]},
								"south": {"uv": [8, 10], "uv_size": [1, 1]},
								"west": {"uv": [8, 10], "uv_size": [1, 1]},
								"up": {"uv": [9, 11], "uv_size": [-1, -1]},
								"down": {"uv": [9, 11], "uv_size": [-1, -1]}
							}
						},
						{
							"origin": [0, 43.5, 0],
							"size": [0.5, 0.5, 0.5],
							"uv": {
								"north": {"uv": [8, 10], "uv_size": [-1, 1]},
								"east": {"uv": [7, 10], "uv_size": [1, 1]},
								"south": {"uv": [7, 10], "uv_size": [1, 1]},
								"west": {"uv": [7, 10], "uv_size": [1, 1]},
								"up": {"uv": [8, 11], "uv_size": [-1, -1]},
								"down": {"uv": [8, 11], "uv_size": [-1, -1]}
							}
						},
						{
							"origin": [0.5, 43.5, 0],
							"size": [0.5, 0.5, 0.5],
							"uv": {
								"north": {"uv": [7, 10], "uv_size": [-1, 1]},
								"east": {"uv": [6, 10], "uv_size": [1, 1]},
								"south": {"uv": [6, 10], "uv_size": [1, 1]},
								"west": {"uv": [6, 10], "uv_size": [1, 1]},
								"up": {"uv": [7, 11], "uv_size": [-1, -1]},
								"down": {"uv": [7, 11], "uv_size": [-1, -1]}
							}
						},
						{
							"origin": [1, 43.5, 0],
							"size": [0.5, 0.5, 0.5],
							"uv": {
								"north": {"uv": [6, 10], "uv_size": [-1, 1]},
								"east": {"uv": [5, 10], "uv_size": [1, 1]},
								"south": {"uv": [5, 10], "uv_size": [1, 1]},
								"west": {"uv": [5, 10], "uv_size": [1, 1]},
								"up": {"uv": [6, 11], "uv_size": [-1, -1]},
								"down": {"uv": [6, 11], "uv_size": [-1, -1]}
							}
						},
						{
							"origin": [1.5, 43.5, 0],
							"size": [0.5, 0.5, 0.5],
							"uv": {
								"north": {"uv": [5, 10], "uv_size": [-1, 1]},
								"east": {"uv": [4, 10], "uv_size": [1, 1]},
								"south": {"uv": [4, 10], "uv_size": [1, 1]},
								"west": {"uv": [4, 10], "uv_size": [1, 1]},
								"up": {"uv": [5, 11], "uv_size": [-1, -1]},
								"down": {"uv": [5, 11], "uv_size": [-1, -1]}
							}
						},
						{
							"origin": [2, 43.5, 0],
							"size": [0.5, 0.5, 0.5],
							"uv": {
								"north": {"uv": [4, 10], "uv_size": [-1, 1]},
								"east": {"uv": [3, 10], "uv_size": [1, 1]},
								"south": {"uv": [3, 10], "uv_size": [1, 1]},
								"west": {"uv": [3, 10], "uv_size": [1, 1]},
								"up": {"uv": [4, 11], "uv_size": [-1, -1]},
								"down": {"uv": [4, 11], "uv_size": [-1, -1]}
							}
						},
						{
							"origin": [2.5, 43.5, 0],
							"size": [0.5, 0.5, 0.5],
							"uv": {
								"north": {"uv": [3, 10], "uv_size": [-1, 1]},
								"east": {"uv": [2, 10], "uv_size": [1, 1]},
								"south": {"uv": [2, 10], "uv_size": [1, 1]},
								"west": {"uv": [2, 10], "uv_size": [1, 1]},
								"up": {"uv": [3, 11], "uv_size": [-1, -1]},
								"down": {"uv": [3, 11], "uv_size": [-1, -1]}
							}
						},
						{
							"origin": [-3, 44, 0],
							"size": [0.5, 0.5, 0.5],
							"uv": {
								"north": {"uv": [14, 9], "uv_size": [-1, 1]},
								"east": {"uv": [13, 9], "uv_size": [1, 1]},
								"south": {"uv": [13, 9], "uv_size": [1, 1]},
								"west": {"uv": [13, 9], "uv_size": [1, 1]},
								"up": {"uv": [14, 10], "uv_size": [-1, -1]},
								"down": {"uv": [14, 10], "uv_size": [-1, -1]}
							}
						},
						{
							"origin": [-2.5, 44, 0],
							"size": [0.5, 0.5, 0.5],
							"uv": {
								"north": {"uv": [13, 9], "uv_size": [-1, 1]},
								"east": {"uv": [12, 9], "uv_size": [1, 1]},
								"south": {"uv": [12, 9], "uv_size": [1, 1]},
								"west": {"uv": [12, 9], "uv_size": [1, 1]},
								"up": {"uv": [13, 10], "uv_size": [-1, -1]},
								"down": {"uv": [13, 10], "uv_size": [-1, -1]}
							}
						},
						{
							"origin": [-2, 44, 0],
							"size": [0.5, 0.5, 0.5],
							"uv": {
								"north": {"uv": [12, 9], "uv_size": [-1, 1]},
								"east": {"uv": [11, 9], "uv_size": [1, 1]},
								"south": {"uv": [11, 9], "uv_size": [1, 1]},
								"west": {"uv": [11, 9], "uv_size": [1, 1]},
								"up": {"uv": [12, 10], "uv_size": [-1, -1]},
								"down": {"uv": [12, 10], "uv_size": [-1, -1]}
							}
						},
						{
							"origin": [-1.5, 44, 0],
							"size": [0.5, 0.5, 0.5],
							"uv": {
								"north": {"uv": [11, 9], "uv_size": [-1, 1]},
								"east": {"uv": [10, 9], "uv_size": [1, 1]},
								"south": {"uv": [10, 9], "uv_size": [1, 1]},
								"west": {"uv": [10, 9], "uv_size": [1, 1]},
								"up": {"uv": [11, 10], "uv_size": [-1, -1]},
								"down": {"uv": [11, 10], "uv_size": [-1, -1]}
							}
						},
						{
							"origin": [-1, 44, 0],
							"size": [0.5, 0.5, 0.5],
							"uv": {
								"north": {"uv": [10, 9], "uv_size": [-1, 1]},
								"east": {"uv": [9, 9], "uv_size": [1, 1]},
								"south": {"uv": [9, 9], "uv_size": [1, 1]},
								"west": {"uv": [9, 9], "uv_size": [1, 1]},
								"up": {"uv": [10, 10], "uv_size": [-1, -1]},
								"down": {"uv": [10, 10], "uv_size": [-1, -1]}
							}
						},
						{
							"origin": [-0.5, 44, 0],
							"size": [0.5, 0.5, 0.5],
							"uv": {
								"north": {"uv": [9, 9], "uv_size": [-1, 1]},
								"east": {"uv": [8, 9], "uv_size": [1, 1]},
								"south": {"uv": [8, 9], "uv_size": [1, 1]},
								"west": {"uv": [8, 9], "uv_size": [1, 1]},
								"up": {"uv": [9, 10], "uv_size": [-1, -1]},
								"down": {"uv": [9, 10], "uv_size": [-1, -1]}
							}
						},
						{
							"origin": [0, 44, 0],
							"size": [0.5, 0.5, 0.5],
							"uv": {
								"north": {"uv": [8, 9], "uv_size": [-1, 1]},
								"east": {"uv": [7, 9], "uv_size": [1, 1]},
								"south": {"uv": [7, 9], "uv_size": [1, 1]},
								"west": {"uv": [7, 9], "uv_size": [1, 1]},
								"up": {"uv": [8, 10], "uv_size": [-1, -1]},
								"down": {"uv": [8, 10], "uv_size": [-1, -1]}
							}
						},
						{
							"origin": [0.5, 44, 0],
							"size": [0.5, 0.5, 0.5],
							"uv": {
								"north": {"uv": [7, 9], "uv_size": [-1, 1]},
								"east": {"uv": [6, 9], "uv_size": [1, 1]},
								"south": {"uv": [6, 9], "uv_size": [1, 1]},
								"west": {"uv": [6, 9], "uv_size": [1, 1]},
								"up": {"uv": [7, 10], "uv_size": [-1, -1]},
								"down": {"uv": [7, 10], "uv_size": [-1, -1]}
							}
						},
						{
							"origin": [1, 44, 0],
							"size": [0.5, 0.5, 0.5],
							"uv": {
								"north": {"uv": [6, 9], "uv_size": [-1, 1]},
								"east": {"uv": [5, 9], "uv_size": [1, 1]},
								"south": {"uv": [5, 9], "uv_size": [1, 1]},
								"west": {"uv": [5, 9], "uv_size": [1, 1]},
								"up": {"uv": [6, 10], "uv_size": [-1, -1]},
								"down": {"uv": [6, 10], "uv_size": [-1, -1]}
							}
						},
						{
							"origin": [1.5, 44, 0],
							"size": [0.5, 0.5, 0.5],
							"uv": {
								"north": {"uv": [5, 9], "uv_size": [-1, 1]},
								"east": {"uv": [4, 9], "uv_size": [1, 1]},
								"south": {"uv": [4, 9], "uv_size": [1, 1]},
								"west": {"uv": [4, 9], "uv_size": [1, 1]},
								"up": {"uv": [5, 10], "uv_size": [-1, -1]},
								"down": {"uv": [5, 10], "uv_size": [-1, -1]}
							}
						},
						{
							"origin": [2, 44, 0],
							"size": [0.5, 0.5, 0.5],
							"uv": {
								"north": {"uv": [4, 9], "uv_size": [-1, 1]},
								"east": {"uv": [3, 9], "uv_size": [1, 1]},
								"south": {"uv": [3, 9], "uv_size": [1, 1]},
								"west": {"uv": [3, 9], "uv_size": [1, 1]},
								"up": {"uv": [4, 10], "uv_size": [-1, -1]},
								"down": {"uv": [4, 10], "uv_size": [-1, -1]}
							}
						},
						{
							"origin": [2.5, 44, 0],
							"size": [0.5, 0.5, 0.5],
							"uv": {
								"north": {"uv": [3, 9], "uv_size": [-1, 1]},
								"east": {"uv": [2, 9], "uv_size": [1, 1]},
								"south": {"uv": [2, 9], "uv_size": [1, 1]},
								"west": {"uv": [2, 9], "uv_size": [1, 1]},
								"up": {"uv": [3, 10], "uv_size": [-1, -1]},
								"down": {"uv": [3, 10], "uv_size": [-1, -1]}
							}
						},
						{
							"origin": [-3, 44.5, 0],
							"size": [0.5, 0.5, 0.5],
							"uv": {
								"north": {"uv": [14, 8], "uv_size": [-1, 1]},
								"east": {"uv": [13, 8], "uv_size": [1, 1]},
								"south": {"uv": [13, 8], "uv_size": [1, 1]},
								"west": {"uv": [13, 8], "uv_size": [1, 1]},
								"up": {"uv": [14, 9], "uv_size": [-1, -1]},
								"down": {"uv": [14, 9], "uv_size": [-1, -1]}
							}
						},
						{
							"origin": [-2.5, 44.5, 0],
							"size": [0.5, 0.5, 0.5],
							"uv": {
								"north": {"uv": [13, 8], "uv_size": [-1, 1]},
								"east": {"uv": [12, 8], "uv_size": [1, 1]},
								"south": {"uv": [12, 8], "uv_size": [1, 1]},
								"west": {"uv": [12, 8], "uv_size": [1, 1]},
								"up": {"uv": [13, 9], "uv_size": [-1, -1]},
								"down": {"uv": [13, 9], "uv_size": [-1, -1]}
							}
						},
						{
							"origin": [-2, 44.5, 0],
							"size": [0.5, 0.5, 0.5],
							"uv": {
								"north": {"uv": [12, 8], "uv_size": [-1, 1]},
								"east": {"uv": [11, 8], "uv_size": [1, 1]},
								"south": {"uv": [11, 8], "uv_size": [1, 1]},
								"west": {"uv": [11, 8], "uv_size": [1, 1]},
								"up": {"uv": [12, 9], "uv_size": [-1, -1]},
								"down": {"uv": [12, 9], "uv_size": [-1, -1]}
							}
						},
						{
							"origin": [-1.5, 44.5, 0],
							"size": [0.5, 0.5, 0.5],
							"uv": {
								"north": {"uv": [11, 8], "uv_size": [-1, 1]},
								"east": {"uv": [10, 8], "uv_size": [1, 1]},
								"south": {"uv": [10, 8], "uv_size": [1, 1]},
								"west": {"uv": [10, 8], "uv_size": [1, 1]},
								"up": {"uv": [11, 9], "uv_size": [-1, -1]},
								"down": {"uv": [11, 9], "uv_size": [-1, -1]}
							}
						},
						{
							"origin": [-1, 44.5, 0],
							"size": [0.5, 0.5, 0.5],
							"uv": {
								"north": {"uv": [10, 8], "uv_size": [-1, 1]},
								"east": {"uv": [9, 8], "uv_size": [1, 1]},
								"south": {"uv": [9, 8], "uv_size": [1, 1]},
								"west": {"uv": [9, 8], "uv_size": [1, 1]},
								"up": {"uv": [10, 9], "uv_size": [-1, -1]},
								"down": {"uv": [10, 9], "uv_size": [-1, -1]}
							}
						},
						{
							"origin": [-0.5, 44.5, 0],
							"size": [0.5, 0.5, 0.5],
							"uv": {
								"north": {"uv": [9, 8], "uv_size": [-1, 1]},
								"east": {"uv": [8, 8], "uv_size": [1, 1]},
								"south": {"uv": [8, 8], "uv_size": [1, 1]},
								"west": {"uv": [8, 8], "uv_size": [1, 1]},
								"up": {"uv": [9, 9], "uv_size": [-1, -1]},
								"down": {"uv": [9, 9], "uv_size": [-1, -1]}
							}
						},
						{
							"origin": [0, 44.5, 0],
							"size": [0.5, 0.5, 0.5],
							"uv": {
								"north": {"uv": [8, 8], "uv_size": [-1, 1]},
								"east": {"uv": [7, 8], "uv_size": [1, 1]},
								"south": {"uv": [7, 8], "uv_size": [1, 1]},
								"west": {"uv": [7, 8], "uv_size": [1, 1]},
								"up": {"uv": [8, 9], "uv_size": [-1, -1]},
								"down": {"uv": [8, 9], "uv_size": [-1, -1]}
							}
						},
						{
							"origin": [0.5, 44.5, 0],
							"size": [0.5, 0.5, 0.5],
							"uv": {
								"north": {"uv": [7, 8], "uv_size": [-1, 1]},
								"east": {"uv": [6, 8], "uv_size": [1, 1]},
								"south": {"uv": [6, 8], "uv_size": [1, 1]},
								"west": {"uv": [6, 8], "uv_size": [1, 1]},
								"up": {"uv": [7, 9], "uv_size": [-1, -1]},
								"down": {"uv": [7, 9], "uv_size": [-1, -1]}
							}
						},
						{
							"origin": [1, 44.5, 0],
							"size": [0.5, 0.5, 0.5],
							"uv": {
								"north": {"uv": [6, 8], "uv_size": [-1, 1]},
								"east": {"uv": [5, 8], "uv_size": [1, 1]},
								"south": {"uv": [5, 8], "uv_size": [1, 1]},
								"west": {"uv": [5, 8], "uv_size": [1, 1]},
								"up": {"uv": [6, 9], "uv_size": [-1, -1]},
								"down": {"uv": [6, 9], "uv_size": [-1, -1]}
							}
						},
						{
							"origin": [1.5, 44.5, 0],
							"size": [0.5, 0.5, 0.5],
							"uv": {
								"north": {"uv": [5, 8], "uv_size": [-1, 1]},
								"east": {"uv": [4, 8], "uv_size": [1, 1]},
								"south": {"uv": [4, 8], "uv_size": [1, 1]},
								"west": {"uv": [4, 8], "uv_size": [1, 1]},
								"up": {"uv": [5, 9], "uv_size": [-1, -1]},
								"down": {"uv": [5, 9], "uv_size": [-1, -1]}
							}
						},
						{
							"origin": [2, 44.5, 0],
							"size": [0.5, 0.5, 0.5],
							"uv": {
								"north": {"uv": [4, 8], "uv_size": [-1, 1]},
								"east": {"uv": [3, 8], "uv_size": [1, 1]},
								"south": {"uv": [3, 8], "uv_size": [1, 1]},
								"west": {"uv": [3, 8], "uv_size": [1, 1]},
								"up": {"uv": [4, 9], "uv_size": [-1, -1]},
								"down": {"uv": [4, 9], "uv_size": [-1, -1]}
							}
						},
						{
							"origin": [2.5, 44.5, 0],
							"size": [0.5, 0.5, 0.5],
							"uv": {
								"north": {"uv": [3, 8], "uv_size": [-1, 1]},
								"east": {"uv": [2, 8], "uv_size": [1, 1]},
								"south": {"uv": [2, 8], "uv_size": [1, 1]},
								"west": {"uv": [2, 8], "uv_size": [1, 1]},
								"up": {"uv": [3, 9], "uv_size": [-1, -1]},
								"down": {"uv": [3, 9], "uv_size": [-1, -1]}
							}
						},
						{
							"origin": [-3, 45, 0],
							"size": [0.5, 0.5, 0.5],
							"uv": {
								"north": {"uv": [14, 7], "uv_size": [-1, 1]},
								"east": {"uv": [13, 7], "uv_size": [1, 1]},
								"south": {"uv": [13, 7], "uv_size": [1, 1]},
								"west": {"uv": [13, 7], "uv_size": [1, 1]},
								"up": {"uv": [14, 8], "uv_size": [-1, -1]},
								"down": {"uv": [14, 8], "uv_size": [-1, -1]}
							}
						},
						{
							"origin": [-2.5, 45, 0],
							"size": [0.5, 0.5, 0.5],
							"uv": {
								"north": {"uv": [13, 7], "uv_size": [-1, 1]},
								"east": {"uv": [12, 7], "uv_size": [1, 1]},
								"south": {"uv": [12, 7], "uv_size": [1, 1]},
								"west": {"uv": [12, 7], "uv_size": [1, 1]},
								"up": {"uv": [13, 8], "uv_size": [-1, -1]},
								"down": {"uv": [13, 8], "uv_size": [-1, -1]}
							}
						},
						{
							"origin": [-2, 45, 0],
							"size": [0.5, 0.5, 0.5],
							"uv": {
								"north": {"uv": [12, 7], "uv_size": [-1, 1]},
								"east": {"uv": [11, 7], "uv_size": [1, 1]},
								"south": {"uv": [11, 7], "uv_size": [1, 1]},
								"west": {"uv": [11, 7], "uv_size": [1, 1]},
								"up": {"uv": [12, 8], "uv_size": [-1, -1]},
								"down": {"uv": [12, 8], "uv_size": [-1, -1]}
							}
						},
						{
							"origin": [-1.5, 45, 0],
							"size": [0.5, 0.5, 0.5],
							"uv": {
								"north": {"uv": [11, 7], "uv_size": [-1, 1]},
								"east": {"uv": [10, 7], "uv_size": [1, 1]},
								"south": {"uv": [10, 7], "uv_size": [1, 1]},
								"west": {"uv": [10, 7], "uv_size": [1, 1]},
								"up": {"uv": [11, 8], "uv_size": [-1, -1]},
								"down": {"uv": [11, 8], "uv_size": [-1, -1]}
							}
						},
						{
							"origin": [-1, 45, 0],
							"size": [0.5, 0.5, 0.5],
							"uv": {
								"north": {"uv": [10, 7], "uv_size": [-1, 1]},
								"east": {"uv": [9, 7], "uv_size": [1, 1]},
								"south": {"uv": [9, 7], "uv_size": [1, 1]},
								"west": {"uv": [9, 7], "uv_size": [1, 1]},
								"up": {"uv": [10, 8], "uv_size": [-1, -1]},
								"down": {"uv": [10, 8], "uv_size": [-1, -1]}
							}
						},
						{
							"origin": [-0.5, 45, 0],
							"size": [0.5, 0.5, 0.5],
							"uv": {
								"north": {"uv": [9, 7], "uv_size": [-1, 1]},
								"east": {"uv": [8, 7], "uv_size": [1, 1]},
								"south": {"uv": [8, 7], "uv_size": [1, 1]},
								"west": {"uv": [8, 7], "uv_size": [1, 1]},
								"up": {"uv": [9, 8], "uv_size": [-1, -1]},
								"down": {"uv": [9, 8], "uv_size": [-1, -1]}
							}
						},
						{
							"origin": [0, 45, 0],
							"size": [0.5, 0.5, 0.5],
							"uv": {
								"north": {"uv": [8, 7], "uv_size": [-1, 1]},
								"east": {"uv": [7, 7], "uv_size": [1, 1]},
								"south": {"uv": [7, 7], "uv_size": [1, 1]},
								"west": {"uv": [7, 7], "uv_size": [1, 1]},
								"up": {"uv": [8, 8], "uv_size": [-1, -1]},
								"down": {"uv": [8, 8], "uv_size": [-1, -1]}
							}
						},
						{
							"origin": [0.5, 45, 0],
							"size": [0.5, 0.5, 0.5],
							"uv": {
								"north": {"uv": [7, 7], "uv_size": [-1, 1]},
								"east": {"uv": [6, 7], "uv_size": [1, 1]},
								"south": {"uv": [6, 7], "uv_size": [1, 1]},
								"west": {"uv": [6, 7], "uv_size": [1, 1]},
								"up": {"uv": [7, 8], "uv_size": [-1, -1]},
								"down": {"uv": [7, 8], "uv_size": [-1, -1]}
							}
						},
						{
							"origin": [1, 45, 0],
							"size": [0.5, 0.5, 0.5],
							"uv": {
								"north": {"uv": [6, 7], "uv_size": [-1, 1]},
								"east": {"uv": [5, 7], "uv_size": [1, 1]},
								"south": {"uv": [5, 7], "uv_size": [1, 1]},
								"west": {"uv": [5, 7], "uv_size": [1, 1]},
								"up": {"uv": [6, 8], "uv_size": [-1, -1]},
								"down": {"uv": [6, 8], "uv_size": [-1, -1]}
							}
						},
						{
							"origin": [1.5, 45, 0],
							"size": [0.5, 0.5, 0.5],
							"uv": {
								"north": {"uv": [5, 7], "uv_size": [-1, 1]},
								"east": {"uv": [4, 7], "uv_size": [1, 1]},
								"south": {"uv": [4, 7], "uv_size": [1, 1]},
								"west": {"uv": [4, 7], "uv_size": [1, 1]},
								"up": {"uv": [5, 8], "uv_size": [-1, -1]},
								"down": {"uv": [5, 8], "uv_size": [-1, -1]}
							}
						},
						{
							"origin": [2, 45, 0],
							"size": [0.5, 0.5, 0.5],
							"uv": {
								"north": {"uv": [4, 7], "uv_size": [-1, 1]},
								"east": {"uv": [3, 7], "uv_size": [1, 1]},
								"south": {"uv": [3, 7], "uv_size": [1, 1]},
								"west": {"uv": [3, 7], "uv_size": [1, 1]},
								"up": {"uv": [4, 8], "uv_size": [-1, -1]},
								"down": {"uv": [4, 8], "uv_size": [-1, -1]}
							}
						},
						{
							"origin": [-3, 45.5, 0],
							"size": [0.5, 0.5, 0.5],
							"uv": {
								"north": {"uv": [14, 6], "uv_size": [-1, 1]},
								"east": {"uv": [13, 6], "uv_size": [1, 1]},
								"south": {"uv": [13, 6], "uv_size": [1, 1]},
								"west": {"uv": [13, 6], "uv_size": [1, 1]},
								"up": {"uv": [14, 7], "uv_size": [-1, -1]},
								"down": {"uv": [14, 7], "uv_size": [-1, -1]}
							}
						},
						{
							"origin": [-2.5, 45.5, 0],
							"size": [0.5, 0.5, 0.5],
							"uv": {
								"north": {"uv": [13, 6], "uv_size": [-1, 1]},
								"east": {"uv": [12, 6], "uv_size": [1, 1]},
								"south": {"uv": [12, 6], "uv_size": [1, 1]},
								"west": {"uv": [12, 6], "uv_size": [1, 1]},
								"up": {"uv": [13, 7], "uv_size": [-1, -1]},
								"down": {"uv": [13, 7], "uv_size": [-1, -1]}
							}
						},
						{
							"origin": [-2, 45.5, 0],
							"size": [0.5, 0.5, 0.5],
							"uv": {
								"north": {"uv": [12, 6], "uv_size": [-1, 1]},
								"east": {"uv": [11, 6], "uv_size": [1, 1]},
								"south": {"uv": [11, 6], "uv_size": [1, 1]},
								"west": {"uv": [11, 6], "uv_size": [1, 1]},
								"up": {"uv": [12, 7], "uv_size": [-1, -1]},
								"down": {"uv": [12, 7], "uv_size": [-1, -1]}
							}
						},
						{
							"origin": [-1.5, 45.5, 0],
							"size": [0.5, 0.5, 0.5],
							"uv": {
								"north": {"uv": [11, 6], "uv_size": [-1, 1]},
								"east": {"uv": [10, 6], "uv_size": [1, 1]},
								"south": {"uv": [10, 6], "uv_size": [1, 1]},
								"west": {"uv": [10, 6], "uv_size": [1, 1]},
								"up": {"uv": [11, 7], "uv_size": [-1, -1]},
								"down": {"uv": [11, 7], "uv_size": [-1, -1]}
							}
						},
						{
							"origin": [-1, 45.5, 0],
							"size": [0.5, 0.5, 0.5],
							"uv": {
								"north": {"uv": [10, 6], "uv_size": [-1, 1]},
								"east": {"uv": [9, 6], "uv_size": [1, 1]},
								"south": {"uv": [9, 6], "uv_size": [1, 1]},
								"west": {"uv": [9, 6], "uv_size": [1, 1]},
								"up": {"uv": [10, 7], "uv_size": [-1, -1]},
								"down": {"uv": [10, 7], "uv_size": [-1, -1]}
							}
						},
						{
							"origin": [-0.5, 45.5, 0],
							"size": [0.5, 0.5, 0.5],
							"uv": {
								"north": {"uv": [9, 6], "uv_size": [-1, 1]},
								"east": {"uv": [8, 6], "uv_size": [1, 1]},
								"south": {"uv": [8, 6], "uv_size": [1, 1]},
								"west": {"uv": [8, 6], "uv_size": [1, 1]},
								"up": {"uv": [9, 7], "uv_size": [-1, -1]},
								"down": {"uv": [9, 7], "uv_size": [-1, -1]}
							}
						},
						{
							"origin": [0, 45.5, 0],
							"size": [0.5, 0.5, 0.5],
							"uv": {
								"north": {"uv": [8, 6], "uv_size": [-1, 1]},
								"east": {"uv": [7, 6], "uv_size": [1, 1]},
								"south": {"uv": [7, 6], "uv_size": [1, 1]},
								"west": {"uv": [7, 6], "uv_size": [1, 1]},
								"up": {"uv": [8, 7], "uv_size": [-1, -1]},
								"down": {"uv": [8, 7], "uv_size": [-1, -1]}
							}
						},
						{
							"origin": [0.5, 45.5, 0],
							"size": [0.5, 0.5, 0.5],
							"uv": {
								"north": {"uv": [7, 6], "uv_size": [-1, 1]},
								"east": {"uv": [6, 6], "uv_size": [1, 1]},
								"south": {"uv": [6, 6], "uv_size": [1, 1]},
								"west": {"uv": [6, 6], "uv_size": [1, 1]},
								"up": {"uv": [7, 7], "uv_size": [-1, -1]},
								"down": {"uv": [7, 7], "uv_size": [-1, -1]}
							}
						},
						{
							"origin": [1, 45.5, 0],
							"size": [0.5, 0.5, 0.5],
							"uv": {
								"north": {"uv": [6, 6], "uv_size": [-1, 1]},
								"east": {"uv": [5, 6], "uv_size": [1, 1]},
								"south": {"uv": [5, 6], "uv_size": [1, 1]},
								"west": {"uv": [5, 6], "uv_size": [1, 1]},
								"up": {"uv": [6, 7], "uv_size": [-1, -1]},
								"down": {"uv": [6, 7], "uv_size": [-1, -1]}
							}
						},
						{
							"origin": [1.5, 45.5, 0],
							"size": [0.5, 0.5, 0.5],
							"uv": {
								"north": {"uv": [5, 6], "uv_size": [-1, 1]},
								"east": {"uv": [4, 6], "uv_size": [1, 1]},
								"south": {"uv": [4, 6], "uv_size": [1, 1]},
								"west": {"uv": [4, 6], "uv_size": [1, 1]},
								"up": {"uv": [5, 7], "uv_size": [-1, -1]},
								"down": {"uv": [5, 7], "uv_size": [-1, -1]}
							}
						},
						{
							"origin": [-2.5, 46, 0],
							"size": [0.5, 0.5, 0.5],
							"uv": {
								"north": {"uv": [13, 5], "uv_size": [-1, 1]},
								"east": {"uv": [12, 5], "uv_size": [1, 1]},
								"south": {"uv": [12, 5], "uv_size": [1, 1]},
								"west": {"uv": [12, 5], "uv_size": [1, 1]},
								"up": {"uv": [13, 6], "uv_size": [-1, -1]},
								"down": {"uv": [13, 6], "uv_size": [-1, -1]}
							}
						},
						{
							"origin": [-2, 46, 0],
							"size": [0.5, 0.5, 0.5],
							"uv": {
								"north": {"uv": [12, 5], "uv_size": [-1, 1]},
								"east": {"uv": [11, 5], "uv_size": [1, 1]},
								"south": {"uv": [11, 5], "uv_size": [1, 1]},
								"west": {"uv": [11, 5], "uv_size": [1, 1]},
								"up": {"uv": [12, 6], "uv_size": [-1, -1]},
								"down": {"uv": [12, 6], "uv_size": [-1, -1]}
							}
						},
						{
							"origin": [-1.5, 46, 0],
							"size": [0.5, 0.5, 0.5],
							"uv": {
								"north": {"uv": [11, 5], "uv_size": [-1, 1]},
								"east": {"uv": [10, 5], "uv_size": [1, 1]},
								"south": {"uv": [10, 5], "uv_size": [1, 1]},
								"west": {"uv": [10, 5], "uv_size": [1, 1]},
								"up": {"uv": [11, 6], "uv_size": [-1, -1]},
								"down": {"uv": [11, 6], "uv_size": [-1, -1]}
							}
						},
						{
							"origin": [-1, 46, 0],
							"size": [0.5, 0.5, 0.5],
							"uv": {
								"north": {"uv": [10, 5], "uv_size": [-1, 1]},
								"east": {"uv": [9, 5], "uv_size": [1, 1]},
								"south": {"uv": [9, 5], "uv_size": [1, 1]},
								"west": {"uv": [9, 5], "uv_size": [1, 1]},
								"up": {"uv": [10, 6], "uv_size": [-1, -1]},
								"down": {"uv": [10, 6], "uv_size": [-1, -1]}
							}
						},
						{
							"origin": [-0.5, 46, 0],
							"size": [0.5, 0.5, 0.5],
							"uv": {
								"north": {"uv": [9, 5], "uv_size": [-1, 1]},
								"east": {"uv": [8, 5], "uv_size": [1, 1]},
								"south": {"uv": [8, 5], "uv_size": [1, 1]},
								"west": {"uv": [8, 5], "uv_size": [1, 1]},
								"up": {"uv": [9, 6], "uv_size": [-1, -1]},
								"down": {"uv": [9, 6], "uv_size": [-1, -1]}
							}
						},
						{
							"origin": [0, 46, 0],
							"size": [0.5, 0.5, 0.5],
							"uv": {
								"north": {"uv": [8, 5], "uv_size": [-1, 1]},
								"east": {"uv": [7, 5], "uv_size": [1, 1]},
								"south": {"uv": [7, 5], "uv_size": [1, 1]},
								"west": {"uv": [7, 5], "uv_size": [1, 1]},
								"up": {"uv": [8, 6], "uv_size": [-1, -1]},
								"down": {"uv": [8, 6], "uv_size": [-1, -1]}
							}
						},
						{
							"origin": [0.5, 46, 0],
							"size": [0.5, 0.5, 0.5],
							"uv": {
								"north": {"uv": [7, 5], "uv_size": [-1, 1]},
								"east": {"uv": [6, 5], "uv_size": [1, 1]},
								"south": {"uv": [6, 5], "uv_size": [1, 1]},
								"west": {"uv": [6, 5], "uv_size": [1, 1]},
								"up": {"uv": [7, 6], "uv_size": [-1, -1]},
								"down": {"uv": [7, 6], "uv_size": [-1, -1]}
							}
						},
						{
							"origin": [1, 46, 0],
							"size": [0.5, 0.5, 0.5],
							"uv": {
								"north": {"uv": [6, 5], "uv_size": [-1, 1]},
								"east": {"uv": [5, 5], "uv_size": [1, 1]},
								"south": {"uv": [5, 5], "uv_size": [1, 1]},
								"west": {"uv": [5, 5], "uv_size": [1, 1]},
								"up": {"uv": [6, 6], "uv_size": [-1, -1]},
								"down": {"uv": [6, 6], "uv_size": [-1, -1]}
							}
						},
						{
							"origin": [-2, 46.5, 0],
							"size": [0.5, 0.5, 0.5],
							"uv": {
								"north": {"uv": [12, 4], "uv_size": [-1, 1]},
								"east": {"uv": [11, 4], "uv_size": [1, 1]},
								"south": {"uv": [11, 4], "uv_size": [1, 1]},
								"west": {"uv": [11, 4], "uv_size": [1, 1]},
								"up": {"uv": [12, 5], "uv_size": [-1, -1]},
								"down": {"uv": [12, 5], "uv_size": [-1, -1]}
							}
						},
						{
							"origin": [-1.5, 46.5, 0],
							"size": [0.5, 0.5, 0.5],
							"uv": {
								"north": {"uv": [11, 4], "uv_size": [-1, 1]},
								"east": {"uv": [10, 4], "uv_size": [1, 1]},
								"south": {"uv": [10, 4], "uv_size": [1, 1]},
								"west": {"uv": [10, 4], "uv_size": [1, 1]},
								"up": {"uv": [11, 5], "uv_size": [-1, -1]},
								"down": {"uv": [11, 5], "uv_size": [-1, -1]}
							}
						},
						{
							"origin": [-1, 46.5, 0],
							"size": [0.5, 0.5, 0.5],
							"uv": {
								"north": {"uv": [10, 4], "uv_size": [-1, 1]},
								"east": {"uv": [9, 4], "uv_size": [1, 1]},
								"south": {"uv": [9, 4], "uv_size": [1, 1]},
								"west": {"uv": [9, 4], "uv_size": [1, 1]},
								"up": {"uv": [10, 5], "uv_size": [-1, -1]},
								"down": {"uv": [10, 5], "uv_size": [-1, -1]}
							}
						},
						{
							"origin": [-0.5, 46.5, 0],
							"size": [0.5, 0.5, 0.5],
							"uv": {
								"north": {"uv": [9, 4], "uv_size": [-1, 1]},
								"east": {"uv": [8, 4], "uv_size": [1, 1]},
								"south": {"uv": [8, 4], "uv_size": [1, 1]},
								"west": {"uv": [8, 4], "uv_size": [1, 1]},
								"up": {"uv": [9, 5], "uv_size": [-1, -1]},
								"down": {"uv": [9, 5], "uv_size": [-1, -1]}
							}
						}
					]
				}
			]
		}
	]
}