{
	"format_version": "1.16.0",
	"minecraft:geometry": [
		{
			"description": {
				"identifier": "geometry.lz_sdq",
				"texture_width": 24,
				"texture_height": 24,
				"visible_bounds_width": 2,
				"visible_bounds_height": 3.5,
				"visible_bounds_offset": [0, 1.25, 0]
			},
			"bones": [
				{
					"name": "rightitem",
					"pivot": [0, 20, 0],
					"binding": "q.item_slot_to_bone_name(c.item_slot)",
					"cubes": [
						{
							"origin": [-0.50125, 42.82843, -11.92893],
							"size": [1, 1, 1],
							"pivot": [0.49875, 22.82843, 7.07107],
							"rotation": [45, 0, 0],
							"uv": {
								"north": {"uv": [18, 3], "uv_size": [1, 1]},
								"east": {"uv": [18, 3], "uv_size": [1, 1]},
								"south": {"uv": [18, 3], "uv_size": [1, 1]},
								"west": {"uv": [19, 3], "uv_size": [-1, 1]},
								"up": {"uv": [19, 4], "uv_size": [-1, -1]},
								"down": {"uv": [19, 4], "uv_size": [-1, -1]}
							}
						},
						{
							"origin": [-0.50125, 41.82843, -10.92893],
							"size": [1, 1, 1],
							"pivot": [0.49875, 22.82843, 7.07107],
							"rotation": [45, 0, 0],
							"uv": {
								"north": {"uv": [17, 4], "uv_size": [1, 1]},
								"east": {"uv": [17, 4], "uv_size": [1, 1]},
								"south": {"uv": [17, 4], "uv_size": [1, 1]},
								"west": {"uv": [18, 4], "uv_size": [-1, 1]},
								"up": {"uv": [18, 5], "uv_size": [-1, -1]},
								"down": {"uv": [18, 5], "uv_size": [-1, -1]}
							}
						},
						{
							"origin": [-0.50125, 40.82843, -9.92893],
							"size": [1, 1, 1],
							"pivot": [0.49875, 22.82843, 7.07107],
							"rotation": [45, 0, 0],
							"uv": {
								"north": {"uv": [16, 5], "uv_size": [1, 1]},
								"east": {"uv": [16, 5], "uv_size": [1, 1]},
								"south": {"uv": [16, 5], "uv_size": [1, 1]},
								"west": {"uv": [17, 5], "uv_size": [-1, 1]},
								"up": {"uv": [17, 6], "uv_size": [-1, -1]},
								"down": {"uv": [17, 6], "uv_size": [-1, -1]}
							}
						},
						{
							"origin": [-0.50125, 39.82843, -8.92893],
							"size": [1, 1, 1],
							"pivot": [0.49875, 22.82843, 7.07107],
							"rotation": [45, 0, 0],
							"uv": {
								"north": {"uv": [15, 6], "uv_size": [1, 1]},
								"east": {"uv": [15, 6], "uv_size": [1, 1]},
								"south": {"uv": [15, 6], "uv_size": [1, 1]},
								"west": {"uv": [16, 6], "uv_size": [-1, 1]},
								"up": {"uv": [16, 7], "uv_size": [-1, -1]},
								"down": {"uv": [16, 7], "uv_size": [-1, -1]}
							}
						},
						{
							"origin": [-0.50125, 38.82843, -7.92893],
							"size": [1, 1, 1],
							"pivot": [0.49875, 22.82843, 7.07107],
							"rotation": [45, 0, 0],
							"uv": {
								"north": {"uv": [14, 7], "uv_size": [1, 1]},
								"east": {"uv": [14, 7], "uv_size": [1, 1]},
								"south": {"uv": [14, 7], "uv_size": [1, 1]},
								"west": {"uv": [15, 7], "uv_size": [-1, 1]},
								"up": {"uv": [15, 8], "uv_size": [-1, -1]},
								"down": {"uv": [15, 8], "uv_size": [-1, -1]}
							}
						},
						{
							"origin": [-0.50125, 37.82843, -6.92893],
							"size": [1, 1, 1],
							"pivot": [0.49875, 22.82843, 7.07107],
							"rotation": [45, 0, 0],
							"uv": {
								"north": {"uv": [13, 8], "uv_size": [1, 1]},
								"east": {"uv": [13, 8], "uv_size": [1, 1]},
								"south": {"uv": [13, 8], "uv_size": [1, 1]},
								"west": {"uv": [14, 8], "uv_size": [-1, 1]},
								"up": {"uv": [14, 9], "uv_size": [-1, -1]},
								"down": {"uv": [14, 9], "uv_size": [-1, -1]}
							}
						},
						{
							"origin": [-0.50125, 37.82843, -8.92893],
							"size": [1, 1, 1],
							"pivot": [0.49875, 22.82843, 7.07107],
							"rotation": [45, 0, 0],
							"uv": {
								"north": {"uv": [15, 8], "uv_size": [1, 1]},
								"east": {"uv": [15, 8], "uv_size": [1, 1]},
								"south": {"uv": [15, 8], "uv_size": [1, 1]},
								"west": {"uv": [16, 8], "uv_size": [-1, 1]},
								"up": {"uv": [16, 9], "uv_size": [-1, -1]},
								"down": {"uv": [16, 9], "uv_size": [-1, -1]}
							}
						},
						{
							"origin": [-0.50125, 37.82843, -9.92893],
							"size": [1, 1, 1],
							"pivot": [0.49875, 22.82843, 7.07107],
							"rotation": [45, 0, 0],
							"uv": {
								"north": {"uv": [16, 8], "uv_size": [1, 1]},
								"east": {"uv": [16, 8], "uv_size": [1, 1]},
								"south": {"uv": [16, 8], "uv_size": [1, 1]},
								"west": {"uv": [17, 8], "uv_size": [-1, 1]},
								"up": {"uv": [17, 9], "uv_size": [-1, -1]},
								"down": {"uv": [17, 9], "uv_size": [-1, -1]}
							}
						},
						{
							"origin": [-0.50125, 36.82843, -5.92893],
							"size": [1, 1, 1],
							"pivot": [0.49875, 22.82843, 7.07107],
							"rotation": [45, 0, 0],
							"uv": {
								"north": {"uv": [12, 9], "uv_size": [1, 1]},
								"east": {"uv": [12, 9], "uv_size": [1, 1]},
								"south": {"uv": [12, 9], "uv_size": [1, 1]},
								"west": {"uv": [13, 9], "uv_size": [-1, 1]},
								"up": {"uv": [13, 10], "uv_size": [-1, -1]},
								"down": {"uv": [13, 10], "uv_size": [-1, -1]}
							}
						},
						{
							"origin": [-0.50125, 36.82843, -7.92893],
							"size": [1, 1, 1],
							"pivot": [0.49875, 22.82843, 7.07107],
							"rotation": [45, 0, 0],
							"uv": {
								"north": {"uv": [14, 9], "uv_size": [1, 1]},
								"east": {"uv": [14, 9], "uv_size": [1, 1]},
								"south": {"uv": [14, 9], "uv_size": [1, 1]},
								"west": {"uv": [15, 9], "uv_size": [-1, 1]},
								"up": {"uv": [15, 10], "uv_size": [-1, -1]},
								"down": {"uv": [15, 10], "uv_size": [-1, -1]}
							}
						},
						{
							"origin": [-0.50125, 36.82843, -9.92893],
							"size": [1, 1, 1],
							"pivot": [0.49875, 22.82843, 7.07107],
							"rotation": [45, 0, 0],
							"uv": {
								"north": {"uv": [16, 9], "uv_size": [1, 1]},
								"east": {"uv": [16, 9], "uv_size": [1, 1]},
								"south": {"uv": [16, 9], "uv_size": [1, 1]},
								"west": {"uv": [17, 9], "uv_size": [-1, 1]},
								"up": {"uv": [17, 10], "uv_size": [-1, -1]},
								"down": {"uv": [17, 10], "uv_size": [-1, -1]}
							}
						},
						{
							"origin": [-0.50125, 35.82843, -4.92893],
							"size": [1, 1, 1],
							"pivot": [0.49875, 22.82843, 7.07107],
							"rotation": [45, 0, 0],
							"uv": {
								"north": {"uv": [11, 10], "uv_size": [1, 1]},
								"east": {"uv": [11, 10], "uv_size": [1, 1]},
								"south": {"uv": [11, 10], "uv_size": [1, 1]},
								"west": {"uv": [12, 10], "uv_size": [-1, 1]},
								"up": {"uv": [12, 11], "uv_size": [-1, -1]},
								"down": {"uv": [12, 11], "uv_size": [-1, -1]}
							}
						},
						{
							"origin": [-0.50125, 35.82843, -6.92893],
							"size": [1, 1, 1],
							"pivot": [0.49875, 22.82843, 7.07107],
							"rotation": [45, 0, 0],
							"uv": {
								"north": {"uv": [13, 10], "uv_size": [1, 1]},
								"east": {"uv": [13, 10], "uv_size": [1, 1]},
								"south": {"uv": [13, 10], "uv_size": [1, 1]},
								"west": {"uv": [14, 10], "uv_size": [-1, 1]},
								"up": {"uv": [14, 11], "uv_size": [-1, -1]},
								"down": {"uv": [14, 11], "uv_size": [-1, -1]}
							}
						},
						{
							"origin": [-0.50125, 35.82843, -8.92893],
							"size": [1, 1, 1],
							"pivot": [0.49875, 22.82843, 7.07107],
							"rotation": [45, 0, 0],
							"uv": {
								"north": {"uv": [15, 10], "uv_size": [1, 1]},
								"east": {"uv": [15, 10], "uv_size": [1, 1]},
								"south": {"uv": [15, 10], "uv_size": [1, 1]},
								"west": {"uv": [16, 10], "uv_size": [-1, 1]},
								"up": {"uv": [16, 11], "uv_size": [-1, -1]},
								"down": {"uv": [16, 11], "uv_size": [-1, -1]}
							}
						},
						{
							"origin": [-0.50125, 34.82843, -3.92893],
							"size": [1, 1, 1],
							"pivot": [0.49875, 22.82843, 7.07107],
							"rotation": [45, 0, 0],
							"uv": {
								"north": {"uv": [10, 11], "uv_size": [1, 1]},
								"east": {"uv": [10, 11], "uv_size": [1, 1]},
								"south": {"uv": [10, 11], "uv_size": [1, 1]},
								"west": {"uv": [11, 11], "uv_size": [-1, 1]},
								"up": {"uv": [11, 12], "uv_size": [-1, -1]},
								"down": {"uv": [11, 12], "uv_size": [-1, -1]}
							}
						},
						{
							"origin": [-0.50125, 34.82843, -5.92893],
							"size": [1, 1, 1],
							"pivot": [0.49875, 22.82843, 7.07107],
							"rotation": [45, 0, 0],
							"uv": {
								"north": {"uv": [12, 11], "uv_size": [1, 1]},
								"east": {"uv": [12, 11], "uv_size": [1, 1]},
								"south": {"uv": [12, 11], "uv_size": [1, 1]},
								"west": {"uv": [13, 11], "uv_size": [-1, 1]},
								"up": {"uv": [13, 12], "uv_size": [-1, -1]},
								"down": {"uv": [13, 12], "uv_size": [-1, -1]}
							}
						},
						{
							"origin": [-0.50125, 34.82843, -7.92893],
							"size": [1, 1, 1],
							"pivot": [0.49875, 22.82843, 7.07107],
							"rotation": [45, 0, 0],
							"uv": {
								"north": {"uv": [14, 11], "uv_size": [1, 1]},
								"east": {"uv": [14, 11], "uv_size": [1, 1]},
								"south": {"uv": [14, 11], "uv_size": [1, 1]},
								"west": {"uv": [15, 11], "uv_size": [-1, 1]},
								"up": {"uv": [15, 12], "uv_size": [-1, -1]},
								"down": {"uv": [15, 12], "uv_size": [-1, -1]}
							}
						},
						{
							"origin": [-0.50125, 33.82843, -2.92893],
							"size": [1, 1, 1],
							"pivot": [0.49875, 22.82843, 7.07107],
							"rotation": [45, 0, 0],
							"uv": {
								"north": {"uv": [9, 12], "uv_size": [1, 1]},
								"east": {"uv": [9, 12], "uv_size": [1, 1]},
								"south": {"uv": [9, 12], "uv_size": [1, 1]},
								"west": {"uv": [10, 12], "uv_size": [-1, 1]},
								"up": {"uv": [10, 13], "uv_size": [-1, -1]},
								"down": {"uv": [10, 13], "uv_size": [-1, -1]}
							}
						},
						{
							"origin": [-0.50125, 33.82843, -5.92893],
							"size": [1, 1, 1],
							"pivot": [0.49875, 22.82843, 7.07107],
							"rotation": [45, 0, 0],
							"uv": {
								"north": {"uv": [12, 12], "uv_size": [1, 1]},
								"east": {"uv": [12, 12], "uv_size": [1, 1]},
								"south": {"uv": [12, 12], "uv_size": [1, 1]},
								"west": {"uv": [13, 12], "uv_size": [-1, 1]},
								"up": {"uv": [13, 13], "uv_size": [-1, -1]},
								"down": {"uv": [13, 13], "uv_size": [-1, -1]}
							}
						},
						{
							"origin": [-0.50125, 33.82843, -6.92893],
							"size": [1, 1, 1],
							"pivot": [0.49875, 22.82843, 7.07107],
							"rotation": [45, 0, 0],
							"uv": {
								"north": {"uv": [13, 12], "uv_size": [1, 1]},
								"east": {"uv": [13, 12], "uv_size": [1, 1]},
								"south": {"uv": [13, 12], "uv_size": [1, 1]},
								"west": {"uv": [14, 12], "uv_size": [-1, 1]},
								"up": {"uv": [14, 13], "uv_size": [-1, -1]},
								"down": {"uv": [14, 13], "uv_size": [-1, -1]}
							}
						},
						{
							"origin": [-0.50125, 32.82843, -1.92893],
							"size": [1, 1, 1],
							"pivot": [0.49875, 22.82843, 7.07107],
							"rotation": [45, 0, 0],
							"uv": {
								"north": {"uv": [8, 13], "uv_size": [1, 1]},
								"east": {"uv": [8, 13], "uv_size": [1, 1]},
								"south": {"uv": [8, 13], "uv_size": [1, 1]},
								"west": {"uv": [9, 13], "uv_size": [-1, 1]},
								"up": {"uv": [9, 14], "uv_size": [-1, -1]},
								"down": {"uv": [9, 14], "uv_size": [-1, -1]}
							}
						},
						{
							"origin": [-0.50125, 32.82843, -4.92893],
							"size": [1, 1, 1],
							"pivot": [0.49875, 22.82843, 7.07107],
							"rotation": [45, 0, 0],
							"uv": {
								"north": {"uv": [11, 13], "uv_size": [1, 1]},
								"east": {"uv": [11, 13], "uv_size": [1, 1]},
								"south": {"uv": [11, 13], "uv_size": [1, 1]},
								"west": {"uv": [12, 13], "uv_size": [-1, 1]},
								"up": {"uv": [12, 14], "uv_size": [-1, -1]},
								"down": {"uv": [12, 14], "uv_size": [-1, -1]}
							}
						},
						{
							"origin": [-0.50125, 31.82843, -0.92893],
							"size": [1, 1, 1],
							"pivot": [0.49875, 22.82843, 7.07107],
							"rotation": [45, 0, 0],
							"uv": {
								"north": {"uv": [7, 14], "uv_size": [1, 1]},
								"east": {"uv": [7, 14], "uv_size": [1, 1]},
								"south": {"uv": [7, 14], "uv_size": [1, 1]},
								"west": {"uv": [8, 14], "uv_size": [-1, 1]},
								"up": {"uv": [8, 15], "uv_size": [-1, -1]},
								"down": {"uv": [8, 15], "uv_size": [-1, -1]}
							}
						},
						{
							"origin": [-0.50125, 31.82843, -4.92893],
							"size": [1, 1, 1],
							"pivot": [0.49875, 22.82843, 7.07107],
							"rotation": [45, 0, 0],
							"uv": {
								"north": {"uv": [11, 14], "uv_size": [1, 1]},
								"east": {"uv": [11, 14], "uv_size": [1, 1]},
								"south": {"uv": [11, 14], "uv_size": [1, 1]},
								"west": {"uv": [12, 14], "uv_size": [-1, 1]},
								"up": {"uv": [12, 15], "uv_size": [-1, -1]},
								"down": {"uv": [12, 15], "uv_size": [-1, -1]}
							}
						},
						{
							"origin": [-0.50125, 30.82843, -0.92893],
							"size": [1, 1, 1],
							"pivot": [0.49875, 22.82843, 7.07107],
							"rotation": [45, 0, 0],
							"uv": {
								"north": {"uv": [7, 15], "uv_size": [1, 1]},
								"east": {"uv": [7, 15], "uv_size": [1, 1]},
								"south": {"uv": [7, 15], "uv_size": [1, 1]},
								"west": {"uv": [8, 15], "uv_size": [-1, 1]},
								"up": {"uv": [8, 16], "uv_size": [-1, -1]},
								"down": {"uv": [8, 16], "uv_size": [-1, -1]}
							}
						},
						{
							"origin": [-0.50125, 30.82843, -2.92893],
							"size": [1, 1, 1],
							"pivot": [0.49875, 22.82843, 7.07107],
							"rotation": [45, 0, 0],
							"uv": {
								"north": {"uv": [9, 15], "uv_size": [1, 1]},
								"east": {"uv": [9, 15], "uv_size": [1, 1]},
								"south": {"uv": [9, 15], "uv_size": [1, 1]},
								"west": {"uv": [10, 15], "uv_size": [-1, 1]},
								"up": {"uv": [10, 16], "uv_size": [-1, -1]},
								"down": {"uv": [10, 16], "uv_size": [-1, -1]}
							}
						},
						{
							"origin": [-0.50125, 30.82843, -3.92893],
							"size": [1, 1, 1],
							"pivot": [0.49875, 22.82843, 7.07107],
							"rotation": [45, 0, 0],
							"uv": {
								"north": {"uv": [10, 15], "uv_size": [1, 1]},
								"east": {"uv": [10, 15], "uv_size": [1, 1]},
								"south": {"uv": [10, 15], "uv_size": [1, 1]},
								"west": {"uv": [11, 15], "uv_size": [-1, 1]},
								"up": {"uv": [11, 16], "uv_size": [-1, -1]},
								"down": {"uv": [11, 16], "uv_size": [-1, -1]}
							}
						},
						{
							"origin": [-0.50125, 29.82843, 0.07107],
							"size": [1, 1, 1],
							"pivot": [0.49875, 22.82843, 7.07107],
							"rotation": [45, 0, 0],
							"uv": {
								"north": {"uv": [6, 16], "uv_size": [1, 1]},
								"east": {"uv": [6, 16], "uv_size": [1, 1]},
								"south": {"uv": [6, 16], "uv_size": [1, 1]},
								"west": {"uv": [7, 16], "uv_size": [-1, 1]},
								"up": {"uv": [7, 17], "uv_size": [-1, -1]},
								"down": {"uv": [7, 17], "uv_size": [-1, -1]}
							}
						},
						{
							"origin": [-0.50125, 29.82843, -1.92893],
							"size": [1, 1, 1],
							"pivot": [0.49875, 22.82843, 7.07107],
							"rotation": [45, 0, 0],
							"uv": {
								"north": {"uv": [8, 16], "uv_size": [1, 1]},
								"east": {"uv": [8, 16], "uv_size": [1, 1]},
								"south": {"uv": [8, 16], "uv_size": [1, 1]},
								"west": {"uv": [9, 16], "uv_size": [-1, 1]},
								"up": {"uv": [9, 17], "uv_size": [-1, -1]},
								"down": {"uv": [9, 17], "uv_size": [-1, -1]}
							}
						},
						{
							"origin": [-0.50125, 28.82843, 1.07107],
							"size": [1, 1, 1],
							"pivot": [0.49875, 22.82843, 7.07107],
							"rotation": [45, 0, 0],
							"uv": {
								"north": {"uv": [5, 17], "uv_size": [1, 1]},
								"east": {"uv": [5, 17], "uv_size": [1, 1]},
								"south": {"uv": [5, 17], "uv_size": [1, 1]},
								"west": {"uv": [6, 17], "uv_size": [-1, 1]},
								"up": {"uv": [6, 18], "uv_size": [-1, -1]},
								"down": {"uv": [6, 18], "uv_size": [-1, -1]}
							}
						},
						{
							"origin": [-0.50125, 28.82843, -1.92893],
							"size": [1, 1, 1],
							"pivot": [0.49875, 22.82843, 7.07107],
							"rotation": [45, 0, 0],
							"uv": {
								"north": {"uv": [8, 17], "uv_size": [1, 1]},
								"east": {"uv": [8, 17], "uv_size": [1, 1]},
								"south": {"uv": [8, 17], "uv_size": [1, 1]},
								"west": {"uv": [9, 17], "uv_size": [-1, 1]},
								"up": {"uv": [9, 18], "uv_size": [-1, -1]},
								"down": {"uv": [9, 18], "uv_size": [-1, -1]}
							}
						},
						{
							"origin": [-0.50125, 27.82843, 2.07107],
							"size": [1, 1, 1],
							"pivot": [0.49875, 22.82843, 7.07107],
							"rotation": [45, 0, 0],
							"uv": {
								"north": {"uv": [4, 18], "uv_size": [1, 1]},
								"east": {"uv": [4, 18], "uv_size": [1, 1]},
								"south": {"uv": [4, 18], "uv_size": [1, 1]},
								"west": {"uv": [5, 18], "uv_size": [-1, 1]},
								"up": {"uv": [5, 19], "uv_size": [-1, -1]},
								"down": {"uv": [5, 19], "uv_size": [-1, -1]}
							}
						},
						{
							"origin": [-0.50125, 27.82843, -0.92893],
							"size": [1, 1, 1],
							"pivot": [0.49875, 22.82843, 7.07107],
							"rotation": [45, 0, 0],
							"uv": {
								"north": {"uv": [7, 18], "uv_size": [1, 1]},
								"east": {"uv": [7, 18], "uv_size": [1, 1]},
								"south": {"uv": [7, 18], "uv_size": [1, 1]},
								"west": {"uv": [8, 18], "uv_size": [-1, 1]},
								"up": {"uv": [8, 19], "uv_size": [-1, -1]},
								"down": {"uv": [8, 19], "uv_size": [-1, -1]}
							}
						},
						{
							"origin": [-0.50125, 26.82843, 1.07107],
							"size": [1, 1, 1],
							"pivot": [0.49875, 22.82843, 7.07107],
							"rotation": [45, 0, 0],
							"uv": {
								"north": {"uv": [5, 19], "uv_size": [1, 1]},
								"east": {"uv": [5, 19], "uv_size": [1, 1]},
								"south": {"uv": [5, 19], "uv_size": [1, 1]},
								"west": {"uv": [6, 19], "uv_size": [-1, 1]},
								"up": {"uv": [6, 20], "uv_size": [-1, -1]},
								"down": {"uv": [6, 20], "uv_size": [-1, -1]}
							}
						},
						{
							"origin": [-0.50125, 26.82843, -0.92893],
							"size": [1, 1, 1],
							"pivot": [0.49875, 22.82843, 7.07107],
							"rotation": [45, 0, 0],
							"uv": {
								"north": {"uv": [7, 19], "uv_size": [1, 1]},
								"east": {"uv": [7, 19], "uv_size": [1, 1]},
								"south": {"uv": [7, 19], "uv_size": [1, 1]},
								"west": {"uv": [8, 19], "uv_size": [-1, 1]},
								"up": {"uv": [8, 20], "uv_size": [-1, -1]},
								"down": {"uv": [8, 20], "uv_size": [-1, -1]}
							}
						},
						{
							"origin": [-0.50125, 25.82843, 2.07107],
							"size": [1, 1, 1],
							"pivot": [0.49875, 22.82843, 7.07107],
							"rotation": [45, 0, 0],
							"uv": {
								"north": {"uv": [4, 20], "uv_size": [1, 1]},
								"east": {"uv": [4, 20], "uv_size": [1, 1]},
								"south": {"uv": [4, 20], "uv_size": [1, 1]},
								"west": {"uv": [5, 20], "uv_size": [-1, 1]},
								"up": {"uv": [5, 21], "uv_size": [-1, -1]},
								"down": {"uv": [5, 21], "uv_size": [-1, -1]}
							}
						},
						{
							"origin": [-0.50125, 25.82843, 1.07107],
							"size": [1, 1, 1],
							"pivot": [0.49875, 22.82843, 7.07107],
							"rotation": [45, 0, 0],
							"uv": {
								"north": {"uv": [5, 20], "uv_size": [1, 1]},
								"east": {"uv": [5, 20], "uv_size": [1, 1]},
								"south": {"uv": [5, 20], "uv_size": [1, 1]},
								"west": {"uv": [6, 20], "uv_size": [-1, 1]},
								"up": {"uv": [6, 21], "uv_size": [-1, -1]},
								"down": {"uv": [6, 21], "uv_size": [-1, -1]}
							}
						},
						{
							"origin": [-0.50125, 25.82843, 0.07107],
							"size": [1, 1, 1],
							"pivot": [0.49875, 22.82843, 7.07107],
							"rotation": [45, 0, 0],
							"uv": {
								"north": {"uv": [6, 20], "uv_size": [1, 1]},
								"east": {"uv": [6, 20], "uv_size": [1, 1]},
								"south": {"uv": [6, 20], "uv_size": [1, 1]},
								"west": {"uv": [7, 20], "uv_size": [-1, 1]},
								"up": {"uv": [7, 21], "uv_size": [-1, -1]},
								"down": {"uv": [7, 21], "uv_size": [-1, -1]}
							}
						},
						{
							"origin": [-0.50125, 42.82843, -12.92893],
							"size": [1, 1, 1],
							"pivot": [0.49875, 22.82843, 7.07107],
							"rotation": [45, 0, 0],
							"uv": {
								"north": {"uv": [19, 3], "uv_size": [1, 1]},
								"east": {"uv": [19, 3], "uv_size": [1, 1]},
								"south": {"uv": [19, 3], "uv_size": [1, 1]},
								"west": {"uv": [20, 3], "uv_size": [-1, 1]},
								"up": {"uv": [20, 4], "uv_size": [-1, -1]},
								"down": {"uv": [20, 4], "uv_size": [-1, -1]}
							}
						},
						{
							"origin": [-0.70125, 41.82843, -11.92893],
							"size": [1.4, 1, 1],
							"pivot": [0.49875, 22.82843, 7.07107],
							"rotation": [45, 0, 0],
							"uv": {
								"north": {"uv": [18, 4], "uv_size": [1, 1]},
								"east": {"uv": [18, 4], "uv_size": [1, 1]},
								"south": {"uv": [18, 4], "uv_size": [1, 1]},
								"west": {"uv": [19, 4], "uv_size": [-1, 1]},
								"up": {"uv": [19, 5], "uv_size": [-1, -1]},
								"down": {"uv": [19, 5], "uv_size": [-1, -1]}
							}
						},
						{
							"origin": [-0.75125, 40.82843, -10.92893],
							"size": [1.5, 1, 1],
							"pivot": [0.49875, 22.82843, 7.07107],
							"rotation": [45, 0, 0],
							"uv": {
								"north": {"uv": [17, 5], "uv_size": [1, 1]},
								"east": {"uv": [17, 5], "uv_size": [1, 1]},
								"south": {"uv": [17, 5], "uv_size": [1, 1]},
								"west": {"uv": [18, 5], "uv_size": [-1, 1]},
								"up": {"uv": [18, 6], "uv_size": [-1, -1]},
								"down": {"uv": [18, 6], "uv_size": [-1, -1]}
							}
						},
						{
							"origin": [-0.77375, 39.82843, -9.92893],
							"size": [1.55, 1, 1],
							"pivot": [0.49875, 22.82843, 7.07107],
							"rotation": [45, 0, 0],
							"uv": {
								"north": {"uv": [16, 6], "uv_size": [1, 1]},
								"east": {"uv": [16, 6], "uv_size": [1, 1]},
								"south": {"uv": [16, 6], "uv_size": [1, 1]},
								"west": {"uv": [17, 6], "uv_size": [-1, 1]},
								"up": {"uv": [17, 7], "uv_size": [-1, -1]},
								"down": {"uv": [17, 7], "uv_size": [-1, -1]}
							}
						},
						{
							"origin": [-0.77375, 38.82843, -8.92893],
							"size": [1.55, 1, 1],
							"pivot": [0.49875, 22.82843, 7.07107],
							"rotation": [45, 0, 0],
							"uv": {
								"north": {"uv": [15, 7], "uv_size": [1, 1]},
								"east": {"uv": [15, 7], "uv_size": [1, 1]},
								"south": {"uv": [15, 7], "uv_size": [1, 1]},
								"west": {"uv": [16, 7], "uv_size": [-1, 1]},
								"up": {"uv": [16, 8], "uv_size": [-1, -1]},
								"down": {"uv": [16, 8], "uv_size": [-1, -1]}
							}
						},
						{
							"origin": [-0.77375, 37.82843, -7.92893],
							"size": [1.55, 1, 1],
							"pivot": [0.49875, 22.82843, 7.07107],
							"rotation": [45, 0, 0],
							"uv": {
								"north": {"uv": [14, 8], "uv_size": [1, 1]},
								"east": {"uv": [14, 8], "uv_size": [1, 1]},
								"south": {"uv": [14, 8], "uv_size": [1, 1]},
								"west": {"uv": [15, 8], "uv_size": [-1, 1]},
								"up": {"uv": [15, 9], "uv_size": [-1, -1]},
								"down": {"uv": [15, 9], "uv_size": [-1, -1]}
							}
						},
						{
							"origin": [-0.77375, 36.82843, -6.92893],
							"size": [1.55, 1, 1],
							"pivot": [0.49875, 22.82843, 7.07107],
							"rotation": [45, 0, 0],
							"uv": {
								"north": {"uv": [13, 9], "uv_size": [1, 1]},
								"east": {"uv": [13, 9], "uv_size": [1, 1]},
								"south": {"uv": [13, 9], "uv_size": [1, 1]},
								"west": {"uv": [14, 9], "uv_size": [-1, 1]},
								"up": {"uv": [14, 10], "uv_size": [-1, -1]},
								"down": {"uv": [14, 10], "uv_size": [-1, -1]}
							}
						},
						{
							"origin": [-0.77375, 35.82843, -5.92893],
							"size": [1.55, 1, 1],
							"pivot": [0.49875, 22.82843, 7.07107],
							"rotation": [45, 0, 0],
							"uv": {
								"north": {"uv": [12, 10], "uv_size": [1, 1]},
								"east": {"uv": [12, 10], "uv_size": [1, 1]},
								"south": {"uv": [12, 10], "uv_size": [1, 1]},
								"west": {"uv": [13, 10], "uv_size": [-1, 1]},
								"up": {"uv": [13, 11], "uv_size": [-1, -1]},
								"down": {"uv": [13, 11], "uv_size": [-1, -1]}
							}
						},
						{
							"origin": [-0.77375, 34.82843, -4.92893],
							"size": [1.55, 1, 1],
							"pivot": [0.49875, 22.82843, 7.07107],
							"rotation": [45, 0, 0],
							"uv": {
								"north": {"uv": [11, 11], "uv_size": [1, 1]},
								"east": {"uv": [11, 11], "uv_size": [1, 1]},
								"south": {"uv": [11, 11], "uv_size": [1, 1]},
								"west": {"uv": [12, 11], "uv_size": [-1, 1]},
								"up": {"uv": [12, 12], "uv_size": [-1, -1]},
								"down": {"uv": [12, 12], "uv_size": [-1, -1]}
							}
						},
						{
							"origin": [-0.77375, 33.82843, -3.92893],
							"size": [1.55, 1, 1],
							"pivot": [0.49875, 22.82843, 7.07107],
							"rotation": [45, 0, 0],
							"uv": {
								"north": {"uv": [10, 12], "uv_size": [1, 1]},
								"east": {"uv": [10, 12], "uv_size": [1, 1]},
								"south": {"uv": [10, 12], "uv_size": [1, 1]},
								"west": {"uv": [11, 12], "uv_size": [-1, 1]},
								"up": {"uv": [11, 13], "uv_size": [-1, -1]},
								"down": {"uv": [11, 13], "uv_size": [-1, -1]}
							}
						},
						{
							"origin": [-0.77375, 32.82843, -2.92893],
							"size": [1.55, 1, 1],
							"pivot": [0.49875, 22.82843, 7.07107],
							"rotation": [45, 0, 0],
							"uv": {
								"north": {"uv": [9, 13], "uv_size": [1, 1]},
								"east": {"uv": [9, 13], "uv_size": [1, 1]},
								"south": {"uv": [9, 13], "uv_size": [1, 1]},
								"west": {"uv": [10, 13], "uv_size": [-1, 1]},
								"up": {"uv": [10, 14], "uv_size": [-1, -1]},
								"down": {"uv": [10, 14], "uv_size": [-1, -1]}
							}
						},
						{
							"origin": [-0.77375, 31.82843, -1.92893],
							"size": [1.55, 1, 1],
							"pivot": [0.49875, 22.82843, 7.07107],
							"rotation": [45, 0, 0],
							"uv": {
								"north": {"uv": [8, 14], "uv_size": [1, 1]},
								"east": {"uv": [8, 14], "uv_size": [1, 1]},
								"south": {"uv": [8, 14], "uv_size": [1, 1]},
								"west": {"uv": [9, 14], "uv_size": [-1, 1]},
								"up": {"uv": [9, 15], "uv_size": [-1, -1]},
								"down": {"uv": [9, 15], "uv_size": [-1, -1]}
							}
						},
						{
							"origin": [-0.77375, 29.82843, -0.92893],
							"size": [1.55, 1, 1],
							"pivot": [0.49875, 22.82843, 7.07107],
							"rotation": [45, 0, 0],
							"uv": {
								"north": {"uv": [7, 16], "uv_size": [1, 1]},
								"east": {"uv": [7, 16], "uv_size": [1, 1]},
								"south": {"uv": [7, 16], "uv_size": [1, 1]},
								"west": {"uv": [8, 16], "uv_size": [-1, 1]},
								"up": {"uv": [8, 17], "uv_size": [-1, -1]},
								"down": {"uv": [8, 17], "uv_size": [-1, -1]}
							}
						},
						{
							"origin": [-0.77375, 28.82843, 0.07107],
							"size": [1.55, 1, 1],
							"pivot": [0.49875, 22.82843, 7.07107],
							"rotation": [45, 0, 0],
							"uv": {
								"north": {"uv": [6, 17], "uv_size": [1, 1]},
								"east": {"uv": [6, 17], "uv_size": [1, 1]},
								"south": {"uv": [6, 17], "uv_size": [1, 1]},
								"west": {"uv": [7, 17], "uv_size": [-1, 1]},
								"up": {"uv": [7, 18], "uv_size": [-1, -1]},
								"down": {"uv": [7, 18], "uv_size": [-1, -1]}
							}
						},
						{
							"origin": [-0.77375, 27.82843, 0.07107],
							"size": [1.55, 1, 1],
							"pivot": [0.49875, 22.82843, 7.07107],
							"rotation": [45, 0, 0],
							"uv": {
								"north": {"uv": [6, 18], "uv_size": [1, 1]},
								"east": {"uv": [6, 18], "uv_size": [1, 1]},
								"south": {"uv": [6, 18], "uv_size": [1, 1]},
								"west": {"uv": [7, 18], "uv_size": [-1, 1]},
								"up": {"uv": [7, 19], "uv_size": [-1, -1]},
								"down": {"uv": [7, 19], "uv_size": [-1, -1]}
							}
						},
						{
							"origin": [-0.75125, 26.82843, 0.07107],
							"size": [1.5, 1, 1],
							"pivot": [0.49875, 22.82843, 7.07107],
							"rotation": [45, 0, 0],
							"uv": {
								"north": {"uv": [6, 19], "uv_size": [1, 1]},
								"east": {"uv": [6, 19], "uv_size": [1, 1]},
								"south": {"uv": [6, 19], "uv_size": [1, 1]},
								"west": {"uv": [7, 19], "uv_size": [-1, 1]},
								"up": {"uv": [7, 20], "uv_size": [-1, -1]},
								"down": {"uv": [7, 20], "uv_size": [-1, -1]}
							}
						},
						{
							"origin": [-0.75125, 27.82843, 1.07107],
							"size": [1.5, 1, 1],
							"pivot": [0.49875, 22.82843, 7.07107],
							"rotation": [45, 0, 0],
							"uv": {
								"north": {"uv": [5, 18], "uv_size": [1, 1]},
								"east": {"uv": [5, 18], "uv_size": [1, 1]},
								"south": {"uv": [5, 18], "uv_size": [1, 1]},
								"west": {"uv": [6, 18], "uv_size": [-1, 1]},
								"up": {"uv": [6, 19], "uv_size": [-1, -1]},
								"down": {"uv": [6, 19], "uv_size": [-1, -1]}
							}
						},
						{
							"origin": [-0.75125, 28.82843, -0.92893],
							"size": [1.5, 1, 1],
							"pivot": [0.49875, 22.82843, 7.07107],
							"rotation": [45, 0, 0],
							"uv": {
								"north": {"uv": [7, 17], "uv_size": [1, 1]},
								"east": {"uv": [7, 17], "uv_size": [1, 1]},
								"south": {"uv": [7, 17], "uv_size": [1, 1]},
								"west": {"uv": [8, 17], "uv_size": [-1, 1]},
								"up": {"uv": [8, 18], "uv_size": [-1, -1]},
								"down": {"uv": [8, 18], "uv_size": [-1, -1]}
							}
						},
						{
							"origin": [-0.75125, 30.82843, -1.92893],
							"size": [1.5, 1, 1],
							"pivot": [0.49875, 22.82843, 7.07107],
							"rotation": [45, 0, 0],
							"uv": {
								"north": {"uv": [8, 15], "uv_size": [1, 1]},
								"east": {"uv": [8, 15], "uv_size": [1, 1]},
								"south": {"uv": [8, 15], "uv_size": [1, 1]},
								"west": {"uv": [9, 15], "uv_size": [-1, 1]},
								"up": {"uv": [9, 16], "uv_size": [-1, -1]},
								"down": {"uv": [9, 16], "uv_size": [-1, -1]}
							}
						},
						{
							"origin": [-0.75125, 31.82843, -3.92893],
							"size": [1.5, 1, 1],
							"pivot": [0.49875, 22.82843, 7.07107],
							"rotation": [45, 0, 0],
							"uv": {
								"north": {"uv": [10, 14], "uv_size": [1, 1]},
								"east": {"uv": [10, 14], "uv_size": [1, 1]},
								"south": {"uv": [10, 14], "uv_size": [1, 1]},
								"west": {"uv": [11, 14], "uv_size": [-1, 1]},
								"up": {"uv": [11, 15], "uv_size": [-1, -1]},
								"down": {"uv": [11, 15], "uv_size": [-1, -1]}
							}
						},
						{
							"origin": [-0.75125, 31.82843, -2.92893],
							"size": [1.5, 1, 1],
							"pivot": [0.49875, 22.82843, 7.07107],
							"rotation": [45, 0, 0],
							"uv": {
								"north": {"uv": [9, 14], "uv_size": [1, 1]},
								"east": {"uv": [9, 14], "uv_size": [1, 1]},
								"south": {"uv": [9, 14], "uv_size": [1, 1]},
								"west": {"uv": [10, 14], "uv_size": [-1, 1]},
								"up": {"uv": [10, 15], "uv_size": [-1, -1]},
								"down": {"uv": [10, 15], "uv_size": [-1, -1]}
							}
						},
						{
							"origin": [-0.75125, 32.82843, -3.92893],
							"size": [1.5, 1, 1],
							"pivot": [0.49875, 22.82843, 7.07107],
							"rotation": [45, 0, 0],
							"uv": {
								"north": {"uv": [10, 13], "uv_size": [1, 1]},
								"east": {"uv": [10, 13], "uv_size": [1, 1]},
								"south": {"uv": [10, 13], "uv_size": [1, 1]},
								"west": {"uv": [11, 13], "uv_size": [-1, 1]},
								"up": {"uv": [11, 14], "uv_size": [-1, -1]},
								"down": {"uv": [11, 14], "uv_size": [-1, -1]}
							}
						},
						{
							"origin": [-0.75125, 33.82843, -4.92893],
							"size": [1.5, 1, 1],
							"pivot": [0.49875, 22.82843, 7.07107],
							"rotation": [45, 0, 0],
							"uv": {
								"north": {"uv": [11, 12], "uv_size": [1, 1]},
								"east": {"uv": [11, 12], "uv_size": [1, 1]},
								"south": {"uv": [11, 12], "uv_size": [1, 1]},
								"west": {"uv": [12, 12], "uv_size": [-1, 1]},
								"up": {"uv": [12, 13], "uv_size": [-1, -1]},
								"down": {"uv": [12, 13], "uv_size": [-1, -1]}
							}
						},
						{
							"origin": [-0.75125, 34.82843, -6.92893],
							"size": [1.5, 1, 1],
							"pivot": [0.49875, 22.82843, 7.07107],
							"rotation": [45, 0, 0],
							"uv": {
								"north": {"uv": [13, 11], "uv_size": [1, 1]},
								"east": {"uv": [13, 11], "uv_size": [1, 1]},
								"south": {"uv": [13, 11], "uv_size": [1, 1]},
								"west": {"uv": [14, 11], "uv_size": [-1, 1]},
								"up": {"uv": [14, 12], "uv_size": [-1, -1]},
								"down": {"uv": [14, 12], "uv_size": [-1, -1]}
							}
						},
						{
							"origin": [-0.75125, 35.82843, -7.92893],
							"size": [1.5, 1, 1],
							"pivot": [0.49875, 22.82843, 7.07107],
							"rotation": [45, 0, 0],
							"uv": {
								"north": {"uv": [14, 10], "uv_size": [1, 1]},
								"east": {"uv": [14, 10], "uv_size": [1, 1]},
								"south": {"uv": [14, 10], "uv_size": [1, 1]},
								"west": {"uv": [15, 10], "uv_size": [-1, 1]},
								"up": {"uv": [15, 11], "uv_size": [-1, -1]},
								"down": {"uv": [15, 11], "uv_size": [-1, -1]}
							}
						},
						{
							"origin": [-0.75125, 36.82843, -8.92893],
							"size": [1.5, 1, 1],
							"pivot": [0.49875, 22.82843, 7.07107],
							"rotation": [45, 0, 0],
							"uv": {
								"north": {"uv": [15, 9], "uv_size": [1, 1]},
								"east": {"uv": [15, 9], "uv_size": [1, 1]},
								"south": {"uv": [15, 9], "uv_size": [1, 1]},
								"west": {"uv": [16, 9], "uv_size": [-1, 1]},
								"up": {"uv": [16, 10], "uv_size": [-1, -1]},
								"down": {"uv": [16, 10], "uv_size": [-1, -1]}
							}
						}
					]
				}
			]
		}
	]
}