{
	"format_version": "1.16.0",
	"minecraft:geometry": [
		{
			"description": {
				"identifier": "geometry.lz_snake_blade_lj",
				"texture_width": 128,
				"texture_height": 128,
				"visible_bounds_width": 4,
				"visible_bounds_height": 4.5,
				"visible_bounds_offset": [0, 1.75, 0]
			},
			"bones": [
				{
					"name": "rightitem",
					"pivot": [0, 20, 0],
					"binding": "q.item_slot_to_bone_name(c.item_slot)"
				},
				{
					"name": "bone2",
					"parent": "rightitem",
					"pivot": [0, 20, 0]
				},
				{
					"name": "handle",
					"parent": "bone2",
					"pivot": [0, 20, 0]
				},
				{
					"name": "blade1",
					"parent": "bone2",
					"pivot": [0, 30, -8]
				},
				{
					"name": "blade_ys",
					"parent": "bone2",
					"pivot": [0, 36, -13]
				},
				{
					"name": "sword_p",
					"parent": "blade_ys",
					"pivot": [0, 36, -13]
				},
				{
					"name": "lj",
					"parent": "blade_ys",
					"pivot": [-0.5, 33, -10.5],
					"cubes": [
						{
							"origin": [-11.5, 44, -38.4],
							"size": [10, 6, 0.8],
							"pivot": [-0.5, 14, -38.5],
							"rotation": [-90, 45, -90],
							"uv": {
								"north": {"uv": [107, 0], "uv_size": [21, 12]},
								"east": {"uv": [107, 0], "uv_size": [1, 12]},
								"south": {"uv": [107, 0], "uv_size": [21, 12]},
								"west": {"uv": [127, 0], "uv_size": [1, 12]},
								"up": {"uv": [128, 11], "uv_size": [-21, -1]},
								"down": {"uv": [128, 5], "uv_size": [-21, -1]}
							}
						}
					]
				},
				{
					"name": "1blade_ys",
					"parent": "blade_ys",
					"pivot": [0, 42, -20]
				},
				{
					"name": "blade3",
					"parent": "1blade_ys",
					"pivot": [0, 42, -19]
				},
				{
					"name": "1lj",
					"parent": "1blade_ys",
					"pivot": [-0.5, 41, -18.5],
					"cubes": [
						{
							"origin": [-11.5, 52, -46.4],
							"size": [10, 6, 0.8],
							"pivot": [-0.5, 22, -46.5],
							"rotation": [-90, 45, -90],
							"uv": {
								"north": {"uv": [107, 0], "uv_size": [21, 12]},
								"east": {"uv": [107, 0], "uv_size": [1, 12]},
								"south": {"uv": [107, 0], "uv_size": [21, 12]},
								"west": {"uv": [127, 0], "uv_size": [1, 12]},
								"up": {"uv": [128, 11], "uv_size": [-21, -1]},
								"down": {"uv": [128, 5], "uv_size": [-21, -1]}
							}
						}
					]
				},
				{
					"name": "1blade_ys2",
					"parent": "1blade_ys",
					"pivot": [0, 47, -24]
				},
				{
					"name": "blade4",
					"parent": "1blade_ys2",
					"pivot": [0, 47, -25]
				},
				{
					"name": "1lj2",
					"parent": "1blade_ys2",
					"pivot": [-0.5, 46, -23.5],
					"cubes": [
						{
							"origin": [-11.4, 57, -51.4],
							"size": [7, 6, 0.8],
							"pivot": [-0.5, 27, -51.5],
							"rotation": [-90, 45, -90],
							"uv": {
								"north": {"uv": [107, 0], "uv_size": [21, 12]},
								"east": {"uv": [107, 0], "uv_size": [1, 12]},
								"south": {"uv": [107, 0], "uv_size": [21, 12]},
								"west": {"uv": [127, 0], "uv_size": [1, 12]},
								"up": {"uv": [128, 11], "uv_size": [-21, -1]},
								"down": {"uv": [128, 5], "uv_size": [-21, -1]}
							}
						}
					]
				},
				{
					"name": "blade_ys2",
					"parent": "bone2",
					"pivot": [0, 36, -13]
				},
				{
					"name": "sword_p2",
					"parent": "blade_ys2",
					"pivot": [0, 36, -13]
				},
				{
					"name": "lj2",
					"parent": "blade_ys2",
					"pivot": [-0.5, 33, -10.5],
					"cubes": [
						{
							"origin": [-11.5, 44, -38.4],
							"size": [10, 6, 0.8],
							"pivot": [-0.5, 14, -38.5],
							"rotation": [-90, 45, -90],
							"uv": {
								"north": {"uv": [107, 0], "uv_size": [21, 12]},
								"east": {"uv": [107, 0], "uv_size": [1, 12]},
								"south": {"uv": [107, 0], "uv_size": [21, 12]},
								"west": {"uv": [127, 0], "uv_size": [1, 12]},
								"up": {"uv": [128, 11], "uv_size": [-21, -1]},
								"down": {"uv": [128, 5], "uv_size": [-21, -1]}
							}
						}
					]
				},
				{
					"name": "blade_ys3",
					"parent": "blade_ys2",
					"pivot": [0, 36, -13]
				},
				{
					"name": "sword_p3",
					"parent": "blade_ys3",
					"pivot": [0, 36, -13]
				},
				{
					"name": "lj3",
					"parent": "blade_ys3",
					"pivot": [-0.5, 33, -10.5],
					"cubes": [
						{
							"origin": [-11.5, 44, -38.4],
							"size": [10, 6, 0.8],
							"pivot": [-0.5, 14, -38.5],
							"rotation": [-90, 45, -90],
							"uv": {
								"north": {"uv": [107, 0], "uv_size": [21, 12]},
								"east": {"uv": [107, 0], "uv_size": [1, 12]},
								"south": {"uv": [107, 0], "uv_size": [21, 12]},
								"west": {"uv": [127, 0], "uv_size": [1, 12]},
								"up": {"uv": [128, 11], "uv_size": [-21, -1]},
								"down": {"uv": [128, 5], "uv_size": [-21, -1]}
							}
						}
					]
				},
				{
					"name": "blade_ys4",
					"parent": "blade_ys3",
					"pivot": [0, 36, -13]
				},
				{
					"name": "sword_p4",
					"parent": "blade_ys4",
					"pivot": [0, 36, -13]
				},
				{
					"name": "lj4",
					"parent": "blade_ys4",
					"pivot": [-0.5, 33, -10.5],
					"cubes": [
						{
							"origin": [-11.5, 44, -38.4],
							"size": [10, 6, 0.8],
							"pivot": [-0.5, 14, -38.5],
							"rotation": [-90, 45, -90],
							"uv": {
								"north": {"uv": [107, 0], "uv_size": [21, 12]},
								"east": {"uv": [107, 0], "uv_size": [1, 12]},
								"south": {"uv": [107, 0], "uv_size": [21, 12]},
								"west": {"uv": [127, 0], "uv_size": [1, 12]},
								"up": {"uv": [128, 11], "uv_size": [-21, -1]},
								"down": {"uv": [128, 5], "uv_size": [-21, -1]}
							}
						}
					]
				},
				{
					"name": "blade_ys5",
					"parent": "blade_ys4",
					"pivot": [0, 36, -13]
				},
				{
					"name": "sword_p5",
					"parent": "blade_ys5",
					"pivot": [0, 36, -13]
				},
				{
					"name": "lj5",
					"parent": "blade_ys5",
					"pivot": [-0.5, 33, -10.5],
					"cubes": [
						{
							"origin": [-11.5, 44, -38.4],
							"size": [10, 6, 0.8],
							"pivot": [-0.5, 14, -38.5],
							"rotation": [-90, 45, -90],
							"uv": {
								"north": {"uv": [107, 0], "uv_size": [21, 12]},
								"east": {"uv": [107, 0], "uv_size": [1, 12]},
								"south": {"uv": [107, 0], "uv_size": [21, 12]},
								"west": {"uv": [127, 0], "uv_size": [1, 12]},
								"up": {"uv": [128, 11], "uv_size": [-21, -1]},
								"down": {"uv": [128, 5], "uv_size": [-21, -1]}
							}
						}
					]
				},
				{
					"name": "blade_ys6",
					"parent": "blade_ys5",
					"pivot": [0, 36, -13]
				},
				{
					"name": "sword_p6",
					"parent": "blade_ys6",
					"pivot": [0, 36, -13]
				},
				{
					"name": "lj6",
					"parent": "blade_ys6",
					"pivot": [-0.5, 33, -10.5],
					"cubes": [
						{
							"origin": [-11.5, 44, -38.4],
							"size": [10, 6, 0.8],
							"pivot": [-0.5, 14, -38.5],
							"rotation": [-90, 45, -90],
							"uv": {
								"north": {"uv": [107, 0], "uv_size": [21, 12]},
								"east": {"uv": [107, 0], "uv_size": [1, 12]},
								"south": {"uv": [107, 0], "uv_size": [21, 12]},
								"west": {"uv": [127, 0], "uv_size": [1, 12]},
								"up": {"uv": [128, 11], "uv_size": [-21, -1]},
								"down": {"uv": [128, 5], "uv_size": [-21, -1]}
							}
						}
					]
				},
				{
					"name": "blade_ys7",
					"parent": "blade_ys6",
					"pivot": [0, 36, -13]
				},
				{
					"name": "sword_p7",
					"parent": "blade_ys7",
					"pivot": [0, 36, -13]
				},
				{
					"name": "lj7",
					"parent": "blade_ys7",
					"pivot": [-0.5, 33, -10.5],
					"cubes": [
						{
							"origin": [-11.5, 44, -38.4],
							"size": [10, 6, 0.8],
							"pivot": [-0.5, 14, -38.5],
							"rotation": [-90, 45, -90],
							"uv": {
								"north": {"uv": [107, 0], "uv_size": [21, 12]},
								"east": {"uv": [107, 0], "uv_size": [1, 12]},
								"south": {"uv": [107, 0], "uv_size": [21, 12]},
								"west": {"uv": [127, 0], "uv_size": [1, 12]},
								"up": {"uv": [128, 11], "uv_size": [-21, -1]},
								"down": {"uv": [128, 5], "uv_size": [-21, -1]}
							}
						}
					]
				},
				{
					"name": "blade_ys8",
					"parent": "blade_ys7",
					"pivot": [0, 36, -13]
				},
				{
					"name": "sword_p8",
					"parent": "blade_ys8",
					"pivot": [0, 36, -13]
				},
				{
					"name": "lj8",
					"parent": "blade_ys8",
					"pivot": [-0.5, 33, -10.5],
					"cubes": [
						{
							"origin": [-11.5, 44, -38.4],
							"size": [10, 6, 0.8],
							"pivot": [-0.5, 14, -38.5],
							"rotation": [-90, 45, -90],
							"uv": {
								"north": {"uv": [107, 0], "uv_size": [21, 12]},
								"east": {"uv": [107, 0], "uv_size": [1, 12]},
								"south": {"uv": [107, 0], "uv_size": [21, 12]},
								"west": {"uv": [127, 0], "uv_size": [1, 12]},
								"up": {"uv": [128, 11], "uv_size": [-21, -1]},
								"down": {"uv": [128, 5], "uv_size": [-21, -1]}
							}
						}
					]
				},
				{
					"name": "blade_ys9",
					"parent": "blade_ys8",
					"pivot": [0, 36, -13]
				},
				{
					"name": "sword_p9",
					"parent": "blade_ys9",
					"pivot": [0, 36, -13]
				},
				{
					"name": "lj9",
					"parent": "blade_ys9",
					"pivot": [-0.5, 33, -10.5],
					"cubes": [
						{
							"origin": [-11.5, 44, -38.4],
							"size": [10, 6, 0.8],
							"pivot": [-0.5, 14, -38.5],
							"rotation": [-90, 45, -90],
							"uv": {
								"north": {"uv": [107, 0], "uv_size": [21, 12]},
								"east": {"uv": [107, 0], "uv_size": [1, 12]},
								"south": {"uv": [107, 0], "uv_size": [21, 12]},
								"west": {"uv": [127, 0], "uv_size": [1, 12]},
								"up": {"uv": [128, 11], "uv_size": [-21, -1]},
								"down": {"uv": [128, 5], "uv_size": [-21, -1]}
							}
						}
					]
				},
				{
					"name": "blade_ys10",
					"parent": "blade_ys9",
					"pivot": [0, 36, -13]
				},
				{
					"name": "sword_p10",
					"parent": "blade_ys10",
					"pivot": [0, 36, -13]
				},
				{
					"name": "lj10",
					"parent": "blade_ys10",
					"pivot": [-0.5, 33, -10.5],
					"cubes": [
						{
							"origin": [-11.5, 44, -38.4],
							"size": [10, 6, 0.8],
							"pivot": [-0.5, 14, -38.5],
							"rotation": [-90, 45, -90],
							"uv": {
								"north": {"uv": [107, 0], "uv_size": [21, 12]},
								"east": {"uv": [107, 0], "uv_size": [1, 12]},
								"south": {"uv": [107, 0], "uv_size": [21, 12]},
								"west": {"uv": [127, 0], "uv_size": [1, 12]},
								"up": {"uv": [128, 11], "uv_size": [-21, -1]},
								"down": {"uv": [128, 5], "uv_size": [-21, -1]}
							}
						}
					]
				},
				{
					"name": "blade_ys11",
					"parent": "blade_ys10",
					"pivot": [0, 36, -13]
				},
				{
					"name": "sword_p11",
					"parent": "blade_ys11",
					"pivot": [0, 36, -13]
				},
				{
					"name": "lj11",
					"parent": "blade_ys11",
					"pivot": [-0.5, 33, -10.5],
					"cubes": [
						{
							"origin": [-11.5, 44, -38.4],
							"size": [10, 6, 0.8],
							"pivot": [-0.5, 14, -38.5],
							"rotation": [-90, 45, -90],
							"uv": {
								"north": {"uv": [107, 0], "uv_size": [21, 12]},
								"east": {"uv": [107, 0], "uv_size": [1, 12]},
								"south": {"uv": [107, 0], "uv_size": [21, 12]},
								"west": {"uv": [127, 0], "uv_size": [1, 12]},
								"up": {"uv": [128, 11], "uv_size": [-21, -1]},
								"down": {"uv": [128, 5], "uv_size": [-21, -1]}
							}
						}
					]
				},
				{
					"name": "blade_ys12",
					"parent": "blade_ys11",
					"pivot": [0, 36, -13]
				},
				{
					"name": "sword_p12",
					"parent": "blade_ys12",
					"pivot": [0, 36, -13]
				},
				{
					"name": "lj12",
					"parent": "blade_ys12",
					"pivot": [-0.5, 33, -10.5],
					"cubes": [
						{
							"origin": [-11.5, 44, -38.4],
							"size": [10, 6, 0.8],
							"pivot": [-0.5, 14, -38.5],
							"rotation": [-90, 45, -90],
							"uv": {
								"north": {"uv": [107, 0], "uv_size": [21, 12]},
								"east": {"uv": [107, 0], "uv_size": [1, 12]},
								"south": {"uv": [107, 0], "uv_size": [21, 12]},
								"west": {"uv": [127, 0], "uv_size": [1, 12]},
								"up": {"uv": [128, 11], "uv_size": [-21, -1]},
								"down": {"uv": [128, 5], "uv_size": [-21, -1]}
							}
						}
					]
				},
				{
					"name": "blade_ys13",
					"parent": "blade_ys12",
					"pivot": [0, 36, -13]
				},
				{
					"name": "sword_p13",
					"parent": "blade_ys13",
					"pivot": [0, 36, -13]
				},
				{
					"name": "lj13",
					"parent": "blade_ys13",
					"pivot": [-0.5, 33, -10.5],
					"cubes": [
						{
							"origin": [-11.5, 44, -38.4],
							"size": [10, 6, 0.8],
							"pivot": [-0.5, 14, -38.5],
							"rotation": [-90, 45, -90],
							"uv": {
								"north": {"uv": [107, 0], "uv_size": [21, 12]},
								"east": {"uv": [107, 0], "uv_size": [1, 12]},
								"south": {"uv": [107, 0], "uv_size": [21, 12]},
								"west": {"uv": [127, 0], "uv_size": [1, 12]},
								"up": {"uv": [128, 11], "uv_size": [-21, -1]},
								"down": {"uv": [128, 5], "uv_size": [-21, -1]}
							}
						}
					]
				},
				{
					"name": "blade_ys14",
					"parent": "blade_ys13",
					"pivot": [0, 36, -13]
				},
				{
					"name": "sword_p14",
					"parent": "blade_ys14",
					"pivot": [0, 36, -13]
				},
				{
					"name": "lj14",
					"parent": "blade_ys14",
					"pivot": [-0.5, 33, -10.5],
					"cubes": [
						{
							"origin": [-11.5, 44, -38.4],
							"size": [10, 6, 0.8],
							"pivot": [-0.5, 14, -38.5],
							"rotation": [-90, 45, -90],
							"uv": {
								"north": {"uv": [107, 0], "uv_size": [21, 12]},
								"east": {"uv": [107, 0], "uv_size": [1, 12]},
								"south": {"uv": [107, 0], "uv_size": [21, 12]},
								"west": {"uv": [127, 0], "uv_size": [1, 12]},
								"up": {"uv": [128, 11], "uv_size": [-21, -1]},
								"down": {"uv": [128, 5], "uv_size": [-21, -1]}
							}
						}
					]
				},
				{
					"name": "blade_ys15",
					"parent": "blade_ys14",
					"pivot": [0, 36, -13]
				},
				{
					"name": "sword_p15",
					"parent": "blade_ys15",
					"pivot": [0, 36, -13]
				},
				{
					"name": "lj15",
					"parent": "blade_ys15",
					"pivot": [-0.5, 33, -10.5],
					"cubes": [
						{
							"origin": [-11.5, 44, -38.4],
							"size": [10, 6, 0.8],
							"pivot": [-0.5, 14, -38.5],
							"rotation": [-90, 45, -90],
							"uv": {
								"north": {"uv": [107, 0], "uv_size": [21, 12]},
								"east": {"uv": [107, 0], "uv_size": [1, 12]},
								"south": {"uv": [107, 0], "uv_size": [21, 12]},
								"west": {"uv": [127, 0], "uv_size": [1, 12]},
								"up": {"uv": [128, 11], "uv_size": [-21, -1]},
								"down": {"uv": [128, 5], "uv_size": [-21, -1]}
							}
						}
					]
				},
				{
					"name": "blade_ys16",
					"parent": "blade_ys15",
					"pivot": [0, 36, -13]
				},
				{
					"name": "sword_p16",
					"parent": "blade_ys16",
					"pivot": [0, 36, -13]
				},
				{
					"name": "lj16",
					"parent": "blade_ys16",
					"pivot": [-0.5, 33, -10.5],
					"cubes": [
						{
							"origin": [-11.5, 44, -38.4],
							"size": [10, 6, 0.8],
							"pivot": [-0.5, 14, -38.5],
							"rotation": [-90, 45, -90],
							"uv": {
								"north": {"uv": [107, 0], "uv_size": [21, 12]},
								"east": {"uv": [107, 0], "uv_size": [1, 12]},
								"south": {"uv": [107, 0], "uv_size": [21, 12]},
								"west": {"uv": [127, 0], "uv_size": [1, 12]},
								"up": {"uv": [128, 11], "uv_size": [-21, -1]},
								"down": {"uv": [128, 5], "uv_size": [-21, -1]}
							}
						}
					]
				},
				{
					"name": "csm",
					"parent": "bone2",
					"pivot": [0, 21, 1]
				},
				{
					"name": "csm2",
					"parent": "csm",
					"pivot": [0, 21, 1],
					"cubes": [
						{
							"origin": [-0.5, 20.5, 1],
							"size": [1, 1, 0],
							"uv": {
								"north": {"uv": [64, 64], "uv_size": [64, 64]},
								"east": {"uv": [64, 64], "uv_size": [64, 64]},
								"south": {"uv": [64, 64], "uv_size": [64, 64]},
								"west": {"uv": [64, 64], "uv_size": [64, 64]},
								"up": {"uv": [128, 128], "uv_size": [-64, -64]},
								"down": {"uv": [128, 128], "uv_size": [-64, -64]}
							}
						}
					]
				}
			]
		}
	]
}