{
	"format_version": "1.16.0",
	"minecraft:geometry": [
		{
			"description": {
				"identifier": "geometry.lz_sq",
				"texture_width": 16,
				"texture_height": 16,
				"visible_bounds_width": 2,
				"visible_bounds_height": 3.5,
				"visible_bounds_offset": [0, 1.25, 0]
			},
			"bones": [
				{
					"name": "rightitem",
					"pivot": [0, 20, 0],
					"binding": "q.item_slot_to_bone_name(c.item_slot)",
					"cubes": [
						{
							"origin": [-0.5, 41.36396, -3.63604],
							"size": [1, 1, 1],
							"pivot": [0.5, 26.36396, 7.36396],
							"rotation": [45, 0, 0],
							"uv": {
								"north": {"uv": [10, 0], "uv_size": [1, 1]},
								"east": {"uv": [10, 0], "uv_size": [1, 1]},
								"south": {"uv": [10, 0], "uv_size": [1, 1]},
								"west": {"uv": [11, 0], "uv_size": [-1, 1]},
								"up": {"uv": [11, 1], "uv_size": [-1, -1]},
								"down": {"uv": [11, 1], "uv_size": [-1, -1]}
							}
						},
						{
							"origin": [-0.5, 41.36396, -4.63604],
							"size": [1, 1, 1],
							"pivot": [0.5, 26.36396, 7.36396],
							"rotation": [45, 0, 0],
							"uv": {
								"north": {"uv": [11, 0], "uv_size": [1, 1]},
								"east": {"uv": [11, 0], "uv_size": [1, 1]},
								"south": {"uv": [11, 0], "uv_size": [1, 1]},
								"west": {"uv": [12, 0], "uv_size": [-1, 1]},
								"up": {"uv": [12, 1], "uv_size": [-1, -1]},
								"down": {"uv": [12, 1], "uv_size": [-1, -1]}
							}
						},
						{
							"origin": [-0.5, 40.36396, -3.63604],
							"size": [1, 1, 1],
							"pivot": [0.5, 26.36396, 7.36396],
							"rotation": [45, 0, 0],
							"uv": {
								"north": {"uv": [10, 1], "uv_size": [1, 1]},
								"east": {"uv": [10, 1], "uv_size": [1, 1]},
								"south": {"uv": [10, 1], "uv_size": [1, 1]},
								"west": {"uv": [11, 1], "uv_size": [-1, 1]},
								"up": {"uv": [11, 2], "uv_size": [-1, -1]},
								"down": {"uv": [11, 2], "uv_size": [-1, -1]}
							}
						},
						{
							"origin": [-0.5, 40.36396, -5.63604],
							"size": [1, 1, 1],
							"pivot": [0.5, 26.36396, 7.36396],
							"rotation": [45, 0, 0],
							"uv": {
								"north": {"uv": [12, 1], "uv_size": [1, 1]},
								"east": {"uv": [12, 1], "uv_size": [1, 1]},
								"south": {"uv": [12, 1], "uv_size": [1, 1]},
								"west": {"uv": [13, 1], "uv_size": [-1, 1]},
								"up": {"uv": [13, 2], "uv_size": [-1, -1]},
								"down": {"uv": [13, 2], "uv_size": [-1, -1]}
							}
						},
						{
							"origin": [-0.5, 39.36396, -2.63604],
							"size": [1, 1, 1],
							"pivot": [0.5, 26.36396, 7.36396],
							"rotation": [45, 0, 0],
							"uv": {
								"north": {"uv": [9, 2], "uv_size": [1, 1]},
								"east": {"uv": [9, 2], "uv_size": [1, 1]},
								"south": {"uv": [9, 2], "uv_size": [1, 1]},
								"west": {"uv": [10, 2], "uv_size": [-1, 1]},
								"up": {"uv": [10, 3], "uv_size": [-1, -1]},
								"down": {"uv": [10, 3], "uv_size": [-1, -1]}
							}
						},
						{
							"origin": [-0.5, 39.36396, -6.63604],
							"size": [1, 1, 1],
							"pivot": [0.5, 26.36396, 7.36396],
							"rotation": [45, 0, 0],
							"uv": {
								"north": {"uv": [13, 2], "uv_size": [1, 1]},
								"east": {"uv": [13, 2], "uv_size": [1, 1]},
								"south": {"uv": [13, 2], "uv_size": [1, 1]},
								"west": {"uv": [14, 2], "uv_size": [-1, 1]},
								"up": {"uv": [14, 3], "uv_size": [-1, -1]},
								"down": {"uv": [14, 3], "uv_size": [-1, -1]}
							}
						},
						{
							"origin": [-0.5, 38.36396, -1.63604],
							"size": [1, 1, 1],
							"pivot": [0.5, 26.36396, 7.36396],
							"rotation": [45, 0, 0],
							"uv": {
								"north": {"uv": [8, 3], "uv_size": [1, 1]},
								"east": {"uv": [8, 3], "uv_size": [1, 1]},
								"south": {"uv": [8, 3], "uv_size": [1, 1]},
								"west": {"uv": [9, 3], "uv_size": [-1, 1]},
								"up": {"uv": [9, 4], "uv_size": [-1, -1]},
								"down": {"uv": [9, 4], "uv_size": [-1, -1]}
							}
						},
						{
							"origin": [-0.5, 38.36396, -5.63604],
							"size": [1, 1, 1],
							"pivot": [0.5, 26.36396, 7.36396],
							"rotation": [45, 0, 0],
							"uv": {
								"north": {"uv": [12, 3], "uv_size": [1, 1]},
								"east": {"uv": [12, 3], "uv_size": [1, 1]},
								"south": {"uv": [12, 3], "uv_size": [1, 1]},
								"west": {"uv": [13, 3], "uv_size": [-1, 1]},
								"up": {"uv": [13, 4], "uv_size": [-1, -1]},
								"down": {"uv": [13, 4], "uv_size": [-1, -1]}
							}
						},
						{
							"origin": [-0.5, 38.36396, -6.63604],
							"size": [1, 1, 1],
							"pivot": [0.5, 26.36396, 7.36396],
							"rotation": [45, 0, 0],
							"uv": {
								"north": {"uv": [13, 3], "uv_size": [1, 1]},
								"east": {"uv": [13, 3], "uv_size": [1, 1]},
								"south": {"uv": [13, 3], "uv_size": [1, 1]},
								"west": {"uv": [14, 3], "uv_size": [-1, 1]},
								"up": {"uv": [14, 4], "uv_size": [-1, -1]},
								"down": {"uv": [14, 4], "uv_size": [-1, -1]}
							}
						},
						{
							"origin": [-0.5, 37.36396, -0.63604],
							"size": [1, 1, 1],
							"pivot": [0.5, 26.36396, 7.36396],
							"rotation": [45, 0, 0],
							"uv": {
								"north": {"uv": [7, 4], "uv_size": [1, 1]},
								"east": {"uv": [7, 4], "uv_size": [1, 1]},
								"south": {"uv": [7, 4], "uv_size": [1, 1]},
								"west": {"uv": [8, 4], "uv_size": [-1, 1]},
								"up": {"uv": [8, 5], "uv_size": [-1, -1]},
								"down": {"uv": [8, 5], "uv_size": [-1, -1]}
							}
						},
						{
							"origin": [-0.5, 37.36396, -4.63604],
							"size": [1, 1, 1],
							"pivot": [0.5, 26.36396, 7.36396],
							"rotation": [45, 0, 0],
							"uv": {
								"north": {"uv": [11, 4], "uv_size": [1, 1]},
								"east": {"uv": [11, 4], "uv_size": [1, 1]},
								"south": {"uv": [11, 4], "uv_size": [1, 1]},
								"west": {"uv": [12, 4], "uv_size": [-1, 1]},
								"up": {"uv": [12, 5], "uv_size": [-1, -1]},
								"down": {"uv": [12, 5], "uv_size": [-1, -1]}
							}
						},
						{
							"origin": [-0.5, 36.36396, 0.36396],
							"size": [1, 1, 1],
							"pivot": [0.5, 26.36396, 7.36396],
							"rotation": [45, 0, 0],
							"uv": {
								"north": {"uv": [6, 5], "uv_size": [1, 1]},
								"east": {"uv": [6, 5], "uv_size": [1, 1]},
								"south": {"uv": [6, 5], "uv_size": [1, 1]},
								"west": {"uv": [7, 5], "uv_size": [-1, 1]},
								"up": {"uv": [7, 6], "uv_size": [-1, -1]},
								"down": {"uv": [7, 6], "uv_size": [-1, -1]}
							}
						},
						{
							"origin": [-0.5, 36.36396, -3.63604],
							"size": [1, 1, 1],
							"pivot": [0.5, 26.36396, 7.36396],
							"rotation": [45, 0, 0],
							"uv": {
								"north": {"uv": [10, 5], "uv_size": [1, 1]},
								"east": {"uv": [10, 5], "uv_size": [1, 1]},
								"south": {"uv": [10, 5], "uv_size": [1, 1]},
								"west": {"uv": [11, 5], "uv_size": [-1, 1]},
								"up": {"uv": [11, 6], "uv_size": [-1, -1]},
								"down": {"uv": [11, 6], "uv_size": [-1, -1]}
							}
						},
						{
							"origin": [-0.5, 35.36396, 1.36396],
							"size": [1, 1, 1],
							"pivot": [0.5, 26.36396, 7.36396],
							"rotation": [45, 0, 0],
							"uv": {
								"north": {"uv": [5, 6], "uv_size": [1, 1]},
								"east": {"uv": [5, 6], "uv_size": [1, 1]},
								"south": {"uv": [5, 6], "uv_size": [1, 1]},
								"west": {"uv": [6, 6], "uv_size": [-1, 1]},
								"up": {"uv": [6, 7], "uv_size": [-1, -1]},
								"down": {"uv": [6, 7], "uv_size": [-1, -1]}
							}
						},
						{
							"origin": [-0.5, 35.36396, -2.63604],
							"size": [1, 1, 1],
							"pivot": [0.5, 26.36396, 7.36396],
							"rotation": [45, 0, 0],
							"uv": {
								"north": {"uv": [9, 6], "uv_size": [1, 1]},
								"east": {"uv": [9, 6], "uv_size": [1, 1]},
								"south": {"uv": [9, 6], "uv_size": [1, 1]},
								"west": {"uv": [10, 6], "uv_size": [-1, 1]},
								"up": {"uv": [10, 7], "uv_size": [-1, -1]},
								"down": {"uv": [10, 7], "uv_size": [-1, -1]}
							}
						},
						{
							"origin": [-0.5, 34.36396, 2.36396],
							"size": [1, 1, 1],
							"pivot": [0.5, 26.36396, 7.36396],
							"rotation": [45, 0, 0],
							"uv": {
								"north": {"uv": [4, 7], "uv_size": [1, 1]},
								"east": {"uv": [4, 7], "uv_size": [1, 1]},
								"south": {"uv": [4, 7], "uv_size": [1, 1]},
								"west": {"uv": [5, 7], "uv_size": [-1, 1]},
								"up": {"uv": [5, 8], "uv_size": [-1, -1]},
								"down": {"uv": [5, 8], "uv_size": [-1, -1]}
							}
						},
						{
							"origin": [-0.5, 34.36396, -1.63604],
							"size": [1, 1, 1],
							"pivot": [0.5, 26.36396, 7.36396],
							"rotation": [45, 0, 0],
							"uv": {
								"north": {"uv": [8, 7], "uv_size": [1, 1]},
								"east": {"uv": [8, 7], "uv_size": [1, 1]},
								"south": {"uv": [8, 7], "uv_size": [1, 1]},
								"west": {"uv": [9, 7], "uv_size": [-1, 1]},
								"up": {"uv": [9, 8], "uv_size": [-1, -1]},
								"down": {"uv": [9, 8], "uv_size": [-1, -1]}
							}
						},
						{
							"origin": [-0.5, 33.36396, 3.36396],
							"size": [1, 1, 1],
							"pivot": [0.5, 26.36396, 7.36396],
							"rotation": [45, 0, 0],
							"uv": {
								"north": {"uv": [3, 8], "uv_size": [1, 1]},
								"east": {"uv": [3, 8], "uv_size": [1, 1]},
								"south": {"uv": [3, 8], "uv_size": [1, 1]},
								"west": {"uv": [4, 8], "uv_size": [-1, 1]},
								"up": {"uv": [4, 9], "uv_size": [-1, -1]},
								"down": {"uv": [4, 9], "uv_size": [-1, -1]}
							}
						},
						{
							"origin": [-0.5, 33.36396, -0.63604],
							"size": [1, 1, 1],
							"pivot": [0.5, 26.36396, 7.36396],
							"rotation": [45, 0, 0],
							"uv": {
								"north": {"uv": [7, 8], "uv_size": [1, 1]},
								"east": {"uv": [7, 8], "uv_size": [1, 1]},
								"south": {"uv": [7, 8], "uv_size": [1, 1]},
								"west": {"uv": [8, 8], "uv_size": [-1, 1]},
								"up": {"uv": [8, 9], "uv_size": [-1, -1]},
								"down": {"uv": [8, 9], "uv_size": [-1, -1]}
							}
						},
						{
							"origin": [-0.5, 32.36396, 4.36396],
							"size": [1, 1, 1],
							"pivot": [0.5, 26.36396, 7.36396],
							"rotation": [45, 0, 0],
							"uv": {
								"north": {"uv": [2, 9], "uv_size": [1, 1]},
								"east": {"uv": [2, 9], "uv_size": [1, 1]},
								"south": {"uv": [2, 9], "uv_size": [1, 1]},
								"west": {"uv": [3, 9], "uv_size": [-1, 1]},
								"up": {"uv": [3, 10], "uv_size": [-1, -1]},
								"down": {"uv": [3, 10], "uv_size": [-1, -1]}
							}
						},
						{
							"origin": [-0.5, 32.36396, 0.36396],
							"size": [1, 1, 1],
							"pivot": [0.5, 26.36396, 7.36396],
							"rotation": [45, 0, 0],
							"uv": {
								"north": {"uv": [6, 9], "uv_size": [1, 1]},
								"east": {"uv": [6, 9], "uv_size": [1, 1]},
								"south": {"uv": [6, 9], "uv_size": [1, 1]},
								"west": {"uv": [7, 9], "uv_size": [-1, 1]},
								"up": {"uv": [7, 10], "uv_size": [-1, -1]},
								"down": {"uv": [7, 10], "uv_size": [-1, -1]}
							}
						},
						{
							"origin": [-0.5, 32.36396, -1.63604],
							"size": [1, 1, 1],
							"pivot": [0.5, 26.36396, 7.36396],
							"rotation": [45, 0, 0],
							"uv": {
								"north": {"uv": [8, 9], "uv_size": [1, 1]},
								"east": {"uv": [8, 9], "uv_size": [1, 1]},
								"south": {"uv": [8, 9], "uv_size": [1, 1]},
								"west": {"uv": [9, 9], "uv_size": [-1, 1]},
								"up": {"uv": [9, 10], "uv_size": [-1, -1]},
								"down": {"uv": [9, 10], "uv_size": [-1, -1]}
							}
						},
						{
							"origin": [-0.5, 31.36396, 0.36396],
							"size": [1, 1, 1],
							"pivot": [0.5, 26.36396, 7.36396],
							"rotation": [45, 0, 0],
							"uv": {
								"north": {"uv": [6, 10], "uv_size": [1, 1]},
								"east": {"uv": [6, 10], "uv_size": [1, 1]},
								"south": {"uv": [6, 10], "uv_size": [1, 1]},
								"west": {"uv": [7, 10], "uv_size": [-1, 1]},
								"up": {"uv": [7, 11], "uv_size": [-1, -1]},
								"down": {"uv": [7, 11], "uv_size": [-1, -1]}
							}
						},
						{
							"origin": [-0.5, 31.36396, -1.63604],
							"size": [1, 1, 1],
							"pivot": [0.5, 26.36396, 7.36396],
							"rotation": [45, 0, 0],
							"uv": {
								"north": {"uv": [8, 10], "uv_size": [1, 1]},
								"east": {"uv": [8, 10], "uv_size": [1, 1]},
								"south": {"uv": [8, 10], "uv_size": [1, 1]},
								"west": {"uv": [9, 10], "uv_size": [-1, 1]},
								"up": {"uv": [9, 11], "uv_size": [-1, -1]},
								"down": {"uv": [9, 11], "uv_size": [-1, -1]}
							}
						},
						{
							"origin": [-0.5, 30.36396, 3.36396],
							"size": [1, 1, 1],
							"pivot": [0.5, 26.36396, 7.36396],
							"rotation": [45, 0, 0],
							"uv": {
								"north": {"uv": [3, 11], "uv_size": [1, 1]},
								"east": {"uv": [3, 11], "uv_size": [1, 1]},
								"south": {"uv": [3, 11], "uv_size": [1, 1]},
								"west": {"uv": [4, 11], "uv_size": [-1, 1]},
								"up": {"uv": [4, 12], "uv_size": [-1, -1]},
								"down": {"uv": [4, 12], "uv_size": [-1, -1]}
							}
						},
						{
							"origin": [-0.5, 30.36396, -0.63604],
							"size": [1, 1, 1],
							"pivot": [0.5, 26.36396, 7.36396],
							"rotation": [45, 0, 0],
							"uv": {
								"north": {"uv": [7, 11], "uv_size": [1, 1]},
								"east": {"uv": [7, 11], "uv_size": [1, 1]},
								"south": {"uv": [7, 11], "uv_size": [1, 1]},
								"west": {"uv": [8, 11], "uv_size": [-1, 1]},
								"up": {"uv": [8, 12], "uv_size": [-1, -1]},
								"down": {"uv": [8, 12], "uv_size": [-1, -1]}
							}
						},
						{
							"origin": [-0.5, 29.36396, 2.36396],
							"size": [1, 1, 1],
							"pivot": [0.5, 26.36396, 7.36396],
							"rotation": [45, 0, 0],
							"uv": {
								"north": {"uv": [4, 12], "uv_size": [1, 1]},
								"east": {"uv": [4, 12], "uv_size": [1, 1]},
								"south": {"uv": [4, 12], "uv_size": [1, 1]},
								"west": {"uv": [5, 12], "uv_size": [-1, 1]},
								"up": {"uv": [5, 13], "uv_size": [-1, -1]},
								"down": {"uv": [5, 13], "uv_size": [-1, -1]}
							}
						},
						{
							"origin": [-0.5, 29.36396, -1.63604],
							"size": [1, 1, 1],
							"pivot": [0.5, 26.36396, 7.36396],
							"rotation": [45, 0, 0],
							"uv": {
								"north": {"uv": [8, 12], "uv_size": [1, 1]},
								"east": {"uv": [8, 12], "uv_size": [1, 1]},
								"south": {"uv": [8, 12], "uv_size": [1, 1]},
								"west": {"uv": [9, 12], "uv_size": [-1, 1]},
								"up": {"uv": [9, 13], "uv_size": [-1, -1]},
								"down": {"uv": [9, 13], "uv_size": [-1, -1]}
							}
						},
						{
							"origin": [-0.5, 28.36396, 1.36396],
							"size": [1, 1, 1],
							"pivot": [0.5, 26.36396, 7.36396],
							"rotation": [45, 0, 0],
							"uv": {
								"north": {"uv": [5, 13], "uv_size": [1, 1]},
								"east": {"uv": [5, 13], "uv_size": [1, 1]},
								"south": {"uv": [5, 13], "uv_size": [1, 1]},
								"west": {"uv": [6, 13], "uv_size": [-1, 1]},
								"up": {"uv": [6, 14], "uv_size": [-1, -1]},
								"down": {"uv": [6, 14], "uv_size": [-1, -1]}
							}
						},
						{
							"origin": [-0.5, 28.36396, -2.63604],
							"size": [1, 1, 1],
							"pivot": [0.5, 26.36396, 7.36396],
							"rotation": [45, 0, 0],
							"uv": {
								"north": {"uv": [9, 13], "uv_size": [1, 1]},
								"east": {"uv": [9, 13], "uv_size": [1, 1]},
								"south": {"uv": [9, 13], "uv_size": [1, 1]},
								"west": {"uv": [10, 13], "uv_size": [-1, 1]},
								"up": {"uv": [10, 14], "uv_size": [-1, -1]},
								"down": {"uv": [10, 14], "uv_size": [-1, -1]}
							}
						},
						{
							"origin": [-0.5, 27.36396, 0.36396],
							"size": [1, 1, 1],
							"pivot": [0.5, 26.36396, 7.36396],
							"rotation": [45, 0, 0],
							"uv": {
								"north": {"uv": [6, 14], "uv_size": [1, 1]},
								"east": {"uv": [6, 14], "uv_size": [1, 1]},
								"south": {"uv": [6, 14], "uv_size": [1, 1]},
								"west": {"uv": [7, 14], "uv_size": [-1, 1]},
								"up": {"uv": [7, 15], "uv_size": [-1, -1]},
								"down": {"uv": [7, 15], "uv_size": [-1, -1]}
							}
						},
						{
							"origin": [-0.5, 27.36396, -2.63604],
							"size": [1, 1, 1],
							"pivot": [0.5, 26.36396, 7.36396],
							"rotation": [45, 0, 0],
							"uv": {
								"north": {"uv": [9, 14], "uv_size": [1, 1]},
								"east": {"uv": [9, 14], "uv_size": [1, 1]},
								"south": {"uv": [9, 14], "uv_size": [1, 1]},
								"west": {"uv": [10, 14], "uv_size": [-1, 1]},
								"up": {"uv": [10, 15], "uv_size": [-1, -1]},
								"down": {"uv": [10, 15], "uv_size": [-1, -1]}
							}
						},
						{
							"origin": [-0.5, 26.36396, -0.63604],
							"size": [1, 1, 1],
							"pivot": [0.5, 26.36396, 7.36396],
							"rotation": [45, 0, 0],
							"uv": {
								"north": {"uv": [7, 15], "uv_size": [1, 1]},
								"east": {"uv": [7, 15], "uv_size": [1, 1]},
								"south": {"uv": [7, 15], "uv_size": [1, 1]},
								"west": {"uv": [8, 15], "uv_size": [-1, 1]},
								"up": {"uv": [8, 16], "uv_size": [-1, -1]},
								"down": {"uv": [8, 16], "uv_size": [-1, -1]}
							}
						},
						{
							"origin": [-0.5, 26.36396, -1.63604],
							"size": [1, 1, 1],
							"pivot": [0.5, 26.36396, 7.36396],
							"rotation": [45, 0, 0],
							"uv": {
								"north": {"uv": [8, 15], "uv_size": [1, 1]},
								"east": {"uv": [8, 15], "uv_size": [1, 1]},
								"south": {"uv": [8, 15], "uv_size": [1, 1]},
								"west": {"uv": [9, 15], "uv_size": [-1, 1]},
								"up": {"uv": [9, 16], "uv_size": [-1, -1]},
								"down": {"uv": [9, 16], "uv_size": [-1, -1]}
							}
						},
						{
							"origin": [-0.75, 27.36396, -1.63604],
							"size": [1.5, 1, 1],
							"pivot": [0.5, 26.36396, 7.36396],
							"rotation": [45, 0, 0],
							"uv": {
								"north": {"uv": [8, 14], "uv_size": [1, 1]},
								"east": {"uv": [8, 14], "uv_size": [1, 1]},
								"south": {"uv": [8, 14], "uv_size": [1, 1]},
								"west": {"uv": [9, 14], "uv_size": [-1, 1]},
								"up": {"uv": [9, 15], "uv_size": [-1, -1]},
								"down": {"uv": [9, 15], "uv_size": [-1, -1]}
							}
						},
						{
							"origin": [-0.75, 27.36396, -0.63604],
							"size": [1.5, 1, 1],
							"pivot": [0.5, 26.36396, 7.36396],
							"rotation": [45, 0, 0],
							"uv": {
								"north": {"uv": [7, 14], "uv_size": [1, 1]},
								"east": {"uv": [7, 14], "uv_size": [1, 1]},
								"south": {"uv": [7, 14], "uv_size": [1, 1]},
								"west": {"uv": [8, 14], "uv_size": [-1, 1]},
								"up": {"uv": [8, 15], "uv_size": [-1, -1]},
								"down": {"uv": [8, 15], "uv_size": [-1, -1]}
							}
						},
						{
							"origin": [-0.75, 28.36396, -1.63604],
							"size": [1.5, 1, 1],
							"pivot": [0.5, 26.36396, 7.36396],
							"rotation": [45, 0, 0],
							"uv": {
								"north": {"uv": [8, 13], "uv_size": [1, 1]},
								"east": {"uv": [8, 13], "uv_size": [1, 1]},
								"south": {"uv": [8, 13], "uv_size": [1, 1]},
								"west": {"uv": [9, 13], "uv_size": [-1, 1]},
								"up": {"uv": [9, 14], "uv_size": [-1, -1]},
								"down": {"uv": [9, 14], "uv_size": [-1, -1]}
							}
						},
						{
							"origin": [-0.75, 28.36396, 0.36396],
							"size": [1.5, 1, 1],
							"pivot": [0.5, 26.36396, 7.36396],
							"rotation": [45, 0, 0],
							"uv": {
								"north": {"uv": [6, 13], "uv_size": [1, 1]},
								"east": {"uv": [6, 13], "uv_size": [1, 1]},
								"south": {"uv": [6, 13], "uv_size": [1, 1]},
								"west": {"uv": [7, 13], "uv_size": [-1, 1]},
								"up": {"uv": [7, 14], "uv_size": [-1, -1]},
								"down": {"uv": [7, 14], "uv_size": [-1, -1]}
							}
						},
						{
							"origin": [-0.75, 29.36396, -0.63604],
							"size": [1.5, 1, 1],
							"pivot": [0.5, 26.36396, 7.36396],
							"rotation": [45, 0, 0],
							"uv": {
								"north": {"uv": [7, 12], "uv_size": [1, 1]},
								"east": {"uv": [7, 12], "uv_size": [1, 1]},
								"south": {"uv": [7, 12], "uv_size": [1, 1]},
								"west": {"uv": [8, 12], "uv_size": [-1, 1]},
								"up": {"uv": [8, 13], "uv_size": [-1, -1]},
								"down": {"uv": [8, 13], "uv_size": [-1, -1]}
							}
						},
						{
							"origin": [-0.75, 29.36396, 1.36396],
							"size": [1.5, 1, 1],
							"pivot": [0.5, 26.36396, 7.36396],
							"rotation": [45, 0, 0],
							"uv": {
								"north": {"uv": [5, 12], "uv_size": [1, 1]},
								"east": {"uv": [5, 12], "uv_size": [1, 1]},
								"south": {"uv": [5, 12], "uv_size": [1, 1]},
								"west": {"uv": [6, 12], "uv_size": [-1, 1]},
								"up": {"uv": [6, 13], "uv_size": [-1, -1]},
								"down": {"uv": [6, 13], "uv_size": [-1, -1]}
							}
						},
						{
							"origin": [-0.75, 30.36396, 0.36396],
							"size": [1.5, 1, 1],
							"pivot": [0.5, 26.36396, 7.36396],
							"rotation": [45, 0, 0],
							"uv": {
								"north": {"uv": [6, 11], "uv_size": [1, 1]},
								"east": {"uv": [6, 11], "uv_size": [1, 1]},
								"south": {"uv": [6, 11], "uv_size": [1, 1]},
								"west": {"uv": [7, 11], "uv_size": [-1, 1]},
								"up": {"uv": [7, 12], "uv_size": [-1, -1]},
								"down": {"uv": [7, 12], "uv_size": [-1, -1]}
							}
						},
						{
							"origin": [-0.75, 30.36396, 2.36396],
							"size": [1.5, 1, 1],
							"pivot": [0.5, 26.36396, 7.36396],
							"rotation": [45, 0, 0],
							"uv": {
								"north": {"uv": [4, 11], "uv_size": [1, 1]},
								"east": {"uv": [4, 11], "uv_size": [1, 1]},
								"south": {"uv": [4, 11], "uv_size": [1, 1]},
								"west": {"uv": [5, 11], "uv_size": [-1, 1]},
								"up": {"uv": [5, 12], "uv_size": [-1, -1]},
								"down": {"uv": [5, 12], "uv_size": [-1, -1]}
							}
						},
						{
							"origin": [-0.75, 31.36396, 1.36396],
							"size": [1.5, 1, 1],
							"pivot": [0.5, 26.36396, 7.36396],
							"rotation": [45, 0, 0],
							"uv": {
								"north": {"uv": [5, 10], "uv_size": [1, 1]},
								"east": {"uv": [5, 10], "uv_size": [1, 1]},
								"south": {"uv": [5, 10], "uv_size": [1, 1]},
								"west": {"uv": [6, 10], "uv_size": [-1, 1]},
								"up": {"uv": [6, 11], "uv_size": [-1, -1]},
								"down": {"uv": [6, 11], "uv_size": [-1, -1]}
							}
						},
						{
							"origin": [-0.75, 31.36396, 3.36396],
							"size": [1.5, 1, 1],
							"pivot": [0.5, 26.36396, 7.36396],
							"rotation": [45, 0, 0],
							"uv": {
								"north": {"uv": [3, 10], "uv_size": [1, 1]},
								"east": {"uv": [3, 10], "uv_size": [1, 1]},
								"south": {"uv": [3, 10], "uv_size": [1, 1]},
								"west": {"uv": [4, 10], "uv_size": [-1, 1]},
								"up": {"uv": [4, 11], "uv_size": [-1, -1]},
								"down": {"uv": [4, 11], "uv_size": [-1, -1]}
							}
						},
						{
							"origin": [-0.75, 32.36396, 1.36396],
							"size": [1.5, 1, 1],
							"pivot": [0.5, 26.36396, 7.36396],
							"rotation": [45, 0, 0],
							"uv": {
								"north": {"uv": [5, 9], "uv_size": [1, 1]},
								"east": {"uv": [5, 9], "uv_size": [1, 1]},
								"south": {"uv": [5, 9], "uv_size": [1, 1]},
								"west": {"uv": [6, 9], "uv_size": [-1, 1]},
								"up": {"uv": [6, 10], "uv_size": [-1, -1]},
								"down": {"uv": [6, 10], "uv_size": [-1, -1]}
							}
						},
						{
							"origin": [-0.75, 32.36396, 3.36396],
							"size": [1.5, 1, 1],
							"pivot": [0.5, 26.36396, 7.36396],
							"rotation": [45, 0, 0],
							"uv": {
								"north": {"uv": [3, 9], "uv_size": [1, 1]},
								"east": {"uv": [3, 9], "uv_size": [1, 1]},
								"south": {"uv": [3, 9], "uv_size": [1, 1]},
								"west": {"uv": [4, 9], "uv_size": [-1, 1]},
								"up": {"uv": [4, 10], "uv_size": [-1, -1]},
								"down": {"uv": [4, 10], "uv_size": [-1, -1]}
							}
						},
						{
							"origin": [-0.75, 33.36396, 0.36396],
							"size": [1.5, 1, 1],
							"pivot": [0.5, 26.36396, 7.36396],
							"rotation": [45, 0, 0],
							"uv": {
								"north": {"uv": [6, 8], "uv_size": [1, 1]},
								"east": {"uv": [6, 8], "uv_size": [1, 1]},
								"south": {"uv": [6, 8], "uv_size": [1, 1]},
								"west": {"uv": [7, 8], "uv_size": [-1, 1]},
								"up": {"uv": [7, 9], "uv_size": [-1, -1]},
								"down": {"uv": [7, 9], "uv_size": [-1, -1]}
							}
						},
						{
							"origin": [-0.75, 33.36396, 2.36396],
							"size": [1.5, 1, 1],
							"pivot": [0.5, 26.36396, 7.36396],
							"rotation": [45, 0, 0],
							"uv": {
								"north": {"uv": [4, 8], "uv_size": [1, 1]},
								"east": {"uv": [4, 8], "uv_size": [1, 1]},
								"south": {"uv": [4, 8], "uv_size": [1, 1]},
								"west": {"uv": [5, 8], "uv_size": [-1, 1]},
								"up": {"uv": [5, 9], "uv_size": [-1, -1]},
								"down": {"uv": [5, 9], "uv_size": [-1, -1]}
							}
						},
						{
							"origin": [-0.75, 34.36396, -0.63604],
							"size": [1.5, 1, 1],
							"pivot": [0.5, 26.36396, 7.36396],
							"rotation": [45, 0, 0],
							"uv": {
								"north": {"uv": [7, 7], "uv_size": [1, 1]},
								"east": {"uv": [7, 7], "uv_size": [1, 1]},
								"south": {"uv": [7, 7], "uv_size": [1, 1]},
								"west": {"uv": [8, 7], "uv_size": [-1, 1]},
								"up": {"uv": [8, 8], "uv_size": [-1, -1]},
								"down": {"uv": [8, 8], "uv_size": [-1, -1]}
							}
						},
						{
							"origin": [-0.75, 34.36396, 1.36396],
							"size": [1.5, 1, 1],
							"pivot": [0.5, 26.36396, 7.36396],
							"rotation": [45, 0, 0],
							"uv": {
								"north": {"uv": [5, 7], "uv_size": [1, 1]},
								"east": {"uv": [5, 7], "uv_size": [1, 1]},
								"south": {"uv": [5, 7], "uv_size": [1, 1]},
								"west": {"uv": [6, 7], "uv_size": [-1, 1]},
								"up": {"uv": [6, 8], "uv_size": [-1, -1]},
								"down": {"uv": [6, 8], "uv_size": [-1, -1]}
							}
						},
						{
							"origin": [-0.75, 35.36396, -1.63604],
							"size": [1.5, 1, 1],
							"pivot": [0.5, 26.36396, 7.36396],
							"rotation": [45, 0, 0],
							"uv": {
								"north": {"uv": [8, 6], "uv_size": [1, 1]},
								"east": {"uv": [8, 6], "uv_size": [1, 1]},
								"south": {"uv": [8, 6], "uv_size": [1, 1]},
								"west": {"uv": [9, 6], "uv_size": [-1, 1]},
								"up": {"uv": [9, 7], "uv_size": [-1, -1]},
								"down": {"uv": [9, 7], "uv_size": [-1, -1]}
							}
						},
						{
							"origin": [-0.75, 35.36396, 0.36396],
							"size": [1.5, 1, 1],
							"pivot": [0.5, 26.36396, 7.36396],
							"rotation": [45, 0, 0],
							"uv": {
								"north": {"uv": [6, 6], "uv_size": [1, 1]},
								"east": {"uv": [6, 6], "uv_size": [1, 1]},
								"south": {"uv": [6, 6], "uv_size": [1, 1]},
								"west": {"uv": [7, 6], "uv_size": [-1, 1]},
								"up": {"uv": [7, 7], "uv_size": [-1, -1]},
								"down": {"uv": [7, 7], "uv_size": [-1, -1]}
							}
						},
						{
							"origin": [-0.75, 36.36396, -2.63604],
							"size": [1.5, 1, 1],
							"pivot": [0.5, 26.36396, 7.36396],
							"rotation": [45, 0, 0],
							"uv": {
								"north": {"uv": [9, 5], "uv_size": [1, 1]},
								"east": {"uv": [9, 5], "uv_size": [1, 1]},
								"south": {"uv": [9, 5], "uv_size": [1, 1]},
								"west": {"uv": [10, 5], "uv_size": [-1, 1]},
								"up": {"uv": [10, 6], "uv_size": [-1, -1]},
								"down": {"uv": [10, 6], "uv_size": [-1, -1]}
							}
						},
						{
							"origin": [-0.75, 36.36396, -0.63604],
							"size": [1.5, 1, 1],
							"pivot": [0.5, 26.36396, 7.36396],
							"rotation": [45, 0, 0],
							"uv": {
								"north": {"uv": [7, 5], "uv_size": [1, 1]},
								"east": {"uv": [7, 5], "uv_size": [1, 1]},
								"south": {"uv": [7, 5], "uv_size": [1, 1]},
								"west": {"uv": [8, 5], "uv_size": [-1, 1]},
								"up": {"uv": [8, 6], "uv_size": [-1, -1]},
								"down": {"uv": [8, 6], "uv_size": [-1, -1]}
							}
						},
						{
							"origin": [-0.75, 37.36396, -3.63604],
							"size": [1.5, 1, 1],
							"pivot": [0.5, 26.36396, 7.36396],
							"rotation": [45, 0, 0],
							"uv": {
								"north": {"uv": [10, 4], "uv_size": [1, 1]},
								"east": {"uv": [10, 4], "uv_size": [1, 1]},
								"south": {"uv": [10, 4], "uv_size": [1, 1]},
								"west": {"uv": [11, 4], "uv_size": [-1, 1]},
								"up": {"uv": [11, 5], "uv_size": [-1, -1]},
								"down": {"uv": [11, 5], "uv_size": [-1, -1]}
							}
						},
						{
							"origin": [-0.75, 37.36396, -1.63604],
							"size": [1.5, 1, 1],
							"pivot": [0.5, 26.36396, 7.36396],
							"rotation": [45, 0, 0],
							"uv": {
								"north": {"uv": [8, 4], "uv_size": [1, 1]},
								"east": {"uv": [8, 4], "uv_size": [1, 1]},
								"south": {"uv": [8, 4], "uv_size": [1, 1]},
								"west": {"uv": [9, 4], "uv_size": [-1, 1]},
								"up": {"uv": [9, 5], "uv_size": [-1, -1]},
								"down": {"uv": [9, 5], "uv_size": [-1, -1]}
							}
						},
						{
							"origin": [-0.75, 38.36396, -4.63604],
							"size": [1.5, 1, 1],
							"pivot": [0.5, 26.36396, 7.36396],
							"rotation": [45, 0, 0],
							"uv": {
								"north": {"uv": [11, 3], "uv_size": [1, 1]},
								"east": {"uv": [11, 3], "uv_size": [1, 1]},
								"south": {"uv": [11, 3], "uv_size": [1, 1]},
								"west": {"uv": [12, 3], "uv_size": [-1, 1]},
								"up": {"uv": [12, 4], "uv_size": [-1, -1]},
								"down": {"uv": [12, 4], "uv_size": [-1, -1]}
							}
						},
						{
							"origin": [-0.75, 38.36396, -2.63604],
							"size": [1.5, 1, 1],
							"pivot": [0.5, 26.36396, 7.36396],
							"rotation": [45, 0, 0],
							"uv": {
								"north": {"uv": [9, 3], "uv_size": [1, 1]},
								"east": {"uv": [9, 3], "uv_size": [1, 1]},
								"south": {"uv": [9, 3], "uv_size": [1, 1]},
								"west": {"uv": [10, 3], "uv_size": [-1, 1]},
								"up": {"uv": [10, 4], "uv_size": [-1, -1]},
								"down": {"uv": [10, 4], "uv_size": [-1, -1]}
							}
						},
						{
							"origin": [-0.75, 39.36396, -5.63604],
							"size": [1.5, 1, 1],
							"pivot": [0.5, 26.36396, 7.36396],
							"rotation": [45, 0, 0],
							"uv": {
								"north": {"uv": [12, 2], "uv_size": [1, 1]},
								"east": {"uv": [12, 2], "uv_size": [1, 1]},
								"south": {"uv": [12, 2], "uv_size": [1, 1]},
								"west": {"uv": [13, 2], "uv_size": [-1, 1]},
								"up": {"uv": [13, 3], "uv_size": [-1, -1]},
								"down": {"uv": [13, 3], "uv_size": [-1, -1]}
							}
						},
						{
							"origin": [-0.75, 39.36396, -3.63604],
							"size": [1.5, 1, 1],
							"pivot": [0.5, 26.36396, 7.36396],
							"rotation": [45, 0, 0],
							"uv": {
								"north": {"uv": [10, 2], "uv_size": [1, 1]},
								"east": {"uv": [10, 2], "uv_size": [1, 1]},
								"south": {"uv": [10, 2], "uv_size": [1, 1]},
								"west": {"uv": [11, 2], "uv_size": [-1, 1]},
								"up": {"uv": [11, 3], "uv_size": [-1, -1]},
								"down": {"uv": [11, 3], "uv_size": [-1, -1]}
							}
						},
						{
							"origin": [-0.75, 40.36396, -4.63604],
							"size": [1.5, 1, 1],
							"pivot": [0.5, 26.36396, 7.36396],
							"rotation": [45, 0, 0],
							"uv": {
								"north": {"uv": [11, 1], "uv_size": [1, 1]},
								"east": {"uv": [11, 1], "uv_size": [1, 1]},
								"south": {"uv": [11, 1], "uv_size": [1, 1]},
								"west": {"uv": [12, 1], "uv_size": [-1, 1]},
								"up": {"uv": [12, 2], "uv_size": [-1, -1]},
								"down": {"uv": [12, 2], "uv_size": [-1, -1]}
							}
						},
						{
							"origin": [-0.875, 28.36396, -0.63604],
							"size": [1.75, 1, 1],
							"pivot": [0.5, 26.36396, 7.36396],
							"rotation": [45, 0, 0],
							"uv": {
								"north": {"uv": [7, 13], "uv_size": [1, 1]},
								"east": {"uv": [7, 13], "uv_size": [1, 1]},
								"south": {"uv": [7, 13], "uv_size": [1, 1]},
								"west": {"uv": [8, 13], "uv_size": [-1, 1]},
								"up": {"uv": [8, 14], "uv_size": [-1, -1]},
								"down": {"uv": [8, 14], "uv_size": [-1, -1]}
							}
						},
						{
							"origin": [-0.875, 29.36396, 0.36396],
							"size": [1.75, 1, 1],
							"pivot": [0.5, 26.36396, 7.36396],
							"rotation": [45, 0, 0],
							"uv": {
								"north": {"uv": [6, 12], "uv_size": [1, 1]},
								"east": {"uv": [6, 12], "uv_size": [1, 1]},
								"south": {"uv": [6, 12], "uv_size": [1, 1]},
								"west": {"uv": [7, 12], "uv_size": [-1, 1]},
								"up": {"uv": [7, 13], "uv_size": [-1, -1]},
								"down": {"uv": [7, 13], "uv_size": [-1, -1]}
							}
						},
						{
							"origin": [-0.875, 30.36396, 1.36396],
							"size": [1.75, 1, 1],
							"pivot": [0.5, 26.36396, 7.36396],
							"rotation": [45, 0, 0],
							"uv": {
								"north": {"uv": [5, 11], "uv_size": [1, 1]},
								"east": {"uv": [5, 11], "uv_size": [1, 1]},
								"south": {"uv": [5, 11], "uv_size": [1, 1]},
								"west": {"uv": [6, 11], "uv_size": [-1, 1]},
								"up": {"uv": [6, 12], "uv_size": [-1, -1]},
								"down": {"uv": [6, 12], "uv_size": [-1, -1]}
							}
						},
						{
							"origin": [-0.875, 31.36396, 2.36396],
							"size": [1.75, 1, 1],
							"pivot": [0.5, 26.36396, 7.36396],
							"rotation": [45, 0, 0],
							"uv": {
								"north": {"uv": [4, 10], "uv_size": [1, 1]},
								"east": {"uv": [4, 10], "uv_size": [1, 1]},
								"south": {"uv": [4, 10], "uv_size": [1, 1]},
								"west": {"uv": [5, 10], "uv_size": [-1, 1]},
								"up": {"uv": [5, 11], "uv_size": [-1, -1]},
								"down": {"uv": [5, 11], "uv_size": [-1, -1]}
							}
						},
						{
							"origin": [-0.875, 32.36396, 2.36396],
							"size": [1.75, 1, 1],
							"pivot": [0.5, 26.36396, 7.36396],
							"rotation": [45, 0, 0],
							"uv": {
								"north": {"uv": [4, 9], "uv_size": [1, 1]},
								"east": {"uv": [4, 9], "uv_size": [1, 1]},
								"south": {"uv": [4, 9], "uv_size": [1, 1]},
								"west": {"uv": [5, 9], "uv_size": [-1, 1]},
								"up": {"uv": [5, 10], "uv_size": [-1, -1]},
								"down": {"uv": [5, 10], "uv_size": [-1, -1]}
							}
						},
						{
							"origin": [-0.875, 33.36396, 1.36396],
							"size": [1.75, 1, 1],
							"pivot": [0.5, 26.36396, 7.36396],
							"rotation": [45, 0, 0],
							"uv": {
								"north": {"uv": [5, 8], "uv_size": [1, 1]},
								"east": {"uv": [5, 8], "uv_size": [1, 1]},
								"south": {"uv": [5, 8], "uv_size": [1, 1]},
								"west": {"uv": [6, 8], "uv_size": [-1, 1]},
								"up": {"uv": [6, 9], "uv_size": [-1, -1]},
								"down": {"uv": [6, 9], "uv_size": [-1, -1]}
							}
						},
						{
							"origin": [-0.875, 34.36396, 0.36396],
							"size": [1.75, 1, 1],
							"pivot": [0.5, 26.36396, 7.36396],
							"rotation": [45, 0, 0],
							"uv": {
								"north": {"uv": [6, 7], "uv_size": [1, 1]},
								"east": {"uv": [6, 7], "uv_size": [1, 1]},
								"south": {"uv": [6, 7], "uv_size": [1, 1]},
								"west": {"uv": [7, 7], "uv_size": [-1, 1]},
								"up": {"uv": [7, 8], "uv_size": [-1, -1]},
								"down": {"uv": [7, 8], "uv_size": [-1, -1]}
							}
						},
						{
							"origin": [-0.875, 35.36396, -0.63604],
							"size": [1.75, 1, 1],
							"pivot": [0.5, 26.36396, 7.36396],
							"rotation": [45, 0, 0],
							"uv": {
								"north": {"uv": [7, 6], "uv_size": [1, 1]},
								"east": {"uv": [7, 6], "uv_size": [1, 1]},
								"south": {"uv": [7, 6], "uv_size": [1, 1]},
								"west": {"uv": [8, 6], "uv_size": [-1, 1]},
								"up": {"uv": [8, 7], "uv_size": [-1, -1]},
								"down": {"uv": [8, 7], "uv_size": [-1, -1]}
							}
						},
						{
							"origin": [-0.875, 36.36396, -1.63604],
							"size": [1.75, 1, 1],
							"pivot": [0.5, 26.36396, 7.36396],
							"rotation": [45, 0, 0],
							"uv": {
								"north": {"uv": [8, 5], "uv_size": [1, 1]},
								"east": {"uv": [8, 5], "uv_size": [1, 1]},
								"south": {"uv": [8, 5], "uv_size": [1, 1]},
								"west": {"uv": [9, 5], "uv_size": [-1, 1]},
								"up": {"uv": [9, 6], "uv_size": [-1, -1]},
								"down": {"uv": [9, 6], "uv_size": [-1, -1]}
							}
						},
						{
							"origin": [-0.875, 37.36396, -2.63604],
							"size": [1.75, 1, 1],
							"pivot": [0.5, 26.36396, 7.36396],
							"rotation": [45, 0, 0],
							"uv": {
								"north": {"uv": [9, 4], "uv_size": [1, 1]},
								"east": {"uv": [9, 4], "uv_size": [1, 1]},
								"south": {"uv": [9, 4], "uv_size": [1, 1]},
								"west": {"uv": [10, 4], "uv_size": [-1, 1]},
								"up": {"uv": [10, 5], "uv_size": [-1, -1]},
								"down": {"uv": [10, 5], "uv_size": [-1, -1]}
							}
						},
						{
							"origin": [-0.875, 38.36396, -3.63604],
							"size": [1.75, 1, 1],
							"pivot": [0.5, 26.36396, 7.36396],
							"rotation": [45, 0, 0],
							"uv": {
								"north": {"uv": [10, 3], "uv_size": [1, 1]},
								"east": {"uv": [10, 3], "uv_size": [1, 1]},
								"south": {"uv": [10, 3], "uv_size": [1, 1]},
								"west": {"uv": [11, 3], "uv_size": [-1, 1]},
								"up": {"uv": [11, 4], "uv_size": [-1, -1]},
								"down": {"uv": [11, 4], "uv_size": [-1, -1]}
							}
						},
						{
							"origin": [-0.875, 39.36396, -4.63604],
							"size": [1.75, 1, 1],
							"pivot": [0.5, 26.36396, 7.36396],
							"rotation": [45, 0, 0],
							"uv": {
								"north": {"uv": [11, 2], "uv_size": [1, 1]},
								"east": {"uv": [11, 2], "uv_size": [1, 1]},
								"south": {"uv": [11, 2], "uv_size": [1, 1]},
								"west": {"uv": [12, 2], "uv_size": [-1, 1]},
								"up": {"uv": [12, 3], "uv_size": [-1, -1]},
								"down": {"uv": [12, 3], "uv_size": [-1, -1]}
							}
						}
					]
				}
			]
		}
	]
}