{
	"format_version": "1.12.0",
	"minecraft:geometry": [
		{
			"description": {
				"identifier": "geometry.lz_steve",
				"texture_width": 32,
				"texture_height": 32,
				"visible_bounds_width": 2,
				"visible_bounds_height": 3.5,
				"visible_bounds_offset": [0, 1.25, 0]
			},
			"bones": [
				{
					"name": "waist",
					"pivot": [0, 12, 0]
				},
				{
					"name": "body",
					"parent": "waist",
					"pivot": [0, 24, 0],
					"cubes": [
						{
							"origin": [-4, 17, -2],
							"size": [8, 7, 4],
							"uv": {
								"north": {"uv": [10, 10], "uv_size": [4, 3.5]},
								"east": {"uv": [8, 10], "uv_size": [2, 3.5]},
								"south": {"uv": [16, 10], "uv_size": [4, 3.5]},
								"west": {"uv": [14, 10], "uv_size": [2, 3.5]},
								"up": {"uv": [14, 10], "uv_size": [-4, -2]},
								"down": {"uv": [18, 10], "uv_size": [-4, -2]}
							}
						}
					]
				},
				{
					"name": "body2",
					"parent": "body",
					"pivot": [0, 0, 0],
					"cubes": [
						{
							"origin": [-4, 12, -2],
							"size": [8, 7, 4],
							"uv": {
								"north": {"uv": [10, 12.5], "uv_size": [4, 3.5]},
								"east": {"uv": [8, 10], "uv_size": [2, 3.5]},
								"south": {"uv": [16, 12.5], "uv_size": [4, 3.5]},
								"west": {"uv": [14, 10], "uv_size": [2, 3.5]},
								"up": {"uv": [18, 10], "uv_size": [-4, -2]},
								"down": {"uv": [18, 10], "uv_size": [-4, -2]}
							}
						}
					]
				},
				{
					"name": "leftLeg",
					"parent": "body",
					"pivot": [1.9, 12, 0],
					"cubes": [
						{
							"origin": [-0.1, 5, -2],
							"size": [4, 7, 4],
							"uv": {
								"north": {"uv": [10, 26], "uv_size": [2, 3.5]},
								"east": {"uv": [8, 26], "uv_size": [2, 3.5]},
								"south": {"uv": [14, 26], "uv_size": [2, 3.5]},
								"west": {"uv": [12, 26], "uv_size": [2, 3.5]},
								"up": {"uv": [12, 26], "uv_size": [-2, -2]},
								"down": {"uv": [12, 26], "uv_size": [-2, -2]}
							}
						}
					]
				},
				{
					"name": "leftLeg2",
					"parent": "leftLeg",
					"pivot": [1.9, 4, 0],
					"cubes": [
						{
							"origin": [-0.1, 0, -2],
							"size": [4, 7, 4],
							"uv": {
								"north": {"uv": [10, 28.5], "uv_size": [2, 3.5]},
								"east": {"uv": [8, 28.5], "uv_size": [2, 3.5]},
								"south": {"uv": [14, 28.5], "uv_size": [2, 3.5]},
								"west": {"uv": [12, 28.5], "uv_size": [2, 3.5]},
								"up": {"uv": [12, 26], "uv_size": [-2, -2]},
								"down": {"uv": [14, 26], "uv_size": [-2, -2]}
							}
						}
					]
				},
				{
					"name": "rightLeg",
					"parent": "body",
					"pivot": [-1.9, 12, 0],
					"cubes": [
						{
							"origin": [-3.9, 5, -2],
							"size": [4, 7, 4],
							"uv": {
								"north": {"uv": [2, 10], "uv_size": [2, 3.5]},
								"east": {"uv": [0, 10], "uv_size": [2, 3.5]},
								"south": {"uv": [6, 10], "uv_size": [2, 3.5]},
								"west": {"uv": [4, 10], "uv_size": [2, 3.5]},
								"up": {"uv": [4, 10], "uv_size": [-2, -2]},
								"down": {"uv": [4, 10], "uv_size": [-2, -2]}
							}
						}
					]
				},
				{
					"name": "rightLeg2",
					"parent": "rightLeg",
					"pivot": [-1.9, 4, 0],
					"cubes": [
						{
							"origin": [-3.9, 0, -2],
							"size": [4, 7, 4],
							"uv": {
								"north": {"uv": [2, 12.5], "uv_size": [2, 3.5]},
								"east": {"uv": [0, 12.5], "uv_size": [2, 3.5]},
								"south": {"uv": [6, 12.5], "uv_size": [2, 3.5]},
								"west": {"uv": [4, 12.5], "uv_size": [2, 3.5]},
								"up": {"uv": [4, 10], "uv_size": [-2, -2]},
								"down": {"uv": [6, 10], "uv_size": [-2, -2]}
							}
						}
					]
				},
				{
					"name": "leftArm",
					"parent": "body",
					"pivot": [5, 22, 0],
					"cubes": [
						{
							"origin": [4, 17, -2],
							"size": [4, 7, 4],
							"uv": {
								"north": {"uv": [22, 10], "uv_size": [2, 3.5]},
								"east": {"uv": [24, 10], "uv_size": [2, 3.5]},
								"south": {"uv": [26, 10], "uv_size": [2, 3.5]},
								"west": {"uv": [20, 10], "uv_size": [2, 3.5]},
								"up": {"uv": [24, 10], "uv_size": [-2, -2]},
								"down": {"uv": [24, 16], "uv_size": [-2, -2]}
							}
						}
					]
				},
				{
					"name": "leftitem",
					"parent": "leftArm",
					"pivot": [7, 15, 1]
				},
				{
					"name": "leftArm2",
					"parent": "leftArm",
					"pivot": [5, 17, 0],
					"cubes": [
						{
							"origin": [4, 12, -2],
							"size": [4, 6, 4],
							"uv": {
								"north": {"uv": [22, 13], "uv_size": [2, 3]},
								"east": {"uv": [24, 13], "uv_size": [2, 3]},
								"south": {"uv": [26, 13], "uv_size": [2, 3]},
								"west": {"uv": [20, 13], "uv_size": [2, 3]},
								"up": {"uv": [24, 16], "uv_size": [-2, -2]},
								"down": {"uv": [26, 10], "uv_size": [-2, -2]}
							}
						}
					]
				},
				{
					"name": "rightArm",
					"parent": "body",
					"pivot": [-5, 22, 0],
					"cubes": [
						{
							"origin": [-8, 17, -2],
							"size": [4, 7, 4],
							"uv": {
								"north": {"uv": [18, 26], "uv_size": [2, 3.5]},
								"east": {"uv": [20, 26], "uv_size": [2, 3.5]},
								"south": {"uv": [22, 26], "uv_size": [2, 3.5]},
								"west": {"uv": [16, 26], "uv_size": [2, 3.5]},
								"up": {"uv": [20, 26], "uv_size": [-2, -2]},
								"down": {"uv": [20, 32], "uv_size": [-2, -2]}
							}
						}
					]
				},
				{
					"name": "rightItem",
					"parent": "rightArm",
					"pivot": [-6, 15, 1]
				},
				{
					"name": "rightArm2",
					"parent": "rightArm",
					"pivot": [-5, 17, 0],
					"cubes": [
						{
							"origin": [-8, 12, -2],
							"size": [4, 6, 4],
							"uv": {
								"north": {"uv": [18, 29], "uv_size": [2, 3]},
								"east": {"uv": [20, 29], "uv_size": [2, 3]},
								"south": {"uv": [22, 29], "uv_size": [2, 3]},
								"west": {"uv": [16, 29], "uv_size": [2, 3]},
								"up": {"uv": [20, 32], "uv_size": [-2, -2]},
								"down": {"uv": [22, 26], "uv_size": [-2, -2]}
							}
						}
					]
				},
				{
					"name": "head",
					"parent": "body",
					"pivot": [0, 24, 0],
					"cubes": [
						{
							"origin": [-4, 24, -4],
							"size": [8, 8, 8],
							"uv": {
								"north": {"uv": [4, 4], "uv_size": [4, 4]},
								"east": {"uv": [0, 4], "uv_size": [4, 4]},
								"south": {"uv": [12, 4], "uv_size": [4, 4]},
								"west": {"uv": [8, 4], "uv_size": [4, 4]},
								"up": {"uv": [8, 4], "uv_size": [-4, -4]},
								"down": {"uv": [12, 4], "uv_size": [-4, -4]}
							}
						}
					]
				},
				{
					"name": "hat",
					"parent": "head",
					"pivot": [0, 24, 0],
					"cubes": [
						{
							"origin": [-4, 24, -4],
							"size": [8, 8, 8],
							"inflate": 0.5,
							"uv": {
								"north": {"uv": [32, 0], "uv_size": [0, 0]},
								"east": {"uv": [16, 4], "uv_size": [4, 4]},
								"south": {"uv": [28, 4], "uv_size": [4, 4]},
								"west": {"uv": [24, 4], "uv_size": [4, 4]},
								"up": {"uv": [24, 4], "uv_size": [-4, -4]},
								"down": {"uv": [28, 4], "uv_size": [-4, -4]}
							}
						}
					]
				},
				{
					"name": "righteye",
					"parent": "head",
					"pivot": [-1, 27, -4],
					"cubes": [
						{
							"origin": [-2, 27.1, -4.01],
							"size": [0.9, 0.9, 0.01],
							"uv": {
								"north": {"uv": [0, 0], "uv_size": [0.25, 0.25]},
								"east": {"uv": [0, 0], "uv_size": [0.25, 0.25]},
								"south": {"uv": [0, 0], "uv_size": [0.25, 0.25]},
								"west": {"uv": [0, 0], "uv_size": [0.25, 0.25]},
								"up": {"uv": [0.25, 0.25], "uv_size": [-0.25, -0.25]},
								"down": {"uv": [0.25, 0.25], "uv_size": [-0.25, -0.25]}
							}
						}
					]
				},
				{
					"name": "lefteye",
					"parent": "head",
					"pivot": [1, 27, -4],
					"cubes": [
						{
							"origin": [1.1, 27.1, -4.01],
							"size": [0.9, 0.9, 0.01],
							"uv": {
								"north": {"uv": [0, 0], "uv_size": [0.25, 0.25]},
								"east": {"uv": [0, 0], "uv_size": [0.25, 0.25]},
								"south": {"uv": [0, 0], "uv_size": [0.25, 0.25]},
								"west": {"uv": [0, 0], "uv_size": [0.25, 0.25]},
								"up": {"uv": [0.25, 0.25], "uv_size": [-0.25, -0.25]},
								"down": {"uv": [0.25, 0.25], "uv_size": [-0.25, -0.25]}
							}
						}
					]
				}
			]
		}
	]
}