{
	"format_version": "1.12.0",
	"minecraft:geometry": [
		{
			"description": {
				"identifier": "geometry.sunglasses",
				"texture_width": 16,
				"texture_height": 16,
				"visible_bounds_width": 2,
				"visible_bounds_height": 3.5,
				"visible_bounds_offset": [0, 1.25, 0]
			},
			"bones": [
				{
					"name": "hat",
					"pivot": [0, 0, 0],
					"cubes": [
						{
							"origin": [-4, 4, -4.25],
							"size": [8, 0.25, 0.25],
							"uv": {
								"north": {"uv": [0, 0], "uv_size": [16, 1]},
								"east": {"uv": [0, 0], "uv_size": [16, 1]},
								"south": {"uv": [0, 0], "uv_size": [16, 1]},
								"west": {"uv": [0, 0], "uv_size": [16, 1]},
								"up": {"uv": [16, 1], "uv_size": [-16, -1]},
								"down": {"uv": [16, 1], "uv_size": [-16, -1]}
							}
						},
						{
							"origin": [-4, 3.5, -4.25],
							"size": [3.5, 0.25, 0.25],
							"uv": {
								"north": {"uv": [0, 2], "uv_size": [16, 1]},
								"east": {"uv": [0, 0], "uv_size": [1, 1]},
								"south": {"uv": [0, 2], "uv_size": [16, 1]},
								"west": {"uv": [0, 0], "uv_size": [1, 1]},
								"up": {"uv": [1, 1], "uv_size": [-1, -1]},
								"down": {"uv": [1, 1], "uv_size": [-1, -1]}
							}
						},
						{
							"origin": [0.5, 3.5, -4.25],
							"size": [3.5, 0.25, 0.25],
							"uv": {
								"north": {"uv": [0, 6], "uv_size": [16, 1]},
								"east": {"uv": [0, 0], "uv_size": [1, 1]},
								"south": {"uv": [0, 6], "uv_size": [16, 1]},
								"west": {"uv": [0, 0], "uv_size": [1, 1]},
								"up": {"uv": [1, 1], "uv_size": [-1, -1]},
								"down": {"uv": [1, 1], "uv_size": [-1, -1]}
							}
						},
						{
							"origin": [0.75, 3.25, -4.25],
							"size": [3, 0.25, 0.25],
							"uv": {
								"north": {"uv": [0, 7], "uv_size": [14, 1]},
								"east": {"uv": [0, 0], "uv_size": [1, 1]},
								"south": {"uv": [0, 7], "uv_size": [14, 1]},
								"west": {"uv": [0, 0], "uv_size": [1, 1]},
								"up": {"uv": [1, 1], "uv_size": [-1, -1]},
								"down": {"uv": [1, 1], "uv_size": [-1, -1]}
							}
						},
						{
							"origin": [-3.75, 3.25, -4.25],
							"size": [3, 0.25, 0.25],
							"uv": {
								"north": {"uv": [0, 3], "uv_size": [14, 1]},
								"east": {"uv": [0, 0], "uv_size": [1, 1]},
								"south": {"uv": [0, 3], "uv_size": [14, 1]},
								"west": {"uv": [0, 0], "uv_size": [1, 1]},
								"up": {"uv": [1, 1], "uv_size": [-1, -1]},
								"down": {"uv": [1, 1], "uv_size": [-1, -1]}
							}
						},
						{
							"origin": [-3.5, 3, -4.25],
							"size": [2.5, 0.25, 0.25],
							"uv": {
								"north": {"uv": [0, 4], "uv_size": [12, 1]},
								"east": {"uv": [0, 0], "uv_size": [1, 1]},
								"south": {"uv": [0, 4], "uv_size": [12, 1]},
								"west": {"uv": [0, 0], "uv_size": [1, 1]},
								"up": {"uv": [1, 1], "uv_size": [-1, -1]},
								"down": {"uv": [1, 1], "uv_size": [-1, -1]}
							}
						},
						{
							"origin": [1, 3, -4.25],
							"size": [2.5, 0.25, 0.25],
							"uv": {
								"north": {"uv": [0, 8], "uv_size": [12, 1]},
								"east": {"uv": [0, 0], "uv_size": [1, 1]},
								"south": {"uv": [0, 8], "uv_size": [12, 1]},
								"west": {"uv": [0, 0], "uv_size": [1, 1]},
								"up": {"uv": [1, 1], "uv_size": [-1, -1]},
								"down": {"uv": [1, 1], "uv_size": [-1, -1]}
							}
						},
						{
							"origin": [-4.25, 4, -4.25],
							"size": [0.25, 0.25, 4],
							"uv": {
								"north": {"uv": [0, 0], "uv_size": [1, 1]},
								"east": {"uv": [0, 0], "uv_size": [1, 1]},
								"south": {"uv": [0, 0], "uv_size": [1, 1]},
								"west": {"uv": [0, 0], "uv_size": [1, 1]},
								"up": {"uv": [1, 1], "uv_size": [-1, -1]},
								"down": {"uv": [1, 1], "uv_size": [-1, -1]}
							}
						},
						{
							"origin": [4, 4, -4.25],
							"size": [0.25, 0.25, 4],
							"uv": {
								"north": {"uv": [0, 0], "uv_size": [1, 1]},
								"east": {"uv": [0, 0], "uv_size": [1, 1]},
								"south": {"uv": [0, 0], "uv_size": [1, 1]},
								"west": {"uv": [0, 0], "uv_size": [1, 1]},
								"up": {"uv": [1, 1], "uv_size": [-1, -1]},
								"down": {"uv": [1, 1], "uv_size": [-1, -1]}
							}
						},
						{
							"origin": [4, 3.5, -0.75],
							"size": [0.25, 0.5, 0.5],
							"uv": {
								"north": {"uv": [0, 0], "uv_size": [1, 1]},
								"east": {"uv": [0, 0], "uv_size": [1, 1]},
								"south": {"uv": [0, 0], "uv_size": [1, 1]},
								"west": {"uv": [0, 0], "uv_size": [1, 1]},
								"up": {"uv": [1, 1], "uv_size": [-1, -1]},
								"down": {"uv": [1, 1], "uv_size": [-1, -1]}
							}
						},
						{
							"origin": [-4.25, 3.5, -0.75],
							"size": [0.25, 0.5, 0.5],
							"uv": {
								"north": {"uv": [0, 0], "uv_size": [1, 1]},
								"east": {"uv": [0, 0], "uv_size": [1, 1]},
								"south": {"uv": [0, 0], "uv_size": [1, 1]},
								"west": {"uv": [0, 0], "uv_size": [1, 1]},
								"up": {"uv": [1, 1], "uv_size": [-1, -1]},
								"down": {"uv": [1, 1], "uv_size": [-1, -1]}
							}
						},
						{
							"origin": [-4, 3.75, -4.25],
							"size": [3.5, 0.25, 0.25],
							"uv": {
								"north": {"uv": [0, 1], "uv_size": [16, 1]},
								"east": {"uv": [0, 0], "uv_size": [1, 1]},
								"south": {"uv": [0, 1], "uv_size": [16, 1]},
								"west": {"uv": [0, 0], "uv_size": [1, 1]},
								"up": {"uv": [1, 1], "uv_size": [-1, -1]},
								"down": {"uv": [1, 1], "uv_size": [-1, -1]}
							}
						},
						{
							"origin": [0.5, 3.75, -4.25],
							"size": [3.5, 0.25, 0.25],
							"uv": {
								"north": {"uv": [0, 5], "uv_size": [16, 1]},
								"east": {"uv": [0, 0], "uv_size": [1, 1]},
								"south": {"uv": [0, 5], "uv_size": [16, 1]},
								"west": {"uv": [0, 0], "uv_size": [1, 1]},
								"up": {"uv": [1, 1], "uv_size": [-1, -1]},
								"down": {"uv": [1, 1], "uv_size": [-1, -1]}
							}
						}
					]
				}
			]
		}
	]
}