{
	"format_version": "1.16.0",
	"minecraft:geometry": [
		{
			"description": {
				"identifier": "geometry.lz_sword",
				"texture_width": 16,
				"texture_height": 16,
				"visible_bounds_width": 2,
				"visible_bounds_height": 3.5,
				"visible_bounds_offset": [0, 1.25, 0]
			},
			"bones": [
				{
					"name": "rightitem",
					"pivot": [0, 21, 0],
					"binding": "q.item_slot_to_bone_name(c.item_slot)",
					"cubes": [
						{
							"origin": [-0.85, 21, -1],
							"size": [1.6, 1, 1],
							"uv": {
								"north": {"uv": [0, 15], "uv_size": [1, 1]},
								"east": {"uv": [0, 15], "uv_size": [1, 1]},
								"south": {"uv": [0, 15], "uv_size": [1, 1]},
								"west": {"uv": [0, 15], "uv_size": [1, 1]},
								"up": {"uv": [1, 16], "uv_size": [-1, -1]},
								"down": {"uv": [1, 16], "uv_size": [-1, -1]}
							}
						},
						{
							"origin": [-0.85, 22, -1],
							"size": [1.6, 1, 1],
							"uv": {
								"north": {"uv": [0, 14], "uv_size": [1, 1]},
								"east": {"uv": [0, 14], "uv_size": [1, 1]},
								"south": {"uv": [0, 14], "uv_size": [1, 1]},
								"west": {"uv": [0, 14], "uv_size": [1, 1]},
								"up": {"uv": [1, 15], "uv_size": [-1, -1]},
								"down": {"uv": [1, 15], "uv_size": [-1, -1]}
							}
						},
						{
							"origin": [-0.85, 23, -1],
							"size": [1.6, 1, 1],
							"uv": {
								"north": {"uv": [0, 13], "uv_size": [1, 1]},
								"east": {"uv": [0, 13], "uv_size": [1, 1]},
								"south": {"uv": [0, 13], "uv_size": [1, 1]},
								"west": {"uv": [0, 13], "uv_size": [1, 1]},
								"up": {"uv": [1, 14], "uv_size": [-1, -1]},
								"down": {"uv": [1, 14], "uv_size": [-1, -1]}
							}
						},
						{
							"origin": [-0.85, 23, -2],
							"size": [1.6, 1, 1],
							"uv": {
								"north": {"uv": [1, 13], "uv_size": [1, 1]},
								"east": {"uv": [1, 13], "uv_size": [1, 1]},
								"south": {"uv": [1, 13], "uv_size": [1, 1]},
								"west": {"uv": [1, 13], "uv_size": [1, 1]},
								"up": {"uv": [2, 14], "uv_size": [-1, -1]},
								"down": {"uv": [2, 14], "uv_size": [-1, -1]}
							}
						},
						{
							"origin": [-0.85, 22, -2],
							"size": [1.6, 1, 1],
							"uv": {
								"north": {"uv": [1, 14], "uv_size": [1, 1]},
								"east": {"uv": [1, 14], "uv_size": [1, 1]},
								"south": {"uv": [1, 14], "uv_size": [1, 1]},
								"west": {"uv": [1, 14], "uv_size": [1, 1]},
								"up": {"uv": [2, 15], "uv_size": [-1, -1]},
								"down": {"uv": [2, 15], "uv_size": [-1, -1]}
							}
						},
						{
							"origin": [-0.85, 21, -2],
							"size": [1.6, 1, 1],
							"uv": {
								"north": {"uv": [1, 15], "uv_size": [1, 1]},
								"east": {"uv": [1, 15], "uv_size": [1, 1]},
								"south": {"uv": [1, 15], "uv_size": [1, 1]},
								"west": {"uv": [1, 15], "uv_size": [1, 1]},
								"up": {"uv": [2, 16], "uv_size": [-1, -1]},
								"down": {"uv": [2, 16], "uv_size": [-1, -1]}
							}
						},
						{
							"origin": [-0.85, 21, -3],
							"size": [1.6, 1, 1],
							"uv": {
								"north": {"uv": [2, 15], "uv_size": [1, 1]},
								"east": {"uv": [2, 15], "uv_size": [1, 1]},
								"south": {"uv": [2, 15], "uv_size": [1, 1]},
								"west": {"uv": [2, 15], "uv_size": [1, 1]},
								"up": {"uv": [3, 16], "uv_size": [-1, -1]},
								"down": {"uv": [3, 16], "uv_size": [-1, -1]}
							}
						},
						{
							"origin": [-0.85, 22, -3],
							"size": [1.6, 1, 1],
							"uv": {
								"north": {"uv": [2, 14], "uv_size": [1, 1]},
								"east": {"uv": [2, 14], "uv_size": [1, 1]},
								"south": {"uv": [2, 14], "uv_size": [1, 1]},
								"west": {"uv": [2, 14], "uv_size": [1, 1]},
								"up": {"uv": [3, 15], "uv_size": [-1, -1]},
								"down": {"uv": [3, 15], "uv_size": [-1, -1]}
							}
						},
						{
							"origin": [-0.85, 23, -3],
							"size": [1.6, 1, 1],
							"uv": {
								"north": {"uv": [2, 13], "uv_size": [1, 1]},
								"east": {"uv": [2, 13], "uv_size": [1, 1]},
								"south": {"uv": [2, 13], "uv_size": [1, 1]},
								"west": {"uv": [2, 13], "uv_size": [1, 1]},
								"up": {"uv": [3, 14], "uv_size": [-1, -1]},
								"down": {"uv": [3, 14], "uv_size": [-1, -1]}
							}
						},
						{
							"origin": [-0.85, 24, -3],
							"size": [1.6, 1, 1],
							"uv": {
								"north": {"uv": [2, 12], "uv_size": [1, 1]},
								"east": {"uv": [2, 12], "uv_size": [1, 1]},
								"south": {"uv": [2, 12], "uv_size": [1, 1]},
								"west": {"uv": [2, 12], "uv_size": [1, 1]},
								"up": {"uv": [3, 13], "uv_size": [-1, -1]},
								"down": {"uv": [3, 13], "uv_size": [-1, -1]}
							}
						},
						{
							"origin": [-0.85, 24, -4],
							"size": [1.6, 1, 1],
							"uv": {
								"north": {"uv": [3, 12], "uv_size": [1, 1]},
								"east": {"uv": [3, 12], "uv_size": [1, 1]},
								"south": {"uv": [3, 12], "uv_size": [1, 1]},
								"west": {"uv": [3, 12], "uv_size": [1, 1]},
								"up": {"uv": [4, 13], "uv_size": [-1, -1]},
								"down": {"uv": [4, 13], "uv_size": [-1, -1]}
							}
						},
						{
							"origin": [-0.85, 23, -4],
							"size": [1.6, 1, 1],
							"uv": {
								"north": {"uv": [3, 13], "uv_size": [1, 1]},
								"east": {"uv": [3, 13], "uv_size": [1, 1]},
								"south": {"uv": [3, 13], "uv_size": [1, 1]},
								"west": {"uv": [3, 13], "uv_size": [1, 1]},
								"up": {"uv": [4, 14], "uv_size": [-1, -1]},
								"down": {"uv": [4, 14], "uv_size": [-1, -1]}
							}
						},
						{
							"origin": [-0.85, 24, -5],
							"size": [1.6, 1, 1],
							"uv": {
								"north": {"uv": [4, 12], "uv_size": [1, 1]},
								"east": {"uv": [4, 12], "uv_size": [1, 1]},
								"south": {"uv": [4, 12], "uv_size": [1, 1]},
								"west": {"uv": [4, 12], "uv_size": [1, 1]},
								"up": {"uv": [5, 13], "uv_size": [-1, -1]},
								"down": {"uv": [5, 13], "uv_size": [-1, -1]}
							}
						},
						{
							"origin": [-0.85, 25, -5],
							"size": [1.6, 1, 1],
							"uv": {
								"north": {"uv": [4, 11], "uv_size": [1, 1]},
								"east": {"uv": [4, 11], "uv_size": [1, 1]},
								"south": {"uv": [4, 11], "uv_size": [1, 1]},
								"west": {"uv": [4, 11], "uv_size": [1, 1]},
								"up": {"uv": [5, 12], "uv_size": [-1, -1]},
								"down": {"uv": [5, 12], "uv_size": [-1, -1]}
							}
						},
						{
							"origin": [-0.5, 25, -6],
							"size": [1, 1, 1],
							"uv": {
								"north": {"uv": [5, 11], "uv_size": [1, 1]},
								"east": {"uv": [5, 11], "uv_size": [1, 1]},
								"south": {"uv": [5, 11], "uv_size": [1, 1]},
								"west": {"uv": [5, 11], "uv_size": [1, 1]},
								"up": {"uv": [6, 12], "uv_size": [-1, -1]},
								"down": {"uv": [6, 12], "uv_size": [-1, -1]}
							}
						},
						{
							"origin": [-0.5, 26, -5],
							"size": [1, 1, 1],
							"uv": {
								"north": {"uv": [4, 10], "uv_size": [1, 1]},
								"east": {"uv": [4, 10], "uv_size": [1, 1]},
								"south": {"uv": [4, 10], "uv_size": [1, 1]},
								"west": {"uv": [4, 10], "uv_size": [1, 1]},
								"up": {"uv": [5, 11], "uv_size": [-1, -1]},
								"down": {"uv": [5, 11], "uv_size": [-1, -1]}
							}
						},
						{
							"origin": [-0.5, 27, -4],
							"size": [1, 1, 1],
							"uv": {
								"north": {"uv": [3, 9], "uv_size": [1, 1]},
								"east": {"uv": [3, 9], "uv_size": [1, 1]},
								"south": {"uv": [3, 9], "uv_size": [1, 1]},
								"west": {"uv": [3, 9], "uv_size": [1, 1]},
								"up": {"uv": [4, 10], "uv_size": [-1, -1]},
								"down": {"uv": [4, 10], "uv_size": [-1, -1]}
							}
						},
						{
							"origin": [-0.5, 28, -4],
							"size": [1, 1, 1],
							"uv": {
								"north": {"uv": [3, 8], "uv_size": [1, 1]},
								"east": {"uv": [3, 8], "uv_size": [1, 1]},
								"south": {"uv": [3, 8], "uv_size": [1, 1]},
								"west": {"uv": [3, 8], "uv_size": [1, 1]},
								"up": {"uv": [4, 9], "uv_size": [-1, -1]},
								"down": {"uv": [4, 9], "uv_size": [-1, -1]}
							}
						},
						{
							"origin": [-0.5, 29, -3],
							"size": [1, 1, 1],
							"uv": {
								"north": {"uv": [2, 7], "uv_size": [1, 1]},
								"east": {"uv": [2, 7], "uv_size": [1, 1]},
								"south": {"uv": [2, 7], "uv_size": [1, 1]},
								"west": {"uv": [2, 7], "uv_size": [1, 1]},
								"up": {"uv": [3, 8], "uv_size": [-1, -1]},
								"down": {"uv": [3, 8], "uv_size": [-1, -1]}
							}
						},
						{
							"origin": [-0.5, 30, -3],
							"size": [1, 1, 1],
							"uv": {
								"north": {"uv": [2, 6], "uv_size": [1, 1]},
								"east": {"uv": [2, 6], "uv_size": [1, 1]},
								"south": {"uv": [2, 6], "uv_size": [1, 1]},
								"west": {"uv": [2, 6], "uv_size": [1, 1]},
								"up": {"uv": [3, 7], "uv_size": [-1, -1]},
								"down": {"uv": [3, 7], "uv_size": [-1, -1]}
							}
						},
						{
							"origin": [-0.5, 30, -4],
							"size": [1, 1, 1],
							"uv": {
								"north": {"uv": [3, 6], "uv_size": [1, 1]},
								"east": {"uv": [3, 6], "uv_size": [1, 1]},
								"south": {"uv": [3, 6], "uv_size": [1, 1]},
								"west": {"uv": [3, 6], "uv_size": [1, 1]},
								"up": {"uv": [4, 7], "uv_size": [-1, -1]},
								"down": {"uv": [4, 7], "uv_size": [-1, -1]}
							}
						},
						{
							"origin": [-0.5, 29, -5],
							"size": [1, 1, 1],
							"uv": {
								"north": {"uv": [4, 7], "uv_size": [1, 1]},
								"east": {"uv": [4, 7], "uv_size": [1, 1]},
								"south": {"uv": [4, 7], "uv_size": [1, 1]},
								"west": {"uv": [4, 7], "uv_size": [1, 1]},
								"up": {"uv": [5, 8], "uv_size": [-1, -1]},
								"down": {"uv": [5, 8], "uv_size": [-1, -1]}
							}
						},
						{
							"origin": [-0.5, 28, -6],
							"size": [1, 1, 1],
							"uv": {
								"north": {"uv": [5, 8], "uv_size": [1, 1]},
								"east": {"uv": [5, 8], "uv_size": [1, 1]},
								"south": {"uv": [5, 8], "uv_size": [1, 1]},
								"west": {"uv": [5, 8], "uv_size": [1, 1]},
								"up": {"uv": [6, 9], "uv_size": [-1, -1]},
								"down": {"uv": [6, 9], "uv_size": [-1, -1]}
							}
						},
						{
							"origin": [-0.5, 26, -8],
							"size": [1, 1, 1],
							"uv": {
								"north": {"uv": [7, 10], "uv_size": [1, 1]},
								"east": {"uv": [7, 10], "uv_size": [1, 1]},
								"south": {"uv": [7, 10], "uv_size": [1, 1]},
								"west": {"uv": [7, 10], "uv_size": [1, 1]},
								"up": {"uv": [8, 11], "uv_size": [-1, -1]},
								"down": {"uv": [8, 11], "uv_size": [-1, -1]}
							}
						},
						{
							"origin": [-0.5, 25, -9],
							"size": [1, 1, 1],
							"uv": {
								"north": {"uv": [8, 11], "uv_size": [1, 1]},
								"east": {"uv": [8, 11], "uv_size": [1, 1]},
								"south": {"uv": [8, 11], "uv_size": [1, 1]},
								"west": {"uv": [8, 11], "uv_size": [1, 1]},
								"up": {"uv": [9, 12], "uv_size": [-1, -1]},
								"down": {"uv": [9, 12], "uv_size": [-1, -1]}
							}
						},
						{
							"origin": [-0.5, 27, -9],
							"size": [1, 1, 1],
							"uv": {
								"north": {"uv": [8, 9], "uv_size": [1, 1]},
								"east": {"uv": [8, 9], "uv_size": [1, 1]},
								"south": {"uv": [8, 9], "uv_size": [1, 1]},
								"west": {"uv": [8, 9], "uv_size": [1, 1]},
								"up": {"uv": [9, 10], "uv_size": [-1, -1]},
								"down": {"uv": [9, 10], "uv_size": [-1, -1]}
							}
						},
						{
							"origin": [-0.5, 28, -10],
							"size": [1, 1, 1],
							"uv": {
								"north": {"uv": [9, 8], "uv_size": [1, 1]},
								"east": {"uv": [9, 8], "uv_size": [1, 1]},
								"south": {"uv": [9, 8], "uv_size": [1, 1]},
								"west": {"uv": [9, 8], "uv_size": [1, 1]},
								"up": {"uv": [10, 9], "uv_size": [-1, -1]},
								"down": {"uv": [10, 9], "uv_size": [-1, -1]}
							}
						},
						{
							"origin": [-0.5, 29, -11],
							"size": [1, 1, 1],
							"uv": {
								"north": {"uv": [10, 7], "uv_size": [1, 1]},
								"east": {"uv": [10, 7], "uv_size": [1, 1]},
								"south": {"uv": [10, 7], "uv_size": [1, 1]},
								"west": {"uv": [10, 7], "uv_size": [1, 1]},
								"up": {"uv": [11, 8], "uv_size": [-1, -1]},
								"down": {"uv": [11, 8], "uv_size": [-1, -1]}
							}
						},
						{
							"origin": [-0.5, 31, -13],
							"size": [1, 1, 1],
							"uv": {
								"north": {"uv": [11, 6], "uv_size": [1, 1]},
								"east": {"uv": [11, 6], "uv_size": [1, 1]},
								"south": {"uv": [11, 6], "uv_size": [1, 1]},
								"west": {"uv": [11, 6], "uv_size": [1, 1]},
								"up": {"uv": [12, 7], "uv_size": [-1, -1]},
								"down": {"uv": [12, 7], "uv_size": [-1, -1]}
							}
						},
						{
							"origin": [-0.5, 33, -15],
							"size": [1, 1, 1],
							"uv": {
								"north": {"uv": [14, 3], "uv_size": [1, 1]},
								"east": {"uv": [14, 3], "uv_size": [1, 1]},
								"south": {"uv": [14, 3], "uv_size": [1, 1]},
								"west": {"uv": [14, 3], "uv_size": [1, 1]},
								"up": {"uv": [15, 4], "uv_size": [-1, -1]},
								"down": {"uv": [15, 4], "uv_size": [-1, -1]}
							}
						},
						{
							"origin": [-0.5, 36, -16],
							"size": [1, 1, 1],
							"uv": {
								"north": {"uv": [15, 0], "uv_size": [1, 1]},
								"east": {"uv": [15, 0], "uv_size": [1, 1]},
								"south": {"uv": [15, 0], "uv_size": [1, 1]},
								"west": {"uv": [15, 0], "uv_size": [1, 1]},
								"up": {"uv": [16, 1], "uv_size": [-1, -1]},
								"down": {"uv": [16, 1], "uv_size": [-1, -1]}
							}
						},
						{
							"origin": [-0.5, 34, -16],
							"size": [1, 1, 1],
							"uv": {
								"north": {"uv": [15, 2], "uv_size": [1, 1]},
								"east": {"uv": [15, 2], "uv_size": [1, 1]},
								"south": {"uv": [15, 2], "uv_size": [1, 1]},
								"west": {"uv": [15, 2], "uv_size": [1, 1]},
								"up": {"uv": [16, 3], "uv_size": [-1, -1]},
								"down": {"uv": [16, 3], "uv_size": [-1, -1]}
							}
						},
						{
							"origin": [-0.5, 35, -16],
							"size": [1, 1, 1],
							"uv": {
								"north": {"uv": [15, 1], "uv_size": [1, 1]},
								"east": {"uv": [15, 1], "uv_size": [1, 1]},
								"south": {"uv": [15, 1], "uv_size": [1, 1]},
								"west": {"uv": [15, 1], "uv_size": [1, 1]},
								"up": {"uv": [16, 2], "uv_size": [-1, -1]},
								"down": {"uv": [16, 2], "uv_size": [-1, -1]}
							}
						},
						{
							"origin": [-0.5, 36, -15],
							"size": [1, 1, 1],
							"uv": {
								"north": {"uv": [14, 0], "uv_size": [1, 1]},
								"east": {"uv": [14, 0], "uv_size": [1, 1]},
								"south": {"uv": [14, 0], "uv_size": [1, 1]},
								"west": {"uv": [14, 0], "uv_size": [1, 1]},
								"up": {"uv": [15, 1], "uv_size": [-1, -1]},
								"down": {"uv": [15, 1], "uv_size": [-1, -1]}
							}
						},
						{
							"origin": [-0.5, 36, -14],
							"size": [1, 1, 1],
							"uv": {
								"north": {"uv": [13, 0], "uv_size": [1, 1]},
								"east": {"uv": [13, 0], "uv_size": [1, 1]},
								"south": {"uv": [13, 0], "uv_size": [1, 1]},
								"west": {"uv": [13, 0], "uv_size": [1, 1]},
								"up": {"uv": [14, 1], "uv_size": [-1, -1]},
								"down": {"uv": [14, 1], "uv_size": [-1, -1]}
							}
						},
						{
							"origin": [-0.5, 32, -14],
							"size": [1, 1, 1],
							"uv": {
								"north": {"uv": [13, 4], "uv_size": [1, 1]},
								"east": {"uv": [13, 4], "uv_size": [1, 1]},
								"south": {"uv": [13, 4], "uv_size": [1, 1]},
								"west": {"uv": [13, 4], "uv_size": [1, 1]},
								"up": {"uv": [14, 5], "uv_size": [-1, -1]},
								"down": {"uv": [14, 5], "uv_size": [-1, -1]}
							}
						},
						{
							"origin": [-0.5, 30, -12],
							"size": [1, 1, 1],
							"uv": {
								"north": {"uv": [11, 6], "uv_size": [1, 1]},
								"east": {"uv": [11, 6], "uv_size": [1, 1]},
								"south": {"uv": [11, 6], "uv_size": [1, 1]},
								"west": {"uv": [11, 6], "uv_size": [1, 1]},
								"up": {"uv": [12, 7], "uv_size": [-1, -1]},
								"down": {"uv": [12, 7], "uv_size": [-1, -1]}
							}
						},
						{
							"origin": [-0.5, 29, -7],
							"size": [1, 1, 1],
							"uv": {
								"north": {"uv": [6, 7], "uv_size": [1, 1]},
								"east": {"uv": [6, 7], "uv_size": [1, 1]},
								"south": {"uv": [6, 7], "uv_size": [1, 1]},
								"west": {"uv": [6, 7], "uv_size": [1, 1]},
								"up": {"uv": [7, 8], "uv_size": [-1, -1]},
								"down": {"uv": [7, 8], "uv_size": [-1, -1]}
							}
						},
						{
							"origin": [-0.5, 30, -8],
							"size": [1, 1, 1],
							"uv": {
								"north": {"uv": [7, 6], "uv_size": [1, 1]},
								"east": {"uv": [7, 6], "uv_size": [1, 1]},
								"south": {"uv": [7, 6], "uv_size": [1, 1]},
								"west": {"uv": [7, 6], "uv_size": [1, 1]},
								"up": {"uv": [8, 7], "uv_size": [-1, -1]},
								"down": {"uv": [8, 7], "uv_size": [-1, -1]}
							}
						},
						{
							"origin": [-0.5, 31, -9],
							"size": [1, 1, 1],
							"uv": {
								"north": {"uv": [8, 5], "uv_size": [1, 1]},
								"east": {"uv": [8, 5], "uv_size": [1, 1]},
								"south": {"uv": [8, 5], "uv_size": [1, 1]},
								"west": {"uv": [8, 5], "uv_size": [1, 1]},
								"up": {"uv": [9, 6], "uv_size": [-1, -1]},
								"down": {"uv": [9, 6], "uv_size": [-1, -1]}
							}
						},
						{
							"origin": [-0.5, 32, -10],
							"size": [1, 1, 1],
							"uv": {
								"north": {"uv": [9, 4], "uv_size": [1, 1]},
								"east": {"uv": [9, 4], "uv_size": [1, 1]},
								"south": {"uv": [9, 4], "uv_size": [1, 1]},
								"west": {"uv": [9, 4], "uv_size": [1, 1]},
								"up": {"uv": [10, 5], "uv_size": [-1, -1]},
								"down": {"uv": [10, 5], "uv_size": [-1, -1]}
							}
						},
						{
							"origin": [-0.5, 33, -11],
							"size": [1, 1, 1],
							"uv": {
								"north": {"uv": [10, 3], "uv_size": [1, 1]},
								"east": {"uv": [10, 3], "uv_size": [1, 1]},
								"south": {"uv": [10, 3], "uv_size": [1, 1]},
								"west": {"uv": [10, 3], "uv_size": [1, 1]},
								"up": {"uv": [11, 4], "uv_size": [-1, -1]},
								"down": {"uv": [11, 4], "uv_size": [-1, -1]}
							}
						},
						{
							"origin": [-0.5, 34, -12],
							"size": [1, 1, 1],
							"uv": {
								"north": {"uv": [11, 2], "uv_size": [1, 1]},
								"east": {"uv": [11, 2], "uv_size": [1, 1]},
								"south": {"uv": [11, 2], "uv_size": [1, 1]},
								"west": {"uv": [11, 2], "uv_size": [1, 1]},
								"up": {"uv": [12, 3], "uv_size": [-1, -1]},
								"down": {"uv": [12, 3], "uv_size": [-1, -1]}
							}
						},
						{
							"origin": [-0.5, 35, -13],
							"size": [1, 1, 1],
							"uv": {
								"north": {"uv": [12, 1], "uv_size": [1, 1]},
								"east": {"uv": [12, 1], "uv_size": [1, 1]},
								"south": {"uv": [12, 1], "uv_size": [1, 1]},
								"west": {"uv": [12, 1], "uv_size": [1, 1]},
								"up": {"uv": [13, 2], "uv_size": [-1, -1]},
								"down": {"uv": [13, 2], "uv_size": [-1, -1]}
							}
						},
						{
							"origin": [-0.5, 24, -8],
							"size": [1, 1, 1],
							"uv": {
								"north": {"uv": [6, 12], "uv_size": [1, 1]},
								"east": {"uv": [6, 12], "uv_size": [1, 1]},
								"south": {"uv": [6, 12], "uv_size": [1, 1]},
								"west": {"uv": [6, 12], "uv_size": [1, 1]},
								"up": {"uv": [7, 13], "uv_size": [-1, -1]},
								"down": {"uv": [7, 13], "uv_size": [-1, -1]}
							}
						},
						{
							"origin": [-0.5, 24, -7],
							"size": [1, 1, 1],
							"uv": {
								"north": {"uv": [6, 12], "uv_size": [1, 1]},
								"east": {"uv": [6, 12], "uv_size": [1, 1]},
								"south": {"uv": [6, 12], "uv_size": [1, 1]},
								"west": {"uv": [6, 12], "uv_size": [1, 1]},
								"up": {"uv": [7, 13], "uv_size": [-1, -1]},
								"down": {"uv": [7, 13], "uv_size": [-1, -1]}
							}
						},
						{
							"origin": [-0.5, 23, -9],
							"size": [1, 1, 1],
							"uv": {
								"north": {"uv": [8, 13], "uv_size": [1, 1]},
								"east": {"uv": [8, 13], "uv_size": [1, 1]},
								"south": {"uv": [8, 13], "uv_size": [1, 1]},
								"west": {"uv": [8, 13], "uv_size": [1, 1]},
								"up": {"uv": [9, 14], "uv_size": [-1, -1]},
								"down": {"uv": [9, 14], "uv_size": [-1, -1]}
							}
						},
						{
							"origin": [-0.5, 23, -10],
							"size": [1, 1, 1],
							"uv": {
								"north": {"uv": [9, 13], "uv_size": [1, 1]},
								"east": {"uv": [9, 13], "uv_size": [1, 1]},
								"south": {"uv": [9, 13], "uv_size": [1, 1]},
								"west": {"uv": [9, 13], "uv_size": [1, 1]},
								"up": {"uv": [10, 14], "uv_size": [-1, -1]},
								"down": {"uv": [10, 14], "uv_size": [-1, -1]}
							}
						},
						{
							"origin": [-0.5, 24, -10],
							"size": [1, 1, 1],
							"uv": {
								"north": {"uv": [9, 12], "uv_size": [1, 1]},
								"east": {"uv": [9, 12], "uv_size": [1, 1]},
								"south": {"uv": [9, 12], "uv_size": [1, 1]},
								"west": {"uv": [9, 12], "uv_size": [1, 1]},
								"up": {"uv": [10, 13], "uv_size": [-1, -1]},
								"down": {"uv": [10, 13], "uv_size": [-1, -1]}
							}
						},
						{
							"origin": [-0.85, 25, -4],
							"size": [1.6, 1, 1],
							"uv": {
								"north": {"uv": [3, 11], "uv_size": [1, 1]},
								"east": {"uv": [3, 11], "uv_size": [1, 1]},
								"south": {"uv": [3, 11], "uv_size": [1, 1]},
								"west": {"uv": [3, 11], "uv_size": [1, 1]},
								"up": {"uv": [4, 12], "uv_size": [-1, -1]},
								"down": {"uv": [4, 12], "uv_size": [-1, -1]}
							}
						},
						{
							"origin": [-0.75, 29, -4],
							"size": [1.5, 1, 1],
							"uv": {
								"north": {"uv": [3, 7], "uv_size": [1, 1]},
								"east": {"uv": [3, 7], "uv_size": [1, 1]},
								"south": {"uv": [3, 7], "uv_size": [1, 1]},
								"west": {"uv": [3, 7], "uv_size": [1, 1]},
								"up": {"uv": [4, 8], "uv_size": [-1, -1]},
								"down": {"uv": [4, 8], "uv_size": [-1, -1]}
							}
						},
						{
							"origin": [-0.75, 28, -5],
							"size": [1.5, 1, 1],
							"uv": {
								"north": {"uv": [4, 8], "uv_size": [1, 1]},
								"east": {"uv": [4, 8], "uv_size": [1, 1]},
								"south": {"uv": [4, 8], "uv_size": [1, 1]},
								"west": {"uv": [4, 8], "uv_size": [1, 1]},
								"up": {"uv": [5, 9], "uv_size": [-1, -1]},
								"down": {"uv": [5, 9], "uv_size": [-1, -1]}
							}
						},
						{
							"origin": [-0.75, 27, -5],
							"size": [1.5, 1, 1],
							"uv": {
								"north": {"uv": [4, 9], "uv_size": [1, 1]},
								"east": {"uv": [4, 9], "uv_size": [1, 1]},
								"south": {"uv": [4, 9], "uv_size": [1, 1]},
								"west": {"uv": [4, 9], "uv_size": [1, 1]},
								"up": {"uv": [5, 10], "uv_size": [-1, -1]},
								"down": {"uv": [5, 10], "uv_size": [-1, -1]}
							}
						},
						{
							"origin": [-0.75, 27, -6],
							"size": [1.5, 1, 1],
							"uv": {
								"north": {"uv": [5, 9], "uv_size": [1, 1]},
								"east": {"uv": [5, 9], "uv_size": [1, 1]},
								"south": {"uv": [5, 9], "uv_size": [1, 1]},
								"west": {"uv": [5, 9], "uv_size": [1, 1]},
								"up": {"uv": [6, 10], "uv_size": [-1, -1]},
								"down": {"uv": [6, 10], "uv_size": [-1, -1]}
							}
						},
						{
							"origin": [-0.75, 26, -7],
							"size": [1.5, 1, 1],
							"uv": {
								"north": {"uv": [6, 10], "uv_size": [1, 1]},
								"east": {"uv": [6, 10], "uv_size": [1, 1]},
								"south": {"uv": [6, 10], "uv_size": [1, 1]},
								"west": {"uv": [6, 10], "uv_size": [1, 1]},
								"up": {"uv": [7, 11], "uv_size": [-1, -1]},
								"down": {"uv": [7, 11], "uv_size": [-1, -1]}
							}
						},
						{
							"origin": [-0.75, 26, -6],
							"size": [1.5, 1, 1],
							"uv": {
								"north": {"uv": [5, 10], "uv_size": [1, 1]},
								"east": {"uv": [5, 10], "uv_size": [1, 1]},
								"south": {"uv": [5, 10], "uv_size": [1, 1]},
								"west": {"uv": [5, 10], "uv_size": [1, 1]},
								"up": {"uv": [6, 11], "uv_size": [-1, -1]},
								"down": {"uv": [6, 11], "uv_size": [-1, -1]}
							}
						},
						{
							"origin": [-0.75, 25, -7],
							"size": [1.5, 1, 1],
							"uv": {
								"north": {"uv": [6, 11], "uv_size": [1, 1]},
								"east": {"uv": [6, 11], "uv_size": [1, 1]},
								"south": {"uv": [6, 11], "uv_size": [1, 1]},
								"west": {"uv": [6, 11], "uv_size": [1, 1]},
								"up": {"uv": [7, 12], "uv_size": [-1, -1]},
								"down": {"uv": [7, 12], "uv_size": [-1, -1]}
							}
						},
						{
							"origin": [-0.75, 25, -8],
							"size": [1.5, 1, 1],
							"uv": {
								"north": {"uv": [7, 11], "uv_size": [1, 1]},
								"east": {"uv": [7, 11], "uv_size": [1, 1]},
								"south": {"uv": [7, 11], "uv_size": [1, 1]},
								"west": {"uv": [7, 11], "uv_size": [1, 1]},
								"up": {"uv": [8, 12], "uv_size": [-1, -1]},
								"down": {"uv": [8, 12], "uv_size": [-1, -1]}
							}
						},
						{
							"origin": [-0.75, 24, -9],
							"size": [1.5, 1, 1],
							"uv": {
								"north": {"uv": [8, 12], "uv_size": [1, 1]},
								"east": {"uv": [8, 12], "uv_size": [1, 1]},
								"south": {"uv": [8, 12], "uv_size": [1, 1]},
								"west": {"uv": [8, 12], "uv_size": [1, 1]},
								"up": {"uv": [9, 13], "uv_size": [-1, -1]},
								"down": {"uv": [9, 13], "uv_size": [-1, -1]}
							}
						},
						{
							"origin": [-0.8, 35, -15],
							"size": [1.6, 1, 1],
							"uv": {
								"north": {"uv": [14, 1], "uv_size": [1, 1]},
								"east": {"uv": [14, 1], "uv_size": [1, 1]},
								"south": {"uv": [14, 1], "uv_size": [1, 1]},
								"west": {"uv": [14, 1], "uv_size": [1, 1]},
								"up": {"uv": [15, 2], "uv_size": [-1, -1]},
								"down": {"uv": [15, 2], "uv_size": [-1, -1]}
							}
						},
						{
							"origin": [-0.8, 35, -14],
							"size": [1.6, 1, 1],
							"uv": {
								"north": {"uv": [13, 1], "uv_size": [1, 1]},
								"east": {"uv": [13, 1], "uv_size": [1, 1]},
								"south": {"uv": [13, 1], "uv_size": [1, 1]},
								"west": {"uv": [13, 1], "uv_size": [1, 1]},
								"up": {"uv": [14, 2], "uv_size": [-1, -1]},
								"down": {"uv": [14, 2], "uv_size": [-1, -1]}
							}
						},
						{
							"origin": [-0.8, 34, -15],
							"size": [1.6, 1, 1],
							"uv": {
								"north": {"uv": [14, 2], "uv_size": [1, 1]},
								"east": {"uv": [14, 2], "uv_size": [1, 1]},
								"south": {"uv": [14, 2], "uv_size": [1, 1]},
								"west": {"uv": [14, 2], "uv_size": [1, 1]},
								"up": {"uv": [15, 3], "uv_size": [-1, -1]},
								"down": {"uv": [15, 3], "uv_size": [-1, -1]}
							}
						},
						{
							"origin": [-0.8, 34, -14],
							"size": [1.6, 1, 1],
							"uv": {
								"north": {"uv": [13, 2], "uv_size": [1, 1]},
								"east": {"uv": [13, 2], "uv_size": [1, 1]},
								"south": {"uv": [13, 2], "uv_size": [1, 1]},
								"west": {"uv": [13, 2], "uv_size": [1, 1]},
								"up": {"uv": [14, 3], "uv_size": [-1, -1]},
								"down": {"uv": [14, 3], "uv_size": [-1, -1]}
							}
						},
						{
							"origin": [-0.8, 34, -13],
							"size": [1.6, 1, 1],
							"uv": {
								"north": {"uv": [12, 2], "uv_size": [1, 1]},
								"east": {"uv": [12, 2], "uv_size": [1, 1]},
								"south": {"uv": [12, 2], "uv_size": [1, 1]},
								"west": {"uv": [12, 2], "uv_size": [1, 1]},
								"up": {"uv": [13, 3], "uv_size": [-1, -1]},
								"down": {"uv": [13, 3], "uv_size": [-1, -1]}
							}
						},
						{
							"origin": [-0.8, 33, -14],
							"size": [1.6, 1, 1],
							"uv": {
								"north": {"uv": [13, 3], "uv_size": [1, 1]},
								"east": {"uv": [13, 3], "uv_size": [1, 1]},
								"south": {"uv": [13, 3], "uv_size": [1, 1]},
								"west": {"uv": [13, 3], "uv_size": [1, 1]},
								"up": {"uv": [14, 4], "uv_size": [-1, -1]},
								"down": {"uv": [14, 4], "uv_size": [-1, -1]}
							}
						},
						{
							"origin": [-0.8, 33, -13],
							"size": [1.6, 1, 1],
							"uv": {
								"north": {"uv": [12, 3], "uv_size": [1, 1]},
								"east": {"uv": [12, 3], "uv_size": [1, 1]},
								"south": {"uv": [12, 3], "uv_size": [1, 1]},
								"west": {"uv": [12, 3], "uv_size": [1, 1]},
								"up": {"uv": [13, 4], "uv_size": [-1, -1]},
								"down": {"uv": [13, 4], "uv_size": [-1, -1]}
							}
						},
						{
							"origin": [-0.8, 32, -13],
							"size": [1.6, 1, 1],
							"uv": {
								"north": {"uv": [12, 4], "uv_size": [1, 1]},
								"east": {"uv": [12, 4], "uv_size": [1, 1]},
								"south": {"uv": [12, 4], "uv_size": [1, 1]},
								"west": {"uv": [12, 4], "uv_size": [1, 1]},
								"up": {"uv": [13, 5], "uv_size": [-1, -1]},
								"down": {"uv": [13, 5], "uv_size": [-1, -1]}
							}
						},
						{
							"origin": [-0.8, 33, -12],
							"size": [1.6, 1, 1],
							"uv": {
								"north": {"uv": [11, 3], "uv_size": [1, 1]},
								"east": {"uv": [11, 3], "uv_size": [1, 1]},
								"south": {"uv": [11, 3], "uv_size": [1, 1]},
								"west": {"uv": [11, 3], "uv_size": [1, 1]},
								"up": {"uv": [12, 4], "uv_size": [-1, -1]},
								"down": {"uv": [12, 4], "uv_size": [-1, -1]}
							}
						},
						{
							"origin": [-0.8, 32, -12],
							"size": [1.6, 1, 1],
							"uv": {
								"north": {"uv": [11, 4], "uv_size": [1, 1]},
								"east": {"uv": [11, 4], "uv_size": [1, 1]},
								"south": {"uv": [11, 4], "uv_size": [1, 1]},
								"west": {"uv": [11, 4], "uv_size": [1, 1]},
								"up": {"uv": [12, 5], "uv_size": [-1, -1]},
								"down": {"uv": [12, 5], "uv_size": [-1, -1]}
							}
						},
						{
							"origin": [-0.8, 31, -12],
							"size": [1.6, 1, 1],
							"uv": {
								"north": {"uv": [11, 5], "uv_size": [1, 1]},
								"east": {"uv": [11, 5], "uv_size": [1, 1]},
								"south": {"uv": [11, 5], "uv_size": [1, 1]},
								"west": {"uv": [11, 5], "uv_size": [1, 1]},
								"up": {"uv": [12, 6], "uv_size": [-1, -1]},
								"down": {"uv": [12, 6], "uv_size": [-1, -1]}
							}
						},
						{
							"origin": [-0.8, 32, -11],
							"size": [1.6, 1, 1],
							"uv": {
								"north": {"uv": [10, 4], "uv_size": [1, 1]},
								"east": {"uv": [10, 4], "uv_size": [1, 1]},
								"south": {"uv": [10, 4], "uv_size": [1, 1]},
								"west": {"uv": [10, 4], "uv_size": [1, 1]},
								"up": {"uv": [11, 5], "uv_size": [-1, -1]},
								"down": {"uv": [11, 5], "uv_size": [-1, -1]}
							}
						},
						{
							"origin": [-0.8, 31, -11],
							"size": [1.6, 1, 1],
							"uv": {
								"north": {"uv": [10, 5], "uv_size": [1, 1]},
								"east": {"uv": [10, 5], "uv_size": [1, 1]},
								"south": {"uv": [10, 5], "uv_size": [1, 1]},
								"west": {"uv": [10, 5], "uv_size": [1, 1]},
								"up": {"uv": [11, 6], "uv_size": [-1, -1]},
								"down": {"uv": [11, 6], "uv_size": [-1, -1]}
							}
						},
						{
							"origin": [-0.8, 31, -10],
							"size": [1.6, 1, 1],
							"uv": {
								"north": {"uv": [10, 4], "uv_size": [1, 1]},
								"east": {"uv": [10, 4], "uv_size": [1, 1]},
								"south": {"uv": [10, 4], "uv_size": [1, 1]},
								"west": {"uv": [10, 4], "uv_size": [1, 1]},
								"up": {"uv": [11, 5], "uv_size": [-1, -1]},
								"down": {"uv": [11, 5], "uv_size": [-1, -1]}
							}
						},
						{
							"origin": [-0.8, 30, -11],
							"size": [1.6, 1, 1],
							"uv": {
								"north": {"uv": [10, 6], "uv_size": [1, 1]},
								"east": {"uv": [10, 6], "uv_size": [1, 1]},
								"south": {"uv": [10, 6], "uv_size": [1, 1]},
								"west": {"uv": [10, 6], "uv_size": [1, 1]},
								"up": {"uv": [11, 7], "uv_size": [-1, -1]},
								"down": {"uv": [11, 7], "uv_size": [-1, -1]}
							}
						},
						{
							"origin": [-0.8, 30, -10],
							"size": [1.6, 1, 1],
							"uv": {
								"north": {"uv": [9, 6], "uv_size": [1, 1]},
								"east": {"uv": [9, 6], "uv_size": [1, 1]},
								"south": {"uv": [9, 6], "uv_size": [1, 1]},
								"west": {"uv": [9, 6], "uv_size": [1, 1]},
								"up": {"uv": [10, 7], "uv_size": [-1, -1]},
								"down": {"uv": [10, 7], "uv_size": [-1, -1]}
							}
						},
						{
							"origin": [-0.8, 30, -9],
							"size": [1.6, 1, 1],
							"uv": {
								"north": {"uv": [8, 6], "uv_size": [1, 1]},
								"east": {"uv": [8, 6], "uv_size": [1, 1]},
								"south": {"uv": [8, 6], "uv_size": [1, 1]},
								"west": {"uv": [8, 6], "uv_size": [1, 1]},
								"up": {"uv": [9, 7], "uv_size": [-1, -1]},
								"down": {"uv": [9, 7], "uv_size": [-1, -1]}
							}
						},
						{
							"origin": [-0.8, 29, -10],
							"size": [1.6, 1, 1],
							"uv": {
								"north": {"uv": [9, 7], "uv_size": [1, 1]},
								"east": {"uv": [9, 7], "uv_size": [1, 1]},
								"south": {"uv": [9, 7], "uv_size": [1, 1]},
								"west": {"uv": [9, 7], "uv_size": [1, 1]},
								"up": {"uv": [10, 8], "uv_size": [-1, -1]},
								"down": {"uv": [10, 8], "uv_size": [-1, -1]}
							}
						},
						{
							"origin": [-0.8, 29, -9],
							"size": [1.6, 1, 1],
							"uv": {
								"north": {"uv": [8, 7], "uv_size": [1, 1]},
								"east": {"uv": [8, 7], "uv_size": [1, 1]},
								"south": {"uv": [8, 7], "uv_size": [1, 1]},
								"west": {"uv": [8, 7], "uv_size": [1, 1]},
								"up": {"uv": [9, 8], "uv_size": [-1, -1]},
								"down": {"uv": [9, 8], "uv_size": [-1, -1]}
							}
						},
						{
							"origin": [-0.8, 29, -8],
							"size": [1.6, 1, 1],
							"uv": {
								"north": {"uv": [7, 7], "uv_size": [1, 1]},
								"east": {"uv": [7, 7], "uv_size": [1, 1]},
								"south": {"uv": [7, 7], "uv_size": [1, 1]},
								"west": {"uv": [7, 7], "uv_size": [1, 1]},
								"up": {"uv": [8, 8], "uv_size": [-1, -1]},
								"down": {"uv": [8, 8], "uv_size": [-1, -1]}
							}
						},
						{
							"origin": [-0.8, 28, -9],
							"size": [1.6, 1, 1],
							"uv": {
								"north": {"uv": [8, 8], "uv_size": [1, 1]},
								"east": {"uv": [8, 8], "uv_size": [1, 1]},
								"south": {"uv": [8, 8], "uv_size": [1, 1]},
								"west": {"uv": [8, 8], "uv_size": [1, 1]},
								"up": {"uv": [9, 9], "uv_size": [-1, -1]},
								"down": {"uv": [9, 9], "uv_size": [-1, -1]}
							}
						},
						{
							"origin": [-0.8, 28, -8],
							"size": [1.6, 1, 1],
							"uv": {
								"north": {"uv": [7, 8], "uv_size": [1, 1]},
								"east": {"uv": [7, 8], "uv_size": [1, 1]},
								"south": {"uv": [7, 8], "uv_size": [1, 1]},
								"west": {"uv": [7, 8], "uv_size": [1, 1]},
								"up": {"uv": [8, 9], "uv_size": [-1, -1]},
								"down": {"uv": [8, 9], "uv_size": [-1, -1]}
							}
						},
						{
							"origin": [-0.8, 27, -8],
							"size": [1.6, 1, 1],
							"uv": {
								"north": {"uv": [7, 9], "uv_size": [1, 1]},
								"east": {"uv": [7, 9], "uv_size": [1, 1]},
								"south": {"uv": [7, 9], "uv_size": [1, 1]},
								"west": {"uv": [7, 9], "uv_size": [1, 1]},
								"up": {"uv": [8, 10], "uv_size": [-1, -1]},
								"down": {"uv": [8, 10], "uv_size": [-1, -1]}
							}
						},
						{
							"origin": [-0.8, 28, -7],
							"size": [1.6, 1, 1],
							"uv": {
								"north": {"uv": [6, 8], "uv_size": [1, 1]},
								"east": {"uv": [6, 8], "uv_size": [1, 1]},
								"south": {"uv": [6, 8], "uv_size": [1, 1]},
								"west": {"uv": [6, 8], "uv_size": [1, 1]},
								"up": {"uv": [7, 9], "uv_size": [-1, -1]},
								"down": {"uv": [7, 9], "uv_size": [-1, -1]}
							}
						},
						{
							"origin": [-0.8, 27, -7],
							"size": [1.6, 1, 1],
							"uv": {
								"north": {"uv": [6, 9], "uv_size": [1, 1]},
								"east": {"uv": [6, 9], "uv_size": [1, 1]},
								"south": {"uv": [6, 9], "uv_size": [1, 1]},
								"west": {"uv": [6, 9], "uv_size": [1, 1]},
								"up": {"uv": [7, 10], "uv_size": [-1, -1]},
								"down": {"uv": [7, 10], "uv_size": [-1, -1]}
							}
						}
					]
				}
			]
		}
	]
}