{
	"format_version": "1.12.0",
	"minecraft:geometry": [
		{
			"description": {
				"identifier": "geometry.lz_thrown_exaxe",
				"texture_width": 24,
				"texture_height": 24,
				"visible_bounds_width": 3,
				"visible_bounds_height": 2.5,
				"visible_bounds_offset": [0, 0.75, 0]
			},
			"bones": [
				{
					"name": "body",
					"pivot": [0, 0, 0],
					"cubes": [
						{
							"origin": [-0.75, 14.06066, -3.11091],
							"size": [1.5, 1, 1],
							"pivot": [0.5, 8.06066, 12.88909],
							"rotation": [45, 0, 0],
							"uv": {
								"north": {"uv": [15, 17], "uv_size": [1, 1]},
								"east": {"uv": [15, 17], "uv_size": [1, 1]},
								"south": {"uv": [15, 17], "uv_size": [1, 1]},
								"west": {"uv": [16, 17], "uv_size": [-1, 1]},
								"up": {"uv": [16, 18], "uv_size": [-1, -1], "uv_rotation": 270},
								"down": {"uv": [16, 18], "uv_size": [-1, -1], "uv_rotation": 90}
							}
						},
						{
							"origin": [-0.75, 14.06066, -2.11091],
							"size": [1.5, 1, 1],
							"pivot": [0.5, 8.06066, 12.88909],
							"rotation": [45, 0, 0],
							"uv": {
								"north": {"uv": [14, 17], "uv_size": [1, 1]},
								"east": {"uv": [14, 17], "uv_size": [1, 1]},
								"south": {"uv": [14, 17], "uv_size": [1, 1]},
								"west": {"uv": [15, 17], "uv_size": [-1, 1]},
								"up": {"uv": [15, 18], "uv_size": [-1, -1], "uv_rotation": 270},
								"down": {"uv": [15, 18], "uv_size": [-1, -1], "uv_rotation": 90}
							}
						},
						{
							"origin": [-0.75, 14.06066, -1.11091],
							"size": [1.5, 1, 1],
							"pivot": [0.5, 8.06066, 12.88909],
							"rotation": [45, 0, 0],
							"uv": {
								"north": {"uv": [13, 17], "uv_size": [1, 1]},
								"east": {"uv": [13, 17], "uv_size": [1, 1]},
								"south": {"uv": [13, 17], "uv_size": [1, 1]},
								"west": {"uv": [14, 17], "uv_size": [-1, 1]},
								"up": {"uv": [14, 18], "uv_size": [-1, -1], "uv_rotation": 270},
								"down": {"uv": [14, 18], "uv_size": [-1, -1], "uv_rotation": 90}
							}
						},
						{
							"origin": [-0.75, 15.06066, -5.11091],
							"size": [1.5, 1, 1],
							"pivot": [0.5, 8.06066, 12.88909],
							"rotation": [45, 0, 0],
							"uv": {
								"north": {"uv": [17, 16], "uv_size": [1, 1]},
								"east": {"uv": [17, 16], "uv_size": [1, 1]},
								"south": {"uv": [17, 16], "uv_size": [1, 1]},
								"west": {"uv": [18, 16], "uv_size": [-1, 1]},
								"up": {"uv": [18, 17], "uv_size": [-1, -1], "uv_rotation": 270},
								"down": {"uv": [18, 17], "uv_size": [-1, -1], "uv_rotation": 90}
							}
						},
						{
							"origin": [-0.75, 15.06066, -4.11091],
							"size": [1.5, 1, 1],
							"pivot": [0.5, 8.06066, 12.88909],
							"rotation": [45, 0, 0],
							"uv": {
								"north": {"uv": [16, 16], "uv_size": [1, 1]},
								"east": {"uv": [16, 16], "uv_size": [1, 1]},
								"south": {"uv": [16, 16], "uv_size": [1, 1]},
								"west": {"uv": [17, 16], "uv_size": [-1, 1]},
								"up": {"uv": [17, 17], "uv_size": [-1, -1], "uv_rotation": 270},
								"down": {"uv": [17, 17], "uv_size": [-1, -1], "uv_rotation": 90}
							}
						},
						{
							"origin": [-0.75, 15.06066, -3.11091],
							"size": [1.5, 1, 1],
							"pivot": [0.5, 8.06066, 12.88909],
							"rotation": [45, 0, 0],
							"uv": {
								"north": {"uv": [15, 16], "uv_size": [1, 1]},
								"east": {"uv": [15, 16], "uv_size": [1, 1]},
								"south": {"uv": [15, 16], "uv_size": [1, 1]},
								"west": {"uv": [16, 16], "uv_size": [-1, 1]},
								"up": {"uv": [16, 17], "uv_size": [-1, -1], "uv_rotation": 270},
								"down": {"uv": [16, 17], "uv_size": [-1, -1], "uv_rotation": 90}
							}
						},
						{
							"origin": [-0.75, 15.06066, -2.11091],
							"size": [1.5, 1, 1],
							"pivot": [0.5, 8.06066, 12.88909],
							"rotation": [45, 0, 0],
							"uv": {
								"north": {"uv": [14, 16], "uv_size": [1, 1]},
								"east": {"uv": [14, 16], "uv_size": [1, 1]},
								"south": {"uv": [14, 16], "uv_size": [1, 1]},
								"west": {"uv": [15, 16], "uv_size": [-1, 1]},
								"up": {"uv": [15, 17], "uv_size": [-1, -1], "uv_rotation": 270},
								"down": {"uv": [15, 17], "uv_size": [-1, -1], "uv_rotation": 90}
							}
						},
						{
							"origin": [-0.75, 15.06066, -1.11091],
							"size": [1.5, 1, 1],
							"pivot": [0.5, 8.06066, 12.88909],
							"rotation": [45, 0, 0],
							"uv": {
								"north": {"uv": [13, 16], "uv_size": [1, 1]},
								"east": {"uv": [13, 16], "uv_size": [1, 1]},
								"south": {"uv": [13, 16], "uv_size": [1, 1]},
								"west": {"uv": [14, 16], "uv_size": [-1, 1]},
								"up": {"uv": [14, 17], "uv_size": [-1, -1], "uv_rotation": 270},
								"down": {"uv": [14, 17], "uv_size": [-1, -1], "uv_rotation": 90}
							}
						},
						{
							"origin": [-0.75, 15.06066, -0.11091],
							"size": [1.5, 1, 1],
							"pivot": [0.5, 8.06066, 12.88909],
							"rotation": [45, 0, 0],
							"uv": {
								"north": {"uv": [12, 16], "uv_size": [1, 1]},
								"east": {"uv": [12, 16], "uv_size": [1, 1]},
								"south": {"uv": [12, 16], "uv_size": [1, 1]},
								"west": {"uv": [13, 16], "uv_size": [-1, 1]},
								"up": {"uv": [13, 17], "uv_size": [-1, -1], "uv_rotation": 270},
								"down": {"uv": [13, 17], "uv_size": [-1, -1], "uv_rotation": 90}
							}
						},
						{
							"origin": [-0.75, 16.06066, -6.11091],
							"size": [1.5, 1, 1],
							"pivot": [0.5, 8.06066, 12.88909],
							"rotation": [45, 0, 0],
							"uv": {
								"north": {"uv": [18, 15], "uv_size": [1, 1]},
								"east": {"uv": [18, 15], "uv_size": [1, 1]},
								"south": {"uv": [18, 15], "uv_size": [1, 1]},
								"west": {"uv": [19, 15], "uv_size": [-1, 1]},
								"up": {"uv": [19, 16], "uv_size": [-1, -1], "uv_rotation": 270},
								"down": {"uv": [19, 16], "uv_size": [-1, -1], "uv_rotation": 90}
							}
						},
						{
							"origin": [-0.75, 16.06066, -5.11091],
							"size": [1.5, 1, 1],
							"pivot": [0.5, 8.06066, 12.88909],
							"rotation": [45, 0, 0],
							"uv": {
								"north": {"uv": [17, 15], "uv_size": [1, 1]},
								"east": {"uv": [17, 15], "uv_size": [1, 1]},
								"south": {"uv": [17, 15], "uv_size": [1, 1]},
								"west": {"uv": [18, 15], "uv_size": [-1, 1]},
								"up": {"uv": [18, 16], "uv_size": [-1, -1], "uv_rotation": 270},
								"down": {"uv": [18, 16], "uv_size": [-1, -1], "uv_rotation": 90}
							}
						},
						{
							"origin": [-0.75, 16.06066, -4.11091],
							"size": [1.5, 1, 1],
							"pivot": [0.5, 8.06066, 12.88909],
							"rotation": [45, 0, 0],
							"uv": {
								"north": {"uv": [16, 15], "uv_size": [1, 1]},
								"east": {"uv": [16, 15], "uv_size": [1, 1]},
								"south": {"uv": [16, 15], "uv_size": [1, 1]},
								"west": {"uv": [17, 15], "uv_size": [-1, 1]},
								"up": {"uv": [17, 16], "uv_size": [-1, -1], "uv_rotation": 270},
								"down": {"uv": [17, 16], "uv_size": [-1, -1], "uv_rotation": 90}
							}
						},
						{
							"origin": [-0.75, 17.06066, -7.11091],
							"size": [1.5, 1, 1],
							"pivot": [0.5, 8.06066, 12.88909],
							"rotation": [45, 0, 0],
							"uv": {
								"north": {"uv": [19, 14], "uv_size": [1, 1]},
								"east": {"uv": [19, 14], "uv_size": [1, 1]},
								"south": {"uv": [19, 14], "uv_size": [1, 1]},
								"west": {"uv": [20, 14], "uv_size": [-1, 1]},
								"up": {"uv": [20, 15], "uv_size": [-1, -1], "uv_rotation": 270},
								"down": {"uv": [20, 15], "uv_size": [-1, -1], "uv_rotation": 90}
							}
						},
						{
							"origin": [-0.75, 17.06066, -6.11091],
							"size": [1.5, 1, 1],
							"pivot": [0.5, 8.06066, 12.88909],
							"rotation": [45, 0, 0],
							"uv": {
								"north": {"uv": [18, 14], "uv_size": [1, 1]},
								"east": {"uv": [18, 14], "uv_size": [1, 1]},
								"south": {"uv": [18, 14], "uv_size": [1, 1]},
								"west": {"uv": [19, 14], "uv_size": [-1, 1]},
								"up": {"uv": [19, 15], "uv_size": [-1, -1], "uv_rotation": 270},
								"down": {"uv": [19, 15], "uv_size": [-1, -1], "uv_rotation": 90}
							}
						},
						{
							"origin": [-0.75, 17.06066, -5.11091],
							"size": [1.5, 1, 1],
							"pivot": [0.5, 8.06066, 12.88909],
							"rotation": [45, 0, 0],
							"uv": {
								"north": {"uv": [17, 14], "uv_size": [1, 1]},
								"east": {"uv": [17, 14], "uv_size": [1, 1]},
								"south": {"uv": [17, 14], "uv_size": [1, 1]},
								"west": {"uv": [18, 14], "uv_size": [-1, 1]},
								"up": {"uv": [18, 15], "uv_size": [-1, -1], "uv_rotation": 270},
								"down": {"uv": [18, 15], "uv_size": [-1, -1], "uv_rotation": 90}
							}
						},
						{
							"origin": [-0.75, 18.06066, -7.11091],
							"size": [1.5, 1, 1],
							"pivot": [0.5, 8.06066, 12.88909],
							"rotation": [45, 0, 0],
							"uv": {
								"north": {"uv": [19, 13], "uv_size": [1, 1]},
								"east": {"uv": [19, 13], "uv_size": [1, 1]},
								"south": {"uv": [19, 13], "uv_size": [1, 1]},
								"west": {"uv": [20, 13], "uv_size": [-1, 1]},
								"up": {"uv": [20, 14], "uv_size": [-1, -1], "uv_rotation": 270},
								"down": {"uv": [20, 14], "uv_size": [-1, -1], "uv_rotation": 90}
							}
						},
						{
							"origin": [-0.75, 18.06066, -6.11091],
							"size": [1.5, 1, 1],
							"pivot": [0.5, 8.06066, 12.88909],
							"rotation": [45, 0, 0],
							"uv": {
								"north": {"uv": [18, 13], "uv_size": [1, 1]},
								"east": {"uv": [18, 13], "uv_size": [1, 1]},
								"south": {"uv": [18, 13], "uv_size": [1, 1]},
								"west": {"uv": [19, 13], "uv_size": [-1, 1]},
								"up": {"uv": [19, 14], "uv_size": [-1, -1], "uv_rotation": 270},
								"down": {"uv": [19, 14], "uv_size": [-1, -1], "uv_rotation": 90}
							}
						},
						{
							"origin": [-0.75, 19.06066, -8.11091],
							"size": [1.5, 1, 1],
							"pivot": [0.5, 8.06066, 12.88909],
							"rotation": [45, 0, 0],
							"uv": {
								"north": {"uv": [20, 12], "uv_size": [1, 1]},
								"east": {"uv": [20, 12], "uv_size": [1, 1]},
								"south": {"uv": [20, 12], "uv_size": [1, 1]},
								"west": {"uv": [21, 12], "uv_size": [-1, 1]},
								"up": {"uv": [21, 13], "uv_size": [-1, -1], "uv_rotation": 270},
								"down": {"uv": [21, 13], "uv_size": [-1, -1], "uv_rotation": 90}
							}
						},
						{
							"origin": [-0.75, 19.06066, -7.11091],
							"size": [1.5, 1, 1],
							"pivot": [0.5, 8.06066, 12.88909],
							"rotation": [45, 0, 0],
							"uv": {
								"north": {"uv": [19, 12], "uv_size": [1, 1]},
								"east": {"uv": [19, 12], "uv_size": [1, 1]},
								"south": {"uv": [19, 12], "uv_size": [1, 1]},
								"west": {"uv": [20, 12], "uv_size": [-1, 1]},
								"up": {"uv": [20, 13], "uv_size": [-1, -1], "uv_rotation": 270},
								"down": {"uv": [20, 13], "uv_size": [-1, -1], "uv_rotation": 90}
							}
						},
						{
							"origin": [-0.75, 20.06066, -8.11091],
							"size": [1.5, 1, 1],
							"pivot": [0.5, 8.06066, 12.88909],
							"rotation": [45, 0, 0],
							"uv": {
								"north": {"uv": [20, 11], "uv_size": [1, 1]},
								"east": {"uv": [20, 11], "uv_size": [1, 1]},
								"south": {"uv": [20, 11], "uv_size": [1, 1]},
								"west": {"uv": [21, 11], "uv_size": [-1, 1]},
								"up": {"uv": [21, 12], "uv_size": [-1, -1], "uv_rotation": 270},
								"down": {"uv": [21, 12], "uv_size": [-1, -1], "uv_rotation": 90}
							}
						},
						{
							"origin": [-0.75, 20.06066, -7.11091],
							"size": [1.5, 1, 1],
							"pivot": [0.5, 8.06066, 12.88909],
							"rotation": [45, 0, 0],
							"uv": {
								"north": {"uv": [19, 11], "uv_size": [1, 1]},
								"east": {"uv": [19, 11], "uv_size": [1, 1]},
								"south": {"uv": [19, 11], "uv_size": [1, 1]},
								"west": {"uv": [20, 11], "uv_size": [-1, 1]},
								"up": {"uv": [20, 12], "uv_size": [-1, -1], "uv_rotation": 270},
								"down": {"uv": [20, 12], "uv_size": [-1, -1], "uv_rotation": 90}
							}
						},
						{
							"origin": [-0.75, 20.06066, 4.88909],
							"size": [1.5, 1, 1],
							"pivot": [0.5, 8.06066, 12.88909],
							"rotation": [45, 0, 0],
							"uv": {
								"north": {"uv": [7, 11], "uv_size": [1, 1]},
								"east": {"uv": [7, 11], "uv_size": [1, 1]},
								"south": {"uv": [7, 11], "uv_size": [1, 1]},
								"west": {"uv": [8, 11], "uv_size": [-1, 1]},
								"up": {"uv": [8, 12], "uv_size": [-1, -1], "uv_rotation": 270},
								"down": {"uv": [8, 12], "uv_size": [-1, -1], "uv_rotation": 90}
							}
						},
						{
							"origin": [-0.75, 21.06066, -8.11091],
							"size": [1.5, 1, 1],
							"pivot": [0.5, 8.06066, 12.88909],
							"rotation": [45, 0, 0],
							"uv": {
								"north": {"uv": [20, 10], "uv_size": [1, 1]},
								"east": {"uv": [20, 10], "uv_size": [1, 1]},
								"south": {"uv": [20, 10], "uv_size": [1, 1]},
								"west": {"uv": [21, 10], "uv_size": [-1, 1]},
								"up": {"uv": [21, 11], "uv_size": [-1, -1], "uv_rotation": 270},
								"down": {"uv": [21, 11], "uv_size": [-1, -1], "uv_rotation": 90}
							}
						},
						{
							"origin": [-0.75, 21.06066, -7.11091],
							"size": [1.5, 1, 1],
							"pivot": [0.5, 8.06066, 12.88909],
							"rotation": [45, 0, 0],
							"uv": {
								"north": {"uv": [19, 10], "uv_size": [1, 1]},
								"east": {"uv": [19, 10], "uv_size": [1, 1]},
								"south": {"uv": [19, 10], "uv_size": [1, 1]},
								"west": {"uv": [20, 10], "uv_size": [-1, 1]},
								"up": {"uv": [20, 11], "uv_size": [-1, -1], "uv_rotation": 270},
								"down": {"uv": [20, 11], "uv_size": [-1, -1], "uv_rotation": 90}
							}
						},
						{
							"origin": [-0.75, 21.06066, 4.88909],
							"size": [1.5, 1, 1],
							"pivot": [0.5, 8.06066, 12.88909],
							"rotation": [45, 0, 0],
							"uv": {
								"north": {"uv": [7, 10], "uv_size": [1, 1]},
								"east": {"uv": [7, 10], "uv_size": [1, 1]},
								"south": {"uv": [7, 10], "uv_size": [1, 1]},
								"west": {"uv": [8, 10], "uv_size": [-1, 1]},
								"up": {"uv": [8, 11], "uv_size": [-1, -1], "uv_rotation": 270},
								"down": {"uv": [8, 11], "uv_size": [-1, -1], "uv_rotation": 90}
							}
						},
						{
							"origin": [-0.75, 21.06066, 5.88909],
							"size": [1.5, 1, 1],
							"pivot": [0.5, 8.06066, 12.88909],
							"rotation": [45, 0, 0],
							"uv": {
								"north": {"uv": [6, 10], "uv_size": [1, 1]},
								"east": {"uv": [6, 10], "uv_size": [1, 1]},
								"south": {"uv": [6, 10], "uv_size": [1, 1]},
								"west": {"uv": [7, 10], "uv_size": [-1, 1]},
								"up": {"uv": [7, 11], "uv_size": [-1, -1], "uv_rotation": 270},
								"down": {"uv": [7, 11], "uv_size": [-1, -1], "uv_rotation": 90}
							}
						},
						{
							"origin": [-0.75, 22.06066, -8.11091],
							"size": [1.5, 1, 1],
							"pivot": [0.5, 8.06066, 12.88909],
							"rotation": [45, 0, 0],
							"uv": {
								"north": {"uv": [20, 9], "uv_size": [1, 1]},
								"east": {"uv": [20, 9], "uv_size": [1, 1]},
								"south": {"uv": [20, 9], "uv_size": [1, 1]},
								"west": {"uv": [21, 9], "uv_size": [-1, 1]},
								"up": {"uv": [21, 10], "uv_size": [-1, -1], "uv_rotation": 270},
								"down": {"uv": [21, 10], "uv_size": [-1, -1], "uv_rotation": 90}
							}
						},
						{
							"origin": [-0.75, 22.06066, -7.11091],
							"size": [1.5, 1, 1],
							"pivot": [0.5, 8.06066, 12.88909],
							"rotation": [45, 0, 0],
							"uv": {
								"north": {"uv": [19, 9], "uv_size": [1, 1]},
								"east": {"uv": [19, 9], "uv_size": [1, 1]},
								"south": {"uv": [19, 9], "uv_size": [1, 1]},
								"west": {"uv": [20, 9], "uv_size": [-1, 1]},
								"up": {"uv": [20, 10], "uv_size": [-1, -1], "uv_rotation": 270},
								"down": {"uv": [20, 10], "uv_size": [-1, -1], "uv_rotation": 90}
							}
						},
						{
							"origin": [-0.75, 22.06066, 4.88909],
							"size": [1.5, 1, 1],
							"pivot": [0.5, 8.06066, 12.88909],
							"rotation": [45, 0, 0],
							"uv": {
								"north": {"uv": [7, 9], "uv_size": [1, 1]},
								"east": {"uv": [7, 9], "uv_size": [1, 1]},
								"south": {"uv": [7, 9], "uv_size": [1, 1]},
								"west": {"uv": [8, 9], "uv_size": [-1, 1]},
								"up": {"uv": [8, 10], "uv_size": [-1, -1], "uv_rotation": 270},
								"down": {"uv": [8, 10], "uv_size": [-1, -1], "uv_rotation": 90}
							}
						},
						{
							"origin": [-0.75, 22.06066, 5.88909],
							"size": [1.5, 1, 1],
							"pivot": [0.5, 8.06066, 12.88909],
							"rotation": [45, 0, 0],
							"uv": {
								"north": {"uv": [6, 9], "uv_size": [1, 1]},
								"east": {"uv": [6, 9], "uv_size": [1, 1]},
								"south": {"uv": [6, 9], "uv_size": [1, 1]},
								"west": {"uv": [7, 9], "uv_size": [-1, 1]},
								"up": {"uv": [7, 10], "uv_size": [-1, -1], "uv_rotation": 270},
								"down": {"uv": [7, 10], "uv_size": [-1, -1], "uv_rotation": 90}
							}
						},
						{
							"origin": [-0.75, 23.06066, 4.88909],
							"size": [1.5, 1, 1],
							"pivot": [0.5, 8.06066, 12.88909],
							"rotation": [45, 0, 0],
							"uv": {
								"north": {"uv": [7, 8], "uv_size": [1, 1]},
								"east": {"uv": [7, 8], "uv_size": [1, 1]},
								"south": {"uv": [7, 8], "uv_size": [1, 1]},
								"west": {"uv": [8, 8], "uv_size": [-1, 1]},
								"up": {"uv": [8, 9], "uv_size": [-1, -1], "uv_rotation": 270},
								"down": {"uv": [8, 9], "uv_size": [-1, -1], "uv_rotation": 90}
							}
						},
						{
							"origin": [-0.75, 23.06066, 5.88909],
							"size": [1.5, 1, 1],
							"pivot": [0.5, 8.06066, 12.88909],
							"rotation": [45, 0, 0],
							"uv": {
								"north": {"uv": [6, 8], "uv_size": [1, 1]},
								"east": {"uv": [6, 8], "uv_size": [1, 1]},
								"south": {"uv": [6, 8], "uv_size": [1, 1]},
								"west": {"uv": [7, 8], "uv_size": [-1, 1]},
								"up": {"uv": [7, 9], "uv_size": [-1, -1], "uv_rotation": 270},
								"down": {"uv": [7, 9], "uv_size": [-1, -1], "uv_rotation": 90}
							}
						},
						{
							"origin": [-0.75, 24.06066, -4.11091],
							"size": [1.5, 1, 1],
							"pivot": [0.5, 8.06066, 12.88909],
							"rotation": [45, 0, 0],
							"uv": {
								"north": {"uv": [16, 7], "uv_size": [1, 1]},
								"east": {"uv": [16, 7], "uv_size": [1, 1]},
								"south": {"uv": [16, 7], "uv_size": [1, 1]},
								"west": {"uv": [17, 7], "uv_size": [-1, 1]},
								"up": {"uv": [17, 8], "uv_size": [-1, -1], "uv_rotation": 270},
								"down": {"uv": [17, 8], "uv_size": [-1, -1], "uv_rotation": 90}
							}
						},
						{
							"origin": [-0.75, 24.06066, 3.88909],
							"size": [1.5, 1, 1],
							"pivot": [0.5, 8.06066, 12.88909],
							"rotation": [45, 0, 0],
							"uv": {
								"north": {"uv": [8, 7], "uv_size": [1, 1]},
								"east": {"uv": [8, 7], "uv_size": [1, 1]},
								"south": {"uv": [8, 7], "uv_size": [1, 1]},
								"west": {"uv": [9, 7], "uv_size": [-1, 1]},
								"up": {"uv": [9, 8], "uv_size": [-1, -1], "uv_rotation": 270},
								"down": {"uv": [9, 8], "uv_size": [-1, -1], "uv_rotation": 90}
							}
						},
						{
							"origin": [-0.75, 24.06066, 4.88909],
							"size": [1.5, 1, 1],
							"pivot": [0.5, 8.06066, 12.88909],
							"rotation": [45, 0, 0],
							"uv": {
								"north": {"uv": [7, 7], "uv_size": [1, 1]},
								"east": {"uv": [7, 7], "uv_size": [1, 1]},
								"south": {"uv": [7, 7], "uv_size": [1, 1]},
								"west": {"uv": [8, 7], "uv_size": [-1, 1]},
								"up": {"uv": [8, 8], "uv_size": [-1, -1], "uv_rotation": 270},
								"down": {"uv": [8, 8], "uv_size": [-1, -1], "uv_rotation": 90}
							}
						},
						{
							"origin": [-0.75, 25.06066, 2.88909],
							"size": [1.5, 1, 1],
							"pivot": [0.5, 8.06066, 12.88909],
							"rotation": [45, 0, 0],
							"uv": {
								"north": {"uv": [9, 6], "uv_size": [1, 1]},
								"east": {"uv": [9, 6], "uv_size": [1, 1]},
								"south": {"uv": [9, 6], "uv_size": [1, 1]},
								"west": {"uv": [10, 6], "uv_size": [-1, 1]},
								"up": {"uv": [10, 7], "uv_size": [-1, -1], "uv_rotation": 270},
								"down": {"uv": [10, 7], "uv_size": [-1, -1], "uv_rotation": 90}
							}
						},
						{
							"origin": [-0.75, 25.06066, 3.88909],
							"size": [1.5, 1, 1],
							"pivot": [0.5, 8.06066, 12.88909],
							"rotation": [45, 0, 0],
							"uv": {
								"north": {"uv": [8, 6], "uv_size": [1, 1]},
								"east": {"uv": [8, 6], "uv_size": [1, 1]},
								"south": {"uv": [8, 6], "uv_size": [1, 1]},
								"west": {"uv": [9, 6], "uv_size": [-1, 1]},
								"up": {"uv": [9, 7], "uv_size": [-1, -1], "uv_rotation": 270},
								"down": {"uv": [9, 7], "uv_size": [-1, -1], "uv_rotation": 90}
							}
						},
						{
							"origin": [-0.75, 25.06066, 4.88909],
							"size": [1.5, 1, 1],
							"pivot": [0.5, 8.06066, 12.88909],
							"rotation": [45, 0, 0],
							"uv": {
								"north": {"uv": [7, 6], "uv_size": [1, 1]},
								"east": {"uv": [7, 6], "uv_size": [1, 1]},
								"south": {"uv": [7, 6], "uv_size": [1, 1]},
								"west": {"uv": [8, 6], "uv_size": [-1, 1]},
								"up": {"uv": [8, 7], "uv_size": [-1, -1], "uv_rotation": 270},
								"down": {"uv": [8, 7], "uv_size": [-1, -1], "uv_rotation": 90}
							}
						},
						{
							"origin": [-0.75, 26.06066, 1.88909],
							"size": [1.5, 1, 1],
							"pivot": [0.5, 8.06066, 12.88909],
							"rotation": [45, 0, 0],
							"uv": {
								"north": {"uv": [10, 5], "uv_size": [1, 1]},
								"east": {"uv": [10, 5], "uv_size": [1, 1]},
								"south": {"uv": [10, 5], "uv_size": [1, 1]},
								"west": {"uv": [11, 5], "uv_size": [-1, 1]},
								"up": {"uv": [11, 6], "uv_size": [-1, -1], "uv_rotation": 270},
								"down": {"uv": [11, 6], "uv_size": [-1, -1], "uv_rotation": 90}
							}
						},
						{
							"origin": [-0.75, 26.06066, 2.88909],
							"size": [1.5, 1, 1],
							"pivot": [0.5, 8.06066, 12.88909],
							"rotation": [45, 0, 0],
							"uv": {
								"north": {"uv": [9, 5], "uv_size": [1, 1]},
								"east": {"uv": [9, 5], "uv_size": [1, 1]},
								"south": {"uv": [9, 5], "uv_size": [1, 1]},
								"west": {"uv": [10, 5], "uv_size": [-1, 1]},
								"up": {"uv": [10, 6], "uv_size": [-1, -1], "uv_rotation": 270},
								"down": {"uv": [10, 6], "uv_size": [-1, -1], "uv_rotation": 90}
							}
						},
						{
							"origin": [-0.75, 26.06066, 3.88909],
							"size": [1.5, 1, 1],
							"pivot": [0.5, 8.06066, 12.88909],
							"rotation": [45, 0, 0],
							"uv": {
								"north": {"uv": [8, 5], "uv_size": [1, 1]},
								"east": {"uv": [8, 5], "uv_size": [1, 1]},
								"south": {"uv": [8, 5], "uv_size": [1, 1]},
								"west": {"uv": [9, 5], "uv_size": [-1, 1]},
								"up": {"uv": [9, 6], "uv_size": [-1, -1], "uv_rotation": 270},
								"down": {"uv": [9, 6], "uv_size": [-1, -1], "uv_rotation": 90}
							}
						},
						{
							"origin": [-0.75, 27.06066, -2.11091],
							"size": [1.5, 1, 1],
							"pivot": [0.5, 8.06066, 12.88909],
							"rotation": [45, 0, 0],
							"uv": {
								"north": {"uv": [14, 4], "uv_size": [1, 1]},
								"east": {"uv": [14, 4], "uv_size": [1, 1]},
								"south": {"uv": [14, 4], "uv_size": [1, 1]},
								"west": {"uv": [15, 4], "uv_size": [-1, 1]},
								"up": {"uv": [15, 5], "uv_size": [-1, -1], "uv_rotation": 270},
								"down": {"uv": [15, 5], "uv_size": [-1, -1], "uv_rotation": 90}
							}
						},
						{
							"origin": [-0.75, 27.06066, -1.11091],
							"size": [1.5, 1, 1],
							"pivot": [0.5, 8.06066, 12.88909],
							"rotation": [45, 0, 0],
							"uv": {
								"north": {"uv": [13, 4], "uv_size": [1, 1]},
								"east": {"uv": [13, 4], "uv_size": [1, 1]},
								"south": {"uv": [13, 4], "uv_size": [1, 1]},
								"west": {"uv": [14, 4], "uv_size": [-1, 1]},
								"up": {"uv": [14, 5], "uv_size": [-1, -1], "uv_rotation": 270},
								"down": {"uv": [14, 5], "uv_size": [-1, -1], "uv_rotation": 90}
							}
						},
						{
							"origin": [-0.75, 27.06066, -0.11091],
							"size": [1.5, 1, 1],
							"pivot": [0.5, 8.06066, 12.88909],
							"rotation": [45, 0, 0],
							"uv": {
								"north": {"uv": [12, 4], "uv_size": [1, 1]},
								"east": {"uv": [12, 4], "uv_size": [1, 1]},
								"south": {"uv": [12, 4], "uv_size": [1, 1]},
								"west": {"uv": [13, 4], "uv_size": [-1, 1]},
								"up": {"uv": [13, 5], "uv_size": [-1, -1], "uv_rotation": 270},
								"down": {"uv": [13, 5], "uv_size": [-1, -1], "uv_rotation": 90}
							}
						},
						{
							"origin": [-0.75, 27.06066, 0.88909],
							"size": [1.5, 1, 1],
							"pivot": [0.5, 8.06066, 12.88909],
							"rotation": [45, 0, 0],
							"uv": {
								"north": {"uv": [11, 4], "uv_size": [1, 1]},
								"east": {"uv": [11, 4], "uv_size": [1, 1]},
								"south": {"uv": [11, 4], "uv_size": [1, 1]},
								"west": {"uv": [12, 4], "uv_size": [-1, 1]},
								"up": {"uv": [12, 5], "uv_size": [-1, -1], "uv_rotation": 270},
								"down": {"uv": [12, 5], "uv_size": [-1, -1], "uv_rotation": 90}
							}
						},
						{
							"origin": [-0.75, 27.06066, 1.88909],
							"size": [1.5, 1, 1],
							"pivot": [0.5, 8.06066, 12.88909],
							"rotation": [45, 0, 0],
							"uv": {
								"north": {"uv": [10, 4], "uv_size": [1, 1]},
								"east": {"uv": [10, 4], "uv_size": [1, 1]},
								"south": {"uv": [10, 4], "uv_size": [1, 1]},
								"west": {"uv": [11, 4], "uv_size": [-1, 1]},
								"up": {"uv": [11, 5], "uv_size": [-1, -1], "uv_rotation": 270},
								"down": {"uv": [11, 5], "uv_size": [-1, -1], "uv_rotation": 90}
							}
						},
						{
							"origin": [-0.75, 27.06066, 2.88909],
							"size": [1.5, 1, 1],
							"pivot": [0.5, 8.06066, 12.88909],
							"rotation": [45, 0, 0],
							"uv": {
								"north": {"uv": [9, 4], "uv_size": [1, 1]},
								"east": {"uv": [9, 4], "uv_size": [1, 1]},
								"south": {"uv": [9, 4], "uv_size": [1, 1]},
								"west": {"uv": [10, 4], "uv_size": [-1, 1]},
								"up": {"uv": [10, 5], "uv_size": [-1, -1], "uv_rotation": 270},
								"down": {"uv": [10, 5], "uv_size": [-1, -1], "uv_rotation": 90}
							}
						},
						{
							"origin": [-0.75, 28.06066, -2.11091],
							"size": [1.5, 1, 1],
							"pivot": [0.5, 8.06066, 12.88909],
							"rotation": [45, 0, 0],
							"uv": {
								"north": {"uv": [14, 3], "uv_size": [1, 1]},
								"east": {"uv": [14, 3], "uv_size": [1, 1]},
								"south": {"uv": [14, 3], "uv_size": [1, 1]},
								"west": {"uv": [15, 3], "uv_size": [-1, 1]},
								"up": {"uv": [15, 4], "uv_size": [-1, -1], "uv_rotation": 270},
								"down": {"uv": [15, 4], "uv_size": [-1, -1], "uv_rotation": 90}
							}
						},
						{
							"origin": [-0.75, 28.06066, -1.11091],
							"size": [1.5, 1, 1],
							"pivot": [0.5, 8.06066, 12.88909],
							"rotation": [45, 0, 0],
							"uv": {
								"north": {"uv": [13, 3], "uv_size": [1, 1]},
								"east": {"uv": [13, 3], "uv_size": [1, 1]},
								"south": {"uv": [13, 3], "uv_size": [1, 1]},
								"west": {"uv": [14, 3], "uv_size": [-1, 1]},
								"up": {"uv": [14, 4], "uv_size": [-1, -1], "uv_rotation": 270},
								"down": {"uv": [14, 4], "uv_size": [-1, -1], "uv_rotation": 90}
							}
						},
						{
							"origin": [-0.75, 28.06066, -0.11091],
							"size": [1.5, 1, 1],
							"pivot": [0.5, 8.06066, 12.88909],
							"rotation": [45, 0, 0],
							"uv": {
								"north": {"uv": [12, 3], "uv_size": [1, 1]},
								"east": {"uv": [12, 3], "uv_size": [1, 1]},
								"south": {"uv": [12, 3], "uv_size": [1, 1]},
								"west": {"uv": [13, 3], "uv_size": [-1, 1]},
								"up": {"uv": [13, 4], "uv_size": [-1, -1], "uv_rotation": 270},
								"down": {"uv": [13, 4], "uv_size": [-1, -1], "uv_rotation": 90}
							}
						},
						{
							"origin": [-0.75, 28.06066, 0.88909],
							"size": [1.5, 1, 1],
							"pivot": [0.5, 8.06066, 12.88909],
							"rotation": [45, 0, 0],
							"uv": {
								"north": {"uv": [11, 3], "uv_size": [1, 1]},
								"east": {"uv": [11, 3], "uv_size": [1, 1]},
								"south": {"uv": [11, 3], "uv_size": [1, 1]},
								"west": {"uv": [12, 3], "uv_size": [-1, 1]},
								"up": {"uv": [12, 4], "uv_size": [-1, -1], "uv_rotation": 270},
								"down": {"uv": [12, 4], "uv_size": [-1, -1], "uv_rotation": 90}
							}
						},
						{
							"origin": [-0.7, 16.06066, -3.11091],
							"size": [1.4, 1, 1],
							"pivot": [0.5, 8.06066, 12.88909],
							"rotation": [45, 0, 0],
							"uv": {
								"north": {"uv": [15, 15], "uv_size": [1, 1]},
								"east": {"uv": [15, 15], "uv_size": [1, 1]},
								"south": {"uv": [15, 15], "uv_size": [1, 1]},
								"west": {"uv": [16, 15], "uv_size": [-1, 1]},
								"up": {"uv": [16, 16], "uv_size": [-1, -1], "uv_rotation": 270},
								"down": {"uv": [16, 16], "uv_size": [-1, -1], "uv_rotation": 90}
							}
						},
						{
							"origin": [-0.7, 16.06066, -2.11091],
							"size": [1.4, 1, 1],
							"pivot": [0.5, 8.06066, 12.88909],
							"rotation": [45, 0, 0],
							"uv": {
								"north": {"uv": [14, 15], "uv_size": [1, 1]},
								"east": {"uv": [14, 15], "uv_size": [1, 1]},
								"south": {"uv": [14, 15], "uv_size": [1, 1]},
								"west": {"uv": [15, 15], "uv_size": [-1, 1]},
								"up": {"uv": [15, 16], "uv_size": [-1, -1], "uv_rotation": 270},
								"down": {"uv": [15, 16], "uv_size": [-1, -1], "uv_rotation": 90}
							}
						},
						{
							"origin": [-0.7, 16.06066, -1.11091],
							"size": [1.4, 1, 1],
							"pivot": [0.5, 8.06066, 12.88909],
							"rotation": [45, 0, 0],
							"uv": {
								"north": {"uv": [13, 15], "uv_size": [1, 1]},
								"east": {"uv": [13, 15], "uv_size": [1, 1]},
								"south": {"uv": [13, 15], "uv_size": [1, 1]},
								"west": {"uv": [14, 15], "uv_size": [-1, 1]},
								"up": {"uv": [14, 16], "uv_size": [-1, -1], "uv_rotation": 270},
								"down": {"uv": [14, 16], "uv_size": [-1, -1], "uv_rotation": 90}
							}
						},
						{
							"origin": [-0.7, 16.06066, -0.11091],
							"size": [1.4, 1, 1],
							"pivot": [0.5, 8.06066, 12.88909],
							"rotation": [45, 0, 0],
							"uv": {
								"north": {"uv": [12, 15], "uv_size": [1, 1]},
								"east": {"uv": [12, 15], "uv_size": [1, 1]},
								"south": {"uv": [12, 15], "uv_size": [1, 1]},
								"west": {"uv": [13, 15], "uv_size": [-1, 1]},
								"up": {"uv": [13, 16], "uv_size": [-1, -1], "uv_rotation": 270},
								"down": {"uv": [13, 16], "uv_size": [-1, -1], "uv_rotation": 90}
							}
						},
						{
							"origin": [-0.7, 17.06066, -4.11091],
							"size": [1.4, 1, 1],
							"pivot": [0.5, 8.06066, 12.88909],
							"rotation": [45, 0, 0],
							"uv": {
								"north": {"uv": [16, 14], "uv_size": [1, 1]},
								"east": {"uv": [16, 14], "uv_size": [1, 1]},
								"south": {"uv": [16, 14], "uv_size": [1, 1]},
								"west": {"uv": [17, 14], "uv_size": [-1, 1]},
								"up": {"uv": [17, 15], "uv_size": [-1, -1], "uv_rotation": 270},
								"down": {"uv": [17, 15], "uv_size": [-1, -1], "uv_rotation": 90}
							}
						},
						{
							"origin": [-0.7, 17.06066, -1.11091],
							"size": [1.4, 1, 1],
							"pivot": [0.5, 8.06066, 12.88909],
							"rotation": [45, 0, 0],
							"uv": {
								"north": {"uv": [13, 14], "uv_size": [1, 1]},
								"east": {"uv": [13, 14], "uv_size": [1, 1]},
								"south": {"uv": [13, 14], "uv_size": [1, 1]},
								"west": {"uv": [14, 14], "uv_size": [-1, 1]},
								"up": {"uv": [14, 15], "uv_size": [-1, -1], "uv_rotation": 270},
								"down": {"uv": [14, 15], "uv_size": [-1, -1], "uv_rotation": 90}
							}
						},
						{
							"origin": [-0.7, 18.06066, -5.11091],
							"size": [1.4, 1, 1],
							"pivot": [0.5, 8.06066, 12.88909],
							"rotation": [45, 0, 0],
							"uv": {
								"north": {"uv": [17, 13], "uv_size": [1, 1]},
								"east": {"uv": [17, 13], "uv_size": [1, 1]},
								"south": {"uv": [17, 13], "uv_size": [1, 1]},
								"west": {"uv": [18, 13], "uv_size": [-1, 1]},
								"up": {"uv": [18, 14], "uv_size": [-1, -1], "uv_rotation": 270},
								"down": {"uv": [18, 14], "uv_size": [-1, -1], "uv_rotation": 90}
							}
						},
						{
							"origin": [-0.7, 18.06066, -1.11091],
							"size": [1.4, 1, 1],
							"pivot": [0.5, 8.06066, 12.88909],
							"rotation": [45, 0, 0],
							"uv": {
								"north": {"uv": [13, 13], "uv_size": [1, 1]},
								"east": {"uv": [13, 13], "uv_size": [1, 1]},
								"south": {"uv": [13, 13], "uv_size": [1, 1]},
								"west": {"uv": [14, 13], "uv_size": [-1, 1]},
								"up": {"uv": [14, 14], "uv_size": [-1, -1], "uv_rotation": 270},
								"down": {"uv": [14, 14], "uv_size": [-1, -1], "uv_rotation": 90}
							}
						},
						{
							"origin": [-0.7, 19.06066, -6.11091],
							"size": [1.4, 1, 1],
							"pivot": [0.5, 8.06066, 12.88909],
							"rotation": [45, 0, 0],
							"uv": {
								"north": {"uv": [18, 12], "uv_size": [1, 1]},
								"east": {"uv": [18, 12], "uv_size": [1, 1]},
								"south": {"uv": [18, 12], "uv_size": [1, 1]},
								"west": {"uv": [19, 12], "uv_size": [-1, 1]},
								"up": {"uv": [19, 13], "uv_size": [-1, -1], "uv_rotation": 270},
								"down": {"uv": [19, 13], "uv_size": [-1, -1], "uv_rotation": 90}
							}
						},
						{
							"origin": [-0.7, 19.06066, -1.11091],
							"size": [1.4, 1, 1],
							"pivot": [0.5, 8.06066, 12.88909],
							"rotation": [45, 0, 0],
							"uv": {
								"north": {"uv": [13, 12], "uv_size": [1, 1]},
								"east": {"uv": [13, 12], "uv_size": [1, 1]},
								"south": {"uv": [13, 12], "uv_size": [1, 1]},
								"west": {"uv": [14, 12], "uv_size": [-1, 1]},
								"up": {"uv": [14, 13], "uv_size": [-1, -1], "uv_rotation": 270},
								"down": {"uv": [14, 13], "uv_size": [-1, -1], "uv_rotation": 90}
							}
						},
						{
							"origin": [-0.7, 20.06066, -6.11091],
							"size": [1.4, 1, 1],
							"pivot": [0.5, 8.06066, 12.88909],
							"rotation": [45, 0, 0],
							"uv": {
								"north": {"uv": [18, 11], "uv_size": [1, 1]},
								"east": {"uv": [18, 11], "uv_size": [1, 1]},
								"south": {"uv": [18, 11], "uv_size": [1, 1]},
								"west": {"uv": [19, 11], "uv_size": [-1, 1]},
								"up": {"uv": [19, 12], "uv_size": [-1, -1], "uv_rotation": 270},
								"down": {"uv": [19, 12], "uv_size": [-1, -1], "uv_rotation": 90}
							}
						},
						{
							"origin": [-0.7, 20.06066, -0.11091],
							"size": [1.4, 1, 1],
							"pivot": [0.5, 8.06066, 12.88909],
							"rotation": [45, 0, 0],
							"uv": {
								"north": {"uv": [12, 11], "uv_size": [1, 1]},
								"east": {"uv": [12, 11], "uv_size": [1, 1]},
								"south": {"uv": [12, 11], "uv_size": [1, 1]},
								"west": {"uv": [13, 11], "uv_size": [-1, 1]},
								"up": {"uv": [13, 12], "uv_size": [-1, -1], "uv_rotation": 270},
								"down": {"uv": [13, 12], "uv_size": [-1, -1], "uv_rotation": 90}
							}
						},
						{
							"origin": [-0.7, 20.06066, 3.88909],
							"size": [1.4, 1, 1],
							"pivot": [0.5, 8.06066, 12.88909],
							"rotation": [45, 0, 0],
							"uv": {
								"north": {"uv": [8, 11], "uv_size": [1, 1]},
								"east": {"uv": [8, 11], "uv_size": [1, 1]},
								"south": {"uv": [8, 11], "uv_size": [1, 1]},
								"west": {"uv": [9, 11], "uv_size": [-1, 1]},
								"up": {"uv": [9, 12], "uv_size": [-1, -1], "uv_rotation": 270},
								"down": {"uv": [9, 12], "uv_size": [-1, -1], "uv_rotation": 90}
							}
						},
						{
							"origin": [-0.7, 21.06066, -6.11091],
							"size": [1.4, 1, 1],
							"pivot": [0.5, 8.06066, 12.88909],
							"rotation": [45, 0, 0],
							"uv": {
								"north": {"uv": [18, 10], "uv_size": [1, 1]},
								"east": {"uv": [18, 10], "uv_size": [1, 1]},
								"south": {"uv": [18, 10], "uv_size": [1, 1]},
								"west": {"uv": [19, 10], "uv_size": [-1, 1]},
								"up": {"uv": [19, 11], "uv_size": [-1, -1], "uv_rotation": 270},
								"down": {"uv": [19, 11], "uv_size": [-1, -1], "uv_rotation": 90}
							}
						},
						{
							"origin": [-0.7, 21.06066, -1.11091],
							"size": [1.4, 1, 1],
							"pivot": [0.5, 8.06066, 12.88909],
							"rotation": [45, 0, 0],
							"uv": {
								"north": {"uv": [13, 10], "uv_size": [1, 1]},
								"east": {"uv": [13, 10], "uv_size": [1, 1]},
								"south": {"uv": [13, 10], "uv_size": [1, 1]},
								"west": {"uv": [14, 10], "uv_size": [-1, 1]},
								"up": {"uv": [14, 11], "uv_size": [-1, -1], "uv_rotation": 270},
								"down": {"uv": [14, 11], "uv_size": [-1, -1], "uv_rotation": 90}
							}
						},
						{
							"origin": [-0.7, 21.06066, 0.88909],
							"size": [1.4, 1, 1],
							"pivot": [0.5, 8.06066, 12.88909],
							"rotation": [45, 0, 0],
							"uv": {
								"north": {"uv": [11, 10], "uv_size": [1, 1]},
								"east": {"uv": [11, 10], "uv_size": [1, 1]},
								"south": {"uv": [11, 10], "uv_size": [1, 1]},
								"west": {"uv": [12, 10], "uv_size": [-1, 1]},
								"up": {"uv": [12, 11], "uv_size": [-1, -1], "uv_rotation": 270},
								"down": {"uv": [12, 11], "uv_size": [-1, -1], "uv_rotation": 90}
							}
						},
						{
							"origin": [-0.7, 21.06066, 1.88909],
							"size": [1.4, 1, 1],
							"pivot": [0.5, 8.06066, 12.88909],
							"rotation": [45, 0, 0],
							"uv": {
								"north": {"uv": [10, 10], "uv_size": [1, 1]},
								"east": {"uv": [10, 10], "uv_size": [1, 1]},
								"south": {"uv": [10, 10], "uv_size": [1, 1]},
								"west": {"uv": [11, 10], "uv_size": [-1, 1]},
								"up": {"uv": [11, 11], "uv_size": [-1, -1], "uv_rotation": 270},
								"down": {"uv": [11, 11], "uv_size": [-1, -1], "uv_rotation": 90}
							}
						},
						{
							"origin": [-0.7, 21.06066, 2.88909],
							"size": [1.4, 1, 1],
							"pivot": [0.5, 8.06066, 12.88909],
							"rotation": [45, 0, 0],
							"uv": {
								"north": {"uv": [9, 10], "uv_size": [1, 1]},
								"east": {"uv": [9, 10], "uv_size": [1, 1]},
								"south": {"uv": [9, 10], "uv_size": [1, 1]},
								"west": {"uv": [10, 10], "uv_size": [-1, 1]},
								"up": {"uv": [10, 11], "uv_size": [-1, -1], "uv_rotation": 270},
								"down": {"uv": [10, 11], "uv_size": [-1, -1], "uv_rotation": 90}
							}
						},
						{
							"origin": [-0.7, 21.06066, 3.88909],
							"size": [1.4, 1, 1],
							"pivot": [0.5, 8.06066, 12.88909],
							"rotation": [45, 0, 0],
							"uv": {
								"north": {"uv": [8, 10], "uv_size": [1, 1]},
								"east": {"uv": [8, 10], "uv_size": [1, 1]},
								"south": {"uv": [8, 10], "uv_size": [1, 1]},
								"west": {"uv": [9, 10], "uv_size": [-1, 1]},
								"up": {"uv": [9, 11], "uv_size": [-1, -1], "uv_rotation": 270},
								"down": {"uv": [9, 11], "uv_size": [-1, -1], "uv_rotation": 90}
							}
						},
						{
							"origin": [-0.7, 22.06066, -5.11091],
							"size": [1.4, 1, 1],
							"pivot": [0.5, 8.06066, 12.88909],
							"rotation": [45, 0, 0],
							"uv": {
								"north": {"uv": [17, 9], "uv_size": [1, 1]},
								"east": {"uv": [17, 9], "uv_size": [1, 1]},
								"south": {"uv": [17, 9], "uv_size": [1, 1]},
								"west": {"uv": [18, 9], "uv_size": [-1, 1]},
								"up": {"uv": [18, 10], "uv_size": [-1, -1], "uv_rotation": 270},
								"down": {"uv": [18, 10], "uv_size": [-1, -1], "uv_rotation": 90}
							}
						},
						{
							"origin": [-0.7, 22.06066, -4.11091],
							"size": [1.4, 1, 1],
							"pivot": [0.5, 8.06066, 12.88909],
							"rotation": [45, 0, 0],
							"uv": {
								"north": {"uv": [16, 9], "uv_size": [1, 1]},
								"east": {"uv": [16, 9], "uv_size": [1, 1]},
								"south": {"uv": [16, 9], "uv_size": [1, 1]},
								"west": {"uv": [17, 9], "uv_size": [-1, 1]},
								"up": {"uv": [17, 10], "uv_size": [-1, -1], "uv_rotation": 270},
								"down": {"uv": [17, 10], "uv_size": [-1, -1], "uv_rotation": 90}
							}
						},
						{
							"origin": [-0.7, 22.06066, -2.11091],
							"size": [1.4, 1, 1],
							"pivot": [0.5, 8.06066, 12.88909],
							"rotation": [45, 0, 0],
							"uv": {
								"north": {"uv": [14, 9], "uv_size": [1, 1]},
								"east": {"uv": [14, 9], "uv_size": [1, 1]},
								"south": {"uv": [14, 9], "uv_size": [1, 1]},
								"west": {"uv": [15, 9], "uv_size": [-1, 1]},
								"up": {"uv": [15, 10], "uv_size": [-1, -1], "uv_rotation": 270},
								"down": {"uv": [15, 10], "uv_size": [-1, -1], "uv_rotation": 90}
							}
						},
						{
							"origin": [-0.7, 22.06066, 3.88909],
							"size": [1.4, 1, 1],
							"pivot": [0.5, 8.06066, 12.88909],
							"rotation": [45, 0, 0],
							"uv": {
								"north": {"uv": [8, 9], "uv_size": [1, 1]},
								"east": {"uv": [8, 9], "uv_size": [1, 1]},
								"south": {"uv": [8, 9], "uv_size": [1, 1]},
								"west": {"uv": [9, 9], "uv_size": [-1, 1]},
								"up": {"uv": [9, 10], "uv_size": [-1, -1], "uv_rotation": 270},
								"down": {"uv": [9, 10], "uv_size": [-1, -1], "uv_rotation": 90}
							}
						},
						{
							"origin": [-0.7, 23.06066, -3.11091],
							"size": [1.4, 1, 1],
							"pivot": [0.5, 8.06066, 12.88909],
							"rotation": [45, 0, 0],
							"uv": {
								"north": {"uv": [15, 8], "uv_size": [1, 1]},
								"east": {"uv": [15, 8], "uv_size": [1, 1]},
								"south": {"uv": [15, 8], "uv_size": [1, 1]},
								"west": {"uv": [16, 8], "uv_size": [-1, 1]},
								"up": {"uv": [16, 9], "uv_size": [-1, -1], "uv_rotation": 270},
								"down": {"uv": [16, 9], "uv_size": [-1, -1], "uv_rotation": 90}
							}
						},
						{
							"origin": [-0.7, 23.06066, 3.88909],
							"size": [1.4, 1, 1],
							"pivot": [0.5, 8.06066, 12.88909],
							"rotation": [45, 0, 0],
							"uv": {
								"north": {"uv": [8, 8], "uv_size": [1, 1]},
								"east": {"uv": [8, 8], "uv_size": [1, 1]},
								"south": {"uv": [8, 8], "uv_size": [1, 1]},
								"west": {"uv": [9, 8], "uv_size": [-1, 1]},
								"up": {"uv": [9, 9], "uv_size": [-1, -1], "uv_rotation": 270},
								"down": {"uv": [9, 9], "uv_size": [-1, -1], "uv_rotation": 90}
							}
						},
						{
							"origin": [-0.7, 24.06066, -2.11091],
							"size": [1.4, 1, 1],
							"pivot": [0.5, 8.06066, 12.88909],
							"rotation": [45, 0, 0],
							"uv": {
								"north": {"uv": [14, 7], "uv_size": [1, 1]},
								"east": {"uv": [14, 7], "uv_size": [1, 1]},
								"south": {"uv": [14, 7], "uv_size": [1, 1]},
								"west": {"uv": [15, 7], "uv_size": [-1, 1]},
								"up": {"uv": [15, 8], "uv_size": [-1, -1], "uv_rotation": 270},
								"down": {"uv": [15, 8], "uv_size": [-1, -1], "uv_rotation": 90}
							}
						},
						{
							"origin": [-0.7, 24.06066, 2.88909],
							"size": [1.4, 1, 1],
							"pivot": [0.5, 8.06066, 12.88909],
							"rotation": [45, 0, 0],
							"uv": {
								"north": {"uv": [9, 7], "uv_size": [1, 1]},
								"east": {"uv": [9, 7], "uv_size": [1, 1]},
								"south": {"uv": [9, 7], "uv_size": [1, 1]},
								"west": {"uv": [10, 7], "uv_size": [-1, 1]},
								"up": {"uv": [10, 8], "uv_size": [-1, -1], "uv_rotation": 270},
								"down": {"uv": [10, 8], "uv_size": [-1, -1], "uv_rotation": 90}
							}
						},
						{
							"origin": [-0.7, 25.06066, -2.11091],
							"size": [1.4, 1, 1],
							"pivot": [0.5, 8.06066, 12.88909],
							"rotation": [45, 0, 0],
							"uv": {
								"north": {"uv": [14, 6], "uv_size": [1, 1]},
								"east": {"uv": [14, 6], "uv_size": [1, 1]},
								"south": {"uv": [14, 6], "uv_size": [1, 1]},
								"west": {"uv": [15, 6], "uv_size": [-1, 1]},
								"up": {"uv": [15, 7], "uv_size": [-1, -1], "uv_rotation": 270},
								"down": {"uv": [15, 7], "uv_size": [-1, -1], "uv_rotation": 90}
							}
						},
						{
							"origin": [-0.7, 25.06066, 1.88909],
							"size": [1.4, 1, 1],
							"pivot": [0.5, 8.06066, 12.88909],
							"rotation": [45, 0, 0],
							"uv": {
								"north": {"uv": [10, 6], "uv_size": [1, 1]},
								"east": {"uv": [10, 6], "uv_size": [1, 1]},
								"south": {"uv": [10, 6], "uv_size": [1, 1]},
								"west": {"uv": [11, 6], "uv_size": [-1, 1]},
								"up": {"uv": [11, 7], "uv_size": [-1, -1], "uv_rotation": 270},
								"down": {"uv": [11, 7], "uv_size": [-1, -1], "uv_rotation": 90}
							}
						},
						{
							"origin": [-0.7, 26.06066, -1.11091],
							"size": [1.4, 1, 1],
							"pivot": [0.5, 8.06066, 12.88909],
							"rotation": [45, 0, 0],
							"uv": {
								"north": {"uv": [13, 5], "uv_size": [1, 1]},
								"east": {"uv": [13, 5], "uv_size": [1, 1]},
								"south": {"uv": [13, 5], "uv_size": [1, 1]},
								"west": {"uv": [14, 5], "uv_size": [-1, 1]},
								"up": {"uv": [14, 6], "uv_size": [-1, -1], "uv_rotation": 270},
								"down": {"uv": [14, 6], "uv_size": [-1, -1], "uv_rotation": 90}
							}
						},
						{
							"origin": [-0.7, 26.06066, -0.11091],
							"size": [1.4, 1, 1],
							"pivot": [0.5, 8.06066, 12.88909],
							"rotation": [45, 0, 0],
							"uv": {
								"north": {"uv": [12, 5], "uv_size": [1, 1]},
								"east": {"uv": [12, 5], "uv_size": [1, 1]},
								"south": {"uv": [12, 5], "uv_size": [1, 1]},
								"west": {"uv": [13, 5], "uv_size": [-1, 1]},
								"up": {"uv": [13, 6], "uv_size": [-1, -1], "uv_rotation": 270},
								"down": {"uv": [13, 6], "uv_size": [-1, -1], "uv_rotation": 90}
							}
						},
						{
							"origin": [-0.7, 26.06066, 0.88909],
							"size": [1.4, 1, 1],
							"pivot": [0.5, 8.06066, 12.88909],
							"rotation": [45, 0, 0],
							"uv": {
								"north": {"uv": [11, 5], "uv_size": [1, 1]},
								"east": {"uv": [11, 5], "uv_size": [1, 1]},
								"south": {"uv": [11, 5], "uv_size": [1, 1]},
								"west": {"uv": [12, 5], "uv_size": [-1, 1]},
								"up": {"uv": [12, 6], "uv_size": [-1, -1], "uv_rotation": 270},
								"down": {"uv": [12, 6], "uv_size": [-1, -1], "uv_rotation": 90}
							}
						},
						{
							"origin": [-0.65, 17.06066, -3.11091],
							"size": [1.3, 1, 1],
							"pivot": [0.5, 8.06066, 12.88909],
							"rotation": [45, 0, 0],
							"uv": {
								"north": {"uv": [15, 14], "uv_size": [1, 1]},
								"east": {"uv": [15, 14], "uv_size": [1, 1]},
								"south": {"uv": [15, 14], "uv_size": [1, 1]},
								"west": {"uv": [16, 14], "uv_size": [-1, 1]},
								"up": {"uv": [16, 15], "uv_size": [-1, -1], "uv_rotation": 270},
								"down": {"uv": [16, 15], "uv_size": [-1, -1], "uv_rotation": 90}
							}
						},
						{
							"origin": [-0.65, 17.06066, -2.11091],
							"size": [1.3, 1, 1],
							"pivot": [0.5, 8.06066, 12.88909],
							"rotation": [45, 0, 0],
							"uv": {
								"north": {"uv": [14, 14], "uv_size": [1, 1]},
								"east": {"uv": [14, 14], "uv_size": [1, 1]},
								"south": {"uv": [14, 14], "uv_size": [1, 1]},
								"west": {"uv": [15, 14], "uv_size": [-1, 1]},
								"up": {"uv": [15, 15], "uv_size": [-1, -1], "uv_rotation": 270},
								"down": {"uv": [15, 15], "uv_size": [-1, -1], "uv_rotation": 90}
							}
						},
						{
							"origin": [-0.65, 18.06066, -4.11091],
							"size": [1.3, 1, 1],
							"pivot": [0.5, 8.06066, 12.88909],
							"rotation": [45, 0, 0],
							"uv": {
								"north": {"uv": [16, 13], "uv_size": [1, 1]},
								"east": {"uv": [16, 13], "uv_size": [1, 1]},
								"south": {"uv": [16, 13], "uv_size": [1, 1]},
								"west": {"uv": [17, 13], "uv_size": [-1, 1]},
								"up": {"uv": [17, 14], "uv_size": [-1, -1], "uv_rotation": 270},
								"down": {"uv": [17, 14], "uv_size": [-1, -1], "uv_rotation": 90}
							}
						},
						{
							"origin": [-0.65, 18.06066, -3.11091],
							"size": [1.3, 1, 1],
							"pivot": [0.5, 8.06066, 12.88909],
							"rotation": [45, 0, 0],
							"uv": {
								"north": {"uv": [15, 13], "uv_size": [1, 1]},
								"east": {"uv": [15, 13], "uv_size": [1, 1]},
								"south": {"uv": [15, 13], "uv_size": [1, 1]},
								"west": {"uv": [16, 13], "uv_size": [-1, 1]},
								"up": {"uv": [16, 14], "uv_size": [-1, -1], "uv_rotation": 270},
								"down": {"uv": [16, 14], "uv_size": [-1, -1], "uv_rotation": 90}
							}
						},
						{
							"origin": [-0.65, 18.06066, -2.11091],
							"size": [1.3, 1, 1],
							"pivot": [0.5, 8.06066, 12.88909],
							"rotation": [45, 0, 0],
							"uv": {
								"north": {"uv": [14, 13], "uv_size": [1, 1]},
								"east": {"uv": [14, 13], "uv_size": [1, 1]},
								"south": {"uv": [14, 13], "uv_size": [1, 1]},
								"west": {"uv": [15, 13], "uv_size": [-1, 1]},
								"up": {"uv": [15, 14], "uv_size": [-1, -1], "uv_rotation": 270},
								"down": {"uv": [15, 14], "uv_size": [-1, -1], "uv_rotation": 90}
							}
						},
						{
							"origin": [-0.65, 19.06066, -5.11091],
							"size": [1.3, 1, 1],
							"pivot": [0.5, 8.06066, 12.88909],
							"rotation": [45, 0, 0],
							"uv": {
								"north": {"uv": [17, 12], "uv_size": [1, 1]},
								"east": {"uv": [17, 12], "uv_size": [1, 1]},
								"south": {"uv": [17, 12], "uv_size": [1, 1]},
								"west": {"uv": [18, 12], "uv_size": [-1, 1]},
								"up": {"uv": [18, 13], "uv_size": [-1, -1], "uv_rotation": 270},
								"down": {"uv": [18, 13], "uv_size": [-1, -1], "uv_rotation": 90}
							}
						},
						{
							"origin": [-0.65, 19.06066, -4.11091],
							"size": [1.3, 1, 1],
							"pivot": [0.5, 8.06066, 12.88909],
							"rotation": [45, 0, 0],
							"uv": {
								"north": {"uv": [16, 12], "uv_size": [1, 1]},
								"east": {"uv": [16, 12], "uv_size": [1, 1]},
								"south": {"uv": [16, 12], "uv_size": [1, 1]},
								"west": {"uv": [17, 12], "uv_size": [-1, 1]},
								"up": {"uv": [17, 13], "uv_size": [-1, -1], "uv_rotation": 270},
								"down": {"uv": [17, 13], "uv_size": [-1, -1], "uv_rotation": 90}
							}
						},
						{
							"origin": [-0.65, 19.06066, -3.11091],
							"size": [1.3, 1, 1],
							"pivot": [0.5, 8.06066, 12.88909],
							"rotation": [45, 0, 0],
							"uv": {
								"north": {"uv": [15, 12], "uv_size": [1, 1]},
								"east": {"uv": [15, 12], "uv_size": [1, 1]},
								"south": {"uv": [15, 12], "uv_size": [1, 1]},
								"west": {"uv": [16, 12], "uv_size": [-1, 1]},
								"up": {"uv": [16, 13], "uv_size": [-1, -1], "uv_rotation": 270},
								"down": {"uv": [16, 13], "uv_size": [-1, -1], "uv_rotation": 90}
							}
						},
						{
							"origin": [-0.65, 19.06066, -2.11091],
							"size": [1.3, 1, 1],
							"pivot": [0.5, 8.06066, 12.88909],
							"rotation": [45, 0, 0],
							"uv": {
								"north": {"uv": [14, 12], "uv_size": [1, 1]},
								"east": {"uv": [14, 12], "uv_size": [1, 1]},
								"south": {"uv": [14, 12], "uv_size": [1, 1]},
								"west": {"uv": [15, 12], "uv_size": [-1, 1]},
								"up": {"uv": [15, 13], "uv_size": [-1, -1], "uv_rotation": 270},
								"down": {"uv": [15, 13], "uv_size": [-1, -1], "uv_rotation": 90}
							}
						},
						{
							"origin": [-0.65, 20.06066, -5.11091],
							"size": [1.3, 1, 1],
							"pivot": [0.5, 8.06066, 12.88909],
							"rotation": [45, 0, 0],
							"uv": {
								"north": {"uv": [17, 11], "uv_size": [1, 1]},
								"east": {"uv": [17, 11], "uv_size": [1, 1]},
								"south": {"uv": [17, 11], "uv_size": [1, 1]},
								"west": {"uv": [18, 11], "uv_size": [-1, 1]},
								"up": {"uv": [18, 12], "uv_size": [-1, -1], "uv_rotation": 270},
								"down": {"uv": [18, 12], "uv_size": [-1, -1], "uv_rotation": 90}
							}
						},
						{
							"origin": [-0.65, 20.06066, -4.11091],
							"size": [1.3, 1, 1],
							"pivot": [0.5, 8.06066, 12.88909],
							"rotation": [45, 0, 0],
							"uv": {
								"north": {"uv": [16, 11], "uv_size": [1, 1]},
								"east": {"uv": [16, 11], "uv_size": [1, 1]},
								"south": {"uv": [16, 11], "uv_size": [1, 1]},
								"west": {"uv": [17, 11], "uv_size": [-1, 1]},
								"up": {"uv": [17, 12], "uv_size": [-1, -1], "uv_rotation": 270},
								"down": {"uv": [17, 12], "uv_size": [-1, -1], "uv_rotation": 90}
							}
						},
						{
							"origin": [-0.65, 20.06066, -3.11091],
							"size": [1.3, 1, 1],
							"pivot": [0.5, 8.06066, 12.88909],
							"rotation": [45, 0, 0],
							"uv": {
								"north": {"uv": [15, 11], "uv_size": [1, 1]},
								"east": {"uv": [15, 11], "uv_size": [1, 1]},
								"south": {"uv": [15, 11], "uv_size": [1, 1]},
								"west": {"uv": [16, 11], "uv_size": [-1, 1]},
								"up": {"uv": [16, 12], "uv_size": [-1, -1], "uv_rotation": 270},
								"down": {"uv": [16, 12], "uv_size": [-1, -1], "uv_rotation": 90}
							}
						},
						{
							"origin": [-0.65, 20.06066, -2.11091],
							"size": [1.3, 1, 1],
							"pivot": [0.5, 8.06066, 12.88909],
							"rotation": [45, 0, 0],
							"uv": {
								"north": {"uv": [14, 11], "uv_size": [1, 1]},
								"east": {"uv": [14, 11], "uv_size": [1, 1]},
								"south": {"uv": [14, 11], "uv_size": [1, 1]},
								"west": {"uv": [15, 11], "uv_size": [-1, 1]},
								"up": {"uv": [15, 12], "uv_size": [-1, -1], "uv_rotation": 270},
								"down": {"uv": [15, 12], "uv_size": [-1, -1], "uv_rotation": 90}
							}
						},
						{
							"origin": [-0.65, 20.06066, -1.11091],
							"size": [1.3, 1, 1],
							"pivot": [0.5, 8.06066, 12.88909],
							"rotation": [45, 0, 0],
							"uv": {
								"north": {"uv": [13, 11], "uv_size": [1, 1]},
								"east": {"uv": [13, 11], "uv_size": [1, 1]},
								"south": {"uv": [13, 11], "uv_size": [1, 1]},
								"west": {"uv": [14, 11], "uv_size": [-1, 1]},
								"up": {"uv": [14, 12], "uv_size": [-1, -1], "uv_rotation": 270},
								"down": {"uv": [14, 12], "uv_size": [-1, -1], "uv_rotation": 90}
							}
						},
						{
							"origin": [-0.65, 21.06066, -5.11091],
							"size": [1.3, 1, 1],
							"pivot": [0.5, 8.06066, 12.88909],
							"rotation": [45, 0, 0],
							"uv": {
								"north": {"uv": [17, 10], "uv_size": [1, 1]},
								"east": {"uv": [17, 10], "uv_size": [1, 1]},
								"south": {"uv": [17, 10], "uv_size": [1, 1]},
								"west": {"uv": [18, 10], "uv_size": [-1, 1]},
								"up": {"uv": [18, 11], "uv_size": [-1, -1], "uv_rotation": 270},
								"down": {"uv": [18, 11], "uv_size": [-1, -1], "uv_rotation": 90}
							}
						},
						{
							"origin": [-0.65, 21.06066, -4.11091],
							"size": [1.3, 1, 1],
							"pivot": [0.5, 8.06066, 12.88909],
							"rotation": [45, 0, 0],
							"uv": {
								"north": {"uv": [16, 10], "uv_size": [1, 1]},
								"east": {"uv": [16, 10], "uv_size": [1, 1]},
								"south": {"uv": [16, 10], "uv_size": [1, 1]},
								"west": {"uv": [17, 10], "uv_size": [-1, 1]},
								"up": {"uv": [17, 11], "uv_size": [-1, -1], "uv_rotation": 270},
								"down": {"uv": [17, 11], "uv_size": [-1, -1], "uv_rotation": 90}
							}
						},
						{
							"origin": [-0.65, 21.06066, -3.11091],
							"size": [1.3, 1, 1],
							"pivot": [0.5, 8.06066, 12.88909],
							"rotation": [45, 0, 0],
							"uv": {
								"north": {"uv": [15, 10], "uv_size": [1, 1]},
								"east": {"uv": [15, 10], "uv_size": [1, 1]},
								"south": {"uv": [15, 10], "uv_size": [1, 1]},
								"west": {"uv": [16, 10], "uv_size": [-1, 1]},
								"up": {"uv": [16, 11], "uv_size": [-1, -1], "uv_rotation": 270},
								"down": {"uv": [16, 11], "uv_size": [-1, -1], "uv_rotation": 90}
							}
						},
						{
							"origin": [-0.65, 21.06066, -2.11091],
							"size": [1.3, 1, 1],
							"pivot": [0.5, 8.06066, 12.88909],
							"rotation": [45, 0, 0],
							"uv": {
								"north": {"uv": [14, 10], "uv_size": [1, 1]},
								"east": {"uv": [14, 10], "uv_size": [1, 1]},
								"south": {"uv": [14, 10], "uv_size": [1, 1]},
								"west": {"uv": [15, 10], "uv_size": [-1, 1]},
								"up": {"uv": [15, 11], "uv_size": [-1, -1], "uv_rotation": 270},
								"down": {"uv": [15, 11], "uv_size": [-1, -1], "uv_rotation": 90}
							}
						},
						{
							"origin": [-0.65, 21.06066, -0.11091],
							"size": [1.3, 1, 1],
							"pivot": [0.5, 8.06066, 12.88909],
							"rotation": [45, 0, 0],
							"uv": {
								"north": {"uv": [12, 10], "uv_size": [1, 1]},
								"east": {"uv": [12, 10], "uv_size": [1, 1]},
								"south": {"uv": [12, 10], "uv_size": [1, 1]},
								"west": {"uv": [13, 10], "uv_size": [-1, 1]},
								"up": {"uv": [13, 11], "uv_size": [-1, -1], "uv_rotation": 270},
								"down": {"uv": [13, 11], "uv_size": [-1, -1], "uv_rotation": 90}
							}
						},
						{
							"origin": [-0.65, 22.06066, -3.11091],
							"size": [1.3, 1, 1],
							"pivot": [0.5, 8.06066, 12.88909],
							"rotation": [45, 0, 0],
							"uv": {
								"north": {"uv": [15, 9], "uv_size": [1, 1]},
								"east": {"uv": [15, 9], "uv_size": [1, 1]},
								"south": {"uv": [15, 9], "uv_size": [1, 1]},
								"west": {"uv": [16, 9], "uv_size": [-1, 1]},
								"up": {"uv": [16, 10], "uv_size": [-1, -1], "uv_rotation": 270},
								"down": {"uv": [16, 10], "uv_size": [-1, -1], "uv_rotation": 90}
							}
						},
						{
							"origin": [-0.65, 22.06066, -1.11091],
							"size": [1.3, 1, 1],
							"pivot": [0.5, 8.06066, 12.88909],
							"rotation": [45, 0, 0],
							"uv": {
								"north": {"uv": [13, 9], "uv_size": [1, 1]},
								"east": {"uv": [13, 9], "uv_size": [1, 1]},
								"south": {"uv": [13, 9], "uv_size": [1, 1]},
								"west": {"uv": [14, 9], "uv_size": [-1, 1]},
								"up": {"uv": [14, 10], "uv_size": [-1, -1], "uv_rotation": 270},
								"down": {"uv": [14, 10], "uv_size": [-1, -1], "uv_rotation": 90}
							}
						},
						{
							"origin": [-0.65, 22.06066, -0.11091],
							"size": [1.3, 1, 1],
							"pivot": [0.5, 8.06066, 12.88909],
							"rotation": [45, 0, 0],
							"uv": {
								"north": {"uv": [12, 9], "uv_size": [1, 1]},
								"east": {"uv": [12, 9], "uv_size": [1, 1]},
								"south": {"uv": [12, 9], "uv_size": [1, 1]},
								"west": {"uv": [13, 9], "uv_size": [-1, 1]},
								"up": {"uv": [13, 10], "uv_size": [-1, -1], "uv_rotation": 270},
								"down": {"uv": [13, 10], "uv_size": [-1, -1], "uv_rotation": 90}
							}
						},
						{
							"origin": [-0.65, 22.06066, 0.88909],
							"size": [1.3, 1, 1],
							"pivot": [0.5, 8.06066, 12.88909],
							"rotation": [45, 0, 0],
							"uv": {
								"north": {"uv": [11, 9], "uv_size": [1, 1]},
								"east": {"uv": [11, 9], "uv_size": [1, 1]},
								"south": {"uv": [11, 9], "uv_size": [1, 1]},
								"west": {"uv": [12, 9], "uv_size": [-1, 1]},
								"up": {"uv": [12, 10], "uv_size": [-1, -1], "uv_rotation": 270},
								"down": {"uv": [12, 10], "uv_size": [-1, -1], "uv_rotation": 90}
							}
						},
						{
							"origin": [-0.65, 22.06066, 1.88909],
							"size": [1.3, 1, 1],
							"pivot": [0.5, 8.06066, 12.88909],
							"rotation": [45, 0, 0],
							"uv": {
								"north": {"uv": [10, 9], "uv_size": [1, 1]},
								"east": {"uv": [10, 9], "uv_size": [1, 1]},
								"south": {"uv": [10, 9], "uv_size": [1, 1]},
								"west": {"uv": [11, 9], "uv_size": [-1, 1]},
								"up": {"uv": [11, 10], "uv_size": [-1, -1], "uv_rotation": 270},
								"down": {"uv": [11, 10], "uv_size": [-1, -1], "uv_rotation": 90}
							}
						},
						{
							"origin": [-0.65, 22.06066, 2.88909],
							"size": [1.3, 1, 1],
							"pivot": [0.5, 8.06066, 12.88909],
							"rotation": [45, 0, 0],
							"uv": {
								"north": {"uv": [9, 9], "uv_size": [1, 1]},
								"east": {"uv": [9, 9], "uv_size": [1, 1]},
								"south": {"uv": [9, 9], "uv_size": [1, 1]},
								"west": {"uv": [10, 9], "uv_size": [-1, 1]},
								"up": {"uv": [10, 10], "uv_size": [-1, -1], "uv_rotation": 270},
								"down": {"uv": [10, 10], "uv_size": [-1, -1], "uv_rotation": 90}
							}
						},
						{
							"origin": [-0.65, 23.06066, -2.11091],
							"size": [1.3, 1, 1],
							"pivot": [0.5, 8.06066, 12.88909],
							"rotation": [45, 0, 0],
							"uv": {
								"north": {"uv": [14, 8], "uv_size": [1, 1]},
								"east": {"uv": [14, 8], "uv_size": [1, 1]},
								"south": {"uv": [14, 8], "uv_size": [1, 1]},
								"west": {"uv": [15, 8], "uv_size": [-1, 1]},
								"up": {"uv": [15, 9], "uv_size": [-1, -1], "uv_rotation": 270},
								"down": {"uv": [15, 9], "uv_size": [-1, -1], "uv_rotation": 90}
							}
						},
						{
							"origin": [-0.65, 23.06066, -1.11091],
							"size": [1.3, 1, 1],
							"pivot": [0.5, 8.06066, 12.88909],
							"rotation": [45, 0, 0],
							"uv": {
								"north": {"uv": [13, 8], "uv_size": [1, 1]},
								"east": {"uv": [13, 8], "uv_size": [1, 1]},
								"south": {"uv": [13, 8], "uv_size": [1, 1]},
								"west": {"uv": [14, 8], "uv_size": [-1, 1]},
								"up": {"uv": [14, 9], "uv_size": [-1, -1], "uv_rotation": 270},
								"down": {"uv": [14, 9], "uv_size": [-1, -1], "uv_rotation": 90}
							}
						},
						{
							"origin": [-0.65, 23.06066, -0.11091],
							"size": [1.3, 1, 1],
							"pivot": [0.5, 8.06066, 12.88909],
							"rotation": [45, 0, 0],
							"uv": {
								"north": {"uv": [12, 8], "uv_size": [1, 1]},
								"east": {"uv": [12, 8], "uv_size": [1, 1]},
								"south": {"uv": [12, 8], "uv_size": [1, 1]},
								"west": {"uv": [13, 8], "uv_size": [-1, 1]},
								"up": {"uv": [13, 9], "uv_size": [-1, -1], "uv_rotation": 270},
								"down": {"uv": [13, 9], "uv_size": [-1, -1], "uv_rotation": 90}
							}
						},
						{
							"origin": [-0.65, 23.06066, 0.88909],
							"size": [1.3, 1, 1],
							"pivot": [0.5, 8.06066, 12.88909],
							"rotation": [45, 0, 0],
							"uv": {
								"north": {"uv": [11, 8], "uv_size": [1, 1]},
								"east": {"uv": [11, 8], "uv_size": [1, 1]},
								"south": {"uv": [11, 8], "uv_size": [1, 1]},
								"west": {"uv": [12, 8], "uv_size": [-1, 1]},
								"up": {"uv": [12, 9], "uv_size": [-1, -1], "uv_rotation": 270},
								"down": {"uv": [12, 9], "uv_size": [-1, -1], "uv_rotation": 90}
							}
						},
						{
							"origin": [-0.65, 23.06066, 1.88909],
							"size": [1.3, 1, 1],
							"pivot": [0.5, 8.06066, 12.88909],
							"rotation": [45, 0, 0],
							"uv": {
								"north": {"uv": [10, 8], "uv_size": [1, 1]},
								"east": {"uv": [10, 8], "uv_size": [1, 1]},
								"south": {"uv": [10, 8], "uv_size": [1, 1]},
								"west": {"uv": [11, 8], "uv_size": [-1, 1]},
								"up": {"uv": [11, 9], "uv_size": [-1, -1], "uv_rotation": 270},
								"down": {"uv": [11, 9], "uv_size": [-1, -1], "uv_rotation": 90}
							}
						},
						{
							"origin": [-0.65, 23.06066, 2.88909],
							"size": [1.3, 1, 1],
							"pivot": [0.5, 8.06066, 12.88909],
							"rotation": [45, 0, 0],
							"uv": {
								"north": {"uv": [9, 8], "uv_size": [1, 1]},
								"east": {"uv": [9, 8], "uv_size": [1, 1]},
								"south": {"uv": [9, 8], "uv_size": [1, 1]},
								"west": {"uv": [10, 8], "uv_size": [-1, 1]},
								"up": {"uv": [10, 9], "uv_size": [-1, -1], "uv_rotation": 270},
								"down": {"uv": [10, 9], "uv_size": [-1, -1], "uv_rotation": 90}
							}
						},
						{
							"origin": [-0.65, 24.06066, -1.11091],
							"size": [1.3, 1, 1],
							"pivot": [0.5, 8.06066, 12.88909],
							"rotation": [45, 0, 0],
							"uv": {
								"north": {"uv": [13, 7], "uv_size": [1, 1]},
								"east": {"uv": [13, 7], "uv_size": [1, 1]},
								"south": {"uv": [13, 7], "uv_size": [1, 1]},
								"west": {"uv": [14, 7], "uv_size": [-1, 1]},
								"up": {"uv": [14, 8], "uv_size": [-1, -1], "uv_rotation": 270},
								"down": {"uv": [14, 8], "uv_size": [-1, -1], "uv_rotation": 90}
							}
						},
						{
							"origin": [-0.65, 24.06066, -0.11091],
							"size": [1.3, 1, 1],
							"pivot": [0.5, 8.06066, 12.88909],
							"rotation": [45, 0, 0],
							"uv": {
								"north": {"uv": [12, 7], "uv_size": [1, 1]},
								"east": {"uv": [12, 7], "uv_size": [1, 1]},
								"south": {"uv": [12, 7], "uv_size": [1, 1]},
								"west": {"uv": [13, 7], "uv_size": [-1, 1]},
								"up": {"uv": [13, 8], "uv_size": [-1, -1], "uv_rotation": 270},
								"down": {"uv": [13, 8], "uv_size": [-1, -1], "uv_rotation": 90}
							}
						},
						{
							"origin": [-0.65, 24.06066, 0.88909],
							"size": [1.3, 1, 1],
							"pivot": [0.5, 8.06066, 12.88909],
							"rotation": [45, 0, 0],
							"uv": {
								"north": {"uv": [11, 7], "uv_size": [1, 1]},
								"east": {"uv": [11, 7], "uv_size": [1, 1]},
								"south": {"uv": [11, 7], "uv_size": [1, 1]},
								"west": {"uv": [12, 7], "uv_size": [-1, 1]},
								"up": {"uv": [12, 8], "uv_size": [-1, -1], "uv_rotation": 270},
								"down": {"uv": [12, 8], "uv_size": [-1, -1], "uv_rotation": 90}
							}
						},
						{
							"origin": [-0.65, 24.06066, 1.88909],
							"size": [1.3, 1, 1],
							"pivot": [0.5, 8.06066, 12.88909],
							"rotation": [45, 0, 0],
							"uv": {
								"north": {"uv": [10, 7], "uv_size": [1, 1]},
								"east": {"uv": [10, 7], "uv_size": [1, 1]},
								"south": {"uv": [10, 7], "uv_size": [1, 1]},
								"west": {"uv": [11, 7], "uv_size": [-1, 1]},
								"up": {"uv": [11, 8], "uv_size": [-1, -1], "uv_rotation": 270},
								"down": {"uv": [11, 8], "uv_size": [-1, -1], "uv_rotation": 90}
							}
						},
						{
							"origin": [-0.65, 25.06066, -1.11091],
							"size": [1.3, 1, 1],
							"pivot": [0.5, 8.06066, 12.88909],
							"rotation": [45, 0, 0],
							"uv": {
								"north": {"uv": [13, 6], "uv_size": [1, 1]},
								"east": {"uv": [13, 6], "uv_size": [1, 1]},
								"south": {"uv": [13, 6], "uv_size": [1, 1]},
								"west": {"uv": [14, 6], "uv_size": [-1, 1]},
								"up": {"uv": [14, 7], "uv_size": [-1, -1], "uv_rotation": 270},
								"down": {"uv": [14, 7], "uv_size": [-1, -1], "uv_rotation": 90}
							}
						},
						{
							"origin": [-0.65, 25.06066, -0.11091],
							"size": [1.3, 1, 1],
							"pivot": [0.5, 8.06066, 12.88909],
							"rotation": [45, 0, 0],
							"uv": {
								"north": {"uv": [12, 6], "uv_size": [1, 1]},
								"east": {"uv": [12, 6], "uv_size": [1, 1]},
								"south": {"uv": [12, 6], "uv_size": [1, 1]},
								"west": {"uv": [13, 6], "uv_size": [-1, 1]},
								"up": {"uv": [13, 7], "uv_size": [-1, -1], "uv_rotation": 270},
								"down": {"uv": [13, 7], "uv_size": [-1, -1], "uv_rotation": 90}
							}
						},
						{
							"origin": [-0.65, 25.06066, 0.88909],
							"size": [1.3, 1, 1],
							"pivot": [0.5, 8.06066, 12.88909],
							"rotation": [45, 0, 0],
							"uv": {
								"north": {"uv": [11, 6], "uv_size": [1, 1]},
								"east": {"uv": [11, 6], "uv_size": [1, 1]},
								"south": {"uv": [11, 6], "uv_size": [1, 1]},
								"west": {"uv": [12, 6], "uv_size": [-1, 1]},
								"up": {"uv": [12, 7], "uv_size": [-1, -1], "uv_rotation": 270},
								"down": {"uv": [12, 7], "uv_size": [-1, -1], "uv_rotation": 90}
							}
						},
						{
							"origin": [-0.7, 11.06066, 8.88909],
							"size": [1.4, 1, 1],
							"pivot": [0.5, 8.06066, 12.88909],
							"rotation": [45, 0, 0],
							"uv": {
								"north": {"uv": [3, 20], "uv_size": [1, 1]},
								"east": {"uv": [3, 20], "uv_size": [1, 1]},
								"south": {"uv": [3, 20], "uv_size": [1, 1]},
								"west": {"uv": [4, 20], "uv_size": [-1, 1]},
								"up": {"uv": [4, 21], "uv_size": [-1, -1], "uv_rotation": 270},
								"down": {"uv": [4, 21], "uv_size": [-1, -1], "uv_rotation": 90}
							}
						},
						{
							"origin": [-0.7, 12.06066, 7.88909],
							"size": [1.4, 1, 1],
							"pivot": [0.5, 8.06066, 12.88909],
							"rotation": [45, 0, 0],
							"uv": {
								"north": {"uv": [4, 19], "uv_size": [1, 1]},
								"east": {"uv": [4, 19], "uv_size": [1, 1]},
								"south": {"uv": [4, 19], "uv_size": [1, 1]},
								"west": {"uv": [5, 19], "uv_size": [-1, 1]},
								"up": {"uv": [5, 20], "uv_size": [-1, -1], "uv_rotation": 270},
								"down": {"uv": [5, 20], "uv_size": [-1, -1], "uv_rotation": 90}
							}
						},
						{
							"origin": [-0.7, 13.06066, 6.88909],
							"size": [1.4, 1, 1],
							"pivot": [0.5, 8.06066, 12.88909],
							"rotation": [45, 0, 0],
							"uv": {
								"north": {"uv": [5, 18], "uv_size": [1, 1]},
								"east": {"uv": [5, 18], "uv_size": [1, 1]},
								"south": {"uv": [5, 18], "uv_size": [1, 1]},
								"west": {"uv": [6, 18], "uv_size": [-1, 1]},
								"up": {"uv": [6, 19], "uv_size": [-1, -1], "uv_rotation": 270},
								"down": {"uv": [6, 19], "uv_size": [-1, -1], "uv_rotation": 90}
							}
						},
						{
							"origin": [-0.7, 14.06066, 5.88909],
							"size": [1.4, 1, 1],
							"pivot": [0.5, 8.06066, 12.88909],
							"rotation": [45, 0, 0],
							"uv": {
								"north": {"uv": [6, 17], "uv_size": [1, 1]},
								"east": {"uv": [6, 17], "uv_size": [1, 1]},
								"south": {"uv": [6, 17], "uv_size": [1, 1]},
								"west": {"uv": [7, 17], "uv_size": [-1, 1]},
								"up": {"uv": [7, 18], "uv_size": [-1, -1], "uv_rotation": 270},
								"down": {"uv": [7, 18], "uv_size": [-1, -1], "uv_rotation": 90}
							}
						},
						{
							"origin": [-0.7, 15.06066, 4.88909],
							"size": [1.4, 1, 1],
							"pivot": [0.5, 8.06066, 12.88909],
							"rotation": [45, 0, 0],
							"uv": {
								"north": {"uv": [7, 16], "uv_size": [1, 1]},
								"east": {"uv": [7, 16], "uv_size": [1, 1]},
								"south": {"uv": [7, 16], "uv_size": [1, 1]},
								"west": {"uv": [8, 16], "uv_size": [-1, 1]},
								"up": {"uv": [8, 17], "uv_size": [-1, -1], "uv_rotation": 270},
								"down": {"uv": [8, 17], "uv_size": [-1, -1], "uv_rotation": 90}
							}
						},
						{
							"origin": [-0.7, 16.06066, 3.88909],
							"size": [1.4, 1, 1],
							"pivot": [0.5, 8.06066, 12.88909],
							"rotation": [45, 0, 0],
							"uv": {
								"north": {"uv": [8, 15], "uv_size": [1, 1]},
								"east": {"uv": [8, 15], "uv_size": [1, 1]},
								"south": {"uv": [8, 15], "uv_size": [1, 1]},
								"west": {"uv": [9, 15], "uv_size": [-1, 1]},
								"up": {"uv": [9, 16], "uv_size": [-1, -1], "uv_rotation": 270},
								"down": {"uv": [9, 16], "uv_size": [-1, -1], "uv_rotation": 90}
							}
						},
						{
							"origin": [-0.7, 17.06066, 2.88909],
							"size": [1.4, 1, 1],
							"pivot": [0.5, 8.06066, 12.88909],
							"rotation": [45, 0, 0],
							"uv": {
								"north": {"uv": [9, 14], "uv_size": [1, 1]},
								"east": {"uv": [9, 14], "uv_size": [1, 1]},
								"south": {"uv": [9, 14], "uv_size": [1, 1]},
								"west": {"uv": [10, 14], "uv_size": [-1, 1]},
								"up": {"uv": [10, 15], "uv_size": [-1, -1], "uv_rotation": 270},
								"down": {"uv": [10, 15], "uv_size": [-1, -1], "uv_rotation": 90}
							}
						},
						{
							"origin": [-0.7, 18.06066, 1.88909],
							"size": [1.4, 1, 1],
							"pivot": [0.5, 8.06066, 12.88909],
							"rotation": [45, 0, 0],
							"uv": {
								"north": {"uv": [10, 13], "uv_size": [1, 1]},
								"east": {"uv": [10, 13], "uv_size": [1, 1]},
								"south": {"uv": [10, 13], "uv_size": [1, 1]},
								"west": {"uv": [11, 13], "uv_size": [-1, 1]},
								"up": {"uv": [11, 14], "uv_size": [-1, -1], "uv_rotation": 270},
								"down": {"uv": [11, 14], "uv_size": [-1, -1], "uv_rotation": 90}
							}
						},
						{
							"origin": [-0.7, 19.06066, 0.88909],
							"size": [1.4, 1, 1],
							"pivot": [0.5, 8.06066, 12.88909],
							"rotation": [45, 0, 0],
							"uv": {
								"north": {"uv": [11, 12], "uv_size": [1, 1]},
								"east": {"uv": [11, 12], "uv_size": [1, 1]},
								"south": {"uv": [11, 12], "uv_size": [1, 1]},
								"west": {"uv": [12, 12], "uv_size": [-1, 1]},
								"up": {"uv": [12, 13], "uv_size": [-1, -1], "uv_rotation": 270},
								"down": {"uv": [12, 13], "uv_size": [-1, -1], "uv_rotation": 90}
							}
						},
						{
							"origin": [-0.65, 25.06066, -5.11091],
							"size": [1.3, 1, 1],
							"pivot": [0.5, 8.06066, 12.88909],
							"rotation": [45, 0, 0],
							"uv": {
								"north": {"uv": [17, 6], "uv_size": [1, 1]},
								"east": {"uv": [17, 6], "uv_size": [1, 1]},
								"south": {"uv": [17, 6], "uv_size": [1, 1]},
								"west": {"uv": [18, 6], "uv_size": [-1, 1]},
								"up": {"uv": [18, 7], "uv_size": [-1, -1], "uv_rotation": 270},
								"down": {"uv": [18, 7], "uv_size": [-1, -1], "uv_rotation": 90}
							}
						},
						{
							"origin": [-0.65, 25.06066, -4.11091],
							"size": [1.3, 1, 1],
							"pivot": [0.5, 8.06066, 12.88909],
							"rotation": [45, 0, 0],
							"uv": {
								"north": {"uv": [16, 6], "uv_size": [1, 1]},
								"east": {"uv": [16, 6], "uv_size": [1, 1]},
								"south": {"uv": [16, 6], "uv_size": [1, 1]},
								"west": {"uv": [17, 6], "uv_size": [-1, 1]},
								"up": {"uv": [17, 7], "uv_size": [-1, -1], "uv_rotation": 270},
								"down": {"uv": [17, 7], "uv_size": [-1, -1], "uv_rotation": 90}
							}
						},
						{
							"origin": [-0.65, 24.06066, -5.11091],
							"size": [1.3, 1, 1],
							"pivot": [0.5, 8.06066, 12.88909],
							"rotation": [45, 0, 0],
							"uv": {
								"north": {"uv": [17, 7], "uv_size": [1, 1]},
								"east": {"uv": [17, 7], "uv_size": [1, 1]},
								"south": {"uv": [17, 7], "uv_size": [1, 1]},
								"west": {"uv": [18, 7], "uv_size": [-1, 1]},
								"up": {"uv": [18, 8], "uv_size": [-1, -1], "uv_rotation": 270},
								"down": {"uv": [18, 8], "uv_size": [-1, -1], "uv_rotation": 90}
							}
						},
						{
							"origin": [-0.65, 24.06066, -3.11091],
							"size": [1.3, 1, 1],
							"pivot": [0.5, 8.06066, 12.88909],
							"rotation": [45, 0, 0],
							"uv": {
								"north": {"uv": [15, 7], "uv_size": [1, 1]},
								"east": {"uv": [15, 7], "uv_size": [1, 1]},
								"south": {"uv": [15, 7], "uv_size": [1, 1]},
								"west": {"uv": [16, 7], "uv_size": [-1, 1]},
								"up": {"uv": [16, 8], "uv_size": [-1, -1], "uv_rotation": 270},
								"down": {"uv": [16, 8], "uv_size": [-1, -1], "uv_rotation": 90}
							}
						},
						{
							"origin": [-0.65, 23.06066, -4.11091],
							"size": [1.3, 1, 1],
							"pivot": [0.5, 8.06066, 12.88909],
							"rotation": [45, 0, 0],
							"uv": {
								"north": {"uv": [16, 8], "uv_size": [1, 1]},
								"east": {"uv": [16, 8], "uv_size": [1, 1]},
								"south": {"uv": [16, 8], "uv_size": [1, 1]},
								"west": {"uv": [17, 8], "uv_size": [-1, 1]},
								"up": {"uv": [17, 9], "uv_size": [-1, -1], "uv_rotation": 270},
								"down": {"uv": [17, 9], "uv_size": [-1, -1], "uv_rotation": 90}
							}
						},
						{
							"origin": [-0.55, 10.06066, 9.88909],
							"size": [1.1, 1, 1],
							"pivot": [0.5, 8.06066, 12.88909],
							"rotation": [45, 0, 0],
							"uv": {
								"north": {"uv": [4, 21], "uv_size": [-1, 1]},
								"east": {"uv": [4, 21], "uv_size": [-1, 1]},
								"south": {"uv": [4, 21], "uv_size": [-1, 1]},
								"west": {"uv": [4, 21], "uv_size": [-1, 1]},
								"up": {"uv": [3, 22], "uv_size": [1, -1], "uv_rotation": 270},
								"down": {"uv": [3, 22], "uv_size": [1, -1], "uv_rotation": 90}
							}
						},
						{
							"origin": [-0.55, 10.06066, 8.88909],
							"size": [1.1, 1, 1],
							"pivot": [0.5, 8.06066, 12.88909],
							"rotation": [45, 0, 0],
							"uv": {
								"north": {"uv": [3, 21], "uv_size": [1, 1]},
								"east": {"uv": [3, 21], "uv_size": [1, 1]},
								"south": {"uv": [3, 21], "uv_size": [1, 1]},
								"west": {"uv": [4, 21], "uv_size": [-1, 1]},
								"up": {"uv": [4, 22], "uv_size": [-1, -1], "uv_rotation": 270},
								"down": {"uv": [4, 22], "uv_size": [-1, -1], "uv_rotation": 90}
							}
						},
						{
							"origin": [-0.55, 11.06066, 9.88909],
							"size": [1.1, 1, 1],
							"pivot": [0.5, 8.06066, 12.88909],
							"rotation": [45, 0, 0],
							"uv": {
								"north": {"uv": [2, 20], "uv_size": [1, 1]},
								"east": {"uv": [2, 20], "uv_size": [1, 1]},
								"south": {"uv": [2, 20], "uv_size": [1, 1]},
								"west": {"uv": [3, 20], "uv_size": [-1, 1]},
								"up": {"uv": [3, 21], "uv_size": [-1, -1], "uv_rotation": 270},
								"down": {"uv": [3, 21], "uv_size": [-1, -1], "uv_rotation": 90}
							}
						},
						{
							"origin": [-0.55, 12.06066, 8.88909],
							"size": [1.1, 1, 1],
							"pivot": [0.5, 8.06066, 12.88909],
							"rotation": [45, 0, 0],
							"uv": {
								"north": {"uv": [3, 19], "uv_size": [1, 1]},
								"east": {"uv": [3, 19], "uv_size": [1, 1]},
								"south": {"uv": [3, 19], "uv_size": [1, 1]},
								"west": {"uv": [4, 19], "uv_size": [-1, 1]},
								"up": {"uv": [4, 20], "uv_size": [-1, -1], "uv_rotation": 270},
								"down": {"uv": [4, 20], "uv_size": [-1, -1], "uv_rotation": 90}
							}
						},
						{
							"origin": [-0.55, 11.06066, 7.88909],
							"size": [1.1, 1, 1],
							"pivot": [0.5, 8.06066, 12.88909],
							"rotation": [45, 0, 0],
							"uv": {
								"north": {"uv": [4, 20], "uv_size": [1, 1]},
								"east": {"uv": [4, 20], "uv_size": [1, 1]},
								"south": {"uv": [4, 20], "uv_size": [1, 1]},
								"west": {"uv": [5, 20], "uv_size": [-1, 1]},
								"up": {"uv": [5, 21], "uv_size": [-1, -1], "uv_rotation": 270},
								"down": {"uv": [5, 21], "uv_size": [-1, -1], "uv_rotation": 90}
							}
						},
						{
							"origin": [-0.55, 12.06066, 6.88909],
							"size": [1.1, 1, 1],
							"pivot": [0.5, 8.06066, 12.88909],
							"rotation": [45, 0, 0],
							"uv": {
								"north": {"uv": [5, 19], "uv_size": [1, 1]},
								"east": {"uv": [5, 19], "uv_size": [1, 1]},
								"south": {"uv": [5, 19], "uv_size": [1, 1]},
								"west": {"uv": [6, 19], "uv_size": [-1, 1]},
								"up": {"uv": [6, 20], "uv_size": [-1, -1], "uv_rotation": 270},
								"down": {"uv": [6, 20], "uv_size": [-1, -1], "uv_rotation": 90}
							}
						},
						{
							"origin": [-0.55, 13.06066, 7.88909],
							"size": [1.1, 1, 1],
							"pivot": [0.5, 8.06066, 12.88909],
							"rotation": [45, 0, 0],
							"uv": {
								"north": {"uv": [4, 18], "uv_size": [1, 1]},
								"east": {"uv": [4, 18], "uv_size": [1, 1]},
								"south": {"uv": [4, 18], "uv_size": [1, 1]},
								"west": {"uv": [5, 18], "uv_size": [-1, 1]},
								"up": {"uv": [5, 19], "uv_size": [-1, -1], "uv_rotation": 270},
								"down": {"uv": [5, 19], "uv_size": [-1, -1], "uv_rotation": 90}
							}
						},
						{
							"origin": [-0.55, 14.06066, 6.88909],
							"size": [1.1, 1, 1],
							"pivot": [0.5, 8.06066, 12.88909],
							"rotation": [45, 0, 0],
							"uv": {
								"north": {"uv": [5, 17], "uv_size": [1, 1]},
								"east": {"uv": [5, 17], "uv_size": [1, 1]},
								"south": {"uv": [5, 17], "uv_size": [1, 1]},
								"west": {"uv": [6, 17], "uv_size": [-1, 1]},
								"up": {"uv": [6, 18], "uv_size": [-1, -1], "uv_rotation": 270},
								"down": {"uv": [6, 18], "uv_size": [-1, -1], "uv_rotation": 90}
							}
						},
						{
							"origin": [-0.55, 13.06066, 5.88909],
							"size": [1.1, 1, 1],
							"pivot": [0.5, 8.06066, 12.88909],
							"rotation": [45, 0, 0],
							"uv": {
								"north": {"uv": [6, 18], "uv_size": [1, 1]},
								"east": {"uv": [6, 18], "uv_size": [1, 1]},
								"south": {"uv": [6, 18], "uv_size": [1, 1]},
								"west": {"uv": [7, 18], "uv_size": [-1, 1]},
								"up": {"uv": [7, 19], "uv_size": [-1, -1], "uv_rotation": 270},
								"down": {"uv": [7, 19], "uv_size": [-1, -1], "uv_rotation": 90}
							}
						},
						{
							"origin": [-0.55, 14.06066, 4.88909],
							"size": [1.1, 1, 1],
							"pivot": [0.5, 8.06066, 12.88909],
							"rotation": [45, 0, 0],
							"uv": {
								"north": {"uv": [7, 17], "uv_size": [1, 1]},
								"east": {"uv": [7, 17], "uv_size": [1, 1]},
								"south": {"uv": [7, 17], "uv_size": [1, 1]},
								"west": {"uv": [8, 17], "uv_size": [-1, 1]},
								"up": {"uv": [8, 18], "uv_size": [-1, -1], "uv_rotation": 270},
								"down": {"uv": [8, 18], "uv_size": [-1, -1], "uv_rotation": 90}
							}
						},
						{
							"origin": [-0.55, 15.06066, 5.88909],
							"size": [1.1, 1, 1],
							"pivot": [0.5, 8.06066, 12.88909],
							"rotation": [45, 0, 0],
							"uv": {
								"north": {"uv": [6, 16], "uv_size": [1, 1]},
								"east": {"uv": [6, 16], "uv_size": [1, 1]},
								"south": {"uv": [6, 16], "uv_size": [1, 1]},
								"west": {"uv": [7, 16], "uv_size": [-1, 1]},
								"up": {"uv": [7, 17], "uv_size": [-1, -1], "uv_rotation": 270},
								"down": {"uv": [7, 17], "uv_size": [-1, -1], "uv_rotation": 90}
							}
						},
						{
							"origin": [-0.55, 16.06066, 4.88909],
							"size": [1.1, 1, 1],
							"pivot": [0.5, 8.06066, 12.88909],
							"rotation": [45, 0, 0],
							"uv": {
								"north": {"uv": [7, 15], "uv_size": [1, 1]},
								"east": {"uv": [7, 15], "uv_size": [1, 1]},
								"south": {"uv": [7, 15], "uv_size": [1, 1]},
								"west": {"uv": [8, 15], "uv_size": [-1, 1]},
								"up": {"uv": [8, 16], "uv_size": [-1, -1], "uv_rotation": 270},
								"down": {"uv": [8, 16], "uv_size": [-1, -1], "uv_rotation": 90}
							}
						},
						{
							"origin": [-0.55, 15.06066, 3.88909],
							"size": [1.1, 1, 1],
							"pivot": [0.5, 8.06066, 12.88909],
							"rotation": [45, 0, 0],
							"uv": {
								"north": {"uv": [8, 16], "uv_size": [1, 1]},
								"east": {"uv": [8, 16], "uv_size": [1, 1]},
								"south": {"uv": [8, 16], "uv_size": [1, 1]},
								"west": {"uv": [9, 16], "uv_size": [-1, 1]},
								"up": {"uv": [9, 17], "uv_size": [-1, -1], "uv_rotation": 270},
								"down": {"uv": [9, 17], "uv_size": [-1, -1], "uv_rotation": 90}
							}
						},
						{
							"origin": [-0.55, 17.06066, 3.88909],
							"size": [1.1, 1, 1],
							"pivot": [0.5, 8.06066, 12.88909],
							"rotation": [45, 0, 0],
							"uv": {
								"north": {"uv": [8, 14], "uv_size": [1, 1]},
								"east": {"uv": [8, 14], "uv_size": [1, 1]},
								"south": {"uv": [8, 14], "uv_size": [1, 1]},
								"west": {"uv": [9, 14], "uv_size": [-1, 1]},
								"up": {"uv": [9, 15], "uv_size": [-1, -1], "uv_rotation": 270},
								"down": {"uv": [9, 15], "uv_size": [-1, -1], "uv_rotation": 90}
							}
						},
						{
							"origin": [-0.55, 16.06066, 2.88909],
							"size": [1.1, 1, 1],
							"pivot": [0.5, 8.06066, 12.88909],
							"rotation": [45, 0, 0],
							"uv": {
								"north": {"uv": [9, 15], "uv_size": [1, 1]},
								"east": {"uv": [9, 15], "uv_size": [1, 1]},
								"south": {"uv": [9, 15], "uv_size": [1, 1]},
								"west": {"uv": [10, 15], "uv_size": [-1, 1]},
								"up": {"uv": [10, 16], "uv_size": [-1, -1], "uv_rotation": 270},
								"down": {"uv": [10, 16], "uv_size": [-1, -1], "uv_rotation": 90}
							}
						},
						{
							"origin": [-0.55, 18.06066, 2.88909],
							"size": [1.1, 1, 1],
							"pivot": [0.5, 8.06066, 12.88909],
							"rotation": [45, 0, 0],
							"uv": {
								"north": {"uv": [9, 13], "uv_size": [1, 1]},
								"east": {"uv": [9, 13], "uv_size": [1, 1]},
								"south": {"uv": [9, 13], "uv_size": [1, 1]},
								"west": {"uv": [10, 13], "uv_size": [-1, 1]},
								"up": {"uv": [10, 14], "uv_size": [-1, -1], "uv_rotation": 270},
								"down": {"uv": [10, 14], "uv_size": [-1, -1], "uv_rotation": 90}
							}
						},
						{
							"origin": [-0.55, 17.06066, 1.88909],
							"size": [1.1, 1, 1],
							"pivot": [0.5, 8.06066, 12.88909],
							"rotation": [45, 0, 0],
							"uv": {
								"north": {"uv": [10, 14], "uv_size": [1, 1]},
								"east": {"uv": [10, 14], "uv_size": [1, 1]},
								"south": {"uv": [10, 14], "uv_size": [1, 1]},
								"west": {"uv": [11, 14], "uv_size": [-1, 1]},
								"up": {"uv": [11, 15], "uv_size": [-1, -1], "uv_rotation": 270},
								"down": {"uv": [11, 15], "uv_size": [-1, -1], "uv_rotation": 90}
							}
						},
						{
							"origin": [-0.55, 19.06066, 1.88909],
							"size": [1.1, 1, 1],
							"pivot": [0.5, 8.06066, 12.88909],
							"rotation": [45, 0, 0],
							"uv": {
								"north": {"uv": [10, 12], "uv_size": [1, 1]},
								"east": {"uv": [10, 12], "uv_size": [1, 1]},
								"south": {"uv": [10, 12], "uv_size": [1, 1]},
								"west": {"uv": [11, 12], "uv_size": [-1, 1]},
								"up": {"uv": [11, 13], "uv_size": [-1, -1], "uv_rotation": 270},
								"down": {"uv": [11, 13], "uv_size": [-1, -1], "uv_rotation": 90}
							}
						},
						{
							"origin": [-0.55, 18.06066, 0.88909],
							"size": [1.1, 1, 1],
							"pivot": [0.5, 8.06066, 12.88909],
							"rotation": [45, 0, 0],
							"uv": {
								"north": {"uv": [11, 13], "uv_size": [1, 1]},
								"east": {"uv": [11, 13], "uv_size": [1, 1]},
								"south": {"uv": [11, 13], "uv_size": [1, 1]},
								"west": {"uv": [12, 13], "uv_size": [-1, 1]},
								"up": {"uv": [12, 14], "uv_size": [-1, -1], "uv_rotation": 270},
								"down": {"uv": [12, 14], "uv_size": [-1, -1], "uv_rotation": 90}
							}
						},
						{
							"origin": [-0.55, 19.06066, -0.11091],
							"size": [1.1, 1, 1],
							"pivot": [0.5, 8.06066, 12.88909],
							"rotation": [45, 0, 0],
							"uv": {
								"north": {"uv": [12, 12], "uv_size": [1, 1]},
								"east": {"uv": [12, 12], "uv_size": [1, 1]},
								"south": {"uv": [12, 12], "uv_size": [1, 1]},
								"west": {"uv": [13, 12], "uv_size": [-1, 1]},
								"up": {"uv": [13, 13], "uv_size": [-1, -1], "uv_rotation": 270},
								"down": {"uv": [13, 13], "uv_size": [-1, -1], "uv_rotation": 90}
							}
						},
						{
							"origin": [-0.55, 20.06066, 0.88909],
							"size": [1.1, 1, 1],
							"pivot": [0.5, 8.06066, 12.88909],
							"rotation": [45, 0, 0],
							"uv": {
								"north": {"uv": [11, 11], "uv_size": [1, 1]},
								"east": {"uv": [11, 11], "uv_size": [1, 1]},
								"south": {"uv": [11, 11], "uv_size": [1, 1]},
								"west": {"uv": [12, 11], "uv_size": [-1, 1]},
								"up": {"uv": [12, 12], "uv_size": [-1, -1], "uv_rotation": 270},
								"down": {"uv": [12, 12], "uv_size": [-1, -1], "uv_rotation": 90}
							}
						}
					]
				}
			]
		}
	]
}