{
	"format_version": "1.16.0",
	"minecraft:geometry": [
		{
			"description": {
				"identifier": "geometry.lz_tntbs",
				"texture_width": 32,
				"texture_height": 32,
				"visible_bounds_width": 2,
				"visible_bounds_height": 3.5,
				"visible_bounds_offset": [0, 1.25, 0]
			},
			"bones": [
				{
					"name": "rightitem",
					"pivot": [0, 20, 0],
					"binding": "q.item_slot_to_bone_name(c.item_slot)",
					"cubes": [
						{
							"origin": [-0.73, 25, -4],
							"size": [1.46, 1, 1],
							"uv": {
								"north": {"uv": [6, 25], "uv_size": [1, 1]},
								"east": {"uv": [6, 25], "uv_size": [1, 1]},
								"south": {"uv": [6, 25], "uv_size": [1, 1]},
								"west": {"uv": [7, 25], "uv_size": [-1, 1]},
								"up": {"uv": [7, 26], "uv_size": [-1, -1]},
								"down": {"uv": [7, 26], "uv_size": [-1, -1]}
							}
						},
						{
							"origin": [-0.73, 26, -5],
							"size": [1.46, 1, 1],
							"uv": {
								"north": {"uv": [7, 24], "uv_size": [1, 1]},
								"east": {"uv": [7, 24], "uv_size": [1, 1]},
								"south": {"uv": [7, 24], "uv_size": [1, 1]},
								"west": {"uv": [8, 24], "uv_size": [-1, 1]},
								"up": {"uv": [8, 25], "uv_size": [-1, -1]},
								"down": {"uv": [8, 25], "uv_size": [-1, -1]}
							}
						},
						{
							"origin": [-0.73, 27, -6],
							"size": [1.46, 1, 1],
							"uv": {
								"north": {"uv": [8, 23], "uv_size": [1, 1]},
								"east": {"uv": [8, 23], "uv_size": [1, 1]},
								"south": {"uv": [8, 23], "uv_size": [1, 1]},
								"west": {"uv": [9, 23], "uv_size": [-1, 1]},
								"up": {"uv": [9, 24], "uv_size": [-1, -1]},
								"down": {"uv": [9, 24], "uv_size": [-1, -1]}
							}
						},
						{
							"origin": [-0.73, 28, -7],
							"size": [1.46, 1, 1],
							"uv": {
								"north": {"uv": [9, 22], "uv_size": [1, 1]},
								"east": {"uv": [9, 22], "uv_size": [1, 1]},
								"south": {"uv": [9, 22], "uv_size": [1, 1]},
								"west": {"uv": [10, 22], "uv_size": [-1, 1]},
								"up": {"uv": [10, 23], "uv_size": [-1, -1]},
								"down": {"uv": [10, 23], "uv_size": [-1, -1]}
							}
						},
						{
							"origin": [-0.73, 29, -8],
							"size": [1.46, 1, 1],
							"uv": {
								"north": {"uv": [10, 21], "uv_size": [1, 1]},
								"east": {"uv": [10, 21], "uv_size": [1, 1]},
								"south": {"uv": [10, 21], "uv_size": [1, 1]},
								"west": {"uv": [11, 21], "uv_size": [-1, 1]},
								"up": {"uv": [11, 22], "uv_size": [-1, -1]},
								"down": {"uv": [11, 22], "uv_size": [-1, -1]}
							}
						},
						{
							"origin": [-0.73, 30, -9],
							"size": [1.46, 1, 1],
							"uv": {
								"north": {"uv": [11, 20], "uv_size": [1, 1]},
								"east": {"uv": [11, 20], "uv_size": [1, 1]},
								"south": {"uv": [11, 20], "uv_size": [1, 1]},
								"west": {"uv": [12, 20], "uv_size": [-1, 1]},
								"up": {"uv": [12, 21], "uv_size": [-1, -1]},
								"down": {"uv": [12, 21], "uv_size": [-1, -1]}
							}
						},
						{
							"origin": [-0.65, 25, -1],
							"size": [1.3, 1, 1],
							"uv": {
								"north": {"uv": [3, 25], "uv_size": [1, 1]},
								"east": {"uv": [3, 25], "uv_size": [1, 1]},
								"south": {"uv": [3, 25], "uv_size": [1, 1]},
								"west": {"uv": [4, 25], "uv_size": [-1, 1]},
								"up": {"uv": [4, 26], "uv_size": [-1, -1]},
								"down": {"uv": [4, 26], "uv_size": [-1, -1]}
							}
						},
						{
							"origin": [-0.65, 24, -2],
							"size": [1.3, 1, 1],
							"uv": {
								"north": {"uv": [4, 26], "uv_size": [1, 1]},
								"east": {"uv": [4, 26], "uv_size": [1, 1]},
								"south": {"uv": [4, 26], "uv_size": [1, 1]},
								"west": {"uv": [5, 26], "uv_size": [-1, 1]},
								"up": {"uv": [5, 27], "uv_size": [-1, -1]},
								"down": {"uv": [5, 27], "uv_size": [-1, -1]}
							}
						},
						{
							"origin": [-0.65, 23, -3],
							"size": [1.3, 1, 1],
							"uv": {
								"north": {"uv": [5, 27], "uv_size": [1, 1]},
								"east": {"uv": [5, 27], "uv_size": [1, 1]},
								"south": {"uv": [5, 27], "uv_size": [1, 1]},
								"west": {"uv": [6, 27], "uv_size": [-1, 1]},
								"up": {"uv": [6, 28], "uv_size": [-1, -1]},
								"down": {"uv": [6, 28], "uv_size": [-1, -1]}
							}
						},
						{
							"origin": [-0.65, 22, -4],
							"size": [1.3, 1, 1],
							"uv": {
								"north": {"uv": [6, 28], "uv_size": [1, 1]},
								"east": {"uv": [6, 28], "uv_size": [1, 1]},
								"south": {"uv": [6, 28], "uv_size": [1, 1]},
								"west": {"uv": [7, 28], "uv_size": [-1, 1]},
								"up": {"uv": [7, 29], "uv_size": [-1, -1]},
								"down": {"uv": [7, 29], "uv_size": [-1, -1]}
							}
						},
						{
							"origin": [-0.7, 32, -10],
							"size": [1.4, 1, 1],
							"uv": {
								"north": {"uv": [12, 18], "uv_size": [1, 1]},
								"east": {"uv": [12, 18], "uv_size": [1, 1]},
								"south": {"uv": [12, 18], "uv_size": [1, 1]},
								"west": {"uv": [13, 18], "uv_size": [-1, 1]},
								"up": {"uv": [13, 19], "uv_size": [-1, -1]},
								"down": {"uv": [13, 19], "uv_size": [-1, -1]}
							}
						},
						{
							"origin": [-0.7, 31, -9],
							"size": [1.4, 1, 1],
							"uv": {
								"north": {"uv": [11, 19], "uv_size": [1, 1]},
								"east": {"uv": [11, 19], "uv_size": [1, 1]},
								"south": {"uv": [11, 19], "uv_size": [1, 1]},
								"west": {"uv": [12, 19], "uv_size": [-1, 1]},
								"up": {"uv": [12, 20], "uv_size": [-1, -1]},
								"down": {"uv": [12, 20], "uv_size": [-1, -1]}
							}
						},
						{
							"origin": [-0.7, 31, -10],
							"size": [1.4, 1, 1],
							"uv": {
								"north": {"uv": [12, 19], "uv_size": [1, 1]},
								"east": {"uv": [12, 19], "uv_size": [1, 1]},
								"south": {"uv": [12, 19], "uv_size": [1, 1]},
								"west": {"uv": [13, 19], "uv_size": [-1, 1]},
								"up": {"uv": [13, 20], "uv_size": [-1, -1]},
								"down": {"uv": [13, 20], "uv_size": [-1, -1]}
							}
						},
						{
							"origin": [-0.7, 30, -8],
							"size": [1.4, 1, 1],
							"uv": {
								"north": {"uv": [10, 20], "uv_size": [1, 1]},
								"east": {"uv": [10, 20], "uv_size": [1, 1]},
								"south": {"uv": [10, 20], "uv_size": [1, 1]},
								"west": {"uv": [11, 20], "uv_size": [-1, 1]},
								"up": {"uv": [11, 21], "uv_size": [-1, -1]},
								"down": {"uv": [11, 21], "uv_size": [-1, -1]}
							}
						},
						{
							"origin": [-0.7, 29, -7],
							"size": [1.4, 1, 1],
							"uv": {
								"north": {"uv": [9, 21], "uv_size": [1, 1]},
								"east": {"uv": [9, 21], "uv_size": [1, 1]},
								"south": {"uv": [9, 21], "uv_size": [1, 1]},
								"west": {"uv": [10, 21], "uv_size": [-1, 1]},
								"up": {"uv": [10, 22], "uv_size": [-1, -1]},
								"down": {"uv": [10, 22], "uv_size": [-1, -1]}
							}
						},
						{
							"origin": [-0.7, 28, -6],
							"size": [1.4, 1, 1],
							"uv": {
								"north": {"uv": [8, 22], "uv_size": [1, 1]},
								"east": {"uv": [8, 22], "uv_size": [1, 1]},
								"south": {"uv": [8, 22], "uv_size": [1, 1]},
								"west": {"uv": [9, 22], "uv_size": [-1, 1]},
								"up": {"uv": [9, 23], "uv_size": [-1, -1]},
								"down": {"uv": [9, 23], "uv_size": [-1, -1]}
							}
						},
						{
							"origin": [-0.7, 28, -8],
							"size": [1.4, 1, 1],
							"uv": {
								"north": {"uv": [10, 22], "uv_size": [1, 1]},
								"east": {"uv": [10, 22], "uv_size": [1, 1]},
								"south": {"uv": [10, 22], "uv_size": [1, 1]},
								"west": {"uv": [11, 22], "uv_size": [-1, 1]},
								"up": {"uv": [11, 23], "uv_size": [-1, -1]},
								"down": {"uv": [11, 23], "uv_size": [-1, -1]}
							}
						},
						{
							"origin": [-0.7, 27, -5],
							"size": [1.4, 1, 1],
							"uv": {
								"north": {"uv": [7, 23], "uv_size": [1, 1]},
								"east": {"uv": [7, 23], "uv_size": [1, 1]},
								"south": {"uv": [7, 23], "uv_size": [1, 1]},
								"west": {"uv": [8, 23], "uv_size": [-1, 1]},
								"up": {"uv": [8, 24], "uv_size": [-1, -1]},
								"down": {"uv": [8, 24], "uv_size": [-1, -1]}
							}
						},
						{
							"origin": [-0.7, 27, -7],
							"size": [1.4, 1, 1],
							"uv": {
								"north": {"uv": [9, 23], "uv_size": [1, 1]},
								"east": {"uv": [9, 23], "uv_size": [1, 1]},
								"south": {"uv": [9, 23], "uv_size": [1, 1]},
								"west": {"uv": [10, 23], "uv_size": [-1, 1]},
								"up": {"uv": [10, 24], "uv_size": [-1, -1]},
								"down": {"uv": [10, 24], "uv_size": [-1, -1]}
							}
						},
						{
							"origin": [-0.7, 26, -4],
							"size": [1.4, 1, 1],
							"uv": {
								"north": {"uv": [6, 24], "uv_size": [1, 1]},
								"east": {"uv": [6, 24], "uv_size": [1, 1]},
								"south": {"uv": [6, 24], "uv_size": [1, 1]},
								"west": {"uv": [7, 24], "uv_size": [-1, 1]},
								"up": {"uv": [7, 25], "uv_size": [-1, -1]},
								"down": {"uv": [7, 25], "uv_size": [-1, -1]}
							}
						},
						{
							"origin": [-0.7, 26, -6],
							"size": [1.4, 1, 1],
							"uv": {
								"north": {"uv": [8, 24], "uv_size": [1, 1]},
								"east": {"uv": [8, 24], "uv_size": [1, 1]},
								"south": {"uv": [8, 24], "uv_size": [1, 1]},
								"west": {"uv": [9, 24], "uv_size": [-1, 1]},
								"up": {"uv": [9, 25], "uv_size": [-1, -1]},
								"down": {"uv": [9, 25], "uv_size": [-1, -1]}
							}
						},
						{
							"origin": [-0.7, 25, -3],
							"size": [1.4, 1, 1],
							"uv": {
								"north": {"uv": [5, 25], "uv_size": [1, 1]},
								"east": {"uv": [5, 25], "uv_size": [1, 1]},
								"south": {"uv": [5, 25], "uv_size": [1, 1]},
								"west": {"uv": [6, 25], "uv_size": [-1, 1]},
								"up": {"uv": [6, 26], "uv_size": [-1, -1]},
								"down": {"uv": [6, 26], "uv_size": [-1, -1]}
							}
						},
						{
							"origin": [-0.7, 25, -5],
							"size": [1.4, 1, 1],
							"uv": {
								"north": {"uv": [7, 25], "uv_size": [1, 1]},
								"east": {"uv": [7, 25], "uv_size": [1, 1]},
								"south": {"uv": [7, 25], "uv_size": [1, 1]},
								"west": {"uv": [8, 25], "uv_size": [-1, 1]},
								"up": {"uv": [8, 26], "uv_size": [-1, -1]},
								"down": {"uv": [8, 26], "uv_size": [-1, -1]}
							}
						},
						{
							"origin": [-0.7, 24, -4],
							"size": [1.4, 1, 1],
							"uv": {
								"north": {"uv": [6, 26], "uv_size": [1, 1]},
								"east": {"uv": [6, 26], "uv_size": [1, 1]},
								"south": {"uv": [6, 26], "uv_size": [1, 1]},
								"west": {"uv": [7, 26], "uv_size": [-1, 1]},
								"up": {"uv": [7, 27], "uv_size": [-1, -1]},
								"down": {"uv": [7, 27], "uv_size": [-1, -1]}
							}
						},
						{
							"origin": [-0.65, 23, -1],
							"size": [1.3, 1, 1],
							"uv": {
								"north": {"uv": [3, 27], "uv_size": [1, 1]},
								"east": {"uv": [3, 27], "uv_size": [1, 1]},
								"south": {"uv": [3, 27], "uv_size": [1, 1]},
								"west": {"uv": [4, 27], "uv_size": [-1, 1]},
								"up": {"uv": [4, 28], "uv_size": [-1, -1]},
								"down": {"uv": [4, 28], "uv_size": [-1, -1]}
							}
						},
						{
							"origin": [-0.7, 23, -2],
							"size": [1.4, 1, 1],
							"uv": {
								"north": {"uv": [4, 27], "uv_size": [1, 1]},
								"east": {"uv": [4, 27], "uv_size": [1, 1]},
								"south": {"uv": [4, 27], "uv_size": [1, 1]},
								"west": {"uv": [5, 27], "uv_size": [-1, 1]},
								"up": {"uv": [5, 28], "uv_size": [-1, -1]},
								"down": {"uv": [5, 28], "uv_size": [-1, -1]}
							}
						},
						{
							"origin": [-0.7, 22, 0],
							"size": [1.4, 1, 1],
							"uv": {
								"north": {"uv": [2, 28], "uv_size": [1, 1]},
								"east": {"uv": [2, 28], "uv_size": [1, 1]},
								"south": {"uv": [2, 28], "uv_size": [1, 1]},
								"west": {"uv": [3, 28], "uv_size": [-1, 1]},
								"up": {"uv": [3, 29], "uv_size": [-1, -1]},
								"down": {"uv": [3, 29], "uv_size": [-1, -1]}
							}
						},
						{
							"origin": [-0.7, 22, -1],
							"size": [1.4, 1, 1],
							"uv": {
								"north": {"uv": [3, 28], "uv_size": [1, 1]},
								"east": {"uv": [3, 28], "uv_size": [1, 1]},
								"south": {"uv": [3, 28], "uv_size": [1, 1]},
								"west": {"uv": [4, 28], "uv_size": [-1, 1]},
								"up": {"uv": [4, 29], "uv_size": [-1, -1]},
								"down": {"uv": [4, 29], "uv_size": [-1, -1]}
							}
						},
						{
							"origin": [-0.7, 21, 1],
							"size": [1.4, 1, 1],
							"uv": {
								"north": {"uv": [1, 29], "uv_size": [1, 1]},
								"east": {"uv": [1, 29], "uv_size": [1, 1]},
								"south": {"uv": [1, 29], "uv_size": [1, 1]},
								"west": {"uv": [2, 29], "uv_size": [-1, 1]},
								"up": {"uv": [2, 30], "uv_size": [-1, -1]},
								"down": {"uv": [2, 30], "uv_size": [-1, -1]}
							}
						},
						{
							"origin": [-0.7, 21, 0],
							"size": [1.4, 1, 1],
							"uv": {
								"north": {"uv": [2, 29], "uv_size": [1, 1]},
								"east": {"uv": [2, 29], "uv_size": [1, 1]},
								"south": {"uv": [2, 29], "uv_size": [1, 1]},
								"west": {"uv": [3, 29], "uv_size": [-1, 1]},
								"up": {"uv": [3, 30], "uv_size": [-1, -1]},
								"down": {"uv": [3, 30], "uv_size": [-1, -1]}
							}
						},
						{
							"origin": [-0.5, 20, 0],
							"size": [1, 1, 1],
							"uv": {
								"north": {"uv": [2, 30], "uv_size": [1, 1]},
								"east": {"uv": [2, 30], "uv_size": [1, 1]},
								"south": {"uv": [2, 30], "uv_size": [1, 1]},
								"west": {"uv": [3, 30], "uv_size": [-1, 1]},
								"up": {"uv": [3, 31], "uv_size": [-1, -1]},
								"down": {"uv": [3, 31], "uv_size": [-1, -1]}
							}
						},
						{
							"origin": [-0.5, 20, 1],
							"size": [1, 1, 1],
							"uv": {
								"north": {"uv": [1, 30], "uv_size": [1, 1]},
								"east": {"uv": [1, 30], "uv_size": [1, 1]},
								"south": {"uv": [1, 30], "uv_size": [1, 1]},
								"west": {"uv": [2, 30], "uv_size": [-1, 1]},
								"up": {"uv": [2, 31], "uv_size": [-1, -1]},
								"down": {"uv": [2, 31], "uv_size": [-1, -1]}
							}
						},
						{
							"origin": [-0.5, 21, -4],
							"size": [1, 1, 1],
							"uv": {
								"north": {"uv": [6, 29], "uv_size": [1, 1]},
								"east": {"uv": [6, 29], "uv_size": [1, 1]},
								"south": {"uv": [6, 29], "uv_size": [1, 1]},
								"west": {"uv": [7, 29], "uv_size": [-1, 1]},
								"up": {"uv": [7, 30], "uv_size": [-1, -1]},
								"down": {"uv": [7, 30], "uv_size": [-1, -1]}
							}
						},
						{
							"origin": [-0.5, 21, -1],
							"size": [1, 1, 1],
							"uv": {
								"north": {"uv": [3, 29], "uv_size": [1, 1]},
								"east": {"uv": [3, 29], "uv_size": [1, 1]},
								"south": {"uv": [3, 29], "uv_size": [1, 1]},
								"west": {"uv": [4, 29], "uv_size": [-1, 1]},
								"up": {"uv": [4, 30], "uv_size": [-1, -1]},
								"down": {"uv": [4, 30], "uv_size": [-1, -1]}
							}
						},
						{
							"origin": [-0.5, 21, 2],
							"size": [1, 1, 1],
							"uv": {
								"north": {"uv": [0, 29], "uv_size": [1, 1]},
								"east": {"uv": [0, 29], "uv_size": [1, 1]},
								"south": {"uv": [0, 29], "uv_size": [1, 1]},
								"west": {"uv": [1, 29], "uv_size": [-1, 1]},
								"up": {"uv": [1, 30], "uv_size": [-1, -1]},
								"down": {"uv": [1, 30], "uv_size": [-1, -1]}
							}
						},
						{
							"origin": [-0.5, 22, -5],
							"size": [1, 1, 1],
							"uv": {
								"north": {"uv": [7, 28], "uv_size": [1, 1]},
								"east": {"uv": [7, 28], "uv_size": [1, 1]},
								"south": {"uv": [7, 28], "uv_size": [1, 1]},
								"west": {"uv": [8, 28], "uv_size": [-1, 1]},
								"up": {"uv": [8, 29], "uv_size": [-1, -1]},
								"down": {"uv": [8, 29], "uv_size": [-1, -1]}
							}
						},
						{
							"origin": [-0.5, 22, -3],
							"size": [1, 1, 1],
							"uv": {
								"north": {"uv": [5, 28], "uv_size": [1, 1]},
								"east": {"uv": [5, 28], "uv_size": [1, 1]},
								"south": {"uv": [5, 28], "uv_size": [1, 1]},
								"west": {"uv": [6, 28], "uv_size": [-1, 1]},
								"up": {"uv": [6, 29], "uv_size": [-1, -1]},
								"down": {"uv": [6, 29], "uv_size": [-1, -1]}
							}
						},
						{
							"origin": [-0.5, 22, -2],
							"size": [1, 1, 1],
							"uv": {
								"north": {"uv": [4, 28], "uv_size": [1, 1]},
								"east": {"uv": [4, 28], "uv_size": [1, 1]},
								"south": {"uv": [4, 28], "uv_size": [1, 1]},
								"west": {"uv": [5, 28], "uv_size": [-1, 1]},
								"up": {"uv": [5, 29], "uv_size": [-1, -1]},
								"down": {"uv": [5, 29], "uv_size": [-1, -1]}
							}
						},
						{
							"origin": [-0.5, 22, 1],
							"size": [1, 1, 1],
							"uv": {
								"north": {"uv": [1, 28], "uv_size": [1, 1]},
								"east": {"uv": [1, 28], "uv_size": [1, 1]},
								"south": {"uv": [1, 28], "uv_size": [1, 1]},
								"west": {"uv": [2, 28], "uv_size": [-1, 1]},
								"up": {"uv": [2, 29], "uv_size": [-1, -1]},
								"down": {"uv": [2, 29], "uv_size": [-1, -1]}
							}
						},
						{
							"origin": [-0.5, 23, -4],
							"size": [1, 1, 1],
							"uv": {
								"north": {"uv": [6, 27], "uv_size": [1, 1]},
								"east": {"uv": [6, 27], "uv_size": [1, 1]},
								"south": {"uv": [6, 27], "uv_size": [1, 1]},
								"west": {"uv": [7, 27], "uv_size": [-1, 1]},
								"up": {"uv": [7, 28], "uv_size": [-1, -1]},
								"down": {"uv": [7, 28], "uv_size": [-1, -1]}
							}
						},
						{
							"origin": [-0.5, 23, 0],
							"size": [1, 1, 1],
							"uv": {
								"north": {"uv": [2, 27], "uv_size": [1, 1]},
								"east": {"uv": [2, 27], "uv_size": [1, 1]},
								"south": {"uv": [2, 27], "uv_size": [1, 1]},
								"west": {"uv": [3, 27], "uv_size": [-1, 1]},
								"up": {"uv": [3, 28], "uv_size": [-1, -1]},
								"down": {"uv": [3, 28], "uv_size": [-1, -1]}
							}
						},
						{
							"origin": [-0.5, 24, -5],
							"size": [1, 1, 1],
							"uv": {
								"north": {"uv": [7, 26], "uv_size": [1, 1]},
								"east": {"uv": [7, 26], "uv_size": [1, 1]},
								"south": {"uv": [7, 26], "uv_size": [1, 1]},
								"west": {"uv": [8, 26], "uv_size": [-1, 1]},
								"up": {"uv": [8, 27], "uv_size": [-1, -1]},
								"down": {"uv": [8, 27], "uv_size": [-1, -1]}
							}
						},
						{
							"origin": [-0.5, 24, -3],
							"size": [1, 1, 1],
							"uv": {
								"north": {"uv": [5, 26], "uv_size": [1, 1]},
								"east": {"uv": [5, 26], "uv_size": [1, 1]},
								"south": {"uv": [5, 26], "uv_size": [1, 1]},
								"west": {"uv": [6, 26], "uv_size": [-1, 1]},
								"up": {"uv": [6, 27], "uv_size": [-1, -1]},
								"down": {"uv": [6, 27], "uv_size": [-1, -1]}
							}
						},
						{
							"origin": [-0.5, 24, -1],
							"size": [1, 1, 1],
							"uv": {
								"north": {"uv": [3, 26], "uv_size": [1, 1]},
								"east": {"uv": [3, 26], "uv_size": [1, 1]},
								"south": {"uv": [3, 26], "uv_size": [1, 1]},
								"west": {"uv": [4, 26], "uv_size": [-1, 1]},
								"up": {"uv": [4, 27], "uv_size": [-1, -1]},
								"down": {"uv": [4, 27], "uv_size": [-1, -1]}
							}
						},
						{
							"origin": [-0.5, 25, -6],
							"size": [1, 1, 1],
							"uv": {
								"north": {"uv": [8, 25], "uv_size": [1, 1]},
								"east": {"uv": [8, 25], "uv_size": [1, 1]},
								"south": {"uv": [8, 25], "uv_size": [1, 1]},
								"west": {"uv": [9, 25], "uv_size": [-1, 1]},
								"up": {"uv": [9, 26], "uv_size": [-1, -1]},
								"down": {"uv": [9, 26], "uv_size": [-1, -1]}
							}
						},
						{
							"origin": [-0.5, 25, -2],
							"size": [1, 1, 1],
							"uv": {
								"north": {"uv": [4, 25], "uv_size": [1, 1]},
								"east": {"uv": [4, 25], "uv_size": [1, 1]},
								"south": {"uv": [4, 25], "uv_size": [1, 1]},
								"west": {"uv": [5, 25], "uv_size": [-1, 1]},
								"up": {"uv": [5, 26], "uv_size": [-1, -1]},
								"down": {"uv": [5, 26], "uv_size": [-1, -1]}
							}
						},
						{
							"origin": [-0.5, 25, 0],
							"size": [1, 1, 1],
							"uv": {
								"north": {"uv": [2, 25], "uv_size": [1, 1]},
								"east": {"uv": [2, 25], "uv_size": [1, 1]},
								"south": {"uv": [2, 25], "uv_size": [1, 1]},
								"west": {"uv": [3, 25], "uv_size": [-1, 1]},
								"up": {"uv": [3, 26], "uv_size": [-1, -1]},
								"down": {"uv": [3, 26], "uv_size": [-1, -1]}
							}
						},
						{
							"origin": [-0.5, 26, -7],
							"size": [1, 1, 1],
							"uv": {
								"north": {"uv": [9, 24], "uv_size": [1, 1]},
								"east": {"uv": [9, 24], "uv_size": [1, 1]},
								"south": {"uv": [9, 24], "uv_size": [1, 1]},
								"west": {"uv": [10, 24], "uv_size": [-1, 1]},
								"up": {"uv": [10, 25], "uv_size": [-1, -1]},
								"down": {"uv": [10, 25], "uv_size": [-1, -1]}
							}
						},
						{
							"origin": [-0.5, 26, -3],
							"size": [1, 1, 1],
							"uv": {
								"north": {"uv": [5, 24], "uv_size": [1, 1]},
								"east": {"uv": [5, 24], "uv_size": [1, 1]},
								"south": {"uv": [5, 24], "uv_size": [1, 1]},
								"west": {"uv": [6, 24], "uv_size": [-1, 1]},
								"up": {"uv": [6, 25], "uv_size": [-1, -1]},
								"down": {"uv": [6, 25], "uv_size": [-1, -1]}
							}
						},
						{
							"origin": [-0.5, 26, -1],
							"size": [1, 1, 1],
							"uv": {
								"north": {"uv": [3, 24], "uv_size": [1, 1]},
								"east": {"uv": [3, 24], "uv_size": [1, 1]},
								"south": {"uv": [3, 24], "uv_size": [1, 1]},
								"west": {"uv": [4, 24], "uv_size": [-1, 1]},
								"up": {"uv": [4, 25], "uv_size": [-1, -1]},
								"down": {"uv": [4, 25], "uv_size": [-1, -1]}
							}
						},
						{
							"origin": [-0.5, 27, -8],
							"size": [1, 1, 1],
							"uv": {
								"north": {"uv": [10, 23], "uv_size": [1, 1]},
								"east": {"uv": [10, 23], "uv_size": [1, 1]},
								"south": {"uv": [10, 23], "uv_size": [1, 1]},
								"west": {"uv": [11, 23], "uv_size": [-1, 1]},
								"up": {"uv": [11, 24], "uv_size": [-1, -1]},
								"down": {"uv": [11, 24], "uv_size": [-1, -1]}
							}
						},
						{
							"origin": [-0.5, 27, -4],
							"size": [1, 1, 1],
							"uv": {
								"north": {"uv": [6, 23], "uv_size": [1, 1]},
								"east": {"uv": [6, 23], "uv_size": [1, 1]},
								"south": {"uv": [6, 23], "uv_size": [1, 1]},
								"west": {"uv": [7, 23], "uv_size": [-1, 1]},
								"up": {"uv": [7, 24], "uv_size": [-1, -1]},
								"down": {"uv": [7, 24], "uv_size": [-1, -1]}
							}
						},
						{
							"origin": [-0.5, 28, -9],
							"size": [1, 1, 1],
							"uv": {
								"north": {"uv": [11, 22], "uv_size": [1, 1]},
								"east": {"uv": [11, 22], "uv_size": [1, 1]},
								"south": {"uv": [11, 22], "uv_size": [1, 1]},
								"west": {"uv": [12, 22], "uv_size": [-1, 1]},
								"up": {"uv": [12, 23], "uv_size": [-1, -1]},
								"down": {"uv": [12, 23], "uv_size": [-1, -1]}
							}
						},
						{
							"origin": [-0.5, 28, -5],
							"size": [1, 1, 1],
							"uv": {
								"north": {"uv": [7, 22], "uv_size": [1, 1]},
								"east": {"uv": [7, 22], "uv_size": [1, 1]},
								"south": {"uv": [7, 22], "uv_size": [1, 1]},
								"west": {"uv": [8, 22], "uv_size": [-1, 1]},
								"up": {"uv": [8, 23], "uv_size": [-1, -1]},
								"down": {"uv": [8, 23], "uv_size": [-1, -1]}
							}
						},
						{
							"origin": [-0.5, 29, -9],
							"size": [1, 1, 1],
							"uv": {
								"north": {"uv": [11, 21], "uv_size": [1, 1]},
								"east": {"uv": [11, 21], "uv_size": [1, 1]},
								"south": {"uv": [11, 21], "uv_size": [1, 1]},
								"west": {"uv": [12, 21], "uv_size": [-1, 1]},
								"up": {"uv": [12, 22], "uv_size": [-1, -1]},
								"down": {"uv": [12, 22], "uv_size": [-1, -1]}
							}
						},
						{
							"origin": [-0.5, 29, -6],
							"size": [1, 1, 1],
							"uv": {
								"north": {"uv": [8, 21], "uv_size": [1, 1]},
								"east": {"uv": [8, 21], "uv_size": [1, 1]},
								"south": {"uv": [8, 21], "uv_size": [1, 1]},
								"west": {"uv": [9, 21], "uv_size": [-1, 1]},
								"up": {"uv": [9, 22], "uv_size": [-1, -1]},
								"down": {"uv": [9, 22], "uv_size": [-1, -1]}
							}
						},
						{
							"origin": [-0.5, 30, -10],
							"size": [1, 1, 1],
							"uv": {
								"north": {"uv": [12, 20], "uv_size": [1, 1]},
								"east": {"uv": [12, 20], "uv_size": [1, 1]},
								"south": {"uv": [12, 20], "uv_size": [1, 1]},
								"west": {"uv": [13, 20], "uv_size": [-1, 1]},
								"up": {"uv": [13, 21], "uv_size": [-1, -1]},
								"down": {"uv": [13, 21], "uv_size": [-1, -1]}
							}
						},
						{
							"origin": [-0.5, 30, -7],
							"size": [1, 1, 1],
							"uv": {
								"north": {"uv": [9, 20], "uv_size": [1, 1]},
								"east": {"uv": [9, 20], "uv_size": [1, 1]},
								"south": {"uv": [9, 20], "uv_size": [1, 1]},
								"west": {"uv": [10, 20], "uv_size": [-1, 1]},
								"up": {"uv": [10, 21], "uv_size": [-1, -1]},
								"down": {"uv": [10, 21], "uv_size": [-1, -1]}
							}
						},
						{
							"origin": [-0.5, 31, -11],
							"size": [1, 1, 1],
							"uv": {
								"north": {"uv": [13, 19], "uv_size": [1, 1]},
								"east": {"uv": [13, 19], "uv_size": [1, 1]},
								"south": {"uv": [13, 19], "uv_size": [1, 1]},
								"west": {"uv": [14, 19], "uv_size": [-1, 1]},
								"up": {"uv": [14, 20], "uv_size": [-1, -1]},
								"down": {"uv": [14, 20], "uv_size": [-1, -1]}
							}
						},
						{
							"origin": [-0.5, 31, -8],
							"size": [1, 1, 1],
							"uv": {
								"north": {"uv": [10, 19], "uv_size": [1, 1]},
								"east": {"uv": [10, 19], "uv_size": [1, 1]},
								"south": {"uv": [10, 19], "uv_size": [1, 1]},
								"west": {"uv": [11, 19], "uv_size": [-1, 1]},
								"up": {"uv": [11, 20], "uv_size": [-1, -1]},
								"down": {"uv": [11, 20], "uv_size": [-1, -1]}
							}
						},
						{
							"origin": [-0.5, 32, -11],
							"size": [1, 1, 1],
							"uv": {
								"north": {"uv": [13, 18], "uv_size": [1, 1]},
								"east": {"uv": [13, 18], "uv_size": [1, 1]},
								"south": {"uv": [13, 18], "uv_size": [1, 1]},
								"west": {"uv": [14, 18], "uv_size": [-1, 1]},
								"up": {"uv": [14, 19], "uv_size": [-1, -1]},
								"down": {"uv": [14, 19], "uv_size": [-1, -1]}
							}
						},
						{
							"origin": [-0.5, 32, -9],
							"size": [1, 1, 1],
							"uv": {
								"north": {"uv": [11, 18], "uv_size": [1, 1]},
								"east": {"uv": [11, 18], "uv_size": [1, 1]},
								"south": {"uv": [11, 18], "uv_size": [1, 1]},
								"west": {"uv": [12, 18], "uv_size": [-1, 1]},
								"up": {"uv": [12, 19], "uv_size": [-1, -1]},
								"down": {"uv": [12, 19], "uv_size": [-1, -1]}
							}
						},
						{
							"origin": [-0.5, 33, -11],
							"size": [1, 1, 1],
							"uv": {
								"north": {"uv": [13, 17], "uv_size": [1, 1]},
								"east": {"uv": [13, 17], "uv_size": [1, 1]},
								"south": {"uv": [13, 17], "uv_size": [1, 1]},
								"west": {"uv": [14, 17], "uv_size": [-1, 1]},
								"up": {"uv": [14, 18], "uv_size": [-1, -1]},
								"down": {"uv": [14, 18], "uv_size": [-1, -1]}
							}
						},
						{
							"origin": [-0.5, 33, -10],
							"size": [1, 1, 1],
							"uv": {
								"north": {"uv": [12, 17], "uv_size": [1, 1]},
								"east": {"uv": [12, 17], "uv_size": [1, 1]},
								"south": {"uv": [12, 17], "uv_size": [1, 1]},
								"west": {"uv": [13, 17], "uv_size": [-1, 1]},
								"up": {"uv": [13, 18], "uv_size": [-1, -1]},
								"down": {"uv": [13, 18], "uv_size": [-1, -1]}
							}
						},
						{
							"origin": [-0.5, 34, -11],
							"size": [1, 1, 1],
							"uv": {
								"north": {"uv": [13, 16], "uv_size": [1, 1]},
								"east": {"uv": [13, 16], "uv_size": [1, 1]},
								"south": {"uv": [13, 16], "uv_size": [1, 1]},
								"west": {"uv": [14, 16], "uv_size": [-1, 1]},
								"up": {"uv": [14, 17], "uv_size": [-1, -1]},
								"down": {"uv": [14, 17], "uv_size": [-1, -1]}
							}
						},
						{
							"origin": [-3, 25, -7],
							"size": [6, 6, 6],
							"pivot": [2, 25, -6],
							"rotation": [45, 0, 0],
							"uv": {
								"north": {"uv": [0, 0], "uv_size": [16, 16]},
								"east": {"uv": [0, 0], "uv_size": [16, 16]},
								"south": {"uv": [0, 0], "uv_size": [16, 16]},
								"west": {"uv": [0, 0], "uv_size": [16, 16]},
								"up": {"uv": [32, 16], "uv_size": [-16, -16]},
								"down": {"uv": [32, 32], "uv_size": [-16, -16]}
							}
						}
					]
				}
			]
		}
	]
}