{
	"format_version": "1.10.0",
	"geometry.lz_vex": {
		"texturewidth": 64,
		"textureheight": 64,
		"visible_bounds_width": 4,
		"visible_bounds_height": 3,
		"visible_bounds_offset": [0, 1.5, 0],
		"bones": [
			{
				"name": "head",
				"pivot": [0, 24, 0],
				"cubes": [
					{"origin": [-4, 24, -4], "size": [8, 8, 8], "uv": [0, 0]}
				]
			},
			{
				"name": "body",
				"pivot": [0, 24, 0],
				"cubes": [
					{"origin": [-4, 12, -2], "size": [8, 12, 4], "uv": [16, 16]}
				]
			},
			{
				"name": "rightarm",
				"pivot": [-5, 22, 0],
				"cubes": [
					{"origin": [-8, 12, -2], "size": [4, 12, 4], "uv": [40, 16]}
				]
			},
			{
				"name": "rightItem",
				"pivot": [-6, 15, 1]
			},
			{
				"name": "leftarm",
				"pivot": [5, 22, 0],
				"mirror": true,
				"cubes": [
					{"origin": [4, 12, -2], "size": [4, 12, 4], "uv": [40, 16]}
				]
			},
			{
				"name": "leg0",
				"pivot": [-1.9, 12, 0],
				"cubes": [
					{"origin": [-3.9, 0, -2], "size": [4, 12, 4], "uv": [0, 16]},
					{"origin": [-2.9, 3, -2], "size": [6, 10, 4], "uv": [32, 0]}
				]
			},
			{
				"name": "leftwing",
				"pivot": [0, 24, 0],
				"mirror": true,
				"cubes": [
					{"origin": [0, 12, 0], "size": [20, 12, 1], "uv": [0, 32]}
				]
			},
			{
				"name": "rightwing",
				"pivot": [0, 24, 0],
				"cubes": [
					{"origin": [-20, 12, 0], "size": [20, 12, 1], "uv": [0, 32]}
				]
			}
		]
	}
}