{
	"format_version": "1.12.0",
	"minecraft:geometry": [
		{
			"description": {
				"identifier": "geometry.lz_villager",
				"texture_width": 64,
				"texture_height": 64,
				"visible_bounds_width": 2,
				"visible_bounds_height": 4.5,
				"visible_bounds_offset": [0, 1.75, 0]
			},
			"bones": [
				{
					"name": "waist",
					"pivot": [0, 12, 0]
				},
				{
					"name": "part_body",
					"parent": "waist",
					"pivot": [0, 18, 0],
					"cubes": [
						{
							"origin": [-4, 12, -2],
							"size": [8, 7, 4],
							"uv": {
								"north": {"uv": [20, 29], "uv_size": [8, 7]},
								"east": {"uv": [16, 29], "uv_size": [4, 7]},
								"south": {"uv": [32, 29], "uv_size": [8, 7]},
								"west": {"uv": [28, 29], "uv_size": [4, 7]},
								"up": {"uv": [36, 24], "uv_size": [-8, -4]},
								"down": {"uv": [36, 24], "uv_size": [-8, -4]}
							}
						}
					]
				},
				{
					"name": "body",
					"parent": "part_body",
					"pivot": [0, 24, 0],
					"cubes": [
						{
							"origin": [-4, 18, -2],
							"size": [8, 6, 4],
							"uv": {
								"north": {"uv": [20, 24], "uv_size": [8, 6]},
								"east": {"uv": [16, 24], "uv_size": [4, 6]},
								"south": {"uv": [32, 24], "uv_size": [8, 6]},
								"west": {"uv": [28, 24], "uv_size": [4, 6]},
								"up": {"uv": [28, 24], "uv_size": [-8, -4]},
								"down": {"uv": [36, 24], "uv_size": [-8, -4]}
							}
						}
					]
				},
				{
					"name": "leftArm",
					"parent": "body",
					"pivot": [5, 22, 0],
					"cubes": [
						{
							"origin": [4, 17, -2],
							"size": [4, 7, 4],
							"uv": {
								"north": {"uv": [48, 24], "uv_size": [-4, 7]},
								"east": {"uv": [52, 24], "uv_size": [-4, 7]},
								"south": {"uv": [56, 24], "uv_size": [-4, 7]},
								"west": {"uv": [44, 24], "uv_size": [-4, 7]},
								"up": {"uv": [44, 24], "uv_size": [4, -4]},
								"down": {"uv": [48, 33], "uv_size": [4, -4]}
							}
						}
					]
				},
				{
					"name": "leftArm2",
					"parent": "leftArm",
					"pivot": [6, 19, 0],
					"cubes": [
						{
							"origin": [4, 12, -2],
							"size": [4, 7, 4],
							"uv": {
								"north": {"uv": [48, 29], "uv_size": [-4, 7]},
								"east": {"uv": [52, 29], "uv_size": [-4, 7]},
								"south": {"uv": [56, 29], "uv_size": [-4, 7]},
								"west": {"uv": [44, 29], "uv_size": [-4, 7]},
								"up": {"uv": [48, 33], "uv_size": [4, -4]},
								"down": {"uv": [44, 36], "uv_size": [4, -4]}
							}
						}
					]
				},
				{
					"name": "leftitem",
					"parent": "leftArm2",
					"pivot": [6, 15, 0]
				},
				{
					"name": "rightArm",
					"parent": "body",
					"pivot": [-5, 22, 0],
					"cubes": [
						{
							"origin": [-8, 17, -2],
							"size": [4, 7, 4],
							"uv": {
								"north": {"uv": [36, 52], "uv_size": [4, 7]},
								"east": {"uv": [40, 52], "uv_size": [4, 7]},
								"south": {"uv": [44, 52], "uv_size": [4, 7]},
								"west": {"uv": [32, 52], "uv_size": [4, 7]},
								"up": {"uv": [40, 52], "uv_size": [-4, -4]},
								"down": {"uv": [44, 61], "uv_size": [-4, -4]}
							}
						}
					]
				},
				{
					"name": "rightArm2",
					"parent": "rightArm",
					"pivot": [-6, 19, 0],
					"cubes": [
						{
							"origin": [-8, 12, -2],
							"size": [4, 7, 4],
							"uv": {
								"north": {"uv": [36, 57], "uv_size": [4, 7]},
								"east": {"uv": [40, 57], "uv_size": [4, 7]},
								"south": {"uv": [44, 57], "uv_size": [4, 7]},
								"west": {"uv": [32, 57], "uv_size": [4, 7]},
								"up": {"uv": [44, 61], "uv_size": [-4, -4]},
								"down": {"uv": [40, 64], "uv_size": [-4, -4]}
							}
						}
					]
				},
				{
					"name": "rightItem",
					"parent": "rightArm2",
					"pivot": [-6, 15, 1]
				},
				{
					"name": "head",
					"parent": "body",
					"pivot": [0, 24, 0],
					"cubes": [
						{
							"origin": [-4, 24, -4],
							"size": [8, 10, 8],
							"uv": {
								"north": {"uv": [8, 8], "uv_size": [8, 10]},
								"east": {"uv": [0, 8], "uv_size": [8, 10]},
								"south": {"uv": [24, 8], "uv_size": [8, 10]},
								"west": {"uv": [16, 8], "uv_size": [8, 10]},
								"up": {"uv": [16, 8], "uv_size": [-8, -8]},
								"down": {"uv": [24, 8], "uv_size": [-8, -8]}
							}
						}
					]
				},
				{
					"name": "nose",
					"parent": "head",
					"pivot": [0, 27, -4],
					"cubes": [
						{
							"origin": [-1, 23, -6],
							"size": [2, 4, 2],
							"uv": {
								"north": {"uv": [26, 2], "uv_size": [2, 4]},
								"east": {"uv": [24, 2], "uv_size": [2, 4]},
								"south": {"uv": [30, 2], "uv_size": [2, 4]},
								"west": {"uv": [28, 2], "uv_size": [2, 4]},
								"up": {"uv": [28, 2], "uv_size": [-2, -2]},
								"down": {"uv": [30, 2], "uv_size": [-2, -2]}
							}
						}
					]
				},
				{
					"name": "hat",
					"parent": "head",
					"pivot": [0, 24, 0]
				},
				{
					"name": "eyebrow",
					"parent": "head",
					"pivot": [-1, 29, 0],
					"cubes": [
						{
							"origin": [-3, 28, -4],
							"size": [3, 1, -0.1],
							"uv": {
								"north": {"uv": [31, 1], "uv_size": [1, 1]},
								"east": {"uv": [31, 1], "uv_size": [1, 1]},
								"south": {"uv": [31, 1], "uv_size": [1, 1]},
								"west": {"uv": [31, 1], "uv_size": [1, 1]},
								"up": {"uv": [32, 2], "uv_size": [-1, -1]},
								"down": {"uv": [32, 2], "uv_size": [-1, -1]}
							}
						}
					]
				},
				{
					"name": "eyebrow2",
					"parent": "head",
					"pivot": [1, 29, 0],
					"cubes": [
						{
							"origin": [0, 28, -4],
							"size": [3, 1, -0.1],
							"uv": {
								"north": {"uv": [31, 1], "uv_size": [1, 1]},
								"east": {"uv": [31, 1], "uv_size": [1, 1]},
								"south": {"uv": [31, 1], "uv_size": [1, 1]},
								"west": {"uv": [31, 1], "uv_size": [1, 1]},
								"up": {"uv": [32, 2], "uv_size": [-1, -1]},
								"down": {"uv": [32, 2], "uv_size": [-1, -1]}
							}
						}
					]
				},
				{
					"name": "eye",
					"parent": "head",
					"pivot": [-1, 27, -4],
					"cubes": [
						{
							"origin": [-2, 27.1, -4],
							"size": [0.8, 0.8, -0.01],
							"uv": {
								"north": {"uv": [31, 0], "uv_size": [1, 1]},
								"east": {"uv": [31, 0], "uv_size": [1, 1]},
								"south": {"uv": [31, 0], "uv_size": [1, 1]},
								"west": {"uv": [31, 0], "uv_size": [1, 1]},
								"up": {"uv": [32, 1], "uv_size": [-1, -1]},
								"down": {"uv": [32, 1], "uv_size": [-1, -1]}
							}
						}
					]
				},
				{
					"name": "eye2",
					"parent": "head",
					"pivot": [1, 27, -4],
					"cubes": [
						{
							"origin": [1.2, 27.1, -4],
							"size": [0.8, 0.8, -0.01],
							"uv": {
								"north": {"uv": [31, 0], "uv_size": [1, 1]},
								"east": {"uv": [31, 0], "uv_size": [1, 1]},
								"south": {"uv": [31, 0], "uv_size": [1, 1]},
								"west": {"uv": [31, 0], "uv_size": [1, 1]},
								"up": {"uv": [32, 1], "uv_size": [-1, -1]},
								"down": {"uv": [32, 1], "uv_size": [-1, -1]}
							}
						}
					]
				},
				{
					"name": "legs",
					"parent": "waist",
					"pivot": [0, 12, 0]
				},
				{
					"name": "leftLeg",
					"parent": "legs",
					"pivot": [1.9, 12, 0],
					"cubes": [
						{
							"origin": [-0.1, 6, -2],
							"size": [4, 6, 4],
							"uv": {
								"north": {"uv": [24, 52], "uv_size": [-4, 6]},
								"east": {"uv": [20, 52], "uv_size": [-4, 6]},
								"south": {"uv": [32, 52], "uv_size": [-4, 6]},
								"west": {"uv": [28, 52], "uv_size": [-4, 6]},
								"up": {"uv": [20, 52], "uv_size": [4, -4]},
								"down": {"uv": [20, 52], "uv_size": [4, -4]}
							}
						}
					]
				},
				{
					"name": "leftLeg2",
					"parent": "leftLeg",
					"pivot": [1.9, 7, 0],
					"cubes": [
						{
							"origin": [-0.1, 0, -2],
							"size": [4, 7, 4],
							"uv": {
								"north": {"uv": [24, 57], "uv_size": [-4, 7]},
								"east": {"uv": [20, 57], "uv_size": [-4, 7]},
								"south": {"uv": [32, 57], "uv_size": [-4, 7]},
								"west": {"uv": [28, 57], "uv_size": [-4, 7]},
								"up": {"uv": [20, 52], "uv_size": [4, -4]},
								"down": {"uv": [24, 52], "uv_size": [4, -4]}
							}
						}
					]
				},
				{
					"name": "rightLeg",
					"parent": "legs",
					"pivot": [-1.9, 12, 0],
					"cubes": [
						{
							"origin": [-3.9, 6, -2],
							"size": [4, 6, 4],
							"uv": {
								"north": {"uv": [4, 24], "uv_size": [4, 6]},
								"east": {"uv": [0, 24], "uv_size": [4, 6]},
								"south": {"uv": [12, 24], "uv_size": [4, 6]},
								"west": {"uv": [8, 24], "uv_size": [4, 6]},
								"up": {"uv": [8, 24], "uv_size": [-4, -4]},
								"down": {"uv": [8, 24], "uv_size": [-4, -4]}
							}
						}
					]
				},
				{
					"name": "rightLeg2",
					"parent": "rightLeg",
					"pivot": [-1.9, 7, 0],
					"cubes": [
						{
							"origin": [-3.9, 0, -2],
							"size": [4, 7, 4],
							"uv": {
								"north": {"uv": [4, 29], "uv_size": [4, 7]},
								"east": {"uv": [0, 29], "uv_size": [4, 7]},
								"south": {"uv": [12, 29], "uv_size": [4, 7]},
								"west": {"uv": [8, 29], "uv_size": [4, 7]},
								"up": {"uv": [8, 24], "uv_size": [-4, -4]},
								"down": {"uv": [12, 24], "uv_size": [-4, -4]}
							}
						}
					]
				}
			]
		}
	]
}