{
	"format_version": "1.12.0",
	"minecraft:geometry": [
		{
			"description": {
				"identifier": "geometry.villagerhelmet",
				"texture_width": 64,
				"texture_height": 64,
				"visible_bounds_width": 2,
				"visible_bounds_height": 6,
				"visible_bounds_offset": [0, 1, 0]
			},
			"bones": [
				{
					"name": "head",
					"pivot": [0, 0, 0]
				},
				{
					"name": "hat",
					"parent": "head",
					"pivot": [0, 0, 0],
					"cubes": [
						{
							"origin": [-5, -1, -5],
							"size": [1, 12, 1],
							"uv": {
								"north": {"uv": [5, 10], "uv_size": [1, 12]},
								"east": {"uv": [4, 10], "uv_size": [1, 12]},
								"south": {"uv": [7, 10], "uv_size": [1, 12]},
								"west": {"uv": [6, 10], "uv_size": [1, 12]},
								"up": {"uv": [5, 9], "uv_size": [1, 1]},
								"down": {"uv": [6, 10], "uv_size": [1, -1]}
							}
						},
						{
							"origin": [-4, 5, -5],
							"size": [1, 6, 1],
							"uv": {
								"north": {"uv": [9, 40], "uv_size": [1, 6]},
								"east": {"uv": [8, 40], "uv_size": [1, 6]},
								"south": {"uv": [11, 40], "uv_size": [1, 6]},
								"west": {"uv": [10, 40], "uv_size": [1, 6]},
								"up": {"uv": [9, 39], "uv_size": [1, 1]},
								"down": {"uv": [10, 40], "uv_size": [1, -1]}
							}
						},
						{
							"origin": [-3, 6, -5],
							"size": [2, 5, 1],
							"uv": {
								"north": {"uv": [38, 33], "uv_size": [2, 5]},
								"east": {"uv": [37, 33], "uv_size": [1, 5]},
								"south": {"uv": [41, 33], "uv_size": [2, 5]},
								"west": {"uv": [40, 33], "uv_size": [1, 5]},
								"up": {"uv": [38, 32], "uv_size": [2, 1]},
								"down": {"uv": [40, 33], "uv_size": [2, -1]}
							}
						},
						{
							"origin": [-1, 11, -5],
							"size": [2, 1, 1],
							"uv": {
								"north": {"uv": [42, 18], "uv_size": [2, 1]},
								"east": {"uv": [41, 18], "uv_size": [1, 1]},
								"south": {"uv": [45, 18], "uv_size": [2, 1]},
								"west": {"uv": [44, 18], "uv_size": [1, 1]},
								"up": {"uv": [42, 17], "uv_size": [2, 1]},
								"down": {"uv": [44, 18], "uv_size": [2, -1]}
							}
						},
						{
							"origin": [-1, 11, -4],
							"size": [2, 2, 1],
							"uv": {
								"north": {"uv": [25, 6], "uv_size": [2, 2]},
								"east": {"uv": [24, 6], "uv_size": [1, 2]},
								"south": {"uv": [28, 6], "uv_size": [2, 2]},
								"west": {"uv": [27, 6], "uv_size": [1, 2]},
								"up": {"uv": [25, 5], "uv_size": [2, 1]},
								"down": {"uv": [27, 6], "uv_size": [2, -1]}
							}
						},
						{
							"origin": [-1, 11, -3],
							"size": [2, 3, 2],
							"uv": {
								"north": {"uv": [26, 2], "uv_size": [2, 3]},
								"east": {"uv": [24, 2], "uv_size": [2, 3]},
								"south": {"uv": [30, 2], "uv_size": [2, 3]},
								"west": {"uv": [28, 2], "uv_size": [2, 3]},
								"up": {"uv": [26, 0], "uv_size": [2, 2]},
								"down": {"uv": [28, 2], "uv_size": [2, -2]}
							}
						},
						{
							"origin": [-1, 11, -1],
							"size": [2, 4, 1],
							"uv": {
								"north": {"uv": [40, 7], "uv_size": [2, 4]},
								"east": {"uv": [39, 7], "uv_size": [1, 4]},
								"south": {"uv": [43, 7], "uv_size": [2, 4]},
								"west": {"uv": [42, 7], "uv_size": [1, 4]},
								"up": {"uv": [40, 6], "uv_size": [2, 1]},
								"down": {"uv": [42, 7], "uv_size": [2, -1]}
							}
						},
						{
							"origin": [-1, 11, 0],
							"size": [2, 5, 1],
							"uv": {
								"north": {"uv": [38, 27], "uv_size": [2, 5]},
								"east": {"uv": [37, 27], "uv_size": [1, 5]},
								"south": {"uv": [41, 27], "uv_size": [2, 5]},
								"west": {"uv": [40, 27], "uv_size": [1, 5]},
								"up": {"uv": [38, 26], "uv_size": [2, 1]},
								"down": {"uv": [40, 27], "uv_size": [2, -1]}
							}
						},
						{
							"origin": [-1, 11, 1],
							"size": [2, 6, 1],
							"uv": {
								"north": {"uv": [1, 1], "uv_size": [2, 6]},
								"east": {"uv": [0, 1], "uv_size": [1, 6]},
								"south": {"uv": [4, 1], "uv_size": [2, 6]},
								"west": {"uv": [3, 1], "uv_size": [1, 6]},
								"up": {"uv": [1, 0], "uv_size": [2, 1]},
								"down": {"uv": [3, 1], "uv_size": [2, -1]}
							}
						},
						{
							"origin": [-1, 13, 2],
							"size": [2, 1, 1],
							"uv": {
								"north": {"uv": [40, 16], "uv_size": [2, 1]},
								"east": {"uv": [39, 16], "uv_size": [1, 1]},
								"south": {"uv": [43, 16], "uv_size": [2, 1]},
								"west": {"uv": [42, 16], "uv_size": [1, 1]},
								"up": {"uv": [40, 15], "uv_size": [2, 1]},
								"down": {"uv": [42, 16], "uv_size": [2, -1]}
							}
						},
						{
							"origin": [-1, 11, 2],
							"size": [2, 1, 1],
							"uv": {
								"north": {"uv": [40, 14], "uv_size": [2, 1]},
								"east": {"uv": [39, 14], "uv_size": [1, 1]},
								"south": {"uv": [43, 14], "uv_size": [2, 1]},
								"west": {"uv": [42, 14], "uv_size": [1, 1]},
								"up": {"uv": [40, 13], "uv_size": [2, 1]},
								"down": {"uv": [42, 14], "uv_size": [2, -1]}
							}
						},
						{
							"origin": [-5, 0, -6],
							"size": [1, 1, 1],
							"uv": {
								"north": {"uv": [43, 26], "uv_size": [1, 1]},
								"east": {"uv": [42, 26], "uv_size": [1, 1]},
								"south": {"uv": [45, 26], "uv_size": [1, 1]},
								"west": {"uv": [44, 26], "uv_size": [1, 1]},
								"up": {"uv": [43, 25], "uv_size": [1, 1]},
								"down": {"uv": [44, 26], "uv_size": [1, -1]}
							}
						},
						{
							"origin": [4, 0, -6],
							"size": [1, 1, 1],
							"uv": {
								"north": {"uv": [20, 43], "uv_size": [1, 1]},
								"east": {"uv": [19, 43], "uv_size": [1, 1]},
								"south": {"uv": [22, 43], "uv_size": [1, 1]},
								"west": {"uv": [21, 43], "uv_size": [1, 1]},
								"up": {"uv": [20, 42], "uv_size": [1, 1]},
								"down": {"uv": [21, 43], "uv_size": [1, -1]}
							}
						},
						{
							"origin": [-1, 7, -6],
							"size": [2, 3, 1],
							"uv": {
								"north": {"uv": [38, 40], "uv_size": [2, 3]},
								"east": {"uv": [37, 40], "uv_size": [1, 3]},
								"south": {"uv": [41, 40], "uv_size": [2, 3]},
								"west": {"uv": [40, 40], "uv_size": [1, 3]},
								"up": {"uv": [38, 38], "uv_size": [2, 1]},
								"down": {"uv": [40, 39], "uv_size": [2, -1]}
							}
						},
						{
							"origin": [1, 8, -6],
							"size": [1, 1, 1],
							"uv": {
								"north": {"uv": [16, 43], "uv_size": [1, 1]},
								"east": {"uv": [15, 43], "uv_size": [1, 1]},
								"south": {"uv": [18, 43], "uv_size": [1, 1]},
								"west": {"uv": [17, 43], "uv_size": [1, 1]},
								"up": {"uv": [16, 42], "uv_size": [1, 1]},
								"down": {"uv": [17, 43], "uv_size": [1, -1]}
							}
						},
						{
							"origin": [-2, 8, -6],
							"size": [1, 1, 1],
							"uv": {
								"north": {"uv": [43, 5], "uv_size": [1, 1]},
								"east": {"uv": [42, 5], "uv_size": [1, 1]},
								"south": {"uv": [45, 5], "uv_size": [1, 1]},
								"west": {"uv": [44, 5], "uv_size": [1, 1]},
								"up": {"uv": [43, 4], "uv_size": [1, 1]},
								"down": {"uv": [44, 5], "uv_size": [1, -1]}
							}
						},
						{
							"origin": [-4, 10, -4],
							"size": [8, 1, 8],
							"uv": {
								"north": {"uv": [8, 8], "uv_size": [8, 1]},
								"east": {"uv": [0, 8], "uv_size": [8, 1]},
								"south": {"uv": [24, 8], "uv_size": [8, 1]},
								"west": {"uv": [16, 8], "uv_size": [8, 1]},
								"up": {"uv": [8, 0], "uv_size": [8, 8]},
								"down": {"uv": [16, 8], "uv_size": [8, -8]}
							}
						},
						{
							"origin": [1, 6, -5],
							"size": [2, 5, 1],
							"uv": {
								"north": {"uv": [37, 1], "uv_size": [2, 5]},
								"east": {"uv": [36, 1], "uv_size": [1, 5]},
								"south": {"uv": [40, 1], "uv_size": [2, 5]},
								"west": {"uv": [39, 1], "uv_size": [1, 5]},
								"up": {"uv": [37, 0], "uv_size": [2, 1]},
								"down": {"uv": [39, 1], "uv_size": [2, -1]}
							}
						},
						{
							"origin": [-1, 3, -5],
							"size": [2, 8, 1],
							"uv": {
								"north": {"uv": [29, 10], "uv_size": [2, 8]},
								"east": {"uv": [28, 10], "uv_size": [1, 8]},
								"south": {"uv": [32, 10], "uv_size": [2, 8]},
								"west": {"uv": [31, 10], "uv_size": [1, 8]},
								"up": {"uv": [29, 9], "uv_size": [2, 1]},
								"down": {"uv": [31, 10], "uv_size": [2, -1]}
							}
						},
						{
							"origin": [3, 5, -5],
							"size": [1, 6, 1],
							"uv": {
								"north": {"uv": [29, 39], "uv_size": [1, 6]},
								"east": {"uv": [28, 39], "uv_size": [1, 6]},
								"south": {"uv": [31, 39], "uv_size": [1, 6]},
								"west": {"uv": [30, 39], "uv_size": [1, 6]},
								"up": {"uv": [29, 38], "uv_size": [1, 1]},
								"down": {"uv": [30, 39], "uv_size": [1, -1]}
							}
						},
						{
							"origin": [-5, 1, -4],
							"size": [1, 10, 1],
							"uv": {
								"north": {"uv": [26, 21], "uv_size": [1, 10]},
								"east": {"uv": [25, 21], "uv_size": [1, 10]},
								"south": {"uv": [28, 21], "uv_size": [1, 10]},
								"west": {"uv": [27, 21], "uv_size": [1, 10]},
								"up": {"uv": [26, 20], "uv_size": [1, 1]},
								"down": {"uv": [27, 21], "uv_size": [1, -1]}
							}
						},
						{
							"origin": [-5, 1, 4],
							"size": [1, 1, 1],
							"uv": {
								"north": {"uv": [43, 3], "uv_size": [1, 1]},
								"east": {"uv": [42, 3], "uv_size": [1, 1]},
								"south": {"uv": [45, 3], "uv_size": [1, 1]},
								"west": {"uv": [44, 3], "uv_size": [1, 1]},
								"up": {"uv": [43, 2], "uv_size": [1, 1]},
								"down": {"uv": [44, 3], "uv_size": [1, -1]}
							}
						},
						{
							"origin": [-4, 0, 4],
							"size": [1, 1, 1],
							"uv": {
								"north": {"uv": [43, 1], "uv_size": [1, 1]},
								"east": {"uv": [42, 1], "uv_size": [1, 1]},
								"south": {"uv": [45, 1], "uv_size": [1, 1]},
								"west": {"uv": [44, 1], "uv_size": [1, 1]},
								"up": {"uv": [43, 0], "uv_size": [1, 1]},
								"down": {"uv": [44, 1], "uv_size": [1, -1]}
							}
						},
						{
							"origin": [-2, 0, 4],
							"size": [1, 1, 1],
							"uv": {
								"north": {"uv": [42, 24], "uv_size": [1, 1]},
								"east": {"uv": [41, 24], "uv_size": [1, 1]},
								"south": {"uv": [44, 24], "uv_size": [1, 1]},
								"west": {"uv": [43, 24], "uv_size": [1, 1]},
								"up": {"uv": [42, 23], "uv_size": [1, 1]},
								"down": {"uv": [43, 24], "uv_size": [1, -1]}
							}
						},
						{
							"origin": [1, 0, 4],
							"size": [1, 1, 1],
							"uv": {
								"north": {"uv": [23, 42], "uv_size": [1, 1]},
								"east": {"uv": [22, 42], "uv_size": [1, 1]},
								"south": {"uv": [25, 42], "uv_size": [1, 1]},
								"west": {"uv": [24, 42], "uv_size": [1, 1]},
								"up": {"uv": [23, 41], "uv_size": [1, 1]},
								"down": {"uv": [24, 42], "uv_size": [1, -1]}
							}
						},
						{
							"origin": [-5, 3, 4],
							"size": [1, 8, 1],
							"uv": {
								"north": {"uv": [38, 18], "uv_size": [1, 8]},
								"east": {"uv": [37, 18], "uv_size": [1, 8]},
								"south": {"uv": [40, 18], "uv_size": [1, 8]},
								"west": {"uv": [39, 18], "uv_size": [1, 8]},
								"up": {"uv": [38, 17], "uv_size": [1, 1]},
								"down": {"uv": [39, 18], "uv_size": [1, -1]}
							}
						},
						{
							"origin": [-5, 1, 3],
							"size": [1, 10, 1],
							"uv": {
								"north": {"uv": [25, 10], "uv_size": [1, 10]},
								"east": {"uv": [24, 10], "uv_size": [1, 10]},
								"south": {"uv": [27, 10], "uv_size": [1, 10]},
								"west": {"uv": [26, 10], "uv_size": [1, 10]},
								"up": {"uv": [25, 9], "uv_size": [1, 1]},
								"down": {"uv": [26, 10], "uv_size": [1, -1]}
							}
						},
						{
							"origin": [-5, 2, 2],
							"size": [1, 9, 1],
							"uv": {
								"north": {"uv": [1, 34], "uv_size": [1, 9]},
								"east": {"uv": [0, 34], "uv_size": [1, 9]},
								"south": {"uv": [3, 34], "uv_size": [1, 9]},
								"west": {"uv": [2, 34], "uv_size": [1, 9]},
								"up": {"uv": [1, 33], "uv_size": [1, 1]},
								"down": {"uv": [2, 34], "uv_size": [1, -1]}
							}
						},
						{
							"origin": [-5, 0, 1],
							"size": [1, 11, 1],
							"uv": {
								"north": {"uv": [21, 10], "uv_size": [1, 11]},
								"east": {"uv": [20, 10], "uv_size": [1, 11]},
								"south": {"uv": [23, 10], "uv_size": [1, 11]},
								"west": {"uv": [22, 10], "uv_size": [1, 11]},
								"up": {"uv": [21, 9], "uv_size": [1, 1]},
								"down": {"uv": [22, 10], "uv_size": [1, -1]}
							}
						},
						{
							"origin": [-5, 0, 0],
							"size": [1, 11, 1],
							"uv": {
								"north": {"uv": [17, 10], "uv_size": [1, 11]},
								"east": {"uv": [16, 10], "uv_size": [1, 11]},
								"south": {"uv": [19, 10], "uv_size": [1, 11]},
								"west": {"uv": [18, 10], "uv_size": [1, 11]},
								"up": {"uv": [17, 9], "uv_size": [1, 1]},
								"down": {"uv": [18, 10], "uv_size": [1, -1]}
							}
						},
						{
							"origin": [-5, 1, -1],
							"size": [1, 10, 1],
							"uv": {
								"north": {"uv": [1, 23], "uv_size": [1, 10]},
								"east": {"uv": [0, 23], "uv_size": [1, 10]},
								"south": {"uv": [3, 23], "uv_size": [1, 10]},
								"west": {"uv": [2, 23], "uv_size": [1, 10]},
								"up": {"uv": [1, 22], "uv_size": [1, 1]},
								"down": {"uv": [2, 23], "uv_size": [1, -1]}
							}
						},
						{
							"origin": [-5, 2, -2],
							"size": [1, 9, 1],
							"uv": {
								"north": {"uv": [20, 33], "uv_size": [1, 9]},
								"east": {"uv": [19, 33], "uv_size": [1, 9]},
								"south": {"uv": [22, 33], "uv_size": [1, 9]},
								"west": {"uv": [21, 33], "uv_size": [1, 9]},
								"up": {"uv": [20, 32], "uv_size": [1, 1]},
								"down": {"uv": [21, 33], "uv_size": [1, -1]}
							}
						},
						{
							"origin": [-5, 3, -3],
							"size": [1, 8, 1],
							"uv": {
								"north": {"uv": [34, 36], "uv_size": [1, 8]},
								"east": {"uv": [33, 36], "uv_size": [1, 8]},
								"south": {"uv": [36, 36], "uv_size": [1, 8]},
								"west": {"uv": [35, 36], "uv_size": [1, 8]},
								"up": {"uv": [34, 35], "uv_size": [1, 1]},
								"down": {"uv": [35, 36], "uv_size": [1, -1]}
							}
						},
						{
							"origin": [4, 3, -3],
							"size": [1, 8, 1],
							"uv": {
								"north": {"uv": [36, 9], "uv_size": [1, 8]},
								"east": {"uv": [35, 9], "uv_size": [1, 8]},
								"south": {"uv": [38, 9], "uv_size": [1, 8]},
								"west": {"uv": [37, 9], "uv_size": [1, 8]},
								"up": {"uv": [36, 8], "uv_size": [1, 1]},
								"down": {"uv": [37, 9], "uv_size": [1, -1]}
							}
						},
						{
							"origin": [4, 2, -2],
							"size": [1, 9, 1],
							"uv": {
								"north": {"uv": [16, 33], "uv_size": [1, 9]},
								"east": {"uv": [15, 33], "uv_size": [1, 9]},
								"south": {"uv": [18, 33], "uv_size": [1, 9]},
								"west": {"uv": [17, 33], "uv_size": [1, 9]},
								"up": {"uv": [16, 32], "uv_size": [1, 1]},
								"down": {"uv": [17, 33], "uv_size": [1, -1]}
							}
						},
						{
							"origin": [4, 1, -1],
							"size": [1, 10, 1],
							"uv": {
								"north": {"uv": [22, 22], "uv_size": [1, 10]},
								"east": {"uv": [21, 22], "uv_size": [1, 10]},
								"south": {"uv": [24, 22], "uv_size": [1, 10]},
								"west": {"uv": [23, 22], "uv_size": [1, 10]},
								"up": {"uv": [22, 21], "uv_size": [1, 1]},
								"down": {"uv": [23, 22], "uv_size": [1, -1]}
							}
						},
						{
							"origin": [4, 0, 0],
							"size": [1, 11, 1],
							"uv": {
								"north": {"uv": [13, 10], "uv_size": [1, 11]},
								"east": {"uv": [12, 10], "uv_size": [1, 11]},
								"south": {"uv": [15, 10], "uv_size": [1, 11]},
								"west": {"uv": [14, 10], "uv_size": [1, 11]},
								"up": {"uv": [13, 9], "uv_size": [1, 1]},
								"down": {"uv": [14, 10], "uv_size": [1, -1]}
							}
						},
						{
							"origin": [4, 0, 1],
							"size": [1, 11, 1],
							"uv": {
								"north": {"uv": [9, 10], "uv_size": [1, 11]},
								"east": {"uv": [8, 10], "uv_size": [1, 11]},
								"south": {"uv": [11, 10], "uv_size": [1, 11]},
								"west": {"uv": [10, 10], "uv_size": [1, 11]},
								"up": {"uv": [9, 9], "uv_size": [1, 1]},
								"down": {"uv": [10, 10], "uv_size": [1, -1]}
							}
						},
						{
							"origin": [4, 2, 2],
							"size": [1, 9, 1],
							"uv": {
								"north": {"uv": [25, 32], "uv_size": [1, 9]},
								"east": {"uv": [24, 32], "uv_size": [1, 9]},
								"south": {"uv": [27, 32], "uv_size": [1, 9]},
								"west": {"uv": [26, 32], "uv_size": [1, 9]},
								"up": {"uv": [25, 31], "uv_size": [1, 1]},
								"down": {"uv": [26, 32], "uv_size": [1, -1]}
							}
						},
						{
							"origin": [4, 1, 3],
							"size": [1, 10, 1],
							"uv": {
								"north": {"uv": [18, 22], "uv_size": [1, 10]},
								"east": {"uv": [17, 22], "uv_size": [1, 10]},
								"south": {"uv": [20, 22], "uv_size": [1, 10]},
								"west": {"uv": [19, 22], "uv_size": [1, 10]},
								"up": {"uv": [18, 21], "uv_size": [1, 1]},
								"down": {"uv": [19, 22], "uv_size": [1, -1]}
							}
						},
						{
							"origin": [4, 3, 4],
							"size": [1, 8, 1],
							"uv": {
								"north": {"uv": [34, 27], "uv_size": [1, 8]},
								"east": {"uv": [33, 27], "uv_size": [1, 8]},
								"south": {"uv": [36, 27], "uv_size": [1, 8]},
								"west": {"uv": [35, 27], "uv_size": [1, 8]},
								"up": {"uv": [34, 26], "uv_size": [1, 1]},
								"down": {"uv": [35, 27], "uv_size": [1, -1]}
							}
						},
						{
							"origin": [-4, 2, 4],
							"size": [1, 9, 1],
							"uv": {
								"north": {"uv": [5, 32], "uv_size": [1, 9]},
								"east": {"uv": [4, 32], "uv_size": [1, 9]},
								"south": {"uv": [7, 32], "uv_size": [1, 9]},
								"west": {"uv": [6, 32], "uv_size": [1, 9]},
								"up": {"uv": [5, 31], "uv_size": [1, 1]},
								"down": {"uv": [6, 32], "uv_size": [1, -1]}
							}
						},
						{
							"origin": [3, 2, 4],
							"size": [1, 9, 1],
							"uv": {
								"north": {"uv": [12, 31], "uv_size": [1, 9]},
								"east": {"uv": [11, 31], "uv_size": [1, 9]},
								"south": {"uv": [14, 31], "uv_size": [1, 9]},
								"west": {"uv": [13, 31], "uv_size": [1, 9]},
								"up": {"uv": [12, 30], "uv_size": [1, 1]},
								"down": {"uv": [13, 31], "uv_size": [1, -1]}
							}
						},
						{
							"origin": [2, 3, 4],
							"size": [1, 8, 1],
							"uv": {
								"north": {"uv": [34, 18], "uv_size": [1, 8]},
								"east": {"uv": [33, 18], "uv_size": [1, 8]},
								"south": {"uv": [36, 18], "uv_size": [1, 8]},
								"west": {"uv": [35, 18], "uv_size": [1, 8]},
								"up": {"uv": [34, 17], "uv_size": [1, 1]},
								"down": {"uv": [35, 18], "uv_size": [1, -1]}
							}
						},
						{
							"origin": [2, 1, 4],
							"size": [1, 1, 1],
							"uv": {
								"north": {"uv": [42, 22], "uv_size": [1, 1]},
								"east": {"uv": [41, 22], "uv_size": [1, 1]},
								"south": {"uv": [44, 22], "uv_size": [1, 1]},
								"west": {"uv": [43, 22], "uv_size": [1, 1]},
								"up": {"uv": [42, 21], "uv_size": [1, 1]},
								"down": {"uv": [43, 22], "uv_size": [1, -1]}
							}
						},
						{
							"origin": [2, -1, 4],
							"size": [1, 1, 1],
							"uv": {
								"north": {"uv": [42, 22], "uv_size": [1, 1]},
								"east": {"uv": [42, 22], "uv_size": [1, 1]},
								"south": {"uv": [44, 22], "uv_size": [1, 1]},
								"west": {"uv": [42, 22], "uv_size": [1, 1]},
								"up": {"uv": [42, 21], "uv_size": [1, 1]},
								"down": {"uv": [43, 24], "uv_size": [1, -1]}
							}
						},
						{
							"origin": [-3, -1, 4],
							"size": [1, 1, 1],
							"uv": {
								"north": {"uv": [42, 22], "uv_size": [1, 1]},
								"east": {"uv": [42, 22], "uv_size": [1, 1]},
								"south": {"uv": [44, 22], "uv_size": [1, 1]},
								"west": {"uv": [42, 22], "uv_size": [1, 1]},
								"up": {"uv": [42, 21], "uv_size": [1, 1]},
								"down": {"uv": [43, 24], "uv_size": [1, -1]}
							}
						},
						{
							"origin": [-3, 1, 4],
							"size": [1, 1, 1],
							"uv": {
								"north": {"uv": [42, 20], "uv_size": [1, 1]},
								"east": {"uv": [41, 20], "uv_size": [1, 1]},
								"south": {"uv": [44, 20], "uv_size": [1, 1]},
								"west": {"uv": [43, 20], "uv_size": [1, 1]},
								"up": {"uv": [42, 19], "uv_size": [1, 1]},
								"down": {"uv": [43, 20], "uv_size": [1, -1]}
							}
						},
						{
							"origin": [-1, 1, 4],
							"size": [2, 1, 1],
							"uv": {
								"north": {"uv": [40, 12], "uv_size": [2, 1]},
								"east": {"uv": [39, 12], "uv_size": [1, 1]},
								"south": {"uv": [43, 12], "uv_size": [2, 1]},
								"west": {"uv": [42, 12], "uv_size": [1, 1]},
								"up": {"uv": [40, 11], "uv_size": [2, 1]},
								"down": {"uv": [42, 12], "uv_size": [2, -1]}
							}
						},
						{
							"origin": [1, 2, 4],
							"size": [1, 9, 1],
							"uv": {
								"north": {"uv": [30, 29], "uv_size": [1, 9]},
								"east": {"uv": [29, 29], "uv_size": [1, 9]},
								"south": {"uv": [32, 29], "uv_size": [1, 9]},
								"west": {"uv": [31, 29], "uv_size": [1, 9]},
								"up": {"uv": [30, 28], "uv_size": [1, 1]},
								"down": {"uv": [31, 29], "uv_size": [1, -1]}
							}
						},
						{
							"origin": [-1, 3, 4],
							"size": [2, 8, 1],
							"uv": {
								"north": {"uv": [12, 22], "uv_size": [2, 8]},
								"east": {"uv": [11, 22], "uv_size": [1, 8]},
								"south": {"uv": [15, 22], "uv_size": [2, 8]},
								"west": {"uv": [14, 22], "uv_size": [1, 8]},
								"up": {"uv": [12, 21], "uv_size": [2, 1]},
								"down": {"uv": [14, 22], "uv_size": [2, -1]}
							}
						},
						{
							"origin": [-2, 2, 4],
							"size": [1, 9, 1],
							"uv": {
								"north": {"uv": [30, 19], "uv_size": [1, 9]},
								"east": {"uv": [29, 19], "uv_size": [1, 9]},
								"south": {"uv": [32, 19], "uv_size": [1, 9]},
								"west": {"uv": [31, 19], "uv_size": [1, 9]},
								"up": {"uv": [30, 18], "uv_size": [1, 1]},
								"down": {"uv": [31, 19], "uv_size": [1, -1]}
							}
						},
						{
							"origin": [-3, 3, 4],
							"size": [1, 8, 1],
							"uv": {
								"north": {"uv": [33, 1], "uv_size": [1, 8]},
								"east": {"uv": [32, 1], "uv_size": [1, 8]},
								"south": {"uv": [35, 1], "uv_size": [1, 8]},
								"west": {"uv": [34, 1], "uv_size": [1, 8]},
								"up": {"uv": [33, 0], "uv_size": [1, 1]},
								"down": {"uv": [34, 1], "uv_size": [1, -1]}
							}
						},
						{
							"origin": [4, 1, 4],
							"size": [1, 1, 1],
							"uv": {
								"north": {"uv": [13, 42], "uv_size": [1, 1]},
								"east": {"uv": [12, 42], "uv_size": [1, 1]},
								"south": {"uv": [15, 42], "uv_size": [1, 1]},
								"west": {"uv": [14, 42], "uv_size": [1, 1]},
								"up": {"uv": [13, 41], "uv_size": [1, 1]},
								"down": {"uv": [14, 42], "uv_size": [1, -1]}
							}
						},
						{
							"origin": [3, 0, 4],
							"size": [1, 1, 1],
							"uv": {
								"north": {"uv": [5, 42], "uv_size": [1, 1]},
								"east": {"uv": [4, 42], "uv_size": [1, 1]},
								"south": {"uv": [7, 42], "uv_size": [1, 1]},
								"west": {"uv": [6, 42], "uv_size": [1, 1]},
								"up": {"uv": [5, 41], "uv_size": [1, 1]},
								"down": {"uv": [6, 42], "uv_size": [1, -1]}
							}
						},
						{
							"origin": [4, 1, -4],
							"size": [1, 10, 1],
							"uv": {
								"north": {"uv": [8, 22], "uv_size": [1, 10]},
								"east": {"uv": [7, 22], "uv_size": [1, 10]},
								"south": {"uv": [10, 22], "uv_size": [1, 10]},
								"west": {"uv": [9, 22], "uv_size": [1, 10]},
								"up": {"uv": [8, 21], "uv_size": [1, 1]},
								"down": {"uv": [9, 22], "uv_size": [1, -1]}
							}
						},
						{
							"origin": [4, -1, -5],
							"size": [1, 12, 1],
							"uv": {
								"north": {"uv": [1, 10], "uv_size": [1, 12]},
								"east": {"uv": [0, 10], "uv_size": [1, 12]},
								"south": {"uv": [3, 10], "uv_size": [1, 12]},
								"west": {"uv": [2, 10], "uv_size": [1, 12]},
								"up": {"uv": [1, 9], "uv_size": [1, 1]},
								"down": {"uv": [2, 10], "uv_size": [1, -1]}
							}
						}
					]
				}
			]
		}
	]
}