{
	"format_version": "1.16.0",
	"minecraft:geometry": [
		{
			"description": {
				"identifier": "geometry.lz_xnb",
				"texture_width": 16,
				"texture_height": 16,
				"visible_bounds_width": 2,
				"visible_bounds_height": 3.5,
				"visible_bounds_offset": [0, 1.25, 0]
			},
			"bones": [
				{
					"name": "rightitem",
					"pivot": [0, 20, 0],
					"binding": "q.item_slot_to_bone_name(c.item_slot)",
					"cubes": [
						{
							"origin": [-1, 21.5, -0.1],
							"size": [2, 2, 2],
							"pivot": [0, 20, 0],
							"rotation": [15, 0, 0],
							"uv": {
								"north": {"uv": [0, 8], "uv_size": [8, 8]},
								"east": {"uv": [0, 8], "uv_size": [8, 8]},
								"south": {"uv": [0, 8], "uv_size": [8, 8]},
								"west": {"uv": [0, 8], "uv_size": [8, 8]},
								"up": {"uv": [8, 16], "uv_size": [-8, -8]},
								"down": {"uv": [8, 16], "uv_size": [-8, -8]}
							}
						},
						{
							"origin": [-1, 24.5, -0.1],
							"size": [2, 1, 2],
							"pivot": [0, 20, 0],
							"rotation": [15, 0, 0],
							"uv": {
								"north": {"uv": [0, 8], "uv_size": [8, 8]},
								"east": {"uv": [0, 8], "uv_size": [8, 8]},
								"south": {"uv": [0, 8], "uv_size": [8, 8]},
								"west": {"uv": [0, 8], "uv_size": [8, 8]},
								"up": {"uv": [8, 16], "uv_size": [-8, -8]},
								"down": {"uv": [8, 16], "uv_size": [-8, -8]}
							}
						},
						{
							"origin": [-1, 26.5, -0.1],
							"size": [2, 1, 2],
							"pivot": [0, 20, 0],
							"rotation": [15, 0, 0],
							"uv": {
								"north": {"uv": [0, 8], "uv_size": [8, 8]},
								"east": {"uv": [0, 8], "uv_size": [8, 8]},
								"south": {"uv": [0, 8], "uv_size": [8, 8]},
								"west": {"uv": [0, 8], "uv_size": [8, 8]},
								"up": {"uv": [8, 16], "uv_size": [-8, -8]},
								"down": {"uv": [8, 16], "uv_size": [-8, -8]}
							}
						},
						{
							"origin": [-1, 28.5, -0.1],
							"size": [2, 1, 2],
							"pivot": [0, 20, 0],
							"rotation": [15, 0, 0],
							"uv": {
								"north": {"uv": [0, 8], "uv_size": [8, 8]},
								"east": {"uv": [0, 8], "uv_size": [8, 8]},
								"south": {"uv": [0, 8], "uv_size": [8, 8]},
								"west": {"uv": [0, 8], "uv_size": [8, 8]},
								"up": {"uv": [8, 16], "uv_size": [-8, -8]},
								"down": {"uv": [8, 16], "uv_size": [-8, -8]}
							}
						},
						{
							"origin": [-1, 30.5, -0.1],
							"size": [2, 1, 2],
							"pivot": [0, 20, 0],
							"rotation": [15, 0, 0],
							"uv": {
								"north": {"uv": [0, 8], "uv_size": [8, 8]},
								"east": {"uv": [0, 8], "uv_size": [8, 8]},
								"south": {"uv": [0, 8], "uv_size": [8, 8]},
								"west": {"uv": [0, 8], "uv_size": [8, 8]},
								"up": {"uv": [8, 16], "uv_size": [-8, -8]},
								"down": {"uv": [8, 16], "uv_size": [-8, -8]}
							}
						},
						{
							"origin": [-0.95, 23.5, -0.05],
							"size": [1.9, 1, 1.9],
							"pivot": [0, 20, 0],
							"rotation": [15, 0, 0],
							"uv": {
								"north": {"uv": [0, 0], "uv_size": [8, 8]},
								"east": {"uv": [0, 0], "uv_size": [8, 8]},
								"south": {"uv": [0, 0], "uv_size": [8, 8]},
								"west": {"uv": [0, 0], "uv_size": [8, 8]},
								"up": {"uv": [8, 8], "uv_size": [-8, -8]},
								"down": {"uv": [8, 8], "uv_size": [-8, -8]}
							}
						},
						{
							"origin": [-0.95, 25.5, -0.05],
							"size": [1.9, 1, 1.9],
							"pivot": [0, 20, 0],
							"rotation": [15, 0, 0],
							"uv": {
								"north": {"uv": [0, 0], "uv_size": [8, 8]},
								"east": {"uv": [0, 0], "uv_size": [8, 8]},
								"south": {"uv": [0, 0], "uv_size": [8, 8]},
								"west": {"uv": [0, 0], "uv_size": [8, 8]},
								"up": {"uv": [8, 8], "uv_size": [-8, -8]},
								"down": {"uv": [8, 8], "uv_size": [-8, -8]}
							}
						},
						{
							"origin": [-0.95, 27.5, -0.05],
							"size": [1.9, 1, 1.9],
							"pivot": [0, 20, 0],
							"rotation": [15, 0, 0],
							"uv": {
								"north": {"uv": [0, 0], "uv_size": [8, 8]},
								"east": {"uv": [0, 0], "uv_size": [8, 8]},
								"south": {"uv": [0, 0], "uv_size": [8, 8]},
								"west": {"uv": [0, 0], "uv_size": [8, 8]},
								"up": {"uv": [8, 8], "uv_size": [-8, -8]},
								"down": {"uv": [8, 8], "uv_size": [-8, -8]}
							}
						},
						{
							"origin": [-0.95, 29.5, -0.05],
							"size": [1.9, 1, 1.9],
							"pivot": [0, 20, 0],
							"rotation": [15, 0, 0],
							"uv": {
								"north": {"uv": [0, 0], "uv_size": [8, 8]},
								"east": {"uv": [0, 0], "uv_size": [8, 8]},
								"south": {"uv": [0, 0], "uv_size": [8, 8]},
								"west": {"uv": [0, 0], "uv_size": [8, 8]},
								"up": {"uv": [8, 8], "uv_size": [-8, -8]},
								"down": {"uv": [8, 8], "uv_size": [-8, -8]}
							}
						},
						{
							"origin": [-1.1, 31.5, -0.2],
							"size": [2.2, 1, 2.2],
							"pivot": [0, 20, 0],
							"rotation": [15, 0, 0],
							"uv": {
								"north": {"uv": [0, 0], "uv_size": [8, 8]},
								"east": {"uv": [0, 0], "uv_size": [8, 8]},
								"south": {"uv": [0, 0], "uv_size": [8, 8]},
								"west": {"uv": [0, 0], "uv_size": [8, 8]},
								"up": {"uv": [8, 8], "uv_size": [-8, -8]},
								"down": {"uv": [8, 8], "uv_size": [-8, -8]}
							}
						},
						{
							"origin": [-1.1, 19.8, -13.6],
							"size": [2.2, 1.2, 2.1],
							"pivot": [0, 20, 0],
							"rotation": [-75, 0, 0],
							"uv": {
								"north": {"uv": [0, 0], "uv_size": [8, 8]},
								"east": {"uv": [0, 0], "uv_size": [8, 8]},
								"south": {"uv": [0, 0], "uv_size": [8, 8]},
								"west": {"uv": [0, 0], "uv_size": [8, 8]},
								"up": {"uv": [8, 8], "uv_size": [-8, -8]},
								"down": {"uv": [8, 8], "uv_size": [-8, -8]}
							}
						},
						{
							"origin": [-1.1, 29.3, -8.9],
							"size": [2.2, 1, 2.2],
							"pivot": [0, 20, 0],
							"rotation": [-30, 0, 0],
							"uv": {
								"north": {"uv": [0, 0], "uv_size": [8, 8]},
								"east": {"uv": [0, 0], "uv_size": [8, 8]},
								"south": {"uv": [0, 0], "uv_size": [8, 8]},
								"west": {"uv": [0, 0], "uv_size": [8, 8]},
								"up": {"uv": [8, 8], "uv_size": [-8, -8]},
								"down": {"uv": [8, 8], "uv_size": [-8, -8]}
							}
						},
						{
							"origin": [-3, 20, -1],
							"size": [2, 2, 2],
							"inflate": 0.5,
							"uv": {
								"north": {"uv": [0, 8], "uv_size": [8, 8]},
								"east": {"uv": [0, 8], "uv_size": [8, 8]},
								"south": {"uv": [0, 8], "uv_size": [8, 8]},
								"west": {"uv": [0, 8], "uv_size": [8, 8]},
								"up": {"uv": [8, 16], "uv_size": [-8, -8]},
								"down": {"uv": [8, 16], "uv_size": [-8, -8]}
							}
						},
						{
							"origin": [1, 20, -1],
							"size": [2, 2, 2],
							"inflate": 0.5,
							"uv": {
								"north": {"uv": [0, 8], "uv_size": [8, 8]},
								"east": {"uv": [0, 8], "uv_size": [8, 8]},
								"south": {"uv": [0, 8], "uv_size": [8, 8]},
								"west": {"uv": [0, 8], "uv_size": [8, 8]},
								"up": {"uv": [8, 16], "uv_size": [-8, -8]},
								"down": {"uv": [8, 16], "uv_size": [-8, -8]}
							}
						}
					]
				}
			]
		}
	]
}