{
	"format_version": "1.12.0",
	"minecraft:geometry": [
		{
			"description": {
				"identifier": "geometry.zeklm",
				"texture_width": 64,
				"texture_height": 64,
				"visible_bounds_width": 3,
				"visible_bounds_height": 3.5,
				"visible_bounds_offset": [0, 1.25, 0]
			},
			"bones": [
				{
					"name": "body",
					"pivot": [0, 13, 9],
					"cubes": [
						{
							"origin": [-5, 11, -11],
							"size": [10, 10, 22],
							"uv": {
								"north": {"uv": [22, 54], "uv_size": [10, 10]},
								"east": {"uv": [0, 54], "uv_size": [22, 10]},
								"south": {"uv": [54, 54], "uv_size": [10, 10]},
								"west": {"uv": [32, 54], "uv_size": [22, 10]},
								"up": {"uv": [22, 32], "uv_size": [10, 22]},
								"down": {"uv": [32, 54], "uv_size": [10, -22]}
							}
						}
					]
				},
				{
					"name": "LegBL",
					"parent": "Body",
					"pivot": [3, 11, 9],
					"cubes": [
						{
							"origin": [1, 0, 7],
							"size": [4, 11, 4],
							"uv": {
								"north": {"uv": [56, 25], "uv_size": [-4, 11]},
								"east": {"uv": [60, 25], "uv_size": [-4, 11]},
								"south": {"uv": [64, 25], "uv_size": [-4, 11]},
								"west": {"uv": [52, 25], "uv_size": [-4, 11]},
								"up": {"uv": [56, 21], "uv_size": [-4, 4]},
								"down": {"uv": [60, 25], "uv_size": [-4, -4]}
							}
						}
					]
				},
				{
					"name": "LegBR",
					"parent": "Body",
					"pivot": [-3, 11, 9],
					"cubes": [
						{
							"origin": [-5, 0, 7],
							"size": [4, 11, 4],
							"uv": {
								"north": {"uv": [52, 25], "uv_size": [4, 11]},
								"east": {"uv": [48, 25], "uv_size": [4, 11]},
								"south": {"uv": [60, 25], "uv_size": [4, 11]},
								"west": {"uv": [56, 25], "uv_size": [4, 11]},
								"up": {"uv": [52, 21], "uv_size": [4, 4]},
								"down": {"uv": [56, 25], "uv_size": [4, -4]}
							}
						}
					]
				},
				{
					"name": "LegFL",
					"parent": "Body",
					"pivot": [3, 11, -9],
					"cubes": [
						{
							"origin": [1, 0, -11],
							"size": [4, 11, 4],
							"uv": {
								"north": {"uv": [56, 25], "uv_size": [-4, 11]},
								"east": {"uv": [60, 25], "uv_size": [-4, 11]},
								"south": {"uv": [64, 25], "uv_size": [-4, 11]},
								"west": {"uv": [52, 25], "uv_size": [-4, 11]},
								"up": {"uv": [56, 21], "uv_size": [-4, 4]},
								"down": {"uv": [60, 25], "uv_size": [-4, -4]}
							}
						}
					]
				},
				{
					"name": "LegFR",
					"parent": "Body",
					"pivot": [-3, 11, -9],
					"cubes": [
						{
							"origin": [-5, 0, -11],
							"size": [4, 11, 4],
							"uv": {
								"north": {"uv": [52, 25], "uv_size": [4, 11]},
								"east": {"uv": [48, 25], "uv_size": [4, 11]},
								"south": {"uv": [60, 25], "uv_size": [4, 11]},
								"west": {"uv": [56, 25], "uv_size": [4, 11]},
								"up": {"uv": [52, 21], "uv_size": [4, 4]},
								"down": {"uv": [56, 25], "uv_size": [4, -4]}
							}
						}
					]
				},
				{
					"name": "Neck",
					"parent": "Body",
					"pivot": [0, 17, -8],
					"rotation": [30, 0, 0],
					"cubes": [
						{
							"origin": [-2, 16, -11],
							"size": [4, 12, 7],
							"uv": {
								"north": {"uv": [7, 42], "uv_size": [4, 12]},
								"east": {"uv": [0, 42], "uv_size": [7, 12]},
								"south": {"uv": [18, 42], "uv_size": [4, 12]},
								"west": {"uv": [11, 42], "uv_size": [7, 12]},
								"up": {"uv": [7, 35], "uv_size": [4, 7]},
								"down": {"uv": [11, 42], "uv_size": [4, -7]}
							}
						},
						{
							"origin": [-2, 16, -10],
							"size": [4, 12, 4],
							"inflate": -0.1,
							"uv": {
								"north": {"uv": [33, 47], "uv_size": [8, 6]},
								"east": {"uv": [33, 47], "uv_size": [8, 6]},
								"south": {"uv": [33, 47], "uv_size": [8, 6]},
								"west": {"uv": [33, 47], "uv_size": [8, 6]},
								"up": {"uv": [41, 53], "uv_size": [-8, -6]},
								"down": {"uv": [41, 53], "uv_size": [-8, -6]}
							}
						}
					],
					"locators": {
						"lead": [0, 17, -8]
					}
				},
				{
					"name": "Head",
					"parent": "Neck",
					"pivot": [0, 28, -11],
					"cubes": [
						{
							"origin": [-3, 28, -11],
							"size": [6, 5, 7],
							"uv": {
								"north": {"uv": [7, 20], "uv_size": [6, 5]},
								"east": {"uv": [0, 20], "uv_size": [7, 5]},
								"south": {"uv": [20, 20], "uv_size": [6, 5]},
								"west": {"uv": [13, 20], "uv_size": [7, 5]},
								"up": {"uv": [7, 13], "uv_size": [6, 7]},
								"down": {"uv": [13, 20], "uv_size": [6, -7]}
							}
						}
					]
				},
				{
					"name": "Muzzle",
					"parent": "Head",
					"pivot": [0, 28, -11],
					"cubes": [
						{
							"origin": [-2, 28, -16],
							"size": [4, 5, 5],
							"uv": {
								"north": {"uv": [5, 30], "uv_size": [4, 5]},
								"east": {"uv": [0, 30], "uv_size": [5, 5]},
								"south": {"uv": [14, 30], "uv_size": [4, 5]},
								"west": {"uv": [9, 30], "uv_size": [5, 5]},
								"up": {"uv": [5, 25], "uv_size": [4, 5]},
								"down": {"uv": [9, 30], "uv_size": [4, -5]}
							}
						}
					]
				},
				{
					"name": "MuleEarL",
					"parent": "Head",
					"pivot": [0, 17, -8],
					"rotation": [0, 0, 15]
				},
				{
					"name": "MuleEarR",
					"parent": "Head",
					"pivot": [0, 17, -8],
					"rotation": [0, 0, -15]
				},
				{
					"name": "ReinsL",
					"parent": "Head",
					"pivot": [2, 30.5, -13.5],
					"rotation": [-35, 0, 0],
					"cubes": [
						{
							"origin": [3.1, 29, -13],
							"size": [0, 3, 16],
							"uv": {
								"north": {"uv": [48, 18], "uv_size": [0, 3]},
								"east": {"uv": [32, 18], "uv_size": [16, 3]},
								"south": {"uv": [64, 18], "uv_size": [0, 3]},
								"west": {"uv": [48, 18], "uv_size": [16, 3]},
								"up": {"uv": [48, 2], "uv_size": [0, 16]},
								"down": {"uv": [48, 18], "uv_size": [0, -16]}
							}
						}
					]
				},
				{
					"name": "ReinsR",
					"parent": "Head",
					"pivot": [-3, 30.5, -13.5],
					"rotation": [-35, 0, 0],
					"cubes": [
						{
							"origin": [-3.1, 29, -13],
							"size": [0, 3, 16],
							"uv": {
								"north": {"uv": [48, 18], "uv_size": [0, 3]},
								"east": {"uv": [32, 18], "uv_size": [16, 3]},
								"south": {"uv": [64, 18], "uv_size": [0, 3]},
								"west": {"uv": [48, 18], "uv_size": [16, 3]},
								"up": {"uv": [48, 2], "uv_size": [0, 16]},
								"down": {"uv": [48, 18], "uv_size": [0, -16]}
							}
						}
					]
				},
				{
					"name": "Bridle",
					"parent": "Head",
					"pivot": [0, 17, -8],
					"cubes": [
						{
							"origin": [-2, 28, -13],
							"size": [4, 5, 2],
							"inflate": 0.25,
							"uv": {
								"north": {"uv": [21, 2], "uv_size": [4, 5]},
								"east": {"uv": [19, 2], "uv_size": [2, 5]},
								"south": {"uv": [27, 2], "uv_size": [4, 5]},
								"west": {"uv": [25, 2], "uv_size": [2, 5]},
								"up": {"uv": [21, 0], "uv_size": [4, 2]},
								"down": {"uv": [25, 2], "uv_size": [4, -2]}
							}
						}
					]
				},
				{
					"name": "BitL",
					"parent": "Bridle",
					"pivot": [0, 17, -8],
					"cubes": [
						{
							"origin": [2, 29, -14],
							"size": [1, 2, 2],
							"uv": {
								"north": {"uv": [31, 7], "uv_size": [1, 2]},
								"east": {"uv": [29, 7], "uv_size": [2, 2]},
								"south": {"uv": [34, 7], "uv_size": [1, 2]},
								"west": {"uv": [32, 7], "uv_size": [2, 2]},
								"up": {"uv": [31, 5], "uv_size": [1, 2]},
								"down": {"uv": [32, 7], "uv_size": [1, -2]}
							}
						}
					]
				},
				{
					"name": "BitR",
					"parent": "Bridle",
					"pivot": [0, 17, -8],
					"cubes": [
						{
							"origin": [-3, 29, -14],
							"size": [1, 2, 2],
							"uv": {
								"north": {"uv": [31, 7], "uv_size": [1, 2]},
								"east": {"uv": [29, 7], "uv_size": [2, 2]},
								"south": {"uv": [34, 7], "uv_size": [1, 2]},
								"west": {"uv": [32, 7], "uv_size": [2, 2]},
								"up": {"uv": [31, 5], "uv_size": [1, 2]},
								"down": {"uv": [32, 7], "uv_size": [1, -2]}
							}
						}
					]
				},
				{
					"name": "eye1",
					"parent": "Head",
					"pivot": [-3, 31, -9],
					"cubes": [
						{
							"origin": [-3, 31.05, -9.5],
							"size": [0, 0.9, 0.9],
							"uv": {
								"north": {"uv": [0, 0], "uv_size": [0, 0.9]},
								"east": {"uv": [0, 0], "uv_size": [0.9, 0.9]},
								"south": {"uv": [0, 0], "uv_size": [0, 0.9]},
								"west": {"uv": [0, 0], "uv_size": [0.9, 0.9]},
								"up": {"uv": [0, 0.9], "uv_size": [0, -0.9]},
								"down": {"uv": [0, 0.9], "uv_size": [0, -0.9]}
							}
						}
					]
				},
				{
					"name": "eye2",
					"parent": "Head",
					"pivot": [3, 31, -9],
					"cubes": [
						{
							"origin": [3, 31.05, -9.5],
							"size": [0.001, 0.9, 0.9],
							"uv": {
								"north": {"uv": [0, 0], "uv_size": [0.001, 0.9]},
								"east": {"uv": [0, 0], "uv_size": [0.9, 0.9]},
								"south": {"uv": [0, 0], "uv_size": [0.001, 0.9]},
								"west": {"uv": [0, 0], "uv_size": [0.9, 0.9]},
								"up": {"uv": [0.001, 0.9], "uv_size": [-0.001, -0.9]},
								"down": {"uv": [0.001, 0.9], "uv_size": [-0.001, -0.9]}
							}
						}
					]
				},
				{
					"name": "Mane",
					"parent": "Neck",
					"pivot": [0, 17, -8],
					"cubes": [
						{
							"origin": [-1, 17, -3.95],
							"size": [2, 16, 2],
							"uv": {
								"north": {"uv": [58, 38], "uv_size": [2, 16]},
								"east": {"uv": [56, 38], "uv_size": [2, 16]},
								"south": {"uv": [62, 38], "uv_size": [2, 16]},
								"west": {"uv": [60, 38], "uv_size": [2, 16]},
								"up": {"uv": [58, 36], "uv_size": [2, 2]},
								"down": {"uv": [60, 38], "uv_size": [2, -2]}
							}
						}
					]
				},
				{
					"name": "Saddle",
					"parent": "Body",
					"pivot": [0, 22, 2],
					"cubes": [
						{
							"origin": [-6, 75, 60.001],
							"size": [12, 10, 0.5],
							"pivot": [40, 21, 60],
							"rotation": [90, 0, 0],
							"uv": {
								"north": {"uv": [45, 0], "uv_size": [-10, 9]},
								"east": {"uv": [44, 0], "uv_size": [1, 9]},
								"south": {"uv": [35, 0], "uv_size": [10, 9]},
								"west": {"uv": [35, 0], "uv_size": [1, 9]},
								"up": {"uv": [45, 1], "uv_size": [-10, -1]},
								"down": {"uv": [45, 9], "uv_size": [-10, -1]}
							}
						},
						{
							"origin": [-27, 12, 31],
							"size": [1, 1, 1],
							"pivot": [6, -34, 31],
							"rotation": [0, -90, 0],
							"uv": {
								"north": {"uv": [33, 17], "uv_size": [-1, 1]},
								"east": {"uv": [32, 17], "uv_size": [1, 1]},
								"south": {"uv": [32, 17], "uv_size": [1, 1]},
								"west": {"uv": [32, 17], "uv_size": [1, 1]},
								"up": {"uv": [33, 18], "uv_size": [-1, -1]},
								"down": {"uv": [33, 18], "uv_size": [-1, -1]}
							}
						},
						{
							"origin": [-28, 12, 31],
							"size": [1, 3, 1],
							"pivot": [6, -34, 31],
							"rotation": [0, -90, 0],
							"uv": {
								"north": {"uv": [34, 15], "uv_size": [-1, 3]},
								"east": {"uv": [33, 15], "uv_size": [1, 3]},
								"south": {"uv": [33, 15], "uv_size": [1, 3]},
								"west": {"uv": [33, 15], "uv_size": [1, 3]},
								"up": {"uv": [34, 16], "uv_size": [-1, -1]},
								"down": {"uv": [34, 18], "uv_size": [-1, -1]}
							}
						},
						{
							"origin": [-26, 12, 31],
							"size": [1, 3, 1],
							"pivot": [6, -34, 31],
							"rotation": [0, -90, 0],
							"uv": {
								"north": {"uv": [32, 15], "uv_size": [-1, 3]},
								"east": {"uv": [31, 15], "uv_size": [1, 3]},
								"south": {"uv": [31, 15], "uv_size": [1, 3]},
								"west": {"uv": [31, 15], "uv_size": [1, 3]},
								"up": {"uv": [32, 16], "uv_size": [-1, -1]},
								"down": {"uv": [32, 18], "uv_size": [-1, -1]}
							}
						},
						{
							"origin": [-27, 14, 31],
							"size": [1, 5, 1],
							"pivot": [6, -34, 31],
							"rotation": [0, -90, 0],
							"uv": {
								"north": {"uv": [33, 11], "uv_size": [-1, 5]},
								"east": {"uv": [32, 11], "uv_size": [1, 5]},
								"south": {"uv": [32, 11], "uv_size": [1, 5]},
								"west": {"uv": [32, 11], "uv_size": [1, 5]},
								"up": {"uv": [33, 12], "uv_size": [-1, -1]},
								"down": {"uv": [33, 16], "uv_size": [-1, -1]}
							}
						},
						{
							"origin": [-29, 19, 30.99],
							"size": [10, 2, 1],
							"pivot": [6, -34, 31],
							"rotation": [0, -90, 0],
							"uv": {
								"north": {"uv": [35, 9], "uv_size": [-9, 2]},
								"east": {"uv": [34, 9], "uv_size": [1, 2]},
								"south": {"uv": [26, 9], "uv_size": [9, 2]},
								"west": {"uv": [26, 9], "uv_size": [1, 2]},
								"up": {"uv": [35, 10], "uv_size": [-9, -1]},
								"down": {"uv": [35, 11], "uv_size": [-9, -1]}
							}
						},
						{
							"origin": [-54, 12, -49],
							"size": [1, 1, 1],
							"pivot": [-6, -34, -49],
							"rotation": [0, 90, 0],
							"uv": {
								"north": {"uv": [48, 17], "uv_size": [-1, 1]},
								"east": {"uv": [47, 17], "uv_size": [1, 1]},
								"south": {"uv": [47, 17], "uv_size": [1, 1]},
								"west": {"uv": [47, 17], "uv_size": [1, 1]},
								"up": {"uv": [48, 18], "uv_size": [-1, -1]},
								"down": {"uv": [48, 18], "uv_size": [-1, -1]}
							}
						},
						{
							"origin": [-53, 12, -49],
							"size": [1, 3, 1],
							"pivot": [-6, -34, -49],
							"rotation": [0, 90, 0],
							"uv": {
								"north": {"uv": [47, 15], "uv_size": [-1, 3]},
								"east": {"uv": [46, 15], "uv_size": [1, 3]},
								"south": {"uv": [46, 15], "uv_size": [1, 3]},
								"west": {"uv": [46, 15], "uv_size": [1, 3]},
								"up": {"uv": [47, 16], "uv_size": [-1, -1]},
								"down": {"uv": [47, 18], "uv_size": [-1, -1]}
							}
						},
						{
							"origin": [-55, 12, -49],
							"size": [1, 3, 1],
							"pivot": [-6, -34, -49],
							"rotation": [0, 90, 0],
							"uv": {
								"north": {"uv": [49, 15], "uv_size": [-1, 3]},
								"east": {"uv": [48, 15], "uv_size": [1, 3]},
								"south": {"uv": [48, 15], "uv_size": [1, 3]},
								"west": {"uv": [48, 15], "uv_size": [1, 3]},
								"up": {"uv": [49, 16], "uv_size": [-1, -1]},
								"down": {"uv": [49, 18], "uv_size": [-1, -1]}
							}
						},
						{
							"origin": [-54, 14, -49],
							"size": [1, 5, 1],
							"pivot": [-6, -34, -49],
							"rotation": [0, 90, 0],
							"uv": {
								"north": {"uv": [48, 11], "uv_size": [-1, 5]},
								"east": {"uv": [47, 11], "uv_size": [1, 5]},
								"south": {"uv": [47, 11], "uv_size": [1, 5]},
								"west": {"uv": [47, 11], "uv_size": [1, 5]},
								"up": {"uv": [48, 12], "uv_size": [-1, -1]},
								"down": {"uv": [48, 16], "uv_size": [-1, -1]}
							}
						},
						{
							"origin": [-61, 19, -49.001],
							"size": [10, 2, 1],
							"pivot": [-6, -34, -49],
							"rotation": [0, 90, 0],
							"uv": {
								"north": {"uv": [54, 9], "uv_size": [-9, 2]},
								"east": {"uv": [53, 9], "uv_size": [1, 2]},
								"south": {"uv": [45, 9], "uv_size": [9, 2]},
								"west": {"uv": [45, 9], "uv_size": [1, 2]},
								"up": {"uv": [54, 10], "uv_size": [-9, -1]},
								"down": {"uv": [54, 11], "uv_size": [-9, -1]}
							}
						}
					]
				}
			]
		}
	]
}