{
	"format_version": "1.16.0",
	"minecraft:geometry": [
		{
			"description": {
				"identifier": "geometry.lz_zezf",
				"texture_width": 24,
				"texture_height": 24,
				"visible_bounds_width": 2,
				"visible_bounds_height": 3.5,
				"visible_bounds_offset": [0, 1.25, 0]
			},
			"bones": [
				{
					"name": "rightitem",
					"pivot": [0, 20, 0],
					"binding": "q.item_slot_to_bone_name(c.item_slot)",
					"cubes": [
						{
							"origin": [-0.7, 21, 0],
							"size": [1.4, 1, 1],
							"uv": {
								"north": {"uv": [4, 21], "uv_size": [1, 1]},
								"east": {"uv": [5, 21], "uv_size": [-1, 1]},
								"south": {"uv": [4, 21], "uv_size": [1, 1]},
								"west": {"uv": [4, 21], "uv_size": [1, 1]},
								"up": {"uv": [5, 22], "uv_size": [-1, -1]},
								"down": {"uv": [5, 22], "uv_size": [-1, -1]}
							}
						},
						{
							"origin": [-0.7, 22, -1],
							"size": [1.4, 1, 1],
							"uv": {
								"north": {"uv": [5, 20], "uv_size": [1, 1]},
								"east": {"uv": [6, 20], "uv_size": [-1, 1]},
								"south": {"uv": [5, 20], "uv_size": [1, 1]},
								"west": {"uv": [5, 20], "uv_size": [1, 1]},
								"up": {"uv": [6, 21], "uv_size": [-1, -1]},
								"down": {"uv": [6, 21], "uv_size": [-1, -1]}
							}
						},
						{
							"origin": [-0.7, 23, -2],
							"size": [1.4, 1, 1],
							"uv": {
								"north": {"uv": [6, 19], "uv_size": [1, 1]},
								"east": {"uv": [7, 19], "uv_size": [-1, 1]},
								"south": {"uv": [6, 19], "uv_size": [1, 1]},
								"west": {"uv": [6, 19], "uv_size": [1, 1]},
								"up": {"uv": [7, 20], "uv_size": [-1, -1]},
								"down": {"uv": [7, 20], "uv_size": [-1, -1]}
							}
						},
						{
							"origin": [-0.7, 24, -3],
							"size": [1.4, 1, 1],
							"uv": {
								"north": {"uv": [7, 18], "uv_size": [1, 1]},
								"east": {"uv": [8, 18], "uv_size": [-1, 1]},
								"south": {"uv": [7, 18], "uv_size": [1, 1]},
								"west": {"uv": [7, 18], "uv_size": [1, 1]},
								"up": {"uv": [8, 19], "uv_size": [-1, -1]},
								"down": {"uv": [8, 19], "uv_size": [-1, -1]}
							}
						},
						{
							"origin": [-0.7, 25, -4],
							"size": [1.4, 1, 1],
							"uv": {
								"north": {"uv": [8, 17], "uv_size": [1, 1]},
								"east": {"uv": [9, 17], "uv_size": [-1, 1]},
								"south": {"uv": [8, 17], "uv_size": [1, 1]},
								"west": {"uv": [8, 17], "uv_size": [1, 1]},
								"up": {"uv": [9, 18], "uv_size": [-1, -1]},
								"down": {"uv": [9, 18], "uv_size": [-1, -1]}
							}
						},
						{
							"origin": [-0.7, 26, -5],
							"size": [1.4, 1, 1],
							"uv": {
								"north": {"uv": [9, 16], "uv_size": [1, 1]},
								"east": {"uv": [10, 16], "uv_size": [-1, 1]},
								"south": {"uv": [9, 16], "uv_size": [1, 1]},
								"west": {"uv": [9, 16], "uv_size": [1, 1]},
								"up": {"uv": [10, 17], "uv_size": [-1, -1]},
								"down": {"uv": [10, 17], "uv_size": [-1, -1]}
							}
						},
						{
							"origin": [-0.7, 27, -6],
							"size": [1.4, 1, 1],
							"uv": {
								"north": {"uv": [10, 15], "uv_size": [1, 1]},
								"east": {"uv": [11, 15], "uv_size": [-1, 1]},
								"south": {"uv": [10, 15], "uv_size": [1, 1]},
								"west": {"uv": [10, 15], "uv_size": [1, 1]},
								"up": {"uv": [11, 16], "uv_size": [-1, -1]},
								"down": {"uv": [11, 16], "uv_size": [-1, -1]}
							}
						},
						{
							"origin": [-0.875, 27, -10],
							"size": [1.75, 1, 1],
							"uv": {
								"north": {"uv": [10, 11], "uv_size": [1, 1]},
								"east": {"uv": [11, 11], "uv_size": [-1, 1]},
								"south": {"uv": [10, 11], "uv_size": [1, 1]},
								"west": {"uv": [10, 11], "uv_size": [1, 1]},
								"up": {"uv": [11, 12], "uv_size": [-1, -1]},
								"down": {"uv": [11, 12], "uv_size": [-1, -1]}
							}
						},
						{
							"origin": [-0.875, 28, -10],
							"size": [1.75, 1, 1],
							"uv": {
								"north": {"uv": [11, 11], "uv_size": [1, 1]},
								"east": {"uv": [12, 11], "uv_size": [-1, 1]},
								"south": {"uv": [11, 11], "uv_size": [1, 1]},
								"west": {"uv": [11, 11], "uv_size": [1, 1]},
								"up": {"uv": [12, 12], "uv_size": [-1, -1]},
								"down": {"uv": [12, 12], "uv_size": [-1, -1]}
							}
						},
						{
							"origin": [-0.875, 26, -9],
							"size": [1.75, 1, 1],
							"uv": {
								"north": {"uv": [9, 12], "uv_size": [1, 1]},
								"east": {"uv": [10, 12], "uv_size": [-1, 1]},
								"south": {"uv": [9, 12], "uv_size": [1, 1]},
								"west": {"uv": [9, 12], "uv_size": [1, 1]},
								"up": {"uv": [10, 13], "uv_size": [-1, -1]},
								"down": {"uv": [10, 13], "uv_size": [-1, -1]}
							}
						},
						{
							"origin": [-0.875, 27, -9],
							"size": [1.75, 1, 1],
							"uv": {
								"north": {"uv": [10, 12], "uv_size": [1, 1]},
								"east": {"uv": [11, 12], "uv_size": [-1, 1]},
								"south": {"uv": [10, 12], "uv_size": [1, 1]},
								"west": {"uv": [10, 12], "uv_size": [1, 1]},
								"up": {"uv": [11, 13], "uv_size": [-1, -1]},
								"down": {"uv": [11, 13], "uv_size": [-1, -1]}
							}
						},
						{
							"origin": [-0.875, 28, -9],
							"size": [1.75, 1, 1],
							"uv": {
								"north": {"uv": [11, 12], "uv_size": [1, 1]},
								"east": {"uv": [12, 12], "uv_size": [-1, 1]},
								"south": {"uv": [11, 12], "uv_size": [1, 1]},
								"west": {"uv": [11, 12], "uv_size": [1, 1]},
								"up": {"uv": [12, 13], "uv_size": [-1, -1]},
								"down": {"uv": [12, 13], "uv_size": [-1, -1]}
							}
						},
						{
							"origin": [-0.875, 26, -8],
							"size": [1.75, 1, 1],
							"uv": {
								"north": {"uv": [9, 13], "uv_size": [1, 1]},
								"east": {"uv": [10, 13], "uv_size": [-1, 1]},
								"south": {"uv": [9, 13], "uv_size": [1, 1]},
								"west": {"uv": [9, 13], "uv_size": [1, 1]},
								"up": {"uv": [10, 14], "uv_size": [-1, -1]},
								"down": {"uv": [10, 14], "uv_size": [-1, -1]}
							}
						},
						{
							"origin": [-0.875, 27, -8],
							"size": [1.75, 1, 1],
							"uv": {
								"north": {"uv": [10, 13], "uv_size": [1, 1]},
								"east": {"uv": [11, 13], "uv_size": [-1, 1]},
								"south": {"uv": [10, 13], "uv_size": [1, 1]},
								"west": {"uv": [10, 13], "uv_size": [1, 1]},
								"up": {"uv": [11, 14], "uv_size": [-1, -1]},
								"down": {"uv": [11, 14], "uv_size": [-1, -1]}
							}
						},
						{
							"origin": [-0.875, 28, -8],
							"size": [1.75, 1, 1],
							"uv": {
								"north": {"uv": [11, 13], "uv_size": [1, 1]},
								"east": {"uv": [12, 13], "uv_size": [-1, 1]},
								"south": {"uv": [11, 13], "uv_size": [1, 1]},
								"west": {"uv": [11, 13], "uv_size": [1, 1]},
								"up": {"uv": [12, 14], "uv_size": [-1, -1]},
								"down": {"uv": [12, 14], "uv_size": [-1, -1]}
							}
						},
						{
							"origin": [-0.875, 29, -8],
							"size": [1.75, 1, 1],
							"uv": {
								"north": {"uv": [12, 13], "uv_size": [1, 1]},
								"east": {"uv": [13, 13], "uv_size": [-1, 1]},
								"south": {"uv": [12, 13], "uv_size": [1, 1]},
								"west": {"uv": [12, 13], "uv_size": [1, 1]},
								"up": {"uv": [13, 14], "uv_size": [-1, -1]},
								"down": {"uv": [13, 14], "uv_size": [-1, -1]}
							}
						},
						{
							"origin": [-0.875, 28, -7],
							"size": [1.75, 1, 1],
							"uv": {
								"north": {"uv": [11, 14], "uv_size": [1, 1]},
								"east": {"uv": [12, 14], "uv_size": [-1, 1]},
								"south": {"uv": [11, 14], "uv_size": [1, 1]},
								"west": {"uv": [11, 14], "uv_size": [1, 1]},
								"up": {"uv": [12, 15], "uv_size": [-1, -1]},
								"down": {"uv": [12, 15], "uv_size": [-1, -1]}
							}
						},
						{
							"origin": [-0.875, 29, -7],
							"size": [1.75, 1, 1],
							"uv": {
								"north": {"uv": [12, 14], "uv_size": [1, 1]},
								"east": {"uv": [13, 14], "uv_size": [-1, 1]},
								"south": {"uv": [12, 14], "uv_size": [1, 1]},
								"west": {"uv": [12, 14], "uv_size": [1, 1]},
								"up": {"uv": [13, 15], "uv_size": [-1, -1]},
								"down": {"uv": [13, 15], "uv_size": [-1, -1]}
							}
						},
						{
							"origin": [-0.875, 30, -7],
							"size": [1.75, 1, 1],
							"uv": {
								"north": {"uv": [13, 14], "uv_size": [1, 1]},
								"east": {"uv": [14, 14], "uv_size": [-1, 1]},
								"south": {"uv": [13, 14], "uv_size": [1, 1]},
								"west": {"uv": [13, 14], "uv_size": [1, 1]},
								"up": {"uv": [14, 15], "uv_size": [-1, -1]},
								"down": {"uv": [14, 15], "uv_size": [-1, -1]}
							}
						},
						{
							"origin": [-0.875, 29, -6],
							"size": [1.75, 1, 1],
							"uv": {
								"north": {"uv": [12, 15], "uv_size": [1, 1]},
								"east": {"uv": [13, 15], "uv_size": [-1, 1]},
								"south": {"uv": [12, 15], "uv_size": [1, 1]},
								"west": {"uv": [12, 15], "uv_size": [1, 1]},
								"up": {"uv": [13, 16], "uv_size": [-1, -1]},
								"down": {"uv": [13, 16], "uv_size": [-1, -1]}
							}
						},
						{
							"origin": [-0.875, 30, -6],
							"size": [1.75, 1, 1],
							"uv": {
								"north": {"uv": [13, 15], "uv_size": [1, 1]},
								"east": {"uv": [14, 15], "uv_size": [-1, 1]},
								"south": {"uv": [13, 15], "uv_size": [1, 1]},
								"west": {"uv": [13, 15], "uv_size": [1, 1]},
								"up": {"uv": [14, 16], "uv_size": [-1, -1]},
								"down": {"uv": [14, 16], "uv_size": [-1, -1]}
							}
						},
						{
							"origin": [-0.75, 27, -11],
							"size": [1.5, 1, 1],
							"uv": {
								"north": {"uv": [10, 10], "uv_size": [1, 1]},
								"east": {"uv": [11, 10], "uv_size": [-1, 1]},
								"south": {"uv": [10, 10], "uv_size": [1, 1]},
								"west": {"uv": [10, 10], "uv_size": [1, 1]},
								"up": {"uv": [11, 11], "uv_size": [-1, -1]},
								"down": {"uv": [11, 11], "uv_size": [-1, -1]}
							}
						},
						{
							"origin": [-0.75, 28, -11],
							"size": [1.5, 1, 1],
							"uv": {
								"north": {"uv": [11, 10], "uv_size": [1, 1]},
								"east": {"uv": [12, 10], "uv_size": [-1, 1]},
								"south": {"uv": [11, 10], "uv_size": [1, 1]},
								"west": {"uv": [11, 10], "uv_size": [1, 1]},
								"up": {"uv": [12, 11], "uv_size": [-1, -1]},
								"down": {"uv": [12, 11], "uv_size": [-1, -1]}
							}
						},
						{
							"origin": [-0.75, 26, -10],
							"size": [1.5, 1, 1],
							"uv": {
								"north": {"uv": [9, 11], "uv_size": [1, 1]},
								"east": {"uv": [10, 11], "uv_size": [-1, 1]},
								"south": {"uv": [9, 11], "uv_size": [1, 1]},
								"west": {"uv": [9, 11], "uv_size": [1, 1]},
								"up": {"uv": [10, 12], "uv_size": [-1, -1]},
								"down": {"uv": [10, 12], "uv_size": [-1, -1]}
							}
						},
						{
							"origin": [-0.75, 25, -9],
							"size": [1.5, 1, 1],
							"uv": {
								"north": {"uv": [8, 12], "uv_size": [1, 1]},
								"east": {"uv": [9, 12], "uv_size": [-1, 1]},
								"south": {"uv": [8, 12], "uv_size": [1, 1]},
								"west": {"uv": [8, 12], "uv_size": [1, 1]},
								"up": {"uv": [9, 13], "uv_size": [-1, -1]},
								"down": {"uv": [9, 13], "uv_size": [-1, -1]}
							}
						},
						{
							"origin": [-0.475, 30, -9],
							"size": [0.95, 1, 1],
							"uv": {
								"north": {"uv": [13, 12], "uv_size": [1, 1]},
								"east": {"uv": [14, 12], "uv_size": [-1, 1]},
								"south": {"uv": [13, 12], "uv_size": [1, 1]},
								"west": {"uv": [13, 12], "uv_size": [1, 1]},
								"up": {"uv": [14, 13], "uv_size": [-1, -1]},
								"down": {"uv": [14, 13], "uv_size": [-1, -1]}
							}
						},
						{
							"origin": [-0.75, 25, -8],
							"size": [1.5, 1, 1],
							"uv": {
								"north": {"uv": [8, 13], "uv_size": [1, 1]},
								"east": {"uv": [9, 13], "uv_size": [-1, 1]},
								"south": {"uv": [8, 13], "uv_size": [1, 1]},
								"west": {"uv": [8, 13], "uv_size": [1, 1]},
								"up": {"uv": [9, 14], "uv_size": [-1, -1]},
								"down": {"uv": [9, 14], "uv_size": [-1, -1]}
							}
						},
						{
							"origin": [-0.5, 21, 1],
							"size": [1, 1, 1],
							"uv": {
								"north": {"uv": [4, 22], "uv_size": [1, 1]},
								"east": {"uv": [5, 22], "uv_size": [-1, 1]},
								"south": {"uv": [4, 22], "uv_size": [1, 1]},
								"west": {"uv": [4, 22], "uv_size": [1, 1]},
								"up": {"uv": [5, 23], "uv_size": [-1, -1]},
								"down": {"uv": [5, 23], "uv_size": [-1, -1]}
							}
						},
						{
							"origin": [-0.5, 20, 1],
							"size": [1, 1, 1],
							"uv": {
								"north": {"uv": [3, 22], "uv_size": [1, 1]},
								"east": {"uv": [4, 22], "uv_size": [-1, 1]},
								"south": {"uv": [3, 22], "uv_size": [1, 1]},
								"west": {"uv": [3, 22], "uv_size": [1, 1]},
								"up": {"uv": [4, 23], "uv_size": [-1, -1]},
								"down": {"uv": [4, 23], "uv_size": [-1, -1]}
							}
						},
						{
							"origin": [-0.5, 22, 0],
							"size": [1, 1, 1],
							"uv": {
								"north": {"uv": [5, 21], "uv_size": [1, 1]},
								"east": {"uv": [6, 21], "uv_size": [-1, 1]},
								"south": {"uv": [5, 21], "uv_size": [1, 1]},
								"west": {"uv": [5, 21], "uv_size": [1, 1]},
								"up": {"uv": [6, 22], "uv_size": [-1, -1]},
								"down": {"uv": [6, 22], "uv_size": [-1, -1]}
							}
						},
						{
							"origin": [-0.5, 20, 0],
							"size": [1, 1, 1],
							"uv": {
								"north": {"uv": [3, 21], "uv_size": [1, 1]},
								"east": {"uv": [4, 21], "uv_size": [-1, 1]},
								"south": {"uv": [3, 21], "uv_size": [1, 1]},
								"west": {"uv": [3, 21], "uv_size": [1, 1]},
								"up": {"uv": [4, 22], "uv_size": [-1, -1]},
								"down": {"uv": [4, 22], "uv_size": [-1, -1]}
							}
						},
						{
							"origin": [-0.5, 23, -1],
							"size": [1, 1, 1],
							"uv": {
								"north": {"uv": [6, 20], "uv_size": [1, 1]},
								"east": {"uv": [7, 20], "uv_size": [-1, 1]},
								"south": {"uv": [6, 20], "uv_size": [1, 1]},
								"west": {"uv": [6, 20], "uv_size": [1, 1]},
								"up": {"uv": [7, 21], "uv_size": [-1, -1]},
								"down": {"uv": [7, 21], "uv_size": [-1, -1]}
							}
						},
						{
							"origin": [-0.5, 21, -1],
							"size": [1, 1, 1],
							"uv": {
								"north": {"uv": [4, 20], "uv_size": [1, 1]},
								"east": {"uv": [5, 20], "uv_size": [-1, 1]},
								"south": {"uv": [4, 20], "uv_size": [1, 1]},
								"west": {"uv": [4, 20], "uv_size": [1, 1]},
								"up": {"uv": [5, 21], "uv_size": [-1, -1]},
								"down": {"uv": [5, 21], "uv_size": [-1, -1]}
							}
						},
						{
							"origin": [-0.5, 24, -2],
							"size": [1, 1, 1],
							"uv": {
								"north": {"uv": [7, 19], "uv_size": [1, 1]},
								"east": {"uv": [8, 19], "uv_size": [-1, 1]},
								"south": {"uv": [7, 19], "uv_size": [1, 1]},
								"west": {"uv": [7, 19], "uv_size": [1, 1]},
								"up": {"uv": [8, 20], "uv_size": [-1, -1]},
								"down": {"uv": [8, 20], "uv_size": [-1, -1]}
							}
						},
						{
							"origin": [-0.5, 22, -2],
							"size": [1, 1, 1],
							"uv": {
								"north": {"uv": [5, 19], "uv_size": [1, 1]},
								"east": {"uv": [6, 19], "uv_size": [-1, 1]},
								"south": {"uv": [5, 19], "uv_size": [1, 1]},
								"west": {"uv": [5, 19], "uv_size": [1, 1]},
								"up": {"uv": [6, 20], "uv_size": [-1, -1]},
								"down": {"uv": [6, 20], "uv_size": [-1, -1]}
							}
						},
						{
							"origin": [-0.5, 25, -3],
							"size": [1, 1, 1],
							"uv": {
								"north": {"uv": [8, 18], "uv_size": [1, 1]},
								"east": {"uv": [9, 18], "uv_size": [-1, 1]},
								"south": {"uv": [8, 18], "uv_size": [1, 1]},
								"west": {"uv": [8, 18], "uv_size": [1, 1]},
								"up": {"uv": [9, 19], "uv_size": [-1, -1]},
								"down": {"uv": [9, 19], "uv_size": [-1, -1]}
							}
						},
						{
							"origin": [-0.5, 23, -3],
							"size": [1, 1, 1],
							"uv": {
								"north": {"uv": [6, 18], "uv_size": [1, 1]},
								"east": {"uv": [7, 18], "uv_size": [-1, 1]},
								"south": {"uv": [6, 18], "uv_size": [1, 1]},
								"west": {"uv": [6, 18], "uv_size": [1, 1]},
								"up": {"uv": [7, 19], "uv_size": [-1, -1]},
								"down": {"uv": [7, 19], "uv_size": [-1, -1]}
							}
						},
						{
							"origin": [-0.5, 26, -4],
							"size": [1, 1, 1],
							"uv": {
								"north": {"uv": [9, 17], "uv_size": [1, 1]},
								"east": {"uv": [10, 17], "uv_size": [-1, 1]},
								"south": {"uv": [9, 17], "uv_size": [1, 1]},
								"west": {"uv": [9, 17], "uv_size": [1, 1]},
								"up": {"uv": [10, 18], "uv_size": [-1, -1]},
								"down": {"uv": [10, 18], "uv_size": [-1, -1]}
							}
						},
						{
							"origin": [-0.5, 24, -4],
							"size": [1, 1, 1],
							"uv": {
								"north": {"uv": [7, 17], "uv_size": [1, 1]},
								"east": {"uv": [8, 17], "uv_size": [-1, 1]},
								"south": {"uv": [7, 17], "uv_size": [1, 1]},
								"west": {"uv": [7, 17], "uv_size": [1, 1]},
								"up": {"uv": [8, 18], "uv_size": [-1, -1]},
								"down": {"uv": [8, 18], "uv_size": [-1, -1]}
							}
						},
						{
							"origin": [-0.5, 30, -5],
							"size": [1, 1, 1],
							"uv": {
								"north": {"uv": [13, 16], "uv_size": [1, 1]},
								"east": {"uv": [14, 16], "uv_size": [-1, 1]},
								"south": {"uv": [13, 16], "uv_size": [1, 1]},
								"west": {"uv": [13, 16], "uv_size": [1, 1]},
								"up": {"uv": [14, 17], "uv_size": [-1, -1]},
								"down": {"uv": [14, 17], "uv_size": [-1, -1]}
							}
						},
						{
							"origin": [-0.5, 29, -5],
							"size": [1, 1, 1],
							"uv": {
								"north": {"uv": [12, 16], "uv_size": [1, 1]},
								"east": {"uv": [13, 16], "uv_size": [-1, 1]},
								"south": {"uv": [12, 16], "uv_size": [1, 1]},
								"west": {"uv": [12, 16], "uv_size": [1, 1]},
								"up": {"uv": [13, 17], "uv_size": [-1, -1]},
								"down": {"uv": [13, 17], "uv_size": [-1, -1]}
							}
						},
						{
							"origin": [-0.5, 27, -5],
							"size": [1, 1, 1],
							"uv": {
								"north": {"uv": [10, 16], "uv_size": [1, 1]},
								"east": {"uv": [11, 16], "uv_size": [-1, 1]},
								"south": {"uv": [10, 16], "uv_size": [1, 1]},
								"west": {"uv": [10, 16], "uv_size": [1, 1]},
								"up": {"uv": [11, 17], "uv_size": [-1, -1]},
								"down": {"uv": [11, 17], "uv_size": [-1, -1]}
							}
						},
						{
							"origin": [-0.5, 25, -5],
							"size": [1, 1, 1],
							"uv": {
								"north": {"uv": [8, 16], "uv_size": [1, 1]},
								"east": {"uv": [9, 16], "uv_size": [-1, 1]},
								"south": {"uv": [8, 16], "uv_size": [1, 1]},
								"west": {"uv": [8, 16], "uv_size": [1, 1]},
								"up": {"uv": [9, 17], "uv_size": [-1, -1]},
								"down": {"uv": [9, 17], "uv_size": [-1, -1]}
							}
						},
						{
							"origin": [-0.5, 28, -6],
							"size": [1, 1, 1],
							"uv": {
								"north": {"uv": [11, 15], "uv_size": [1, 1]},
								"east": {"uv": [12, 15], "uv_size": [-1, 1]},
								"south": {"uv": [11, 15], "uv_size": [1, 1]},
								"west": {"uv": [11, 15], "uv_size": [1, 1]},
								"up": {"uv": [12, 16], "uv_size": [-1, -1]},
								"down": {"uv": [12, 16], "uv_size": [-1, -1]}
							}
						},
						{
							"origin": [-0.5, 26, -6],
							"size": [1, 1, 1],
							"uv": {
								"north": {"uv": [9, 15], "uv_size": [1, 1]},
								"east": {"uv": [10, 15], "uv_size": [-1, 1]},
								"south": {"uv": [9, 15], "uv_size": [1, 1]},
								"west": {"uv": [9, 15], "uv_size": [1, 1]},
								"up": {"uv": [10, 16], "uv_size": [-1, -1]},
								"down": {"uv": [10, 16], "uv_size": [-1, -1]}
							}
						},
						{
							"origin": [-0.5, 31, -7],
							"size": [1, 1, 1],
							"uv": {
								"north": {"uv": [14, 14], "uv_size": [1, 1]},
								"east": {"uv": [15, 14], "uv_size": [-1, 1]},
								"south": {"uv": [14, 14], "uv_size": [1, 1]},
								"west": {"uv": [14, 14], "uv_size": [1, 1]},
								"up": {"uv": [15, 15], "uv_size": [-1, -1]},
								"down": {"uv": [15, 15], "uv_size": [-1, -1]}
							}
						},
						{
							"origin": [-0.5, 27, -7],
							"size": [1, 1, 1],
							"uv": {
								"north": {"uv": [10, 14], "uv_size": [1, 1]},
								"east": {"uv": [11, 14], "uv_size": [-1, 1]},
								"south": {"uv": [10, 14], "uv_size": [1, 1]},
								"west": {"uv": [10, 14], "uv_size": [1, 1]},
								"up": {"uv": [11, 15], "uv_size": [-1, -1]},
								"down": {"uv": [11, 15], "uv_size": [-1, -1]}
							}
						},
						{
							"origin": [-0.5, 26, -7],
							"size": [1, 1, 1],
							"uv": {
								"north": {"uv": [9, 14], "uv_size": [1, 1]},
								"east": {"uv": [10, 14], "uv_size": [-1, 1]},
								"south": {"uv": [9, 14], "uv_size": [1, 1]},
								"west": {"uv": [9, 14], "uv_size": [1, 1]},
								"up": {"uv": [10, 15], "uv_size": [-1, -1]},
								"down": {"uv": [10, 15], "uv_size": [-1, -1]}
							}
						},
						{
							"origin": [-0.5, 25, -7],
							"size": [1, 1, 1],
							"uv": {
								"north": {"uv": [8, 14], "uv_size": [1, 1]},
								"east": {"uv": [9, 14], "uv_size": [-1, 1]},
								"south": {"uv": [8, 14], "uv_size": [1, 1]},
								"west": {"uv": [8, 14], "uv_size": [1, 1]},
								"up": {"uv": [9, 15], "uv_size": [-1, -1]},
								"down": {"uv": [9, 15], "uv_size": [-1, -1]}
							}
						},
						{
							"origin": [-0.5, 30, -8],
							"size": [1, 1, 1],
							"uv": {
								"north": {"uv": [13, 13], "uv_size": [1, 1]},
								"east": {"uv": [14, 13], "uv_size": [-1, 1]},
								"south": {"uv": [13, 13], "uv_size": [1, 1]},
								"west": {"uv": [13, 13], "uv_size": [1, 1]},
								"up": {"uv": [14, 14], "uv_size": [-1, -1]},
								"down": {"uv": [14, 14], "uv_size": [-1, -1]}
							}
						},
						{
							"origin": [-0.5, 24, -8],
							"size": [1, 1, 1],
							"uv": {
								"north": {"uv": [7, 13], "uv_size": [1, 1]},
								"east": {"uv": [8, 13], "uv_size": [-1, 1]},
								"south": {"uv": [7, 13], "uv_size": [1, 1]},
								"west": {"uv": [7, 13], "uv_size": [1, 1]},
								"up": {"uv": [8, 14], "uv_size": [-1, -1]},
								"down": {"uv": [8, 14], "uv_size": [-1, -1]}
							}
						},
						{
							"origin": [-0.5, 29, -9],
							"size": [1, 1, 1],
							"uv": {
								"north": {"uv": [12, 12], "uv_size": [1, 1]},
								"east": {"uv": [13, 12], "uv_size": [-1, 1]},
								"south": {"uv": [12, 12], "uv_size": [1, 1]},
								"west": {"uv": [12, 12], "uv_size": [1, 1]},
								"up": {"uv": [13, 13], "uv_size": [-1, -1]},
								"down": {"uv": [13, 13], "uv_size": [-1, -1]}
							}
						},
						{
							"origin": [-0.5, 24, -9],
							"size": [1, 1, 1],
							"uv": {
								"north": {"uv": [7, 12], "uv_size": [1, 1]},
								"east": {"uv": [8, 12], "uv_size": [-1, 1]},
								"south": {"uv": [7, 12], "uv_size": [1, 1]},
								"west": {"uv": [7, 12], "uv_size": [1, 1]},
								"up": {"uv": [8, 13], "uv_size": [-1, -1]},
								"down": {"uv": [8, 13], "uv_size": [-1, -1]}
							}
						},
						{
							"origin": [-0.5, 29, -10],
							"size": [1, 1, 1],
							"uv": {
								"north": {"uv": [12, 11], "uv_size": [1, 1]},
								"east": {"uv": [13, 11], "uv_size": [-1, 1]},
								"south": {"uv": [12, 11], "uv_size": [1, 1]},
								"west": {"uv": [12, 11], "uv_size": [1, 1]},
								"up": {"uv": [13, 12], "uv_size": [-1, -1]},
								"down": {"uv": [13, 12], "uv_size": [-1, -1]}
							}
						},
						{
							"origin": [-0.5, 25, -10],
							"size": [1, 1, 1],
							"uv": {
								"north": {"uv": [8, 11], "uv_size": [1, 1]},
								"east": {"uv": [9, 11], "uv_size": [-1, 1]},
								"south": {"uv": [8, 11], "uv_size": [1, 1]},
								"west": {"uv": [8, 11], "uv_size": [1, 1]},
								"up": {"uv": [9, 12], "uv_size": [-1, -1]},
								"down": {"uv": [9, 12], "uv_size": [-1, -1]}
							}
						},
						{
							"origin": [-0.5, 26, -11],
							"size": [1, 1, 1],
							"uv": {
								"north": {"uv": [9, 10], "uv_size": [1, 1]},
								"east": {"uv": [10, 10], "uv_size": [-1, 1]},
								"south": {"uv": [9, 10], "uv_size": [1, 1]},
								"west": {"uv": [9, 10], "uv_size": [1, 1]},
								"up": {"uv": [10, 11], "uv_size": [-1, -1]},
								"down": {"uv": [10, 11], "uv_size": [-1, -1]}
							}
						},
						{
							"origin": [-0.5, 28, -12],
							"size": [1, 1, 1],
							"uv": {
								"north": {"uv": [11, 9], "uv_size": [1, 1]},
								"east": {"uv": [12, 9], "uv_size": [-1, 1]},
								"south": {"uv": [11, 9], "uv_size": [1, 1]},
								"west": {"uv": [11, 9], "uv_size": [1, 1]},
								"up": {"uv": [12, 10], "uv_size": [-1, -1]},
								"down": {"uv": [12, 10], "uv_size": [-1, -1]}
							}
						},
						{
							"origin": [-0.5, 27, -12],
							"size": [1, 1, 1],
							"uv": {
								"north": {"uv": [10, 9], "uv_size": [1, 1]},
								"east": {"uv": [11, 9], "uv_size": [-1, 1]},
								"south": {"uv": [10, 9], "uv_size": [1, 1]},
								"west": {"uv": [10, 9], "uv_size": [1, 1]},
								"up": {"uv": [11, 10], "uv_size": [-1, -1]},
								"down": {"uv": [11, 10], "uv_size": [-1, -1]}
							}
						}
					]
				},
				{
					"name": "axe1",
					"parent": "rightitem",
					"pivot": [0, 27, -10],
					"cubes": [
						{
							"origin": [-0.675, 31, -20],
							"size": [1.35, 1, 1],
							"uv": {
								"north": {"uv": [14, 1], "uv_size": [1, 1]},
								"east": {"uv": [15, 1], "uv_size": [-1, 1]},
								"south": {"uv": [14, 1], "uv_size": [1, 1]},
								"west": {"uv": [14, 1], "uv_size": [1, 1]},
								"up": {"uv": [15, 2], "uv_size": [-1, -1]},
								"down": {"uv": [15, 2], "uv_size": [-1, -1]}
							}
						},
						{
							"origin": [-0.675, 32, -20],
							"size": [1.35, 1, 1],
							"uv": {
								"north": {"uv": [15, 1], "uv_size": [1, 1]},
								"east": {"uv": [16, 1], "uv_size": [-1, 1]},
								"south": {"uv": [15, 1], "uv_size": [1, 1]},
								"west": {"uv": [15, 1], "uv_size": [1, 1]},
								"up": {"uv": [16, 2], "uv_size": [-1, -1]},
								"down": {"uv": [16, 2], "uv_size": [-1, -1]}
							}
						},
						{
							"origin": [-0.675, 33, -20],
							"size": [1.35, 1, 1],
							"uv": {
								"north": {"uv": [16, 1], "uv_size": [1, 1]},
								"east": {"uv": [17, 1], "uv_size": [-1, 1]},
								"south": {"uv": [16, 1], "uv_size": [1, 1]},
								"west": {"uv": [16, 1], "uv_size": [1, 1]},
								"up": {"uv": [17, 2], "uv_size": [-1, -1]},
								"down": {"uv": [17, 2], "uv_size": [-1, -1]}
							}
						},
						{
							"origin": [-0.675, 34, -20],
							"size": [1.35, 1, 1],
							"uv": {
								"north": {"uv": [17, 1], "uv_size": [1, 1]},
								"east": {"uv": [18, 1], "uv_size": [-1, 1]},
								"south": {"uv": [17, 1], "uv_size": [1, 1]},
								"west": {"uv": [17, 1], "uv_size": [1, 1]},
								"up": {"uv": [18, 2], "uv_size": [-1, -1]},
								"down": {"uv": [18, 2], "uv_size": [-1, -1]}
							}
						},
						{
							"origin": [-0.675, 35, -20],
							"size": [1.35, 1, 1],
							"uv": {
								"north": {"uv": [18, 1], "uv_size": [1, 1]},
								"east": {"uv": [19, 1], "uv_size": [-1, 1]},
								"south": {"uv": [18, 1], "uv_size": [1, 1]},
								"west": {"uv": [18, 1], "uv_size": [1, 1]},
								"up": {"uv": [19, 2], "uv_size": [-1, -1]},
								"down": {"uv": [19, 2], "uv_size": [-1, -1]}
							}
						},
						{
							"origin": [-0.675, 30, -19],
							"size": [1.35, 1, 1],
							"uv": {
								"north": {"uv": [13, 2], "uv_size": [1, 1]},
								"east": {"uv": [14, 2], "uv_size": [-1, 1]},
								"south": {"uv": [13, 2], "uv_size": [1, 1]},
								"west": {"uv": [13, 2], "uv_size": [1, 1]},
								"up": {"uv": [14, 3], "uv_size": [-1, -1]},
								"down": {"uv": [14, 3], "uv_size": [-1, -1]}
							}
						},
						{
							"origin": [-0.75, 31, -19],
							"size": [1.5, 1, 1],
							"uv": {
								"north": {"uv": [14, 2], "uv_size": [1, 1]},
								"east": {"uv": [15, 2], "uv_size": [-1, 1]},
								"south": {"uv": [14, 2], "uv_size": [1, 1]},
								"west": {"uv": [14, 2], "uv_size": [1, 1]},
								"up": {"uv": [15, 3], "uv_size": [-1, -1]},
								"down": {"uv": [15, 3], "uv_size": [-1, -1]}
							}
						},
						{
							"origin": [-0.75, 32, -19],
							"size": [1.5, 1, 1],
							"uv": {
								"north": {"uv": [15, 2], "uv_size": [1, 1]},
								"east": {"uv": [16, 2], "uv_size": [-1, 1]},
								"south": {"uv": [15, 2], "uv_size": [1, 1]},
								"west": {"uv": [15, 2], "uv_size": [1, 1]},
								"up": {"uv": [16, 3], "uv_size": [-1, -1]},
								"down": {"uv": [16, 3], "uv_size": [-1, -1]}
							}
						},
						{
							"origin": [-0.75, 33, -19],
							"size": [1.5, 1, 1],
							"uv": {
								"north": {"uv": [16, 2], "uv_size": [1, 1]},
								"east": {"uv": [17, 2], "uv_size": [-1, 1]},
								"south": {"uv": [16, 2], "uv_size": [1, 1]},
								"west": {"uv": [16, 2], "uv_size": [1, 1]},
								"up": {"uv": [17, 3], "uv_size": [-1, -1]},
								"down": {"uv": [17, 3], "uv_size": [-1, -1]}
							}
						},
						{
							"origin": [-0.75, 34, -19],
							"size": [1.5, 1, 1],
							"uv": {
								"north": {"uv": [17, 2], "uv_size": [1, 1]},
								"east": {"uv": [18, 2], "uv_size": [-1, 1]},
								"south": {"uv": [17, 2], "uv_size": [1, 1]},
								"west": {"uv": [17, 2], "uv_size": [1, 1]},
								"up": {"uv": [18, 3], "uv_size": [-1, -1]},
								"down": {"uv": [18, 3], "uv_size": [-1, -1]}
							}
						},
						{
							"origin": [-0.75, 35, -19],
							"size": [1.5, 1, 1],
							"uv": {
								"north": {"uv": [18, 2], "uv_size": [1, 1]},
								"east": {"uv": [19, 2], "uv_size": [-1, 1]},
								"south": {"uv": [18, 2], "uv_size": [1, 1]},
								"west": {"uv": [18, 2], "uv_size": [1, 1]},
								"up": {"uv": [19, 3], "uv_size": [-1, -1]},
								"down": {"uv": [19, 3], "uv_size": [-1, -1]}
							}
						},
						{
							"origin": [-0.675, 36, -19],
							"size": [1.35, 1, 1],
							"uv": {
								"north": {"uv": [19, 2], "uv_size": [1, 1]},
								"east": {"uv": [20, 2], "uv_size": [-1, 1]},
								"south": {"uv": [19, 2], "uv_size": [1, 1]},
								"west": {"uv": [19, 2], "uv_size": [1, 1]},
								"up": {"uv": [20, 3], "uv_size": [-1, -1]},
								"down": {"uv": [20, 3], "uv_size": [-1, -1]}
							}
						},
						{
							"origin": [-0.675, 29, -18],
							"size": [1.35, 1, 1],
							"uv": {
								"north": {"uv": [12, 3], "uv_size": [1, 1]},
								"east": {"uv": [13, 3], "uv_size": [-1, 1]},
								"south": {"uv": [12, 3], "uv_size": [1, 1]},
								"west": {"uv": [12, 3], "uv_size": [1, 1]},
								"up": {"uv": [13, 4], "uv_size": [-1, -1]},
								"down": {"uv": [13, 4], "uv_size": [-1, -1]}
							}
						},
						{
							"origin": [-0.75, 30, -18],
							"size": [1.5, 1, 1],
							"uv": {
								"north": {"uv": [13, 3], "uv_size": [1, 1]},
								"east": {"uv": [14, 3], "uv_size": [-1, 1]},
								"south": {"uv": [13, 3], "uv_size": [1, 1]},
								"west": {"uv": [13, 3], "uv_size": [1, 1]},
								"up": {"uv": [14, 4], "uv_size": [-1, -1]},
								"down": {"uv": [14, 4], "uv_size": [-1, -1]}
							}
						},
						{
							"origin": [-0.875, 31, -18],
							"size": [1.75, 1, 1],
							"uv": {
								"north": {"uv": [14, 3], "uv_size": [1, 1]},
								"east": {"uv": [15, 3], "uv_size": [-1, 1]},
								"south": {"uv": [14, 3], "uv_size": [1, 1]},
								"west": {"uv": [14, 3], "uv_size": [1, 1]},
								"up": {"uv": [15, 4], "uv_size": [-1, -1]},
								"down": {"uv": [15, 4], "uv_size": [-1, -1]}
							}
						},
						{
							"origin": [-0.875, 32, -18],
							"size": [1.75, 1, 1],
							"uv": {
								"north": {"uv": [15, 3], "uv_size": [1, 1]},
								"east": {"uv": [16, 3], "uv_size": [-1, 1]},
								"south": {"uv": [15, 3], "uv_size": [1, 1]},
								"west": {"uv": [15, 3], "uv_size": [1, 1]},
								"up": {"uv": [16, 4], "uv_size": [-1, -1]},
								"down": {"uv": [16, 4], "uv_size": [-1, -1]}
							}
						},
						{
							"origin": [-0.5, 33, -18],
							"size": [1, 1, 1],
							"uv": {
								"north": {"uv": [16, 3], "uv_size": [1, 1]},
								"east": {"uv": [17, 3], "uv_size": [-1, 1]},
								"south": {"uv": [16, 3], "uv_size": [1, 1]},
								"west": {"uv": [16, 3], "uv_size": [1, 1]},
								"up": {"uv": [17, 4], "uv_size": [-1, -1]},
								"down": {"uv": [17, 4], "uv_size": [-1, -1]}
							}
						},
						{
							"origin": [-0.675, 28, -17],
							"size": [1.35, 1, 1],
							"uv": {
								"north": {"uv": [11, 4], "uv_size": [1, 1]},
								"east": {"uv": [12, 4], "uv_size": [-1, 1]},
								"south": {"uv": [11, 4], "uv_size": [1, 1]},
								"west": {"uv": [11, 4], "uv_size": [1, 1]},
								"up": {"uv": [12, 5], "uv_size": [-1, -1]},
								"down": {"uv": [12, 5], "uv_size": [-1, -1]}
							}
						},
						{
							"origin": [-0.75, 29, -17],
							"size": [1.5, 1, 1],
							"uv": {
								"north": {"uv": [12, 4], "uv_size": [1, 1]},
								"east": {"uv": [13, 4], "uv_size": [-1, 1]},
								"south": {"uv": [12, 4], "uv_size": [1, 1]},
								"west": {"uv": [12, 4], "uv_size": [1, 1]},
								"up": {"uv": [13, 5], "uv_size": [-1, -1]},
								"down": {"uv": [13, 5], "uv_size": [-1, -1]}
							}
						},
						{
							"origin": [-0.875, 30, -17],
							"size": [1.75, 1, 1],
							"uv": {
								"north": {"uv": [13, 4], "uv_size": [1, 1]},
								"east": {"uv": [14, 4], "uv_size": [-1, 1]},
								"south": {"uv": [13, 4], "uv_size": [1, 1]},
								"west": {"uv": [13, 4], "uv_size": [1, 1]},
								"up": {"uv": [14, 5], "uv_size": [-1, -1]},
								"down": {"uv": [14, 5], "uv_size": [-1, -1]}
							}
						},
						{
							"origin": [-0.875, 31, -17],
							"size": [1.75, 1, 1],
							"uv": {
								"north": {"uv": [14, 4], "uv_size": [1, 1]},
								"east": {"uv": [15, 4], "uv_size": [-1, 1]},
								"south": {"uv": [14, 4], "uv_size": [1, 1]},
								"west": {"uv": [14, 4], "uv_size": [1, 1]},
								"up": {"uv": [15, 5], "uv_size": [-1, -1]},
								"down": {"uv": [15, 5], "uv_size": [-1, -1]}
							}
						},
						{
							"origin": [-0.5, 32, -17],
							"size": [1, 1, 1],
							"uv": {
								"north": {"uv": [15, 4], "uv_size": [1, 1]},
								"east": {"uv": [16, 4], "uv_size": [-1, 1]},
								"south": {"uv": [15, 4], "uv_size": [1, 1]},
								"west": {"uv": [15, 4], "uv_size": [1, 1]},
								"up": {"uv": [16, 5], "uv_size": [-1, -1]},
								"down": {"uv": [16, 5], "uv_size": [-1, -1]}
							}
						},
						{
							"origin": [-0.675, 27, -16],
							"size": [1.35, 1, 1],
							"uv": {
								"north": {"uv": [10, 5], "uv_size": [1, 1]},
								"east": {"uv": [11, 5], "uv_size": [-1, 1]},
								"south": {"uv": [10, 5], "uv_size": [1, 1]},
								"west": {"uv": [10, 5], "uv_size": [1, 1]},
								"up": {"uv": [11, 6], "uv_size": [-1, -1]},
								"down": {"uv": [11, 6], "uv_size": [-1, -1]}
							}
						},
						{
							"origin": [-0.75, 28, -16],
							"size": [1.5, 1, 1],
							"uv": {
								"north": {"uv": [11, 5], "uv_size": [1, 1]},
								"east": {"uv": [12, 5], "uv_size": [-1, 1]},
								"south": {"uv": [11, 5], "uv_size": [1, 1]},
								"west": {"uv": [11, 5], "uv_size": [1, 1]},
								"up": {"uv": [12, 6], "uv_size": [-1, -1]},
								"down": {"uv": [12, 6], "uv_size": [-1, -1]}
							}
						},
						{
							"origin": [-0.875, 29, -16],
							"size": [1.75, 1, 1],
							"uv": {
								"north": {"uv": [12, 5], "uv_size": [1, 1]},
								"east": {"uv": [13, 5], "uv_size": [-1, 1]},
								"south": {"uv": [12, 5], "uv_size": [1, 1]},
								"west": {"uv": [12, 5], "uv_size": [1, 1]},
								"up": {"uv": [13, 6], "uv_size": [-1, -1]},
								"down": {"uv": [13, 6], "uv_size": [-1, -1]}
							}
						},
						{
							"origin": [-0.5, 30, -16],
							"size": [1, 1, 1],
							"uv": {
								"north": {"uv": [13, 5], "uv_size": [1, 1]},
								"east": {"uv": [14, 5], "uv_size": [-1, 1]},
								"south": {"uv": [13, 5], "uv_size": [1, 1]},
								"west": {"uv": [13, 5], "uv_size": [1, 1]},
								"up": {"uv": [14, 6], "uv_size": [-1, -1]},
								"down": {"uv": [14, 6], "uv_size": [-1, -1]}
							}
						},
						{
							"origin": [-0.5, 29, -15],
							"size": [1, 1, 1],
							"uv": {
								"north": {"uv": [12, 6], "uv_size": [1, 1]},
								"east": {"uv": [13, 6], "uv_size": [-1, 1]},
								"south": {"uv": [12, 6], "uv_size": [1, 1]},
								"west": {"uv": [12, 6], "uv_size": [1, 1]},
								"up": {"uv": [13, 7], "uv_size": [-1, -1]},
								"down": {"uv": [13, 7], "uv_size": [-1, -1]}
							}
						},
						{
							"origin": [-0.875, 28, -15],
							"size": [1.75, 1, 1],
							"uv": {
								"north": {"uv": [11, 6], "uv_size": [1, 1]},
								"east": {"uv": [12, 6], "uv_size": [-1, 1]},
								"south": {"uv": [11, 6], "uv_size": [1, 1]},
								"west": {"uv": [11, 6], "uv_size": [1, 1]},
								"up": {"uv": [12, 7], "uv_size": [-1, -1]},
								"down": {"uv": [12, 7], "uv_size": [-1, -1]}
							}
						},
						{
							"origin": [-0.75, 27, -15],
							"size": [1.5, 1, 1],
							"uv": {
								"north": {"uv": [10, 6], "uv_size": [1, 1]},
								"east": {"uv": [11, 6], "uv_size": [-1, 1]},
								"south": {"uv": [10, 6], "uv_size": [1, 1]},
								"west": {"uv": [10, 6], "uv_size": [1, 1]},
								"up": {"uv": [11, 7], "uv_size": [-1, -1]},
								"down": {"uv": [11, 7], "uv_size": [-1, -1]}
							}
						},
						{
							"origin": [-0.675, 26, -15],
							"size": [1.35, 1, 1],
							"uv": {
								"north": {"uv": [9, 6], "uv_size": [1, 1]},
								"east": {"uv": [10, 6], "uv_size": [-1, 1]},
								"south": {"uv": [9, 6], "uv_size": [1, 1]},
								"west": {"uv": [9, 6], "uv_size": [1, 1]},
								"up": {"uv": [10, 7], "uv_size": [-1, -1]},
								"down": {"uv": [10, 7], "uv_size": [-1, -1]}
							}
						},
						{
							"origin": [-0.675, 25, -14],
							"size": [1.35, 1, 1],
							"uv": {
								"north": {"uv": [8, 7], "uv_size": [1, 1]},
								"east": {"uv": [9, 7], "uv_size": [-1, 1]},
								"south": {"uv": [8, 7], "uv_size": [1, 1]},
								"west": {"uv": [8, 7], "uv_size": [1, 1]},
								"up": {"uv": [9, 8], "uv_size": [-1, -1]},
								"down": {"uv": [9, 8], "uv_size": [-1, -1]}
							}
						},
						{
							"origin": [-0.75, 26, -14],
							"size": [1.5, 1, 1],
							"uv": {
								"north": {"uv": [9, 7], "uv_size": [1, 1]},
								"east": {"uv": [10, 7], "uv_size": [-1, 1]},
								"south": {"uv": [9, 7], "uv_size": [1, 1]},
								"west": {"uv": [9, 7], "uv_size": [1, 1]},
								"up": {"uv": [10, 8], "uv_size": [-1, -1]},
								"down": {"uv": [10, 8], "uv_size": [-1, -1]}
							}
						},
						{
							"origin": [-0.875, 27, -14],
							"size": [1.75, 1, 1],
							"uv": {
								"north": {"uv": [10, 7], "uv_size": [1, 1]},
								"east": {"uv": [11, 7], "uv_size": [-1, 1]},
								"south": {"uv": [10, 7], "uv_size": [1, 1]},
								"west": {"uv": [10, 7], "uv_size": [1, 1]},
								"up": {"uv": [11, 8], "uv_size": [-1, -1]},
								"down": {"uv": [11, 8], "uv_size": [-1, -1]}
							}
						},
						{
							"origin": [-0.5, 28, -14],
							"size": [1, 1, 1],
							"uv": {
								"north": {"uv": [11, 7], "uv_size": [1, 1]},
								"east": {"uv": [12, 7], "uv_size": [-1, 1]},
								"south": {"uv": [11, 7], "uv_size": [1, 1]},
								"west": {"uv": [11, 7], "uv_size": [1, 1]},
								"up": {"uv": [12, 8], "uv_size": [-1, -1]},
								"down": {"uv": [12, 8], "uv_size": [-1, -1]}
							}
						},
						{
							"origin": [-0.5, 28, -13],
							"size": [1, 1, 1],
							"uv": {
								"north": {"uv": [11, 8], "uv_size": [1, 1]},
								"east": {"uv": [12, 8], "uv_size": [-1, 1]},
								"south": {"uv": [11, 8], "uv_size": [1, 1]},
								"west": {"uv": [11, 8], "uv_size": [1, 1]},
								"up": {"uv": [12, 9], "uv_size": [-1, -1]},
								"down": {"uv": [12, 9], "uv_size": [-1, -1]}
							}
						},
						{
							"origin": [-0.875, 27, -13],
							"size": [1.75, 1, 1],
							"uv": {
								"north": {"uv": [10, 8], "uv_size": [1, 1]},
								"east": {"uv": [11, 8], "uv_size": [-1, 1]},
								"south": {"uv": [10, 8], "uv_size": [1, 1]},
								"west": {"uv": [10, 8], "uv_size": [1, 1]},
								"up": {"uv": [11, 9], "uv_size": [-1, -1]},
								"down": {"uv": [11, 9], "uv_size": [-1, -1]}
							}
						},
						{
							"origin": [-0.875, 26, -12],
							"size": [1.75, 1, 1],
							"uv": {
								"north": {"uv": [9, 9], "uv_size": [1, 1]},
								"east": {"uv": [10, 9], "uv_size": [-1, 1]},
								"south": {"uv": [9, 9], "uv_size": [1, 1]},
								"west": {"uv": [9, 9], "uv_size": [1, 1]},
								"up": {"uv": [10, 10], "uv_size": [-1, -1]},
								"down": {"uv": [10, 10], "uv_size": [-1, -1]}
							}
						},
						{
							"origin": [-0.675, 25, -13],
							"size": [1.35, 1, 1],
							"uv": {
								"north": {"uv": [8, 8], "uv_size": [1, 1]},
								"east": {"uv": [9, 8], "uv_size": [-1, 1]},
								"south": {"uv": [8, 8], "uv_size": [1, 1]},
								"west": {"uv": [8, 8], "uv_size": [1, 1]},
								"up": {"uv": [9, 9], "uv_size": [-1, -1]},
								"down": {"uv": [9, 9], "uv_size": [-1, -1]}
							}
						},
						{
							"origin": [-0.75, 25, -12],
							"size": [1.5, 1, 1],
							"uv": {
								"north": {"uv": [8, 9], "uv_size": [1, 1]},
								"east": {"uv": [9, 9], "uv_size": [-1, 1]},
								"south": {"uv": [8, 9], "uv_size": [1, 1]},
								"west": {"uv": [8, 9], "uv_size": [1, 1]},
								"up": {"uv": [9, 10], "uv_size": [-1, -1]},
								"down": {"uv": [9, 10], "uv_size": [-1, -1]}
							}
						},
						{
							"origin": [-0.675, 24, -12],
							"size": [1.35, 1, 1],
							"uv": {
								"north": {"uv": [7, 9], "uv_size": [1, 1]},
								"east": {"uv": [8, 9], "uv_size": [-1, 1]},
								"south": {"uv": [7, 9], "uv_size": [1, 1]},
								"west": {"uv": [7, 9], "uv_size": [1, 1]},
								"up": {"uv": [8, 10], "uv_size": [-1, -1]},
								"down": {"uv": [8, 10], "uv_size": [-1, -1]}
							}
						},
						{
							"origin": [-0.675, 23, -11],
							"size": [1.35, 1, 1],
							"uv": {
								"north": {"uv": [6, 10], "uv_size": [1, 1]},
								"east": {"uv": [7, 10], "uv_size": [-1, 1]},
								"south": {"uv": [6, 10], "uv_size": [1, 1]},
								"west": {"uv": [6, 10], "uv_size": [1, 1]},
								"up": {"uv": [7, 11], "uv_size": [-1, -1]},
								"down": {"uv": [7, 11], "uv_size": [-1, -1]}
							}
						},
						{
							"origin": [-0.75, 24, -11],
							"size": [1.5, 1, 1],
							"uv": {
								"north": {"uv": [7, 10], "uv_size": [1, 1]},
								"east": {"uv": [8, 10], "uv_size": [-1, 1]},
								"south": {"uv": [7, 10], "uv_size": [1, 1]},
								"west": {"uv": [7, 10], "uv_size": [1, 1]},
								"up": {"uv": [8, 11], "uv_size": [-1, -1]},
								"down": {"uv": [8, 11], "uv_size": [-1, -1]}
							}
						},
						{
							"origin": [-0.875, 25, -11],
							"size": [1.75, 1, 1],
							"uv": {
								"north": {"uv": [8, 10], "uv_size": [1, 1]},
								"east": {"uv": [9, 10], "uv_size": [-1, 1]},
								"south": {"uv": [8, 10], "uv_size": [1, 1]},
								"west": {"uv": [8, 10], "uv_size": [1, 1]},
								"up": {"uv": [9, 11], "uv_size": [-1, -1]},
								"down": {"uv": [9, 11], "uv_size": [-1, -1]}
							}
						},
						{
							"origin": [-0.75, 24, -10],
							"size": [1.5, 1, 1],
							"uv": {
								"north": {"uv": [7, 11], "uv_size": [1, 1]},
								"east": {"uv": [8, 11], "uv_size": [-1, 1]},
								"south": {"uv": [7, 11], "uv_size": [1, 1]},
								"west": {"uv": [7, 11], "uv_size": [1, 1]},
								"up": {"uv": [8, 12], "uv_size": [-1, -1]},
								"down": {"uv": [8, 12], "uv_size": [-1, -1]}
							}
						},
						{
							"origin": [-0.675, 23, -10],
							"size": [1.35, 1, 1],
							"uv": {
								"north": {"uv": [6, 11], "uv_size": [1, 1]},
								"east": {"uv": [7, 11], "uv_size": [-1, 1]},
								"south": {"uv": [6, 11], "uv_size": [1, 1]},
								"west": {"uv": [6, 11], "uv_size": [1, 1]},
								"up": {"uv": [7, 12], "uv_size": [-1, -1]},
								"down": {"uv": [7, 12], "uv_size": [-1, -1]}
							}
						},
						{
							"origin": [-0.75, 23, -9],
							"size": [1.5, 1, 1],
							"uv": {
								"north": {"uv": [6, 12], "uv_size": [1, 1]},
								"east": {"uv": [7, 12], "uv_size": [-1, 1]},
								"south": {"uv": [6, 12], "uv_size": [1, 1]},
								"west": {"uv": [6, 12], "uv_size": [1, 1]},
								"up": {"uv": [7, 13], "uv_size": [-1, -1]},
								"down": {"uv": [7, 13], "uv_size": [-1, -1]}
							}
						},
						{
							"origin": [-0.675, 22, -9],
							"size": [1.35, 1, 1],
							"uv": {
								"north": {"uv": [5, 12], "uv_size": [1, 1]},
								"east": {"uv": [6, 12], "uv_size": [-1, 1]},
								"south": {"uv": [5, 12], "uv_size": [1, 1]},
								"west": {"uv": [5, 12], "uv_size": [1, 1]},
								"up": {"uv": [6, 13], "uv_size": [-1, -1]},
								"down": {"uv": [6, 13], "uv_size": [-1, -1]}
							}
						},
						{
							"origin": [-0.75, 26, -13],
							"size": [1.5, 1, 1],
							"uv": {
								"north": {"uv": [9, 8], "uv_size": [1, 1]},
								"east": {"uv": [10, 8], "uv_size": [-1, 1]},
								"south": {"uv": [9, 8], "uv_size": [1, 1]},
								"west": {"uv": [9, 8], "uv_size": [1, 1]},
								"up": {"uv": [10, 9], "uv_size": [-1, -1]},
								"down": {"uv": [10, 9], "uv_size": [-1, -1]}
							}
						}
					]
				},
				{
					"name": "axe2",
					"parent": "rightitem",
					"pivot": [0, 29, -10],
					"cubes": [
						{
							"origin": [-0.75, 30, -11],
							"size": [1.5, 1, 1],
							"uv": {
								"north": {"uv": [13, 10], "uv_size": [1, 1]},
								"east": {"uv": [14, 10], "uv_size": [-1, 1]},
								"south": {"uv": [13, 10], "uv_size": [1, 1]},
								"west": {"uv": [13, 10], "uv_size": [1, 1]},
								"up": {"uv": [14, 11], "uv_size": [-1, -1]},
								"down": {"uv": [14, 11], "uv_size": [-1, -1]}
							}
						},
						{
							"origin": [-0.75, 29, -11],
							"size": [1.5, 1, 1],
							"uv": {
								"north": {"uv": [12, 10], "uv_size": [1, 1]},
								"east": {"uv": [13, 10], "uv_size": [-1, 1]},
								"south": {"uv": [12, 10], "uv_size": [1, 1]},
								"west": {"uv": [12, 10], "uv_size": [1, 1]},
								"up": {"uv": [13, 11], "uv_size": [-1, -1]},
								"down": {"uv": [13, 11], "uv_size": [-1, -1]}
							}
						},
						{
							"origin": [-0.75, 30, -12],
							"size": [1.5, 1, 1],
							"uv": {
								"north": {"uv": [13, 9], "uv_size": [1, 1]},
								"east": {"uv": [14, 9], "uv_size": [-1, 1]},
								"south": {"uv": [13, 9], "uv_size": [1, 1]},
								"west": {"uv": [13, 9], "uv_size": [1, 1]},
								"up": {"uv": [14, 10], "uv_size": [-1, -1]},
								"down": {"uv": [14, 10], "uv_size": [-1, -1]}
							}
						},
						{
							"origin": [-0.5, 31, -11],
							"size": [1, 1, 1],
							"uv": {
								"north": {"uv": [14, 10], "uv_size": [1, 1]},
								"east": {"uv": [15, 10], "uv_size": [-1, 1]},
								"south": {"uv": [14, 10], "uv_size": [1, 1]},
								"west": {"uv": [14, 10], "uv_size": [1, 1]},
								"up": {"uv": [15, 11], "uv_size": [-1, -1]},
								"down": {"uv": [15, 11], "uv_size": [-1, -1]}
							}
						},
						{
							"origin": [-0.75, 31, -12],
							"size": [1.5, 1, 1],
							"uv": {
								"north": {"uv": [14, 9], "uv_size": [1, 1]},
								"east": {"uv": [15, 9], "uv_size": [-1, 1]},
								"south": {"uv": [14, 9], "uv_size": [1, 1]},
								"west": {"uv": [14, 9], "uv_size": [1, 1]},
								"up": {"uv": [15, 10], "uv_size": [-1, -1]},
								"down": {"uv": [15, 10], "uv_size": [-1, -1]}
							}
						},
						{
							"origin": [-0.5, 32, -12],
							"size": [1, 1, 1],
							"uv": {
								"north": {"uv": [15, 9], "uv_size": [1, 1]},
								"east": {"uv": [16, 9], "uv_size": [-1, 1]},
								"south": {"uv": [15, 9], "uv_size": [1, 1]},
								"west": {"uv": [15, 9], "uv_size": [1, 1]},
								"up": {"uv": [16, 10], "uv_size": [-1, -1]},
								"down": {"uv": [16, 10], "uv_size": [-1, -1]}
							}
						},
						{
							"origin": [-0.75, 32, -13],
							"size": [1.5, 1, 1],
							"uv": {
								"north": {"uv": [15, 8], "uv_size": [1, 1]},
								"east": {"uv": [16, 8], "uv_size": [-1, 1]},
								"south": {"uv": [15, 8], "uv_size": [1, 1]},
								"west": {"uv": [15, 8], "uv_size": [1, 1]},
								"up": {"uv": [16, 9], "uv_size": [-1, -1]},
								"down": {"uv": [16, 9], "uv_size": [-1, -1]}
							}
						},
						{
							"origin": [-0.5, 33, -13],
							"size": [1, 1, 1],
							"uv": {
								"north": {"uv": [16, 8], "uv_size": [1, 1]},
								"east": {"uv": [17, 8], "uv_size": [-1, 1]},
								"south": {"uv": [16, 8], "uv_size": [1, 1]},
								"west": {"uv": [16, 8], "uv_size": [1, 1]},
								"up": {"uv": [17, 9], "uv_size": [-1, -1]},
								"down": {"uv": [17, 9], "uv_size": [-1, -1]}
							}
						},
						{
							"origin": [-0.5, 33, -14],
							"size": [1, 1, 1],
							"uv": {
								"north": {"uv": [16, 7], "uv_size": [1, 1]},
								"east": {"uv": [17, 7], "uv_size": [-1, 1]},
								"south": {"uv": [16, 7], "uv_size": [1, 1]},
								"west": {"uv": [16, 7], "uv_size": [1, 1]},
								"up": {"uv": [17, 8], "uv_size": [-1, -1]},
								"down": {"uv": [17, 8], "uv_size": [-1, -1]}
							}
						}
					]
				},
				{
					"name": "axe3",
					"parent": "rightitem",
					"pivot": [0, 31, -5],
					"cubes": [
						{
							"origin": [-0.5, 29, -3],
							"size": [1, 1, 1],
							"uv": {
								"north": {"uv": [12, 18], "uv_size": [1, 1]},
								"east": {"uv": [13, 18], "uv_size": [-1, 1]},
								"south": {"uv": [12, 18], "uv_size": [1, 1]},
								"west": {"uv": [12, 18], "uv_size": [1, 1]},
								"up": {"uv": [13, 19], "uv_size": [-1, -1]},
								"down": {"uv": [13, 19], "uv_size": [-1, -1]}
							}
						},
						{
							"origin": [-0.5, 30, -3],
							"size": [1, 1, 1],
							"uv": {
								"north": {"uv": [13, 18], "uv_size": [1, 1]},
								"east": {"uv": [14, 18], "uv_size": [-1, 1]},
								"south": {"uv": [13, 18], "uv_size": [1, 1]},
								"west": {"uv": [13, 18], "uv_size": [1, 1]},
								"up": {"uv": [14, 19], "uv_size": [-1, -1]},
								"down": {"uv": [14, 19], "uv_size": [-1, -1]}
							}
						},
						{
							"origin": [-0.5, 31, -3],
							"size": [1, 1, 1],
							"uv": {
								"north": {"uv": [14, 18], "uv_size": [1, 1]},
								"east": {"uv": [15, 18], "uv_size": [-1, 1]},
								"south": {"uv": [14, 18], "uv_size": [1, 1]},
								"west": {"uv": [14, 18], "uv_size": [1, 1]},
								"up": {"uv": [15, 19], "uv_size": [-1, -1]},
								"down": {"uv": [15, 19], "uv_size": [-1, -1]}
							}
						},
						{
							"origin": [-0.75, 30, -4],
							"size": [1.5, 1, 1],
							"uv": {
								"north": {"uv": [13, 17], "uv_size": [1, 1]},
								"east": {"uv": [14, 17], "uv_size": [-1, 1]},
								"south": {"uv": [13, 17], "uv_size": [1, 1]},
								"west": {"uv": [13, 17], "uv_size": [1, 1]},
								"up": {"uv": [14, 18], "uv_size": [-1, -1]},
								"down": {"uv": [14, 18], "uv_size": [-1, -1]}
							}
						},
						{
							"origin": [-0.75, 31, -4],
							"size": [1.5, 1, 1],
							"uv": {
								"north": {"uv": [14, 17], "uv_size": [1, 1]},
								"east": {"uv": [15, 17], "uv_size": [-1, 1]},
								"south": {"uv": [14, 17], "uv_size": [1, 1]},
								"west": {"uv": [14, 17], "uv_size": [1, 1]},
								"up": {"uv": [15, 18], "uv_size": [-1, -1]},
								"down": {"uv": [15, 18], "uv_size": [-1, -1]}
							}
						},
						{
							"origin": [-0.875, 31, -5],
							"size": [1.75, 1, 1],
							"uv": {
								"north": {"uv": [14, 16], "uv_size": [1, 1]},
								"east": {"uv": [15, 16], "uv_size": [-1, 1]},
								"south": {"uv": [14, 16], "uv_size": [1, 1]},
								"west": {"uv": [14, 16], "uv_size": [1, 1]},
								"up": {"uv": [15, 17], "uv_size": [-1, -1]},
								"down": {"uv": [15, 17], "uv_size": [-1, -1]}
							}
						},
						{
							"origin": [-0.875, 31, -6],
							"size": [1.75, 1, 1],
							"uv": {
								"north": {"uv": [14, 15], "uv_size": [1, 1]},
								"east": {"uv": [15, 15], "uv_size": [-1, 1]},
								"south": {"uv": [14, 15], "uv_size": [1, 1]},
								"west": {"uv": [14, 15], "uv_size": [1, 1]},
								"up": {"uv": [15, 16], "uv_size": [-1, -1]},
								"down": {"uv": [15, 16], "uv_size": [-1, -1]}
							}
						},
						{
							"origin": [-0.5, 32, -7],
							"size": [1, 1, 1],
							"uv": {
								"north": {"uv": [15, 14], "uv_size": [1, 1]},
								"east": {"uv": [16, 14], "uv_size": [-1, 1]},
								"south": {"uv": [15, 14], "uv_size": [1, 1]},
								"west": {"uv": [15, 14], "uv_size": [1, 1]},
								"up": {"uv": [16, 15], "uv_size": [-1, -1]},
								"down": {"uv": [16, 15], "uv_size": [-1, -1]}
							}
						},
						{
							"origin": [-0.875, 32, -6],
							"size": [1.75, 1, 1],
							"uv": {
								"north": {"uv": [15, 15], "uv_size": [1, 1]},
								"east": {"uv": [16, 15], "uv_size": [-1, 1]},
								"south": {"uv": [15, 15], "uv_size": [1, 1]},
								"west": {"uv": [15, 15], "uv_size": [1, 1]},
								"up": {"uv": [16, 16], "uv_size": [-1, -1]},
								"down": {"uv": [16, 16], "uv_size": [-1, -1]}
							}
						},
						{
							"origin": [-0.75, 32, -5],
							"size": [1.5, 1, 1],
							"uv": {
								"north": {"uv": [15, 16], "uv_size": [1, 1]},
								"east": {"uv": [16, 16], "uv_size": [-1, 1]},
								"south": {"uv": [15, 16], "uv_size": [1, 1]},
								"west": {"uv": [15, 16], "uv_size": [1, 1]},
								"up": {"uv": [16, 17], "uv_size": [-1, -1]},
								"down": {"uv": [16, 17], "uv_size": [-1, -1]}
							}
						},
						{
							"origin": [-0.5, 32, -4],
							"size": [1, 1, 1],
							"uv": {
								"north": {"uv": [15, 17], "uv_size": [1, 1]},
								"east": {"uv": [16, 17], "uv_size": [-1, 1]},
								"south": {"uv": [15, 17], "uv_size": [1, 1]},
								"west": {"uv": [15, 17], "uv_size": [1, 1]},
								"up": {"uv": [16, 18], "uv_size": [-1, -1]},
								"down": {"uv": [16, 18], "uv_size": [-1, -1]}
							}
						},
						{
							"origin": [-0.5, 33, -4],
							"size": [1, 1, 1],
							"uv": {
								"north": {"uv": [16, 17], "uv_size": [1, 1]},
								"east": {"uv": [17, 17], "uv_size": [-1, 1]},
								"south": {"uv": [16, 17], "uv_size": [1, 1]},
								"west": {"uv": [16, 17], "uv_size": [1, 1]},
								"up": {"uv": [17, 18], "uv_size": [-1, -1]},
								"down": {"uv": [17, 18], "uv_size": [-1, -1]}
							}
						},
						{
							"origin": [-0.75, 33, -5],
							"size": [1.5, 1, 1],
							"uv": {
								"north": {"uv": [16, 16], "uv_size": [1, 1]},
								"east": {"uv": [17, 16], "uv_size": [-1, 1]},
								"south": {"uv": [16, 16], "uv_size": [1, 1]},
								"west": {"uv": [16, 16], "uv_size": [1, 1]},
								"up": {"uv": [17, 17], "uv_size": [-1, -1]},
								"down": {"uv": [17, 17], "uv_size": [-1, -1]}
							}
						},
						{
							"origin": [-0.875, 33, -6],
							"size": [1.75, 1, 1],
							"uv": {
								"north": {"uv": [16, 15], "uv_size": [1, 1]},
								"east": {"uv": [17, 15], "uv_size": [-1, 1]},
								"south": {"uv": [16, 15], "uv_size": [1, 1]},
								"west": {"uv": [16, 15], "uv_size": [1, 1]},
								"up": {"uv": [17, 16], "uv_size": [-1, -1]},
								"down": {"uv": [17, 16], "uv_size": [-1, -1]}
							}
						},
						{
							"origin": [-0.875, 33, -7],
							"size": [1.75, 1, 1],
							"uv": {
								"north": {"uv": [16, 14], "uv_size": [1, 1]},
								"east": {"uv": [17, 14], "uv_size": [-1, 1]},
								"south": {"uv": [16, 14], "uv_size": [1, 1]},
								"west": {"uv": [16, 14], "uv_size": [1, 1]},
								"up": {"uv": [17, 15], "uv_size": [-1, -1]},
								"down": {"uv": [17, 15], "uv_size": [-1, -1]}
							}
						},
						{
							"origin": [-0.5, 33, -8],
							"size": [1, 1, 1],
							"uv": {
								"north": {"uv": [16, 13], "uv_size": [1, 1]},
								"east": {"uv": [17, 13], "uv_size": [-1, 1]},
								"south": {"uv": [16, 13], "uv_size": [1, 1]},
								"west": {"uv": [16, 13], "uv_size": [1, 1]},
								"up": {"uv": [17, 14], "uv_size": [-1, -1]},
								"down": {"uv": [17, 14], "uv_size": [-1, -1]}
							}
						},
						{
							"origin": [-0.5, 34, -5],
							"size": [1, 1, 1],
							"uv": {
								"north": {"uv": [17, 16], "uv_size": [1, 1]},
								"east": {"uv": [18, 16], "uv_size": [-1, 1]},
								"south": {"uv": [17, 16], "uv_size": [1, 1]},
								"west": {"uv": [17, 16], "uv_size": [1, 1]},
								"up": {"uv": [18, 17], "uv_size": [-1, -1]},
								"down": {"uv": [18, 17], "uv_size": [-1, -1]}
							}
						},
						{
							"origin": [-0.75, 34, -6],
							"size": [1.5, 1, 1],
							"uv": {
								"north": {"uv": [17, 15], "uv_size": [1, 1]},
								"east": {"uv": [18, 15], "uv_size": [-1, 1]},
								"south": {"uv": [17, 15], "uv_size": [1, 1]},
								"west": {"uv": [17, 15], "uv_size": [1, 1]},
								"up": {"uv": [18, 16], "uv_size": [-1, -1]},
								"down": {"uv": [18, 16], "uv_size": [-1, -1]}
							}
						},
						{
							"origin": [-0.75, 34, -7],
							"size": [1.5, 1, 1],
							"uv": {
								"north": {"uv": [17, 14], "uv_size": [1, 1]},
								"east": {"uv": [18, 14], "uv_size": [-1, 1]},
								"south": {"uv": [17, 14], "uv_size": [1, 1]},
								"west": {"uv": [17, 14], "uv_size": [1, 1]},
								"up": {"uv": [18, 15], "uv_size": [-1, -1]},
								"down": {"uv": [18, 15], "uv_size": [-1, -1]}
							}
						},
						{
							"origin": [-0.75, 34, -8],
							"size": [1.5, 1, 1],
							"uv": {
								"north": {"uv": [17, 13], "uv_size": [1, 1]},
								"east": {"uv": [18, 13], "uv_size": [-1, 1]},
								"south": {"uv": [17, 13], "uv_size": [1, 1]},
								"west": {"uv": [17, 13], "uv_size": [1, 1]},
								"up": {"uv": [18, 14], "uv_size": [-1, -1]},
								"down": {"uv": [18, 14], "uv_size": [-1, -1]}
							}
						},
						{
							"origin": [-0.5, 35, -6],
							"size": [1, 1, 1],
							"uv": {
								"north": {"uv": [18, 15], "uv_size": [1, 1]},
								"east": {"uv": [19, 15], "uv_size": [-1, 1]},
								"south": {"uv": [18, 15], "uv_size": [1, 1]},
								"west": {"uv": [18, 15], "uv_size": [1, 1]},
								"up": {"uv": [19, 16], "uv_size": [-1, -1]},
								"down": {"uv": [19, 16], "uv_size": [-1, -1]}
							}
						},
						{
							"origin": [-0.5, 35, -7],
							"size": [1, 1, 1],
							"uv": {
								"north": {"uv": [18, 14], "uv_size": [1, 1]},
								"east": {"uv": [19, 14], "uv_size": [-1, 1]},
								"south": {"uv": [18, 14], "uv_size": [1, 1]},
								"west": {"uv": [18, 14], "uv_size": [1, 1]},
								"up": {"uv": [19, 15], "uv_size": [-1, -1]},
								"down": {"uv": [19, 15], "uv_size": [-1, -1]}
							}
						},
						{
							"origin": [-0.5, 35, -8],
							"size": [1, 1, 1],
							"uv": {
								"north": {"uv": [18, 13], "uv_size": [1, 1]},
								"east": {"uv": [19, 13], "uv_size": [-1, 1]},
								"south": {"uv": [18, 13], "uv_size": [1, 1]},
								"west": {"uv": [18, 13], "uv_size": [1, 1]},
								"up": {"uv": [19, 14], "uv_size": [-1, -1]},
								"down": {"uv": [19, 14], "uv_size": [-1, -1]}
							}
						},
						{
							"origin": [-0.75, 35, -9],
							"size": [1.5, 1, 1],
							"uv": {
								"north": {"uv": [18, 12], "uv_size": [1, 1]},
								"east": {"uv": [19, 12], "uv_size": [-1, 1]},
								"south": {"uv": [18, 12], "uv_size": [1, 1]},
								"west": {"uv": [18, 12], "uv_size": [1, 1]},
								"up": {"uv": [19, 13], "uv_size": [-1, -1]},
								"down": {"uv": [19, 13], "uv_size": [-1, -1]}
							}
						},
						{
							"origin": [-0.5, 36, -9],
							"size": [1, 1, 1],
							"uv": {
								"north": {"uv": [19, 12], "uv_size": [1, 1]},
								"east": {"uv": [20, 12], "uv_size": [-1, 1]},
								"south": {"uv": [19, 12], "uv_size": [1, 1]},
								"west": {"uv": [19, 12], "uv_size": [1, 1]},
								"up": {"uv": [20, 13], "uv_size": [-1, -1]},
								"down": {"uv": [20, 13], "uv_size": [-1, -1]}
							}
						},
						{
							"origin": [-0.75, 34, -9],
							"size": [1.5, 1, 1],
							"uv": {
								"north": {"uv": [17, 12], "uv_size": [1, 1]},
								"east": {"uv": [18, 12], "uv_size": [-1, 1]},
								"south": {"uv": [17, 12], "uv_size": [1, 1]},
								"west": {"uv": [17, 12], "uv_size": [1, 1]},
								"up": {"uv": [18, 13], "uv_size": [-1, -1]},
								"down": {"uv": [18, 13], "uv_size": [-1, -1]}
							}
						},
						{
							"origin": [-0.75, 35, -10],
							"size": [1.5, 1, 1],
							"uv": {
								"north": {"uv": [18, 11], "uv_size": [1, 1]},
								"east": {"uv": [19, 11], "uv_size": [-1, 1]},
								"south": {"uv": [18, 11], "uv_size": [1, 1]},
								"west": {"uv": [18, 11], "uv_size": [1, 1]},
								"up": {"uv": [19, 12], "uv_size": [-1, -1]},
								"down": {"uv": [19, 12], "uv_size": [-1, -1]}
							}
						},
						{
							"origin": [-0.5, 36, -10],
							"size": [1, 1, 1],
							"uv": {
								"north": {"uv": [19, 11], "uv_size": [1, 1]},
								"east": {"uv": [20, 11], "uv_size": [-1, 1]},
								"south": {"uv": [19, 11], "uv_size": [1, 1]},
								"west": {"uv": [19, 11], "uv_size": [1, 1]},
								"up": {"uv": [20, 12], "uv_size": [-1, -1]},
								"down": {"uv": [20, 12], "uv_size": [-1, -1]}
							}
						},
						{
							"origin": [-0.5, 35, -11],
							"size": [1, 1, 1],
							"uv": {
								"north": {"uv": [18, 10], "uv_size": [1, 1]},
								"east": {"uv": [19, 10], "uv_size": [-1, 1]},
								"south": {"uv": [18, 10], "uv_size": [1, 1]},
								"west": {"uv": [18, 10], "uv_size": [1, 1]},
								"up": {"uv": [19, 11], "uv_size": [-1, -1]},
								"down": {"uv": [19, 11], "uv_size": [-1, -1]}
							}
						},
						{
							"origin": [-0.5, 34, -10],
							"size": [1, 1, 1],
							"uv": {
								"north": {"uv": [17, 11], "uv_size": [1, 1]},
								"east": {"uv": [18, 11], "uv_size": [-1, 1]},
								"south": {"uv": [17, 11], "uv_size": [1, 1]},
								"west": {"uv": [17, 11], "uv_size": [1, 1]},
								"up": {"uv": [18, 12], "uv_size": [-1, -1]},
								"down": {"uv": [18, 12], "uv_size": [-1, -1]}
							}
						}
					]
				}
			]
		}
	]
}