{
	"format_version": "1.16.0",
	"minecraft:geometry": [
		{
			"description": {
				"identifier": "geometry.lz_zscd",
				"texture_width": 32,
				"texture_height": 32,
				"visible_bounds_width": 2,
				"visible_bounds_height": 4.5,
				"visible_bounds_offset": [0, 1.75, 0]
			},
			"bones": [
				{
					"name": "rightitem",
					"pivot": [0, 21, 0],
					"binding": "q.item_slot_to_bone_name(c.item_slot)",
					"cubes": [
						{
							"origin": [-26.5, 43, 3],
							"size": [1, 1, 1],
							"pivot": [-0.5, 19, 4],
							"rotation": [0, -90, 0],
							"uv": {
								"north": {"uv": [24, 6], "uv_size": [1, 1]},
								"east": {"uv": [24, 6], "uv_size": [1, 1]},
								"south": {"uv": [25, 6], "uv_size": [-1, 1]},
								"west": {"uv": [24, 6], "uv_size": [1, 1]},
								"up": {"uv": [25, 7], "uv_size": [-1, -1]},
								"down": {"uv": [25, 7], "uv_size": [-1, -1]}
							}
						},
						{
							"origin": [-26.5, 44, 3],
							"size": [1, 1, 1],
							"pivot": [-0.5, 19, 4],
							"rotation": [0, -90, 0],
							"uv": {
								"north": {"uv": [25, 6], "uv_size": [1, 1]},
								"east": {"uv": [25, 6], "uv_size": [1, 1]},
								"south": {"uv": [26, 6], "uv_size": [-1, 1]},
								"west": {"uv": [25, 6], "uv_size": [1, 1]},
								"up": {"uv": [26, 7], "uv_size": [-1, -1]},
								"down": {"uv": [26, 7], "uv_size": [-1, -1]}
							}
						},
						{
							"origin": [-26.5, 45, 3],
							"size": [1, 1, 1],
							"pivot": [-0.5, 19, 4],
							"rotation": [0, -90, 0],
							"uv": {
								"north": {"uv": [26, 6], "uv_size": [1, 1]},
								"east": {"uv": [26, 6], "uv_size": [1, 1]},
								"south": {"uv": [27, 6], "uv_size": [-1, 1]},
								"west": {"uv": [26, 6], "uv_size": [1, 1]},
								"up": {"uv": [27, 7], "uv_size": [-1, -1]},
								"down": {"uv": [27, 7], "uv_size": [-1, -1]}
							}
						},
						{
							"origin": [-26.5, 46, 3],
							"size": [1, 1, 1],
							"pivot": [-0.5, 19, 4],
							"rotation": [0, -90, 0],
							"uv": {
								"north": {"uv": [27, 6], "uv_size": [1, 1]},
								"east": {"uv": [27, 6], "uv_size": [1, 1]},
								"south": {"uv": [28, 6], "uv_size": [-1, 1]},
								"west": {"uv": [27, 6], "uv_size": [1, 1]},
								"up": {"uv": [28, 7], "uv_size": [-1, -1]},
								"down": {"uv": [28, 7], "uv_size": [-1, -1]}
							}
						},
						{
							"origin": [-25.5, 41, 3],
							"size": [1, 1, 1],
							"pivot": [-0.5, 19, 4],
							"rotation": [0, -90, 0],
							"uv": {
								"north": {"uv": [22, 7], "uv_size": [1, 1]},
								"east": {"uv": [22, 7], "uv_size": [1, 1]},
								"south": {"uv": [23, 7], "uv_size": [-1, 1]},
								"west": {"uv": [22, 7], "uv_size": [1, 1]},
								"up": {"uv": [23, 8], "uv_size": [-1, -1]},
								"down": {"uv": [23, 8], "uv_size": [-1, -1]}
							}
						},
						{
							"origin": [-25.5, 42, 3],
							"size": [1, 1, 1],
							"pivot": [-0.5, 19, 4],
							"rotation": [0, -90, 0],
							"uv": {
								"north": {"uv": [23, 7], "uv_size": [1, 1]},
								"east": {"uv": [23, 7], "uv_size": [1, 1]},
								"south": {"uv": [24, 7], "uv_size": [-1, 1]},
								"west": {"uv": [23, 7], "uv_size": [1, 1]},
								"up": {"uv": [24, 8], "uv_size": [-1, -1]},
								"down": {"uv": [24, 8], "uv_size": [-1, -1]}
							}
						},
						{
							"origin": [-25.5, 45, 3],
							"size": [1, 1, 1],
							"pivot": [-0.5, 19, 4],
							"rotation": [0, -90, 0],
							"uv": {
								"north": {"uv": [26, 7], "uv_size": [1, 1]},
								"east": {"uv": [26, 7], "uv_size": [1, 1]},
								"south": {"uv": [27, 7], "uv_size": [-1, 1]},
								"west": {"uv": [26, 7], "uv_size": [1, 1]},
								"up": {"uv": [27, 8], "uv_size": [-1, -1]},
								"down": {"uv": [27, 8], "uv_size": [-1, -1]}
							}
						},
						{
							"origin": [-24.5, 40, 3],
							"size": [1, 1, 1],
							"pivot": [-0.5, 19, 4],
							"rotation": [0, -90, 0],
							"uv": {
								"north": {"uv": [21, 8], "uv_size": [1, 1]},
								"east": {"uv": [21, 8], "uv_size": [1, 1]},
								"south": {"uv": [22, 8], "uv_size": [-1, 1]},
								"west": {"uv": [21, 8], "uv_size": [1, 1]},
								"up": {"uv": [22, 9], "uv_size": [-1, -1]},
								"down": {"uv": [22, 9], "uv_size": [-1, -1]}
							}
						},
						{
							"origin": [-24.5, 44, 3],
							"size": [1, 1, 1],
							"pivot": [-0.5, 19, 4],
							"rotation": [0, -90, 0],
							"uv": {
								"north": {"uv": [25, 8], "uv_size": [1, 1]},
								"east": {"uv": [25, 8], "uv_size": [1, 1]},
								"south": {"uv": [26, 8], "uv_size": [-1, 1]},
								"west": {"uv": [25, 8], "uv_size": [1, 1]},
								"up": {"uv": [26, 9], "uv_size": [-1, -1]},
								"down": {"uv": [26, 9], "uv_size": [-1, -1]}
							}
						},
						{
							"origin": [-23.5, 39, 3],
							"size": [1, 1, 1],
							"pivot": [-0.5, 19, 4],
							"rotation": [0, -90, 0],
							"uv": {
								"north": {"uv": [20, 9], "uv_size": [1, 1]},
								"east": {"uv": [20, 9], "uv_size": [1, 1]},
								"south": {"uv": [21, 9], "uv_size": [-1, 1]},
								"west": {"uv": [20, 9], "uv_size": [1, 1]},
								"up": {"uv": [21, 10], "uv_size": [-1, -1]},
								"down": {"uv": [21, 10], "uv_size": [-1, -1]}
							}
						},
						{
							"origin": [-23.5, 43, 3],
							"size": [1, 1, 1],
							"pivot": [-0.5, 19, 4],
							"rotation": [0, -90, 0],
							"uv": {
								"north": {"uv": [24, 9], "uv_size": [1, 1]},
								"east": {"uv": [24, 9], "uv_size": [1, 1]},
								"south": {"uv": [25, 9], "uv_size": [-1, 1]},
								"west": {"uv": [24, 9], "uv_size": [1, 1]},
								"up": {"uv": [25, 10], "uv_size": [-1, -1]},
								"down": {"uv": [25, 10], "uv_size": [-1, -1]}
							}
						},
						{
							"origin": [-22.5, 38, 3],
							"size": [1, 1, 1],
							"pivot": [-0.5, 19, 4],
							"rotation": [0, -90, 0],
							"uv": {
								"north": {"uv": [19, 10], "uv_size": [1, 1]},
								"east": {"uv": [19, 10], "uv_size": [1, 1]},
								"south": {"uv": [20, 10], "uv_size": [-1, 1]},
								"west": {"uv": [19, 10], "uv_size": [1, 1]},
								"up": {"uv": [20, 11], "uv_size": [-1, -1]},
								"down": {"uv": [20, 11], "uv_size": [-1, -1]}
							}
						},
						{
							"origin": [-22.5, 42, 3],
							"size": [1, 1, 1],
							"pivot": [-0.5, 19, 4],
							"rotation": [0, -90, 0],
							"uv": {
								"north": {"uv": [23, 10], "uv_size": [1, 1]},
								"east": {"uv": [23, 10], "uv_size": [1, 1]},
								"south": {"uv": [24, 10], "uv_size": [-1, 1]},
								"west": {"uv": [23, 10], "uv_size": [1, 1]},
								"up": {"uv": [24, 11], "uv_size": [-1, -1]},
								"down": {"uv": [24, 11], "uv_size": [-1, -1]}
							}
						},
						{
							"origin": [-21.5, 37, 3],
							"size": [1, 1, 1],
							"pivot": [-0.5, 19, 4],
							"rotation": [0, -90, 0],
							"uv": {
								"north": {"uv": [18, 11], "uv_size": [1, 1]},
								"east": {"uv": [18, 11], "uv_size": [1, 1]},
								"south": {"uv": [19, 11], "uv_size": [-1, 1]},
								"west": {"uv": [18, 11], "uv_size": [1, 1]},
								"up": {"uv": [19, 12], "uv_size": [-1, -1]},
								"down": {"uv": [19, 12], "uv_size": [-1, -1]}
							}
						},
						{
							"origin": [-21.5, 41, 3],
							"size": [1, 1, 1],
							"pivot": [-0.5, 19, 4],
							"rotation": [0, -90, 0],
							"uv": {
								"north": {"uv": [22, 11], "uv_size": [1, 1]},
								"east": {"uv": [22, 11], "uv_size": [1, 1]},
								"south": {"uv": [23, 11], "uv_size": [-1, 1]},
								"west": {"uv": [22, 11], "uv_size": [1, 1]},
								"up": {"uv": [23, 12], "uv_size": [-1, -1]},
								"down": {"uv": [23, 12], "uv_size": [-1, -1]}
							}
						},
						{
							"origin": [-20.5, 36, 3],
							"size": [1, 1, 1],
							"pivot": [-0.5, 19, 4],
							"rotation": [0, -90, 0],
							"uv": {
								"north": {"uv": [17, 12], "uv_size": [1, 1]},
								"east": {"uv": [17, 12], "uv_size": [1, 1]},
								"south": {"uv": [18, 12], "uv_size": [-1, 1]},
								"west": {"uv": [17, 12], "uv_size": [1, 1]},
								"up": {"uv": [18, 13], "uv_size": [-1, -1]},
								"down": {"uv": [18, 13], "uv_size": [-1, -1]}
							}
						},
						{
							"origin": [-20.5, 40, 3],
							"size": [1, 1, 1],
							"pivot": [-0.5, 19, 4],
							"rotation": [0, -90, 0],
							"uv": {
								"north": {"uv": [21, 12], "uv_size": [1, 1]},
								"east": {"uv": [21, 12], "uv_size": [1, 1]},
								"south": {"uv": [22, 12], "uv_size": [-1, 1]},
								"west": {"uv": [21, 12], "uv_size": [1, 1]},
								"up": {"uv": [22, 13], "uv_size": [-1, -1]},
								"down": {"uv": [22, 13], "uv_size": [-1, -1]}
							}
						},
						{
							"origin": [-19.5, 35, 3],
							"size": [1, 1, 1],
							"pivot": [-0.5, 19, 4],
							"rotation": [0, -90, 0],
							"uv": {
								"north": {"uv": [16, 13], "uv_size": [1, 1]},
								"east": {"uv": [16, 13], "uv_size": [1, 1]},
								"south": {"uv": [17, 13], "uv_size": [-1, 1]},
								"west": {"uv": [16, 13], "uv_size": [1, 1]},
								"up": {"uv": [17, 14], "uv_size": [-1, -1]},
								"down": {"uv": [17, 14], "uv_size": [-1, -1]}
							}
						},
						{
							"origin": [-19.5, 39, 3],
							"size": [1, 1, 1],
							"pivot": [-0.5, 19, 4],
							"rotation": [0, -90, 0],
							"uv": {
								"north": {"uv": [20, 13], "uv_size": [1, 1]},
								"east": {"uv": [20, 13], "uv_size": [1, 1]},
								"south": {"uv": [21, 13], "uv_size": [-1, 1]},
								"west": {"uv": [20, 13], "uv_size": [1, 1]},
								"up": {"uv": [21, 14], "uv_size": [-1, -1]},
								"down": {"uv": [21, 14], "uv_size": [-1, -1]}
							}
						},
						{
							"origin": [-18.5, 34, 3],
							"size": [1, 1, 1],
							"pivot": [-0.5, 19, 4],
							"rotation": [0, -90, 0],
							"uv": {
								"north": {"uv": [15, 14], "uv_size": [1, 1]},
								"east": {"uv": [15, 14], "uv_size": [1, 1]},
								"south": {"uv": [16, 14], "uv_size": [-1, 1]},
								"west": {"uv": [15, 14], "uv_size": [1, 1]},
								"up": {"uv": [16, 15], "uv_size": [-1, -1]},
								"down": {"uv": [16, 15], "uv_size": [-1, -1]}
							}
						},
						{
							"origin": [-18.5, 38, 3],
							"size": [1, 1, 1],
							"pivot": [-0.5, 19, 4],
							"rotation": [0, -90, 0],
							"uv": {
								"north": {"uv": [19, 14], "uv_size": [1, 1]},
								"east": {"uv": [19, 14], "uv_size": [1, 1]},
								"south": {"uv": [20, 14], "uv_size": [-1, 1]},
								"west": {"uv": [19, 14], "uv_size": [1, 1]},
								"up": {"uv": [20, 15], "uv_size": [-1, -1]},
								"down": {"uv": [20, 15], "uv_size": [-1, -1]}
							}
						},
						{
							"origin": [-17.5, 33, 3],
							"size": [1, 1, 1],
							"pivot": [-0.5, 19, 4],
							"rotation": [0, -90, 0],
							"uv": {
								"north": {"uv": [14, 15], "uv_size": [1, 1]},
								"east": {"uv": [14, 15], "uv_size": [1, 1]},
								"south": {"uv": [15, 15], "uv_size": [-1, 1]},
								"west": {"uv": [14, 15], "uv_size": [1, 1]},
								"up": {"uv": [15, 16], "uv_size": [-1, -1]},
								"down": {"uv": [15, 16], "uv_size": [-1, -1]}
							}
						},
						{
							"origin": [-17.5, 37, 3],
							"size": [1, 1, 1],
							"pivot": [-0.5, 19, 4],
							"rotation": [0, -90, 0],
							"uv": {
								"north": {"uv": [18, 15], "uv_size": [1, 1]},
								"east": {"uv": [18, 15], "uv_size": [1, 1]},
								"south": {"uv": [19, 15], "uv_size": [-1, 1]},
								"west": {"uv": [18, 15], "uv_size": [1, 1]},
								"up": {"uv": [19, 16], "uv_size": [-1, -1]},
								"down": {"uv": [19, 16], "uv_size": [-1, -1]}
							}
						},
						{
							"origin": [-16.5, 27, 3],
							"size": [1, 1, 1],
							"pivot": [-0.5, 19, 4],
							"rotation": [0, -90, 0],
							"uv": {
								"north": {"uv": [8, 16], "uv_size": [1, 1]},
								"east": {"uv": [8, 16], "uv_size": [1, 1]},
								"south": {"uv": [9, 16], "uv_size": [-1, 1]},
								"west": {"uv": [8, 16], "uv_size": [1, 1]},
								"up": {"uv": [9, 17], "uv_size": [-1, -1]},
								"down": {"uv": [9, 17], "uv_size": [-1, -1]}
							}
						},
						{
							"origin": [-16.5, 28, 3],
							"size": [1, 1, 1],
							"pivot": [-0.5, 19, 4],
							"rotation": [0, -90, 0],
							"uv": {
								"north": {"uv": [9, 16], "uv_size": [1, 1]},
								"east": {"uv": [9, 16], "uv_size": [1, 1]},
								"south": {"uv": [10, 16], "uv_size": [-1, 1]},
								"west": {"uv": [9, 16], "uv_size": [1, 1]},
								"up": {"uv": [10, 17], "uv_size": [-1, -1]},
								"down": {"uv": [10, 17], "uv_size": [-1, -1]}
							}
						},
						{
							"origin": [-16.5, 32, 3],
							"size": [1, 1, 1],
							"pivot": [-0.5, 19, 4],
							"rotation": [0, -90, 0],
							"uv": {
								"north": {"uv": [13, 16], "uv_size": [1, 1]},
								"east": {"uv": [13, 16], "uv_size": [1, 1]},
								"south": {"uv": [14, 16], "uv_size": [-1, 1]},
								"west": {"uv": [13, 16], "uv_size": [1, 1]},
								"up": {"uv": [14, 17], "uv_size": [-1, -1]},
								"down": {"uv": [14, 17], "uv_size": [-1, -1]}
							}
						},
						{
							"origin": [-16.5, 36, 3],
							"size": [1, 1, 1],
							"pivot": [-0.5, 19, 4],
							"rotation": [0, -90, 0],
							"uv": {
								"north": {"uv": [17, 16], "uv_size": [1, 1]},
								"east": {"uv": [17, 16], "uv_size": [1, 1]},
								"south": {"uv": [18, 16], "uv_size": [-1, 1]},
								"west": {"uv": [17, 16], "uv_size": [1, 1]},
								"up": {"uv": [18, 17], "uv_size": [-1, -1]},
								"down": {"uv": [18, 17], "uv_size": [-1, -1]}
							}
						},
						{
							"origin": [-15.5, 26, 3],
							"size": [1, 1, 1],
							"pivot": [-0.5, 19, 4],
							"rotation": [0, -90, 0],
							"uv": {
								"north": {"uv": [7, 17], "uv_size": [1, 1]},
								"east": {"uv": [7, 17], "uv_size": [1, 1]},
								"south": {"uv": [8, 17], "uv_size": [-1, 1]},
								"west": {"uv": [7, 17], "uv_size": [1, 1]},
								"up": {"uv": [8, 18], "uv_size": [-1, -1]},
								"down": {"uv": [8, 18], "uv_size": [-1, -1]}
							}
						},
						{
							"origin": [-15.5, 28, 3],
							"size": [1, 1, 1],
							"pivot": [-0.5, 19, 4],
							"rotation": [0, -90, 0],
							"uv": {
								"north": {"uv": [9, 17], "uv_size": [1, 1]},
								"east": {"uv": [9, 17], "uv_size": [1, 1]},
								"south": {"uv": [10, 17], "uv_size": [-1, 1]},
								"west": {"uv": [9, 17], "uv_size": [1, 1]},
								"up": {"uv": [10, 18], "uv_size": [-1, -1]},
								"down": {"uv": [10, 18], "uv_size": [-1, -1]}
							}
						},
						{
							"origin": [-15.5, 31, 3],
							"size": [1, 1, 1],
							"pivot": [-0.5, 19, 4],
							"rotation": [0, -90, 0],
							"uv": {
								"north": {"uv": [12, 17], "uv_size": [1, 1]},
								"east": {"uv": [12, 17], "uv_size": [1, 1]},
								"south": {"uv": [13, 17], "uv_size": [-1, 1]},
								"west": {"uv": [12, 17], "uv_size": [1, 1]},
								"up": {"uv": [13, 18], "uv_size": [-1, -1]},
								"down": {"uv": [13, 18], "uv_size": [-1, -1]}
							}
						},
						{
							"origin": [-15.5, 35, 3],
							"size": [1, 1, 1],
							"pivot": [-0.5, 19, 4],
							"rotation": [0, -90, 0],
							"uv": {
								"north": {"uv": [16, 17], "uv_size": [1, 1]},
								"east": {"uv": [16, 17], "uv_size": [1, 1]},
								"south": {"uv": [17, 17], "uv_size": [-1, 1]},
								"west": {"uv": [16, 17], "uv_size": [1, 1]},
								"up": {"uv": [17, 18], "uv_size": [-1, -1]},
								"down": {"uv": [17, 18], "uv_size": [-1, -1]}
							}
						},
						{
							"origin": [-14.5, 25, 3],
							"size": [1, 1, 1],
							"pivot": [-0.5, 19, 4],
							"rotation": [0, -90, 0],
							"uv": {
								"north": {"uv": [6, 18], "uv_size": [1, 1]},
								"east": {"uv": [6, 18], "uv_size": [1, 1]},
								"south": {"uv": [7, 18], "uv_size": [-1, 1]},
								"west": {"uv": [6, 18], "uv_size": [1, 1]},
								"up": {"uv": [7, 19], "uv_size": [-1, -1]},
								"down": {"uv": [7, 19], "uv_size": [-1, -1]}
							}
						},
						{
							"origin": [-14.5, 27, 3],
							"size": [1, 1, 1],
							"pivot": [-0.5, 19, 4],
							"rotation": [0, -90, 0],
							"uv": {
								"north": {"uv": [8, 18], "uv_size": [1, 1]},
								"east": {"uv": [8, 18], "uv_size": [1, 1]},
								"south": {"uv": [9, 18], "uv_size": [-1, 1]},
								"west": {"uv": [8, 18], "uv_size": [1, 1]},
								"up": {"uv": [9, 19], "uv_size": [-1, -1]},
								"down": {"uv": [9, 19], "uv_size": [-1, -1]}
							}
						},
						{
							"origin": [-14.5, 30, 3],
							"size": [1, 1, 1],
							"pivot": [-0.5, 19, 4],
							"rotation": [0, -90, 0],
							"uv": {
								"north": {"uv": [11, 18], "uv_size": [1, 1]},
								"east": {"uv": [11, 18], "uv_size": [1, 1]},
								"south": {"uv": [12, 18], "uv_size": [-1, 1]},
								"west": {"uv": [11, 18], "uv_size": [1, 1]},
								"up": {"uv": [12, 19], "uv_size": [-1, -1]},
								"down": {"uv": [12, 19], "uv_size": [-1, -1]}
							}
						},
						{
							"origin": [-14.5, 34, 3],
							"size": [1, 1, 1],
							"pivot": [-0.5, 19, 4],
							"rotation": [0, -90, 0],
							"uv": {
								"north": {"uv": [15, 18], "uv_size": [1, 1]},
								"east": {"uv": [15, 18], "uv_size": [1, 1]},
								"south": {"uv": [16, 18], "uv_size": [-1, 1]},
								"west": {"uv": [15, 18], "uv_size": [1, 1]},
								"up": {"uv": [16, 19], "uv_size": [-1, -1]},
								"down": {"uv": [16, 19], "uv_size": [-1, -1]}
							}
						},
						{
							"origin": [-13.5, 25, 3],
							"size": [1, 1, 1],
							"pivot": [-0.5, 19, 4],
							"rotation": [0, -90, 0],
							"uv": {
								"north": {"uv": [6, 19], "uv_size": [1, 1]},
								"east": {"uv": [6, 19], "uv_size": [1, 1]},
								"south": {"uv": [7, 19], "uv_size": [-1, 1]},
								"west": {"uv": [6, 19], "uv_size": [1, 1]},
								"up": {"uv": [7, 20], "uv_size": [-1, -1]},
								"down": {"uv": [7, 20], "uv_size": [-1, -1]}
							}
						},
						{
							"origin": [-13.5, 27, 3],
							"size": [1, 1, 1],
							"pivot": [-0.5, 19, 4],
							"rotation": [0, -90, 0],
							"uv": {
								"north": {"uv": [8, 19], "uv_size": [1, 1]},
								"east": {"uv": [8, 19], "uv_size": [1, 1]},
								"south": {"uv": [9, 19], "uv_size": [-1, 1]},
								"west": {"uv": [8, 19], "uv_size": [1, 1]},
								"up": {"uv": [9, 20], "uv_size": [-1, -1]},
								"down": {"uv": [9, 20], "uv_size": [-1, -1]}
							}
						},
						{
							"origin": [-13.5, 29, 3],
							"size": [1, 1, 1],
							"pivot": [-0.5, 19, 4],
							"rotation": [0, -90, 0],
							"uv": {
								"north": {"uv": [10, 19], "uv_size": [1, 1]},
								"east": {"uv": [10, 19], "uv_size": [1, 1]},
								"south": {"uv": [11, 19], "uv_size": [-1, 1]},
								"west": {"uv": [10, 19], "uv_size": [1, 1]},
								"up": {"uv": [11, 20], "uv_size": [-1, -1]},
								"down": {"uv": [11, 20], "uv_size": [-1, -1]}
							}
						},
						{
							"origin": [-13.5, 33, 3],
							"size": [1, 1, 1],
							"pivot": [-0.5, 19, 4],
							"rotation": [0, -90, 0],
							"uv": {
								"north": {"uv": [14, 19], "uv_size": [1, 1]},
								"east": {"uv": [14, 19], "uv_size": [1, 1]},
								"south": {"uv": [15, 19], "uv_size": [-1, 1]},
								"west": {"uv": [14, 19], "uv_size": [1, 1]},
								"up": {"uv": [15, 20], "uv_size": [-1, -1]},
								"down": {"uv": [15, 20], "uv_size": [-1, -1]}
							}
						},
						{
							"origin": [-12.5, 26, 3],
							"size": [1, 1, 1],
							"pivot": [-0.5, 19, 4],
							"rotation": [0, -90, 0],
							"uv": {
								"north": {"uv": [7, 20], "uv_size": [1, 1]},
								"east": {"uv": [7, 20], "uv_size": [1, 1]},
								"south": {"uv": [8, 20], "uv_size": [-1, 1]},
								"west": {"uv": [7, 20], "uv_size": [1, 1]},
								"up": {"uv": [8, 21], "uv_size": [-1, -1]},
								"down": {"uv": [8, 21], "uv_size": [-1, -1]}
							}
						},
						{
							"origin": [-12.5, 28, 3],
							"size": [1, 1, 1],
							"pivot": [-0.5, 19, 4],
							"rotation": [0, -90, 0],
							"uv": {
								"north": {"uv": [9, 20], "uv_size": [1, 1]},
								"east": {"uv": [9, 20], "uv_size": [1, 1]},
								"south": {"uv": [10, 20], "uv_size": [-1, 1]},
								"west": {"uv": [9, 20], "uv_size": [1, 1]},
								"up": {"uv": [10, 21], "uv_size": [-1, -1]},
								"down": {"uv": [10, 21], "uv_size": [-1, -1]}
							}
						},
						{
							"origin": [-12.5, 32, 3],
							"size": [1, 1, 1],
							"pivot": [-0.5, 19, 4],
							"rotation": [0, -90, 0],
							"uv": {
								"north": {"uv": [13, 20], "uv_size": [1, 1]},
								"east": {"uv": [13, 20], "uv_size": [1, 1]},
								"south": {"uv": [14, 20], "uv_size": [-1, 1]},
								"west": {"uv": [13, 20], "uv_size": [1, 1]},
								"up": {"uv": [14, 21], "uv_size": [-1, -1]},
								"down": {"uv": [14, 21], "uv_size": [-1, -1]}
							}
						},
						{
							"origin": [-11.5, 26, 3],
							"size": [1, 1, 1],
							"pivot": [-0.5, 19, 4],
							"rotation": [0, -90, 0],
							"uv": {
								"north": {"uv": [7, 21], "uv_size": [1, 1]},
								"east": {"uv": [7, 21], "uv_size": [1, 1]},
								"south": {"uv": [8, 21], "uv_size": [-1, 1]},
								"west": {"uv": [7, 21], "uv_size": [1, 1]},
								"up": {"uv": [8, 22], "uv_size": [-1, -1]},
								"down": {"uv": [8, 22], "uv_size": [-1, -1]}
							}
						},
						{
							"origin": [-11.5, 31, 3],
							"size": [1, 1, 1],
							"pivot": [-0.5, 19, 4],
							"rotation": [0, -90, 0],
							"uv": {
								"north": {"uv": [12, 21], "uv_size": [1, 1]},
								"east": {"uv": [12, 21], "uv_size": [1, 1]},
								"south": {"uv": [13, 21], "uv_size": [-1, 1]},
								"west": {"uv": [12, 21], "uv_size": [1, 1]},
								"up": {"uv": [13, 22], "uv_size": [-1, -1]},
								"down": {"uv": [13, 22], "uv_size": [-1, -1]}
							}
						},
						{
							"origin": [-10.5, 27, 3],
							"size": [1, 1, 1],
							"pivot": [-0.5, 19, 4],
							"rotation": [0, -90, 0],
							"uv": {
								"north": {"uv": [8, 22], "uv_size": [1, 1]},
								"east": {"uv": [8, 22], "uv_size": [1, 1]},
								"south": {"uv": [9, 22], "uv_size": [-1, 1]},
								"west": {"uv": [8, 22], "uv_size": [1, 1]},
								"up": {"uv": [9, 23], "uv_size": [-1, -1]},
								"down": {"uv": [9, 23], "uv_size": [-1, -1]}
							}
						},
						{
							"origin": [-10.5, 30, 3],
							"size": [1, 1, 1],
							"pivot": [-0.5, 19, 4],
							"rotation": [0, -90, 0],
							"uv": {
								"north": {"uv": [11, 22], "uv_size": [1, 1]},
								"east": {"uv": [11, 22], "uv_size": [1, 1]},
								"south": {"uv": [12, 22], "uv_size": [-1, 1]},
								"west": {"uv": [11, 22], "uv_size": [1, 1]},
								"up": {"uv": [12, 23], "uv_size": [-1, -1]},
								"down": {"uv": [12, 23], "uv_size": [-1, -1]}
							}
						},
						{
							"origin": [-10.5, 33, 3],
							"size": [1, 1, 1],
							"pivot": [-0.5, 19, 4],
							"rotation": [0, -90, 0],
							"uv": {
								"north": {"uv": [14, 22], "uv_size": [1, 1]},
								"east": {"uv": [14, 22], "uv_size": [1, 1]},
								"south": {"uv": [15, 22], "uv_size": [-1, 1]},
								"west": {"uv": [14, 22], "uv_size": [1, 1]},
								"up": {"uv": [15, 23], "uv_size": [-1, -1]},
								"down": {"uv": [15, 23], "uv_size": [-1, -1]}
							}
						},
						{
							"origin": [-10.5, 34, 3],
							"size": [1, 1, 1],
							"pivot": [-0.5, 19, 4],
							"rotation": [0, -90, 0],
							"uv": {
								"north": {"uv": [15, 22], "uv_size": [1, 1]},
								"east": {"uv": [15, 22], "uv_size": [1, 1]},
								"south": {"uv": [16, 22], "uv_size": [-1, 1]},
								"west": {"uv": [15, 22], "uv_size": [1, 1]},
								"up": {"uv": [16, 23], "uv_size": [-1, -1]},
								"down": {"uv": [16, 23], "uv_size": [-1, -1]}
							}
						},
						{
							"origin": [-9.5, 26, 3],
							"size": [1, 1, 1],
							"pivot": [-0.5, 19, 4],
							"rotation": [0, -90, 0],
							"uv": {
								"north": {"uv": [7, 23], "uv_size": [1, 1]},
								"east": {"uv": [7, 23], "uv_size": [1, 1]},
								"south": {"uv": [8, 23], "uv_size": [-1, 1]},
								"west": {"uv": [7, 23], "uv_size": [1, 1]},
								"up": {"uv": [8, 24], "uv_size": [-1, -1]},
								"down": {"uv": [8, 24], "uv_size": [-1, -1]}
							}
						},
						{
							"origin": [-9.5, 28, 3],
							"size": [1, 1, 1],
							"pivot": [-0.5, 19, 4],
							"rotation": [0, -90, 0],
							"uv": {
								"north": {"uv": [9, 23], "uv_size": [1, 1]},
								"east": {"uv": [9, 23], "uv_size": [1, 1]},
								"south": {"uv": [10, 23], "uv_size": [-1, 1]},
								"west": {"uv": [9, 23], "uv_size": [1, 1]},
								"up": {"uv": [10, 24], "uv_size": [-1, -1]},
								"down": {"uv": [10, 24], "uv_size": [-1, -1]}
							}
						},
						{
							"origin": [-9.5, 31, 3],
							"size": [1, 1, 1],
							"pivot": [-0.5, 19, 4],
							"rotation": [0, -90, 0],
							"uv": {
								"north": {"uv": [12, 23], "uv_size": [1, 1]},
								"east": {"uv": [12, 23], "uv_size": [1, 1]},
								"south": {"uv": [13, 23], "uv_size": [-1, 1]},
								"west": {"uv": [12, 23], "uv_size": [1, 1]},
								"up": {"uv": [13, 24], "uv_size": [-1, -1]},
								"down": {"uv": [13, 24], "uv_size": [-1, -1]}
							}
						},
						{
							"origin": [-9.5, 32, 3],
							"size": [1, 1, 1],
							"pivot": [-0.5, 19, 4],
							"rotation": [0, -90, 0],
							"uv": {
								"north": {"uv": [13, 23], "uv_size": [1, 1]},
								"east": {"uv": [13, 23], "uv_size": [1, 1]},
								"south": {"uv": [14, 23], "uv_size": [-1, 1]},
								"west": {"uv": [13, 23], "uv_size": [1, 1]},
								"up": {"uv": [14, 24], "uv_size": [-1, -1]},
								"down": {"uv": [14, 24], "uv_size": [-1, -1]}
							}
						},
						{
							"origin": [-9.5, 34, 3],
							"size": [1, 1, 1],
							"pivot": [-0.5, 19, 4],
							"rotation": [0, -90, 0],
							"uv": {
								"north": {"uv": [15, 23], "uv_size": [1, 1]},
								"east": {"uv": [15, 23], "uv_size": [1, 1]},
								"south": {"uv": [16, 23], "uv_size": [-1, 1]},
								"west": {"uv": [15, 23], "uv_size": [1, 1]},
								"up": {"uv": [16, 24], "uv_size": [-1, -1]},
								"down": {"uv": [16, 24], "uv_size": [-1, -1]}
							}
						},
						{
							"origin": [-8.5, 25, 3],
							"size": [1, 1, 1],
							"pivot": [-0.5, 19, 4],
							"rotation": [0, -90, 0],
							"uv": {
								"north": {"uv": [6, 24], "uv_size": [1, 1]},
								"east": {"uv": [6, 24], "uv_size": [1, 1]},
								"south": {"uv": [7, 24], "uv_size": [-1, 1]},
								"west": {"uv": [6, 24], "uv_size": [1, 1]},
								"up": {"uv": [7, 25], "uv_size": [-1, -1]},
								"down": {"uv": [7, 25], "uv_size": [-1, -1]}
							}
						},
						{
							"origin": [-8.5, 27, 3],
							"size": [1, 1, 1],
							"pivot": [-0.5, 19, 4],
							"rotation": [0, -90, 0],
							"uv": {
								"north": {"uv": [8, 24], "uv_size": [1, 1]},
								"east": {"uv": [8, 24], "uv_size": [1, 1]},
								"south": {"uv": [9, 24], "uv_size": [-1, 1]},
								"west": {"uv": [8, 24], "uv_size": [1, 1]},
								"up": {"uv": [9, 25], "uv_size": [-1, -1]},
								"down": {"uv": [9, 25], "uv_size": [-1, -1]}
							}
						},
						{
							"origin": [-8.5, 29, 3],
							"size": [1, 1, 1],
							"pivot": [-0.5, 19, 4],
							"rotation": [0, -90, 0],
							"uv": {
								"north": {"uv": [10, 24], "uv_size": [1, 1]},
								"east": {"uv": [10, 24], "uv_size": [1, 1]},
								"south": {"uv": [11, 24], "uv_size": [-1, 1]},
								"west": {"uv": [10, 24], "uv_size": [1, 1]},
								"up": {"uv": [11, 25], "uv_size": [-1, -1]},
								"down": {"uv": [11, 25], "uv_size": [-1, -1]}
							}
						},
						{
							"origin": [-8.5, 30, 3],
							"size": [1, 1, 1],
							"pivot": [-0.5, 19, 4],
							"rotation": [0, -90, 0],
							"uv": {
								"north": {"uv": [11, 24], "uv_size": [1, 1]},
								"east": {"uv": [11, 24], "uv_size": [1, 1]},
								"south": {"uv": [12, 24], "uv_size": [-1, 1]},
								"west": {"uv": [11, 24], "uv_size": [1, 1]},
								"up": {"uv": [12, 25], "uv_size": [-1, -1]},
								"down": {"uv": [12, 25], "uv_size": [-1, -1]}
							}
						},
						{
							"origin": [-8.5, 33, 3],
							"size": [1, 1, 1],
							"pivot": [-0.5, 19, 4],
							"rotation": [0, -90, 0],
							"uv": {
								"north": {"uv": [14, 24], "uv_size": [1, 1]},
								"east": {"uv": [14, 24], "uv_size": [1, 1]},
								"south": {"uv": [15, 24], "uv_size": [-1, 1]},
								"west": {"uv": [14, 24], "uv_size": [1, 1]},
								"up": {"uv": [15, 25], "uv_size": [-1, -1]},
								"down": {"uv": [15, 25], "uv_size": [-1, -1]}
							}
						},
						{
							"origin": [-7.5, 24, 3],
							"size": [1, 1, 1],
							"pivot": [-0.5, 19, 4],
							"rotation": [0, -90, 0],
							"uv": {
								"north": {"uv": [5, 25], "uv_size": [1, 1]},
								"east": {"uv": [5, 25], "uv_size": [1, 1]},
								"south": {"uv": [6, 25], "uv_size": [-1, 1]},
								"west": {"uv": [5, 25], "uv_size": [1, 1]},
								"up": {"uv": [6, 26], "uv_size": [-1, -1]},
								"down": {"uv": [6, 26], "uv_size": [-1, -1]}
							}
						},
						{
							"origin": [-7.5, 26, 3],
							"size": [1, 1, 1],
							"pivot": [-0.5, 19, 4],
							"rotation": [0, -90, 0],
							"uv": {
								"north": {"uv": [7, 25], "uv_size": [1, 1]},
								"east": {"uv": [7, 25], "uv_size": [1, 1]},
								"south": {"uv": [8, 25], "uv_size": [-1, 1]},
								"west": {"uv": [7, 25], "uv_size": [1, 1]},
								"up": {"uv": [8, 26], "uv_size": [-1, -1]},
								"down": {"uv": [8, 26], "uv_size": [-1, -1]}
							}
						},
						{
							"origin": [-7.5, 31, 3],
							"size": [1, 1, 1],
							"pivot": [-0.5, 19, 4],
							"rotation": [0, -90, 0],
							"uv": {
								"north": {"uv": [12, 25], "uv_size": [1, 1]},
								"east": {"uv": [12, 25], "uv_size": [1, 1]},
								"south": {"uv": [13, 25], "uv_size": [-1, 1]},
								"west": {"uv": [12, 25], "uv_size": [1, 1]},
								"up": {"uv": [13, 26], "uv_size": [-1, -1]},
								"down": {"uv": [13, 26], "uv_size": [-1, -1]}
							}
						},
						{
							"origin": [-7.5, 32, 3],
							"size": [1, 1, 1],
							"pivot": [-0.5, 19, 4],
							"rotation": [0, -90, 0],
							"uv": {
								"north": {"uv": [13, 25], "uv_size": [1, 1]},
								"east": {"uv": [13, 25], "uv_size": [1, 1]},
								"south": {"uv": [14, 25], "uv_size": [-1, 1]},
								"west": {"uv": [13, 25], "uv_size": [1, 1]},
								"up": {"uv": [14, 26], "uv_size": [-1, -1]},
								"down": {"uv": [14, 26], "uv_size": [-1, -1]}
							}
						},
						{
							"origin": [-6.5, 23, 3],
							"size": [1, 1, 1],
							"pivot": [-0.5, 19, 4],
							"rotation": [0, -90, 0],
							"uv": {
								"north": {"uv": [4, 26], "uv_size": [1, 1]},
								"east": {"uv": [4, 26], "uv_size": [1, 1]},
								"south": {"uv": [5, 26], "uv_size": [-1, 1]},
								"west": {"uv": [4, 26], "uv_size": [1, 1]},
								"up": {"uv": [5, 27], "uv_size": [-1, -1]},
								"down": {"uv": [5, 27], "uv_size": [-1, -1]}
							}
						},
						{
							"origin": [-6.5, 25, 3],
							"size": [1, 1, 1],
							"pivot": [-0.5, 19, 4],
							"rotation": [0, -90, 0],
							"uv": {
								"north": {"uv": [6, 26], "uv_size": [1, 1]},
								"east": {"uv": [6, 26], "uv_size": [1, 1]},
								"south": {"uv": [7, 26], "uv_size": [-1, 1]},
								"west": {"uv": [6, 26], "uv_size": [1, 1]},
								"up": {"uv": [7, 27], "uv_size": [-1, -1]},
								"down": {"uv": [7, 27], "uv_size": [-1, -1]}
							}
						},
						{
							"origin": [-5.5, 21, 3],
							"size": [1, 1, 1],
							"pivot": [-0.5, 19, 4],
							"rotation": [0, -90, 0],
							"uv": {
								"north": {"uv": [2, 27], "uv_size": [1, 1]},
								"east": {"uv": [2, 27], "uv_size": [1, 1]},
								"south": {"uv": [3, 27], "uv_size": [-1, 1]},
								"west": {"uv": [2, 27], "uv_size": [1, 1]},
								"up": {"uv": [3, 28], "uv_size": [-1, -1]},
								"down": {"uv": [3, 28], "uv_size": [-1, -1]}
							}
						},
						{
							"origin": [-5.5, 22, 3],
							"size": [1, 1, 1],
							"pivot": [-0.5, 19, 4],
							"rotation": [0, -90, 0],
							"uv": {
								"north": {"uv": [3, 27], "uv_size": [1, 1]},
								"east": {"uv": [3, 27], "uv_size": [1, 1]},
								"south": {"uv": [4, 27], "uv_size": [-1, 1]},
								"west": {"uv": [3, 27], "uv_size": [1, 1]},
								"up": {"uv": [4, 28], "uv_size": [-1, -1]},
								"down": {"uv": [4, 28], "uv_size": [-1, -1]}
							}
						},
						{
							"origin": [-5.5, 24, 3],
							"size": [1, 1, 1],
							"pivot": [-0.5, 19, 4],
							"rotation": [0, -90, 0],
							"uv": {
								"north": {"uv": [5, 27], "uv_size": [1, 1]},
								"east": {"uv": [5, 27], "uv_size": [1, 1]},
								"south": {"uv": [6, 27], "uv_size": [-1, 1]},
								"west": {"uv": [5, 27], "uv_size": [1, 1]},
								"up": {"uv": [6, 28], "uv_size": [-1, -1]},
								"down": {"uv": [6, 28], "uv_size": [-1, -1]}
							}
						},
						{
							"origin": [-4.5, 21, 3],
							"size": [1, 1, 1],
							"pivot": [-0.5, 19, 4],
							"rotation": [0, -90, 0],
							"uv": {
								"north": {"uv": [2, 28], "uv_size": [1, 1]},
								"east": {"uv": [2, 28], "uv_size": [1, 1]},
								"south": {"uv": [3, 28], "uv_size": [-1, 1]},
								"west": {"uv": [2, 28], "uv_size": [1, 1]},
								"up": {"uv": [3, 29], "uv_size": [-1, -1]},
								"down": {"uv": [3, 29], "uv_size": [-1, -1]}
							}
						},
						{
							"origin": [-4.5, 23, 3],
							"size": [1, 1, 1],
							"pivot": [-0.5, 19, 4],
							"rotation": [0, -90, 0],
							"uv": {
								"north": {"uv": [4, 28], "uv_size": [1, 1]},
								"east": {"uv": [4, 28], "uv_size": [1, 1]},
								"south": {"uv": [5, 28], "uv_size": [-1, 1]},
								"west": {"uv": [4, 28], "uv_size": [1, 1]},
								"up": {"uv": [5, 29], "uv_size": [-1, -1]},
								"down": {"uv": [5, 29], "uv_size": [-1, -1]}
							}
						},
						{
							"origin": [-3.5, 21, 3],
							"size": [1, 1, 1],
							"pivot": [-0.5, 19, 4],
							"rotation": [0, -90, 0],
							"uv": {
								"north": {"uv": [2, 29], "uv_size": [1, 1]},
								"east": {"uv": [2, 29], "uv_size": [1, 1]},
								"south": {"uv": [3, 29], "uv_size": [-1, 1]},
								"west": {"uv": [2, 29], "uv_size": [1, 1]},
								"up": {"uv": [3, 30], "uv_size": [-1, -1]},
								"down": {"uv": [3, 30], "uv_size": [-1, -1]}
							}
						},
						{
							"origin": [-3.5, 22, 3],
							"size": [1, 1, 1],
							"pivot": [-0.5, 19, 4],
							"rotation": [0, -90, 0],
							"uv": {
								"north": {"uv": [3, 29], "uv_size": [1, 1]},
								"east": {"uv": [3, 29], "uv_size": [1, 1]},
								"south": {"uv": [4, 29], "uv_size": [-1, 1]},
								"west": {"uv": [3, 29], "uv_size": [1, 1]},
								"up": {"uv": [4, 30], "uv_size": [-1, -1]},
								"down": {"uv": [4, 30], "uv_size": [-1, -1]}
							}
						},
						{
							"origin": [-3.5, 23, 3],
							"size": [1, 1, 1],
							"pivot": [-0.5, 19, 4],
							"rotation": [0, -90, 0],
							"uv": {
								"north": {"uv": [4, 29], "uv_size": [1, 1]},
								"east": {"uv": [4, 29], "uv_size": [1, 1]},
								"south": {"uv": [5, 29], "uv_size": [-1, 1]},
								"west": {"uv": [4, 29], "uv_size": [1, 1]},
								"up": {"uv": [5, 30], "uv_size": [-1, -1]},
								"down": {"uv": [5, 30], "uv_size": [-1, -1]}
							}
						},
						{
							"origin": [-4.5, 22, 2.625],
							"size": [1, 1, 1.75],
							"pivot": [-0.5, 19, 4],
							"rotation": [0, -90, 0],
							"uv": {
								"north": {"uv": [3, 28], "uv_size": [1, 1]},
								"east": {"uv": [3, 28], "uv_size": [1, 1]},
								"south": {"uv": [4, 28], "uv_size": [-1, 1]},
								"west": {"uv": [3, 28], "uv_size": [1, 1]},
								"up": {"uv": [4, 29], "uv_size": [-1, -1]},
								"down": {"uv": [4, 29], "uv_size": [-1, -1]}
							}
						},
						{
							"origin": [-5.5, 23, 2.75],
							"size": [1, 1, 1.5],
							"pivot": [-0.5, 19, 4],
							"rotation": [0, -90, 0],
							"uv": {
								"north": {"uv": [4, 27], "uv_size": [1, 1]},
								"east": {"uv": [4, 27], "uv_size": [1, 1]},
								"south": {"uv": [5, 27], "uv_size": [-1, 1]},
								"west": {"uv": [4, 27], "uv_size": [1, 1]},
								"up": {"uv": [5, 28], "uv_size": [-1, -1]},
								"down": {"uv": [5, 28], "uv_size": [-1, -1]}
							}
						},
						{
							"origin": [-6.5, 24, 2.75],
							"size": [1, 1, 1.5],
							"pivot": [-0.5, 19, 4],
							"rotation": [0, -90, 0],
							"uv": {
								"north": {"uv": [5, 26], "uv_size": [1, 1]},
								"east": {"uv": [5, 26], "uv_size": [1, 1]},
								"south": {"uv": [6, 26], "uv_size": [-1, 1]},
								"west": {"uv": [5, 26], "uv_size": [1, 1]},
								"up": {"uv": [6, 27], "uv_size": [-1, -1]},
								"down": {"uv": [6, 27], "uv_size": [-1, -1]}
							}
						},
						{
							"origin": [-7.5, 25, 2.75],
							"size": [1, 1, 1.5],
							"pivot": [-0.5, 19, 4],
							"rotation": [0, -90, 0],
							"uv": {
								"north": {"uv": [6, 25], "uv_size": [1, 1]},
								"east": {"uv": [6, 25], "uv_size": [1, 1]},
								"south": {"uv": [7, 25], "uv_size": [-1, 1]},
								"west": {"uv": [6, 25], "uv_size": [1, 1]},
								"up": {"uv": [7, 26], "uv_size": [-1, -1]},
								"down": {"uv": [7, 26], "uv_size": [-1, -1]}
							}
						},
						{
							"origin": [-8.5, 32, 2.625],
							"size": [1, 1, 1.75],
							"pivot": [-0.5, 19, 4],
							"rotation": [0, -90, 0],
							"uv": {
								"north": {"uv": [13, 24], "uv_size": [1, 1]},
								"east": {"uv": [13, 24], "uv_size": [1, 1]},
								"south": {"uv": [14, 24], "uv_size": [-1, 1]},
								"west": {"uv": [13, 24], "uv_size": [1, 1]},
								"up": {"uv": [14, 25], "uv_size": [-1, -1]},
								"down": {"uv": [14, 25], "uv_size": [-1, -1]}
							}
						},
						{
							"origin": [-8.5, 31, 2.625],
							"size": [1, 1, 1.75],
							"pivot": [-0.5, 19, 4],
							"rotation": [0, -90, 0],
							"uv": {
								"north": {"uv": [12, 24], "uv_size": [1, 1]},
								"east": {"uv": [12, 24], "uv_size": [1, 1]},
								"south": {"uv": [13, 24], "uv_size": [-1, 1]},
								"west": {"uv": [12, 24], "uv_size": [1, 1]},
								"up": {"uv": [13, 25], "uv_size": [-1, -1]},
								"down": {"uv": [13, 25], "uv_size": [-1, -1]}
							}
						},
						{
							"origin": [-8.5, 26, 2.75],
							"size": [1, 1, 1.5],
							"pivot": [-0.5, 19, 4],
							"rotation": [0, -90, 0],
							"uv": {
								"north": {"uv": [7, 24], "uv_size": [1, 1]},
								"east": {"uv": [7, 24], "uv_size": [1, 1]},
								"south": {"uv": [8, 24], "uv_size": [-1, 1]},
								"west": {"uv": [7, 24], "uv_size": [1, 1]},
								"up": {"uv": [8, 25], "uv_size": [-1, -1]},
								"down": {"uv": [8, 25], "uv_size": [-1, -1]}
							}
						},
						{
							"origin": [-9.5, 33, 2.625],
							"size": [1, 1, 1.75],
							"pivot": [-0.5, 19, 4],
							"rotation": [0, -90, 0],
							"uv": {
								"north": {"uv": [14, 23], "uv_size": [1, 1]},
								"east": {"uv": [14, 23], "uv_size": [1, 1]},
								"south": {"uv": [15, 23], "uv_size": [-1, 1]},
								"west": {"uv": [14, 23], "uv_size": [1, 1]},
								"up": {"uv": [15, 24], "uv_size": [-1, -1]},
								"down": {"uv": [15, 24], "uv_size": [-1, -1]}
							}
						},
						{
							"origin": [-9.5, 30, 2.625],
							"size": [1, 1, 1.75],
							"pivot": [-0.5, 19, 4],
							"rotation": [0, -90, 0],
							"uv": {
								"north": {"uv": [11, 23], "uv_size": [1, 1]},
								"east": {"uv": [11, 23], "uv_size": [1, 1]},
								"south": {"uv": [12, 23], "uv_size": [-1, 1]},
								"west": {"uv": [11, 23], "uv_size": [1, 1]},
								"up": {"uv": [12, 24], "uv_size": [-1, -1]},
								"down": {"uv": [12, 24], "uv_size": [-1, -1]}
							}
						},
						{
							"origin": [-9.5, 29, 2.625],
							"size": [1, 1, 1.75],
							"pivot": [-0.5, 19, 4],
							"rotation": [0, -90, 0],
							"uv": {
								"north": {"uv": [10, 23], "uv_size": [1, 1]},
								"east": {"uv": [10, 23], "uv_size": [1, 1]},
								"south": {"uv": [11, 23], "uv_size": [-1, 1]},
								"west": {"uv": [10, 23], "uv_size": [1, 1]},
								"up": {"uv": [11, 24], "uv_size": [-1, -1]},
								"down": {"uv": [11, 24], "uv_size": [-1, -1]}
							}
						},
						{
							"origin": [-9.5, 27, 2.75],
							"size": [1, 1, 1.5],
							"pivot": [-0.5, 19, 4],
							"rotation": [0, -90, 0],
							"uv": {
								"north": {"uv": [8, 23], "uv_size": [1, 1]},
								"east": {"uv": [8, 23], "uv_size": [1, 1]},
								"south": {"uv": [9, 23], "uv_size": [-1, 1]},
								"west": {"uv": [8, 23], "uv_size": [1, 1]},
								"up": {"uv": [9, 24], "uv_size": [-1, -1]},
								"down": {"uv": [9, 24], "uv_size": [-1, -1]}
							}
						},
						{
							"origin": [-10.5, 29, 2.625],
							"size": [1, 1, 1.75],
							"pivot": [-0.5, 19, 4],
							"rotation": [0, -90, 0],
							"uv": {
								"north": {"uv": [10, 22], "uv_size": [1, 1]},
								"east": {"uv": [10, 22], "uv_size": [1, 1]},
								"south": {"uv": [11, 22], "uv_size": [-1, 1]},
								"west": {"uv": [10, 22], "uv_size": [1, 1]},
								"up": {"uv": [11, 23], "uv_size": [-1, -1]},
								"down": {"uv": [11, 23], "uv_size": [-1, -1]}
							}
						},
						{
							"origin": [-10.5, 28, 2.625],
							"size": [1, 1, 1.75],
							"pivot": [-0.5, 19, 4],
							"rotation": [0, -90, 0],
							"uv": {
								"north": {"uv": [9, 22], "uv_size": [1, 1]},
								"east": {"uv": [9, 22], "uv_size": [1, 1]},
								"south": {"uv": [10, 22], "uv_size": [-1, 1]},
								"west": {"uv": [9, 22], "uv_size": [1, 1]},
								"up": {"uv": [10, 23], "uv_size": [-1, -1]},
								"down": {"uv": [10, 23], "uv_size": [-1, -1]}
							}
						},
						{
							"origin": [-11.5, 30, 2.625],
							"size": [1, 1, 1.75],
							"pivot": [-0.5, 19, 4],
							"rotation": [0, -90, 0],
							"uv": {
								"north": {"uv": [11, 21], "uv_size": [1, 1]},
								"east": {"uv": [11, 21], "uv_size": [1, 1]},
								"south": {"uv": [12, 21], "uv_size": [-1, 1]},
								"west": {"uv": [11, 21], "uv_size": [1, 1]},
								"up": {"uv": [12, 22], "uv_size": [-1, -1]},
								"down": {"uv": [12, 22], "uv_size": [-1, -1]}
							}
						},
						{
							"origin": [-11.5, 29, 2.625],
							"size": [1, 1, 1.75],
							"pivot": [-0.5, 19, 4],
							"rotation": [0, -90, 0],
							"uv": {
								"north": {"uv": [10, 21], "uv_size": [1, 1]},
								"east": {"uv": [10, 21], "uv_size": [1, 1]},
								"south": {"uv": [11, 21], "uv_size": [-1, 1]},
								"west": {"uv": [10, 21], "uv_size": [1, 1]},
								"up": {"uv": [11, 22], "uv_size": [-1, -1]},
								"down": {"uv": [11, 22], "uv_size": [-1, -1]}
							}
						},
						{
							"origin": [-11.5, 28, 2.625],
							"size": [1, 1, 1.75],
							"pivot": [-0.5, 19, 4],
							"rotation": [0, -90, 0],
							"uv": {
								"north": {"uv": [9, 21], "uv_size": [1, 1]},
								"east": {"uv": [9, 21], "uv_size": [1, 1]},
								"south": {"uv": [10, 21], "uv_size": [-1, 1]},
								"west": {"uv": [9, 21], "uv_size": [1, 1]},
								"up": {"uv": [10, 22], "uv_size": [-1, -1]},
								"down": {"uv": [10, 22], "uv_size": [-1, -1]}
							}
						},
						{
							"origin": [-11.5, 27, 2.625],
							"size": [1, 1, 1.75],
							"pivot": [-0.5, 19, 4],
							"rotation": [0, -90, 0],
							"uv": {
								"north": {"uv": [8, 21], "uv_size": [1, 1]},
								"east": {"uv": [8, 21], "uv_size": [1, 1]},
								"south": {"uv": [9, 21], "uv_size": [-1, 1]},
								"west": {"uv": [8, 21], "uv_size": [1, 1]},
								"up": {"uv": [9, 22], "uv_size": [-1, -1]},
								"down": {"uv": [9, 22], "uv_size": [-1, -1]}
							}
						},
						{
							"origin": [-12.5, 31, 2.625],
							"size": [1, 1, 1.75],
							"pivot": [-0.5, 19, 4],
							"rotation": [0, -90, 0],
							"uv": {
								"north": {"uv": [12, 20], "uv_size": [1, 1]},
								"east": {"uv": [12, 20], "uv_size": [1, 1]},
								"south": {"uv": [13, 20], "uv_size": [-1, 1]},
								"west": {"uv": [12, 20], "uv_size": [1, 1]},
								"up": {"uv": [13, 21], "uv_size": [-1, -1]},
								"down": {"uv": [13, 21], "uv_size": [-1, -1]}
							}
						},
						{
							"origin": [-12.5, 30, 2.625],
							"size": [1, 1, 1.75],
							"pivot": [-0.5, 19, 4],
							"rotation": [0, -90, 0],
							"uv": {
								"north": {"uv": [11, 20], "uv_size": [1, 1]},
								"east": {"uv": [11, 20], "uv_size": [1, 1]},
								"south": {"uv": [12, 20], "uv_size": [-1, 1]},
								"west": {"uv": [11, 20], "uv_size": [1, 1]},
								"up": {"uv": [12, 21], "uv_size": [-1, -1]},
								"down": {"uv": [12, 21], "uv_size": [-1, -1]}
							}
						},
						{
							"origin": [-12.5, 29, 2.625],
							"size": [1, 1, 1.75],
							"pivot": [-0.5, 19, 4],
							"rotation": [0, -90, 0],
							"uv": {
								"north": {"uv": [10, 20], "uv_size": [1, 1]},
								"east": {"uv": [10, 20], "uv_size": [1, 1]},
								"south": {"uv": [11, 20], "uv_size": [-1, 1]},
								"west": {"uv": [10, 20], "uv_size": [1, 1]},
								"up": {"uv": [11, 21], "uv_size": [-1, -1]},
								"down": {"uv": [11, 21], "uv_size": [-1, -1]}
							}
						},
						{
							"origin": [-12.5, 27, 2.625],
							"size": [1, 1, 1.75],
							"pivot": [-0.5, 19, 4],
							"rotation": [0, -90, 0],
							"uv": {
								"north": {"uv": [8, 20], "uv_size": [1, 1]},
								"east": {"uv": [8, 20], "uv_size": [1, 1]},
								"south": {"uv": [9, 20], "uv_size": [-1, 1]},
								"west": {"uv": [8, 20], "uv_size": [1, 1]},
								"up": {"uv": [9, 21], "uv_size": [-1, -1]},
								"down": {"uv": [9, 21], "uv_size": [-1, -1]}
							}
						},
						{
							"origin": [-13.5, 32, 2.625],
							"size": [1, 1, 1.75],
							"pivot": [-0.5, 19, 4],
							"rotation": [0, -90, 0],
							"uv": {
								"north": {"uv": [13, 19], "uv_size": [1, 1]},
								"east": {"uv": [13, 19], "uv_size": [1, 1]},
								"south": {"uv": [14, 19], "uv_size": [-1, 1]},
								"west": {"uv": [13, 19], "uv_size": [1, 1]},
								"up": {"uv": [14, 20], "uv_size": [-1, -1]},
								"down": {"uv": [14, 20], "uv_size": [-1, -1]}
							}
						},
						{
							"origin": [-13.5, 31, 2.625],
							"size": [1, 1, 1.75],
							"pivot": [-0.5, 19, 4],
							"rotation": [0, -90, 0],
							"uv": {
								"north": {"uv": [12, 19], "uv_size": [1, 1]},
								"east": {"uv": [12, 19], "uv_size": [1, 1]},
								"south": {"uv": [13, 19], "uv_size": [-1, 1]},
								"west": {"uv": [12, 19], "uv_size": [1, 1]},
								"up": {"uv": [13, 20], "uv_size": [-1, -1]},
								"down": {"uv": [13, 20], "uv_size": [-1, -1]}
							}
						},
						{
							"origin": [-13.5, 30, 2.625],
							"size": [1, 1, 1.75],
							"pivot": [-0.5, 19, 4],
							"rotation": [0, -90, 0],
							"uv": {
								"north": {"uv": [11, 19], "uv_size": [1, 1]},
								"east": {"uv": [11, 19], "uv_size": [1, 1]},
								"south": {"uv": [12, 19], "uv_size": [-1, 1]},
								"west": {"uv": [11, 19], "uv_size": [1, 1]},
								"up": {"uv": [12, 20], "uv_size": [-1, -1]},
								"down": {"uv": [12, 20], "uv_size": [-1, -1]}
							}
						},
						{
							"origin": [-13.5, 26, 2.625],
							"size": [1, 1, 1.75],
							"pivot": [-0.5, 19, 4],
							"rotation": [0, -90, 0],
							"uv": {
								"north": {"uv": [7, 19], "uv_size": [1, 1]},
								"east": {"uv": [7, 19], "uv_size": [1, 1]},
								"south": {"uv": [8, 19], "uv_size": [-1, 1]},
								"west": {"uv": [7, 19], "uv_size": [1, 1]},
								"up": {"uv": [8, 20], "uv_size": [-1, -1]},
								"down": {"uv": [8, 20], "uv_size": [-1, -1]}
							}
						},
						{
							"origin": [-14.5, 33, 2.625],
							"size": [1, 1, 1.75],
							"pivot": [-0.5, 19, 4],
							"rotation": [0, -90, 0],
							"uv": {
								"north": {"uv": [14, 18], "uv_size": [1, 1]},
								"east": {"uv": [14, 18], "uv_size": [1, 1]},
								"south": {"uv": [15, 18], "uv_size": [-1, 1]},
								"west": {"uv": [14, 18], "uv_size": [1, 1]},
								"up": {"uv": [15, 19], "uv_size": [-1, -1]},
								"down": {"uv": [15, 19], "uv_size": [-1, -1]}
							}
						},
						{
							"origin": [-14.5, 32, 2.625],
							"size": [1, 1, 1.75],
							"pivot": [-0.5, 19, 4],
							"rotation": [0, -90, 0],
							"uv": {
								"north": {"uv": [13, 18], "uv_size": [1, 1]},
								"east": {"uv": [13, 18], "uv_size": [1, 1]},
								"south": {"uv": [14, 18], "uv_size": [-1, 1]},
								"west": {"uv": [13, 18], "uv_size": [1, 1]},
								"up": {"uv": [14, 19], "uv_size": [-1, -1]},
								"down": {"uv": [14, 19], "uv_size": [-1, -1]}
							}
						},
						{
							"origin": [-14.5, 31, 2.625],
							"size": [1, 1, 1.75],
							"pivot": [-0.5, 19, 4],
							"rotation": [0, -90, 0],
							"uv": {
								"north": {"uv": [12, 18], "uv_size": [1, 1]},
								"east": {"uv": [12, 18], "uv_size": [1, 1]},
								"south": {"uv": [13, 18], "uv_size": [-1, 1]},
								"west": {"uv": [12, 18], "uv_size": [1, 1]},
								"up": {"uv": [13, 19], "uv_size": [-1, -1]},
								"down": {"uv": [13, 19], "uv_size": [-1, -1]}
							}
						},
						{
							"origin": [-14.5, 26, 2.625],
							"size": [1, 1, 1.75],
							"pivot": [-0.5, 19, 4],
							"rotation": [0, -90, 0],
							"uv": {
								"north": {"uv": [7, 18], "uv_size": [1, 1]},
								"east": {"uv": [7, 18], "uv_size": [1, 1]},
								"south": {"uv": [8, 18], "uv_size": [-1, 1]},
								"west": {"uv": [7, 18], "uv_size": [1, 1]},
								"up": {"uv": [8, 19], "uv_size": [-1, -1]},
								"down": {"uv": [8, 19], "uv_size": [-1, -1]}
							}
						},
						{
							"origin": [-15.5, 34, 2.625],
							"size": [1, 1, 1.75],
							"pivot": [-0.5, 19, 4],
							"rotation": [0, -90, 0],
							"uv": {
								"north": {"uv": [15, 17], "uv_size": [1, 1]},
								"east": {"uv": [15, 17], "uv_size": [1, 1]},
								"south": {"uv": [16, 17], "uv_size": [-1, 1]},
								"west": {"uv": [15, 17], "uv_size": [1, 1]},
								"up": {"uv": [16, 18], "uv_size": [-1, -1]},
								"down": {"uv": [16, 18], "uv_size": [-1, -1]}
							}
						},
						{
							"origin": [-15.5, 33, 2.625],
							"size": [1, 1, 1.75],
							"pivot": [-0.5, 19, 4],
							"rotation": [0, -90, 0],
							"uv": {
								"north": {"uv": [14, 17], "uv_size": [1, 1]},
								"east": {"uv": [14, 17], "uv_size": [1, 1]},
								"south": {"uv": [15, 17], "uv_size": [-1, 1]},
								"west": {"uv": [14, 17], "uv_size": [1, 1]},
								"up": {"uv": [15, 18], "uv_size": [-1, -1]},
								"down": {"uv": [15, 18], "uv_size": [-1, -1]}
							}
						},
						{
							"origin": [-15.5, 32, 2.625],
							"size": [1, 1, 1.75],
							"pivot": [-0.5, 19, 4],
							"rotation": [0, -90, 0],
							"uv": {
								"north": {"uv": [13, 17], "uv_size": [1, 1]},
								"east": {"uv": [13, 17], "uv_size": [1, 1]},
								"south": {"uv": [14, 17], "uv_size": [-1, 1]},
								"west": {"uv": [13, 17], "uv_size": [1, 1]},
								"up": {"uv": [14, 18], "uv_size": [-1, -1]},
								"down": {"uv": [14, 18], "uv_size": [-1, -1]}
							}
						},
						{
							"origin": [-15.5, 27, 2.625],
							"size": [1, 1, 1.75],
							"pivot": [-0.5, 19, 4],
							"rotation": [0, -90, 0],
							"uv": {
								"north": {"uv": [8, 17], "uv_size": [1, 1]},
								"east": {"uv": [8, 17], "uv_size": [1, 1]},
								"south": {"uv": [9, 17], "uv_size": [-1, 1]},
								"west": {"uv": [8, 17], "uv_size": [1, 1]},
								"up": {"uv": [9, 18], "uv_size": [-1, -1]},
								"down": {"uv": [9, 18], "uv_size": [-1, -1]}
							}
						},
						{
							"origin": [-16.5, 35, 2.625],
							"size": [1, 1, 1.75],
							"pivot": [-0.5, 19, 4],
							"rotation": [0, -90, 0],
							"uv": {
								"north": {"uv": [16, 16], "uv_size": [1, 1]},
								"east": {"uv": [16, 16], "uv_size": [1, 1]},
								"south": {"uv": [17, 16], "uv_size": [-1, 1]},
								"west": {"uv": [16, 16], "uv_size": [1, 1]},
								"up": {"uv": [17, 17], "uv_size": [-1, -1]},
								"down": {"uv": [17, 17], "uv_size": [-1, -1]}
							}
						},
						{
							"origin": [-16.5, 34, 2.625],
							"size": [1, 1, 1.75],
							"pivot": [-0.5, 19, 4],
							"rotation": [0, -90, 0],
							"uv": {
								"north": {"uv": [15, 16], "uv_size": [1, 1]},
								"east": {"uv": [15, 16], "uv_size": [1, 1]},
								"south": {"uv": [16, 16], "uv_size": [-1, 1]},
								"west": {"uv": [15, 16], "uv_size": [1, 1]},
								"up": {"uv": [16, 17], "uv_size": [-1, -1]},
								"down": {"uv": [16, 17], "uv_size": [-1, -1]}
							}
						},
						{
							"origin": [-16.5, 33, 2.625],
							"size": [1, 1, 1.75],
							"pivot": [-0.5, 19, 4],
							"rotation": [0, -90, 0],
							"uv": {
								"north": {"uv": [14, 16], "uv_size": [1, 1]},
								"east": {"uv": [14, 16], "uv_size": [1, 1]},
								"south": {"uv": [15, 16], "uv_size": [-1, 1]},
								"west": {"uv": [14, 16], "uv_size": [1, 1]},
								"up": {"uv": [15, 17], "uv_size": [-1, -1]},
								"down": {"uv": [15, 17], "uv_size": [-1, -1]}
							}
						},
						{
							"origin": [-17.5, 36, 2.625],
							"size": [1, 1, 1.75],
							"pivot": [-0.5, 19, 4],
							"rotation": [0, -90, 0],
							"uv": {
								"north": {"uv": [17, 15], "uv_size": [1, 1]},
								"east": {"uv": [17, 15], "uv_size": [1, 1]},
								"south": {"uv": [18, 15], "uv_size": [-1, 1]},
								"west": {"uv": [17, 15], "uv_size": [1, 1]},
								"up": {"uv": [18, 16], "uv_size": [-1, -1]},
								"down": {"uv": [18, 16], "uv_size": [-1, -1]}
							}
						},
						{
							"origin": [-17.5, 35, 2.625],
							"size": [1, 1, 1.75],
							"pivot": [-0.5, 19, 4],
							"rotation": [0, -90, 0],
							"uv": {
								"north": {"uv": [16, 15], "uv_size": [1, 1]},
								"east": {"uv": [16, 15], "uv_size": [1, 1]},
								"south": {"uv": [17, 15], "uv_size": [-1, 1]},
								"west": {"uv": [16, 15], "uv_size": [1, 1]},
								"up": {"uv": [17, 16], "uv_size": [-1, -1]},
								"down": {"uv": [17, 16], "uv_size": [-1, -1]}
							}
						},
						{
							"origin": [-17.5, 34, 2.625],
							"size": [1, 1, 1.75],
							"pivot": [-0.5, 19, 4],
							"rotation": [0, -90, 0],
							"uv": {
								"north": {"uv": [15, 15], "uv_size": [1, 1]},
								"east": {"uv": [15, 15], "uv_size": [1, 1]},
								"south": {"uv": [16, 15], "uv_size": [-1, 1]},
								"west": {"uv": [15, 15], "uv_size": [1, 1]},
								"up": {"uv": [16, 16], "uv_size": [-1, -1]},
								"down": {"uv": [16, 16], "uv_size": [-1, -1]}
							}
						},
						{
							"origin": [-18.5, 37, 2.625],
							"size": [1, 1, 1.75],
							"pivot": [-0.5, 19, 4],
							"rotation": [0, -90, 0],
							"uv": {
								"north": {"uv": [18, 14], "uv_size": [1, 1]},
								"east": {"uv": [18, 14], "uv_size": [1, 1]},
								"south": {"uv": [19, 14], "uv_size": [-1, 1]},
								"west": {"uv": [18, 14], "uv_size": [1, 1]},
								"up": {"uv": [19, 15], "uv_size": [-1, -1]},
								"down": {"uv": [19, 15], "uv_size": [-1, -1]}
							}
						},
						{
							"origin": [-18.5, 36, 2.625],
							"size": [1, 1, 1.75],
							"pivot": [-0.5, 19, 4],
							"rotation": [0, -90, 0],
							"uv": {
								"north": {"uv": [17, 14], "uv_size": [1, 1]},
								"east": {"uv": [17, 14], "uv_size": [1, 1]},
								"south": {"uv": [18, 14], "uv_size": [-1, 1]},
								"west": {"uv": [17, 14], "uv_size": [1, 1]},
								"up": {"uv": [18, 15], "uv_size": [-1, -1]},
								"down": {"uv": [18, 15], "uv_size": [-1, -1]}
							}
						},
						{
							"origin": [-18.5, 35, 2.625],
							"size": [1, 1, 1.75],
							"pivot": [-0.5, 19, 4],
							"rotation": [0, -90, 0],
							"uv": {
								"north": {"uv": [16, 14], "uv_size": [1, 1]},
								"east": {"uv": [16, 14], "uv_size": [1, 1]},
								"south": {"uv": [17, 14], "uv_size": [-1, 1]},
								"west": {"uv": [16, 14], "uv_size": [1, 1]},
								"up": {"uv": [17, 15], "uv_size": [-1, -1]},
								"down": {"uv": [17, 15], "uv_size": [-1, -1]}
							}
						},
						{
							"origin": [-19.5, 38, 2.625],
							"size": [1, 1, 1.75],
							"pivot": [-0.5, 19, 4],
							"rotation": [0, -90, 0],
							"uv": {
								"north": {"uv": [19, 13], "uv_size": [1, 1]},
								"east": {"uv": [19, 13], "uv_size": [1, 1]},
								"south": {"uv": [20, 13], "uv_size": [-1, 1]},
								"west": {"uv": [19, 13], "uv_size": [1, 1]},
								"up": {"uv": [20, 14], "uv_size": [-1, -1]},
								"down": {"uv": [20, 14], "uv_size": [-1, -1]}
							}
						},
						{
							"origin": [-19.5, 37, 2.625],
							"size": [1, 1, 1.75],
							"pivot": [-0.5, 19, 4],
							"rotation": [0, -90, 0],
							"uv": {
								"north": {"uv": [18, 13], "uv_size": [1, 1]},
								"east": {"uv": [18, 13], "uv_size": [1, 1]},
								"south": {"uv": [19, 13], "uv_size": [-1, 1]},
								"west": {"uv": [18, 13], "uv_size": [1, 1]},
								"up": {"uv": [19, 14], "uv_size": [-1, -1]},
								"down": {"uv": [19, 14], "uv_size": [-1, -1]}
							}
						},
						{
							"origin": [-19.5, 36, 2.625],
							"size": [1, 1, 1.75],
							"pivot": [-0.5, 19, 4],
							"rotation": [0, -90, 0],
							"uv": {
								"north": {"uv": [17, 13], "uv_size": [1, 1]},
								"east": {"uv": [17, 13], "uv_size": [1, 1]},
								"south": {"uv": [18, 13], "uv_size": [-1, 1]},
								"west": {"uv": [17, 13], "uv_size": [1, 1]},
								"up": {"uv": [18, 14], "uv_size": [-1, -1]},
								"down": {"uv": [18, 14], "uv_size": [-1, -1]}
							}
						},
						{
							"origin": [-20.5, 39, 2.625],
							"size": [1, 1, 1.75],
							"pivot": [-0.5, 19, 4],
							"rotation": [0, -90, 0],
							"uv": {
								"north": {"uv": [20, 12], "uv_size": [1, 1]},
								"east": {"uv": [20, 12], "uv_size": [1, 1]},
								"south": {"uv": [21, 12], "uv_size": [-1, 1]},
								"west": {"uv": [20, 12], "uv_size": [1, 1]},
								"up": {"uv": [21, 13], "uv_size": [-1, -1]},
								"down": {"uv": [21, 13], "uv_size": [-1, -1]}
							}
						},
						{
							"origin": [-20.5, 38, 2.625],
							"size": [1, 1, 1.75],
							"pivot": [-0.5, 19, 4],
							"rotation": [0, -90, 0],
							"uv": {
								"north": {"uv": [19, 12], "uv_size": [1, 1]},
								"east": {"uv": [19, 12], "uv_size": [1, 1]},
								"south": {"uv": [20, 12], "uv_size": [-1, 1]},
								"west": {"uv": [19, 12], "uv_size": [1, 1]},
								"up": {"uv": [20, 13], "uv_size": [-1, -1]},
								"down": {"uv": [20, 13], "uv_size": [-1, -1]}
							}
						},
						{
							"origin": [-20.5, 37, 2.625],
							"size": [1, 1, 1.75],
							"pivot": [-0.5, 19, 4],
							"rotation": [0, -90, 0],
							"uv": {
								"north": {"uv": [18, 12], "uv_size": [1, 1]},
								"east": {"uv": [18, 12], "uv_size": [1, 1]},
								"south": {"uv": [19, 12], "uv_size": [-1, 1]},
								"west": {"uv": [18, 12], "uv_size": [1, 1]},
								"up": {"uv": [19, 13], "uv_size": [-1, -1]},
								"down": {"uv": [19, 13], "uv_size": [-1, -1]}
							}
						},
						{
							"origin": [-21.5, 40, 2.625],
							"size": [1, 1, 1.75],
							"pivot": [-0.5, 19, 4],
							"rotation": [0, -90, 0],
							"uv": {
								"north": {"uv": [21, 11], "uv_size": [1, 1]},
								"east": {"uv": [21, 11], "uv_size": [1, 1]},
								"south": {"uv": [22, 11], "uv_size": [-1, 1]},
								"west": {"uv": [21, 11], "uv_size": [1, 1]},
								"up": {"uv": [22, 12], "uv_size": [-1, -1]},
								"down": {"uv": [22, 12], "uv_size": [-1, -1]}
							}
						},
						{
							"origin": [-21.5, 39, 2.625],
							"size": [1, 1, 1.75],
							"pivot": [-0.5, 19, 4],
							"rotation": [0, -90, 0],
							"uv": {
								"north": {"uv": [20, 11], "uv_size": [1, 1]},
								"east": {"uv": [20, 11], "uv_size": [1, 1]},
								"south": {"uv": [21, 11], "uv_size": [-1, 1]},
								"west": {"uv": [20, 11], "uv_size": [1, 1]},
								"up": {"uv": [21, 12], "uv_size": [-1, -1]},
								"down": {"uv": [21, 12], "uv_size": [-1, -1]}
							}
						},
						{
							"origin": [-21.5, 38, 2.625],
							"size": [1, 1, 1.75],
							"pivot": [-0.5, 19, 4],
							"rotation": [0, -90, 0],
							"uv": {
								"north": {"uv": [19, 11], "uv_size": [1, 1]},
								"east": {"uv": [19, 11], "uv_size": [1, 1]},
								"south": {"uv": [20, 11], "uv_size": [-1, 1]},
								"west": {"uv": [19, 11], "uv_size": [1, 1]},
								"up": {"uv": [20, 12], "uv_size": [-1, -1]},
								"down": {"uv": [20, 12], "uv_size": [-1, -1]}
							}
						},
						{
							"origin": [-22.5, 41, 2.625],
							"size": [1, 1, 1.75],
							"pivot": [-0.5, 19, 4],
							"rotation": [0, -90, 0],
							"uv": {
								"north": {"uv": [22, 10], "uv_size": [1, 1]},
								"east": {"uv": [22, 10], "uv_size": [1, 1]},
								"south": {"uv": [23, 10], "uv_size": [-1, 1]},
								"west": {"uv": [22, 10], "uv_size": [1, 1]},
								"up": {"uv": [23, 11], "uv_size": [-1, -1]},
								"down": {"uv": [23, 11], "uv_size": [-1, -1]}
							}
						},
						{
							"origin": [-22.5, 40, 2.625],
							"size": [1, 1, 1.75],
							"pivot": [-0.5, 19, 4],
							"rotation": [0, -90, 0],
							"uv": {
								"north": {"uv": [21, 10], "uv_size": [1, 1]},
								"east": {"uv": [21, 10], "uv_size": [1, 1]},
								"south": {"uv": [22, 10], "uv_size": [-1, 1]},
								"west": {"uv": [21, 10], "uv_size": [1, 1]},
								"up": {"uv": [22, 11], "uv_size": [-1, -1]},
								"down": {"uv": [22, 11], "uv_size": [-1, -1]}
							}
						},
						{
							"origin": [-22.5, 39, 2.625],
							"size": [1, 1, 1.75],
							"pivot": [-0.5, 19, 4],
							"rotation": [0, -90, 0],
							"uv": {
								"north": {"uv": [20, 10], "uv_size": [1, 1]},
								"east": {"uv": [20, 10], "uv_size": [1, 1]},
								"south": {"uv": [21, 10], "uv_size": [-1, 1]},
								"west": {"uv": [20, 10], "uv_size": [1, 1]},
								"up": {"uv": [21, 11], "uv_size": [-1, -1]},
								"down": {"uv": [21, 11], "uv_size": [-1, -1]}
							}
						},
						{
							"origin": [-23.5, 42, 2.625],
							"size": [1, 1, 1.75],
							"pivot": [-0.5, 19, 4],
							"rotation": [0, -90, 0],
							"uv": {
								"north": {"uv": [23, 9], "uv_size": [1, 1]},
								"east": {"uv": [23, 9], "uv_size": [1, 1]},
								"south": {"uv": [24, 9], "uv_size": [-1, 1]},
								"west": {"uv": [23, 9], "uv_size": [1, 1]},
								"up": {"uv": [24, 10], "uv_size": [-1, -1]},
								"down": {"uv": [24, 10], "uv_size": [-1, -1]}
							}
						},
						{
							"origin": [-23.5, 41, 2.625],
							"size": [1, 1, 1.75],
							"pivot": [-0.5, 19, 4],
							"rotation": [0, -90, 0],
							"uv": {
								"north": {"uv": [22, 9], "uv_size": [1, 1]},
								"east": {"uv": [22, 9], "uv_size": [1, 1]},
								"south": {"uv": [23, 9], "uv_size": [-1, 1]},
								"west": {"uv": [22, 9], "uv_size": [1, 1]},
								"up": {"uv": [23, 10], "uv_size": [-1, -1]},
								"down": {"uv": [23, 10], "uv_size": [-1, -1]}
							}
						},
						{
							"origin": [-23.5, 40, 2.625],
							"size": [1, 1, 1.75],
							"pivot": [-0.5, 19, 4],
							"rotation": [0, -90, 0],
							"uv": {
								"north": {"uv": [21, 9], "uv_size": [1, 1]},
								"east": {"uv": [21, 9], "uv_size": [1, 1]},
								"south": {"uv": [22, 9], "uv_size": [-1, 1]},
								"west": {"uv": [21, 9], "uv_size": [1, 1]},
								"up": {"uv": [22, 10], "uv_size": [-1, -1]},
								"down": {"uv": [22, 10], "uv_size": [-1, -1]}
							}
						},
						{
							"origin": [-24.5, 43, 2.625],
							"size": [1, 1, 1.75],
							"pivot": [-0.5, 19, 4],
							"rotation": [0, -90, 0],
							"uv": {
								"north": {"uv": [24, 8], "uv_size": [1, 1]},
								"east": {"uv": [24, 8], "uv_size": [1, 1]},
								"south": {"uv": [25, 8], "uv_size": [-1, 1]},
								"west": {"uv": [24, 8], "uv_size": [1, 1]},
								"up": {"uv": [25, 9], "uv_size": [-1, -1]},
								"down": {"uv": [25, 9], "uv_size": [-1, -1]}
							}
						},
						{
							"origin": [-24.5, 42, 2.625],
							"size": [1, 1, 1.75],
							"pivot": [-0.5, 19, 4],
							"rotation": [0, -90, 0],
							"uv": {
								"north": {"uv": [23, 8], "uv_size": [1, 1]},
								"east": {"uv": [23, 8], "uv_size": [1, 1]},
								"south": {"uv": [24, 8], "uv_size": [-1, 1]},
								"west": {"uv": [23, 8], "uv_size": [1, 1]},
								"up": {"uv": [24, 9], "uv_size": [-1, -1]},
								"down": {"uv": [24, 9], "uv_size": [-1, -1]}
							}
						},
						{
							"origin": [-24.5, 41, 2.625],
							"size": [1, 1, 1.75],
							"pivot": [-0.5, 19, 4],
							"rotation": [0, -90, 0],
							"uv": {
								"north": {"uv": [22, 8], "uv_size": [1, 1]},
								"east": {"uv": [22, 8], "uv_size": [1, 1]},
								"south": {"uv": [23, 8], "uv_size": [-1, 1]},
								"west": {"uv": [22, 8], "uv_size": [1, 1]},
								"up": {"uv": [23, 9], "uv_size": [-1, -1]},
								"down": {"uv": [23, 9], "uv_size": [-1, -1]}
							}
						},
						{
							"origin": [-25.5, 44, 2.625],
							"size": [1, 1, 1.75],
							"pivot": [-0.5, 19, 4],
							"rotation": [0, -90, 0],
							"uv": {
								"north": {"uv": [25, 7], "uv_size": [1, 1]},
								"east": {"uv": [25, 7], "uv_size": [1, 1]},
								"south": {"uv": [26, 7], "uv_size": [-1, 1]},
								"west": {"uv": [25, 7], "uv_size": [1, 1]},
								"up": {"uv": [26, 8], "uv_size": [-1, -1]},
								"down": {"uv": [26, 8], "uv_size": [-1, -1]}
							}
						},
						{
							"origin": [-25.5, 43, 2.625],
							"size": [1, 1, 1.75],
							"pivot": [-0.5, 19, 4],
							"rotation": [0, -90, 0],
							"uv": {
								"north": {"uv": [24, 7], "uv_size": [1, 1]},
								"east": {"uv": [24, 7], "uv_size": [1, 1]},
								"south": {"uv": [25, 7], "uv_size": [-1, 1]},
								"west": {"uv": [24, 7], "uv_size": [1, 1]},
								"up": {"uv": [25, 8], "uv_size": [-1, -1]},
								"down": {"uv": [25, 8], "uv_size": [-1, -1]}
							}
						}
					]
				}
			]
		}
	]
}