{
	"format_version": "1.16.0",
	"minecraft:geometry": [
		{
			"description": {
				"identifier": "geometry.lz_zssrkd",
				"texture_width": 32,
				"texture_height": 32,
				"visible_bounds_width": 2,
				"visible_bounds_height": 4.5,
				"visible_bounds_offset": [0, 1.75, 0]
			},
			"bones": [
				{
					"name": "rightitem",
					"pivot": [0, 20, 0],
					"binding": "q.item_slot_to_bone_name(c.item_slot)",
					"cubes": [
						{
							"origin": [-34.5, 42, -8.5],
							"size": [1, 1, 1],
							"pivot": [-10.5, 19, 2.5],
							"rotation": [0, -90, 0],
							"uv": {
								"north": {"uv": [23, 7], "uv_size": [1, 1]},
								"east": {"uv": [23, 7], "uv_size": [1, 1]},
								"south": {"uv": [24, 7], "uv_size": [-1, 1]},
								"west": {"uv": [23, 7], "uv_size": [1, 1]},
								"up": {"uv": [24, 8], "uv_size": [-1, -1]},
								"down": {"uv": [24, 8], "uv_size": [-1, -1]}
							}
						},
						{
							"origin": [-34.5, 43, -8.5],
							"size": [1, 1, 1],
							"pivot": [-10.5, 19, 2.5],
							"rotation": [0, -90, 0],
							"uv": {
								"north": {"uv": [24, 7], "uv_size": [1, 1]},
								"east": {"uv": [24, 7], "uv_size": [1, 1]},
								"south": {"uv": [25, 7], "uv_size": [-1, 1]},
								"west": {"uv": [24, 7], "uv_size": [1, 1]},
								"up": {"uv": [25, 8], "uv_size": [-1, -1]},
								"down": {"uv": [25, 8], "uv_size": [-1, -1]}
							}
						},
						{
							"origin": [-34.5, 44, -8.5],
							"size": [1, 1, 1],
							"pivot": [-10.5, 19, 2.5],
							"rotation": [0, -90, 0],
							"uv": {
								"north": {"uv": [25, 7], "uv_size": [1, 1]},
								"east": {"uv": [25, 7], "uv_size": [1, 1]},
								"south": {"uv": [26, 7], "uv_size": [-1, 1]},
								"west": {"uv": [25, 7], "uv_size": [1, 1]},
								"up": {"uv": [26, 8], "uv_size": [-1, -1]},
								"down": {"uv": [26, 8], "uv_size": [-1, -1]}
							}
						},
						{
							"origin": [-34.5, 45, -8.5],
							"size": [1, 1, 1],
							"pivot": [-10.5, 19, 2.5],
							"rotation": [0, -90, 0],
							"uv": {
								"north": {"uv": [26, 7], "uv_size": [1, 1]},
								"east": {"uv": [26, 7], "uv_size": [1, 1]},
								"south": {"uv": [27, 7], "uv_size": [-1, 1]},
								"west": {"uv": [26, 7], "uv_size": [1, 1]},
								"up": {"uv": [27, 8], "uv_size": [-1, -1]},
								"down": {"uv": [27, 8], "uv_size": [-1, -1]}
							}
						},
						{
							"origin": [-34.5, 46, -8.5],
							"size": [1, 1, 1],
							"pivot": [-10.5, 19, 2.5],
							"rotation": [0, -90, 0],
							"uv": {
								"north": {"uv": [27, 7], "uv_size": [1, 1]},
								"east": {"uv": [27, 7], "uv_size": [1, 1]},
								"south": {"uv": [28, 7], "uv_size": [-1, 1]},
								"west": {"uv": [27, 7], "uv_size": [1, 1]},
								"up": {"uv": [28, 8], "uv_size": [-1, -1]},
								"down": {"uv": [28, 8], "uv_size": [-1, -1]}
							}
						},
						{
							"origin": [-34.5, 47, -8.5],
							"size": [1, 1, 1],
							"pivot": [-10.5, 19, 2.5],
							"rotation": [0, -90, 0],
							"uv": {
								"north": {"uv": [28, 7], "uv_size": [1, 1]},
								"east": {"uv": [28, 7], "uv_size": [1, 1]},
								"south": {"uv": [29, 7], "uv_size": [-1, 1]},
								"west": {"uv": [28, 7], "uv_size": [1, 1]},
								"up": {"uv": [29, 8], "uv_size": [-1, -1]},
								"down": {"uv": [29, 8], "uv_size": [-1, -1]}
							}
						},
						{
							"origin": [-33.5, 40, -8.5],
							"size": [1, 1, 1],
							"pivot": [-10.5, 19, 2.5],
							"rotation": [0, -90, 0],
							"uv": {
								"north": {"uv": [21, 8], "uv_size": [1, 1]},
								"east": {"uv": [21, 8], "uv_size": [1, 1]},
								"south": {"uv": [22, 8], "uv_size": [-1, 1]},
								"west": {"uv": [21, 8], "uv_size": [1, 1]},
								"up": {"uv": [22, 9], "uv_size": [-1, -1]},
								"down": {"uv": [22, 9], "uv_size": [-1, -1]}
							}
						},
						{
							"origin": [-33.5, 41, -8.5],
							"size": [1, 1, 1],
							"pivot": [-10.5, 19, 2.5],
							"rotation": [0, -90, 0],
							"uv": {
								"north": {"uv": [22, 8], "uv_size": [1, 1]},
								"east": {"uv": [22, 8], "uv_size": [1, 1]},
								"south": {"uv": [23, 8], "uv_size": [-1, 1]},
								"west": {"uv": [22, 8], "uv_size": [1, 1]},
								"up": {"uv": [23, 9], "uv_size": [-1, -1]},
								"down": {"uv": [23, 9], "uv_size": [-1, -1]}
							}
						},
						{
							"origin": [-33.5, 44, -8.5],
							"size": [1, 1, 1],
							"pivot": [-10.5, 19, 2.5],
							"rotation": [0, -90, 0],
							"uv": {
								"north": {"uv": [25, 8], "uv_size": [1, 1]},
								"east": {"uv": [25, 8], "uv_size": [1, 1]},
								"south": {"uv": [26, 8], "uv_size": [-1, 1]},
								"west": {"uv": [25, 8], "uv_size": [1, 1]},
								"up": {"uv": [26, 9], "uv_size": [-1, -1]},
								"down": {"uv": [26, 9], "uv_size": [-1, -1]}
							}
						},
						{
							"origin": [-33.5, 45, -8.5],
							"size": [1, 1, 1],
							"pivot": [-10.5, 19, 2.5],
							"rotation": [0, -90, 0],
							"uv": {
								"north": {"uv": [26, 8], "uv_size": [1, 1]},
								"east": {"uv": [26, 8], "uv_size": [1, 1]},
								"south": {"uv": [27, 8], "uv_size": [-1, 1]},
								"west": {"uv": [26, 8], "uv_size": [1, 1]},
								"up": {"uv": [27, 9], "uv_size": [-1, -1]},
								"down": {"uv": [27, 9], "uv_size": [-1, -1]}
							}
						},
						{
							"origin": [-32.5, 39, -8.5],
							"size": [1, 1, 1],
							"pivot": [-10.5, 19, 2.5],
							"rotation": [0, -90, 0],
							"uv": {
								"north": {"uv": [20, 9], "uv_size": [1, 1]},
								"east": {"uv": [20, 9], "uv_size": [1, 1]},
								"south": {"uv": [21, 9], "uv_size": [-1, 1]},
								"west": {"uv": [20, 9], "uv_size": [1, 1]},
								"up": {"uv": [21, 10], "uv_size": [-1, -1]},
								"down": {"uv": [21, 10], "uv_size": [-1, -1]}
							}
						},
						{
							"origin": [-32.5, 43, -8.5],
							"size": [1, 1, 1],
							"pivot": [-10.5, 19, 2.5],
							"rotation": [0, -90, 0],
							"uv": {
								"north": {"uv": [24, 9], "uv_size": [1, 1]},
								"east": {"uv": [24, 9], "uv_size": [1, 1]},
								"south": {"uv": [25, 9], "uv_size": [-1, 1]},
								"west": {"uv": [24, 9], "uv_size": [1, 1]},
								"up": {"uv": [25, 10], "uv_size": [-1, -1]},
								"down": {"uv": [25, 10], "uv_size": [-1, -1]}
							}
						},
						{
							"origin": [-31.5, 38, -8.5],
							"size": [1, 1, 1],
							"pivot": [-10.5, 19, 2.5],
							"rotation": [0, -90, 0],
							"uv": {
								"north": {"uv": [19, 10], "uv_size": [1, 1]},
								"east": {"uv": [19, 10], "uv_size": [1, 1]},
								"south": {"uv": [20, 10], "uv_size": [-1, 1]},
								"west": {"uv": [19, 10], "uv_size": [1, 1]},
								"up": {"uv": [20, 11], "uv_size": [-1, -1]},
								"down": {"uv": [20, 11], "uv_size": [-1, -1]}
							}
						},
						{
							"origin": [-31.5, 42, -8.5],
							"size": [1, 1, 1],
							"pivot": [-10.5, 19, 2.5],
							"rotation": [0, -90, 0],
							"uv": {
								"north": {"uv": [23, 10], "uv_size": [1, 1]},
								"east": {"uv": [23, 10], "uv_size": [1, 1]},
								"south": {"uv": [24, 10], "uv_size": [-1, 1]},
								"west": {"uv": [23, 10], "uv_size": [1, 1]},
								"up": {"uv": [24, 11], "uv_size": [-1, -1]},
								"down": {"uv": [24, 11], "uv_size": [-1, -1]}
							}
						},
						{
							"origin": [-30.5, 37, -8.5],
							"size": [1, 1, 1],
							"pivot": [-10.5, 19, 2.5],
							"rotation": [0, -90, 0],
							"uv": {
								"north": {"uv": [18, 11], "uv_size": [1, 1]},
								"east": {"uv": [18, 11], "uv_size": [1, 1]},
								"south": {"uv": [19, 11], "uv_size": [-1, 1]},
								"west": {"uv": [18, 11], "uv_size": [1, 1]},
								"up": {"uv": [19, 12], "uv_size": [-1, -1]},
								"down": {"uv": [19, 12], "uv_size": [-1, -1]}
							}
						},
						{
							"origin": [-30.5, 41, -8.5],
							"size": [1, 1, 1],
							"pivot": [-10.5, 19, 2.5],
							"rotation": [0, -90, 0],
							"uv": {
								"north": {"uv": [22, 11], "uv_size": [1, 1]},
								"east": {"uv": [22, 11], "uv_size": [1, 1]},
								"south": {"uv": [23, 11], "uv_size": [-1, 1]},
								"west": {"uv": [22, 11], "uv_size": [1, 1]},
								"up": {"uv": [23, 12], "uv_size": [-1, -1]},
								"down": {"uv": [23, 12], "uv_size": [-1, -1]}
							}
						},
						{
							"origin": [-29.5, 36, -8.5],
							"size": [1, 1, 1],
							"pivot": [-10.5, 19, 2.5],
							"rotation": [0, -90, 0],
							"uv": {
								"north": {"uv": [17, 12], "uv_size": [1, 1]},
								"east": {"uv": [17, 12], "uv_size": [1, 1]},
								"south": {"uv": [18, 12], "uv_size": [-1, 1]},
								"west": {"uv": [17, 12], "uv_size": [1, 1]},
								"up": {"uv": [18, 13], "uv_size": [-1, -1]},
								"down": {"uv": [18, 13], "uv_size": [-1, -1]}
							}
						},
						{
							"origin": [-29.5, 40, -8.5],
							"size": [1, 1, 1],
							"pivot": [-10.5, 19, 2.5],
							"rotation": [0, -90, 0],
							"uv": {
								"north": {"uv": [21, 12], "uv_size": [1, 1]},
								"east": {"uv": [21, 12], "uv_size": [1, 1]},
								"south": {"uv": [22, 12], "uv_size": [-1, 1]},
								"west": {"uv": [21, 12], "uv_size": [1, 1]},
								"up": {"uv": [22, 13], "uv_size": [-1, -1]},
								"down": {"uv": [22, 13], "uv_size": [-1, -1]}
							}
						},
						{
							"origin": [-28.5, 35, -8.5],
							"size": [1, 1, 1],
							"pivot": [-10.5, 19, 2.5],
							"rotation": [0, -90, 0],
							"uv": {
								"north": {"uv": [16, 13], "uv_size": [1, 1]},
								"east": {"uv": [16, 13], "uv_size": [1, 1]},
								"south": {"uv": [17, 13], "uv_size": [-1, 1]},
								"west": {"uv": [16, 13], "uv_size": [1, 1]},
								"up": {"uv": [17, 14], "uv_size": [-1, -1]},
								"down": {"uv": [17, 14], "uv_size": [-1, -1]}
							}
						},
						{
							"origin": [-28.5, 39, -8.5],
							"size": [1, 1, 1],
							"pivot": [-10.5, 19, 2.5],
							"rotation": [0, -90, 0],
							"uv": {
								"north": {"uv": [20, 13], "uv_size": [1, 1]},
								"east": {"uv": [20, 13], "uv_size": [1, 1]},
								"south": {"uv": [21, 13], "uv_size": [-1, 1]},
								"west": {"uv": [20, 13], "uv_size": [1, 1]},
								"up": {"uv": [21, 14], "uv_size": [-1, -1]},
								"down": {"uv": [21, 14], "uv_size": [-1, -1]}
							}
						},
						{
							"origin": [-27.5, 34, -8.5],
							"size": [1, 1, 1],
							"pivot": [-10.5, 19, 2.5],
							"rotation": [0, -90, 0],
							"uv": {
								"north": {"uv": [15, 14], "uv_size": [1, 1]},
								"east": {"uv": [15, 14], "uv_size": [1, 1]},
								"south": {"uv": [16, 14], "uv_size": [-1, 1]},
								"west": {"uv": [15, 14], "uv_size": [1, 1]},
								"up": {"uv": [16, 15], "uv_size": [-1, -1]},
								"down": {"uv": [16, 15], "uv_size": [-1, -1]}
							}
						},
						{
							"origin": [-27.5, 38, -8.5],
							"size": [1, 1, 1],
							"pivot": [-10.5, 19, 2.5],
							"rotation": [0, -90, 0],
							"uv": {
								"north": {"uv": [19, 14], "uv_size": [1, 1]},
								"east": {"uv": [19, 14], "uv_size": [1, 1]},
								"south": {"uv": [20, 14], "uv_size": [-1, 1]},
								"west": {"uv": [19, 14], "uv_size": [1, 1]},
								"up": {"uv": [20, 15], "uv_size": [-1, -1]},
								"down": {"uv": [20, 15], "uv_size": [-1, -1]}
							}
						},
						{
							"origin": [-26.5, 33, -8.5],
							"size": [1, 1, 1],
							"pivot": [-10.5, 19, 2.5],
							"rotation": [0, -90, 0],
							"uv": {
								"north": {"uv": [14, 15], "uv_size": [1, 1]},
								"east": {"uv": [14, 15], "uv_size": [1, 1]},
								"south": {"uv": [15, 15], "uv_size": [-1, 1]},
								"west": {"uv": [14, 15], "uv_size": [1, 1]},
								"up": {"uv": [15, 16], "uv_size": [-1, -1]},
								"down": {"uv": [15, 16], "uv_size": [-1, -1]}
							}
						},
						{
							"origin": [-26.5, 37, -8.5],
							"size": [1, 1, 1],
							"pivot": [-10.5, 19, 2.5],
							"rotation": [0, -90, 0],
							"uv": {
								"north": {"uv": [18, 15], "uv_size": [1, 1]},
								"east": {"uv": [18, 15], "uv_size": [1, 1]},
								"south": {"uv": [19, 15], "uv_size": [-1, 1]},
								"west": {"uv": [18, 15], "uv_size": [1, 1]},
								"up": {"uv": [19, 16], "uv_size": [-1, -1]},
								"down": {"uv": [19, 16], "uv_size": [-1, -1]}
							}
						},
						{
							"origin": [-25.5, 32, -8.5],
							"size": [1, 1, 1],
							"pivot": [-10.5, 19, 2.5],
							"rotation": [0, -90, 0],
							"uv": {
								"north": {"uv": [13, 16], "uv_size": [1, 1]},
								"east": {"uv": [13, 16], "uv_size": [1, 1]},
								"south": {"uv": [14, 16], "uv_size": [-1, 1]},
								"west": {"uv": [13, 16], "uv_size": [1, 1]},
								"up": {"uv": [14, 17], "uv_size": [-1, -1]},
								"down": {"uv": [14, 17], "uv_size": [-1, -1]}
							}
						},
						{
							"origin": [-25.5, 36, -8.5],
							"size": [1, 1, 1],
							"pivot": [-10.5, 19, 2.5],
							"rotation": [0, -90, 0],
							"uv": {
								"north": {"uv": [17, 16], "uv_size": [1, 1]},
								"east": {"uv": [17, 16], "uv_size": [1, 1]},
								"south": {"uv": [18, 16], "uv_size": [-1, 1]},
								"west": {"uv": [17, 16], "uv_size": [1, 1]},
								"up": {"uv": [18, 17], "uv_size": [-1, -1]},
								"down": {"uv": [18, 17], "uv_size": [-1, -1]}
							}
						},
						{
							"origin": [-24.5, 31, -8.5],
							"size": [1, 1, 1],
							"pivot": [-10.5, 19, 2.5],
							"rotation": [0, -90, 0],
							"uv": {
								"north": {"uv": [12, 17], "uv_size": [1, 1]},
								"east": {"uv": [12, 17], "uv_size": [1, 1]},
								"south": {"uv": [13, 17], "uv_size": [-1, 1]},
								"west": {"uv": [12, 17], "uv_size": [1, 1]},
								"up": {"uv": [13, 18], "uv_size": [-1, -1]},
								"down": {"uv": [13, 18], "uv_size": [-1, -1]}
							}
						},
						{
							"origin": [-24.5, 35, -8.5],
							"size": [1, 1, 1],
							"pivot": [-10.5, 19, 2.5],
							"rotation": [0, -90, 0],
							"uv": {
								"north": {"uv": [16, 17], "uv_size": [1, 1]},
								"east": {"uv": [16, 17], "uv_size": [1, 1]},
								"south": {"uv": [17, 17], "uv_size": [-1, 1]},
								"west": {"uv": [16, 17], "uv_size": [1, 1]},
								"up": {"uv": [17, 18], "uv_size": [-1, -1]},
								"down": {"uv": [17, 18], "uv_size": [-1, -1]}
							}
						},
						{
							"origin": [-24.5, 38, -8.5],
							"size": [1, 1, 1],
							"pivot": [-10.5, 19, 2.5],
							"rotation": [0, -90, 0],
							"uv": {
								"north": {"uv": [19, 17], "uv_size": [1, 1]},
								"east": {"uv": [19, 17], "uv_size": [1, 1]},
								"south": {"uv": [20, 17], "uv_size": [-1, 1]},
								"west": {"uv": [19, 17], "uv_size": [1, 1]},
								"up": {"uv": [20, 18], "uv_size": [-1, -1]},
								"down": {"uv": [20, 18], "uv_size": [-1, -1]}
							}
						},
						{
							"origin": [-24.5, 39, -8.5],
							"size": [1, 1, 1],
							"pivot": [-10.5, 19, 2.5],
							"rotation": [0, -90, 0],
							"uv": {
								"north": {"uv": [20, 17], "uv_size": [1, 1]},
								"east": {"uv": [20, 17], "uv_size": [1, 1]},
								"south": {"uv": [21, 17], "uv_size": [-1, 1]},
								"west": {"uv": [20, 17], "uv_size": [1, 1]},
								"up": {"uv": [21, 18], "uv_size": [-1, -1]},
								"down": {"uv": [21, 18], "uv_size": [-1, -1]}
							}
						},
						{
							"origin": [-23.5, 29, -8.5],
							"size": [1, 1, 1],
							"pivot": [-10.5, 19, 2.5],
							"rotation": [0, -90, 0],
							"uv": {
								"north": {"uv": [10, 18], "uv_size": [1, 1]},
								"east": {"uv": [10, 18], "uv_size": [1, 1]},
								"south": {"uv": [11, 18], "uv_size": [-1, 1]},
								"west": {"uv": [10, 18], "uv_size": [1, 1]},
								"up": {"uv": [11, 19], "uv_size": [-1, -1]},
								"down": {"uv": [11, 19], "uv_size": [-1, -1]}
							}
						},
						{
							"origin": [-23.5, 30, -8.5],
							"size": [1, 1, 1],
							"pivot": [-10.5, 19, 2.5],
							"rotation": [0, -90, 0],
							"uv": {
								"north": {"uv": [11, 18], "uv_size": [1, 1]},
								"east": {"uv": [11, 18], "uv_size": [1, 1]},
								"south": {"uv": [12, 18], "uv_size": [-1, 1]},
								"west": {"uv": [11, 18], "uv_size": [1, 1]},
								"up": {"uv": [12, 19], "uv_size": [-1, -1]},
								"down": {"uv": [12, 19], "uv_size": [-1, -1]}
							}
						},
						{
							"origin": [-23.5, 34, -8.5],
							"size": [1, 1, 1],
							"pivot": [-10.5, 19, 2.5],
							"rotation": [0, -90, 0],
							"uv": {
								"north": {"uv": [15, 18], "uv_size": [1, 1]},
								"east": {"uv": [15, 18], "uv_size": [1, 1]},
								"south": {"uv": [16, 18], "uv_size": [-1, 1]},
								"west": {"uv": [15, 18], "uv_size": [1, 1]},
								"up": {"uv": [16, 19], "uv_size": [-1, -1]},
								"down": {"uv": [16, 19], "uv_size": [-1, -1]}
							}
						},
						{
							"origin": [-23.5, 36, -8.5],
							"size": [1, 1, 1],
							"pivot": [-10.5, 19, 2.5],
							"rotation": [0, -90, 0],
							"uv": {
								"north": {"uv": [17, 18], "uv_size": [1, 1]},
								"east": {"uv": [17, 18], "uv_size": [1, 1]},
								"south": {"uv": [18, 18], "uv_size": [-1, 1]},
								"west": {"uv": [17, 18], "uv_size": [1, 1]},
								"up": {"uv": [18, 19], "uv_size": [-1, -1]},
								"down": {"uv": [18, 19], "uv_size": [-1, -1]}
							}
						},
						{
							"origin": [-23.5, 37, -8.5],
							"size": [1, 1, 1],
							"pivot": [-10.5, 19, 2.5],
							"rotation": [0, -90, 0],
							"uv": {
								"north": {"uv": [18, 18], "uv_size": [1, 1]},
								"east": {"uv": [18, 18], "uv_size": [1, 1]},
								"south": {"uv": [19, 18], "uv_size": [-1, 1]},
								"west": {"uv": [18, 18], "uv_size": [1, 1]},
								"up": {"uv": [19, 19], "uv_size": [-1, -1]},
								"down": {"uv": [19, 19], "uv_size": [-1, -1]}
							}
						},
						{
							"origin": [-23.5, 38, -8.5],
							"size": [1, 1, 1],
							"pivot": [-10.5, 19, 2.5],
							"rotation": [0, -90, 0],
							"uv": {
								"north": {"uv": [19, 18], "uv_size": [1, 1]},
								"east": {"uv": [19, 18], "uv_size": [1, 1]},
								"south": {"uv": [20, 18], "uv_size": [-1, 1]},
								"west": {"uv": [19, 18], "uv_size": [1, 1]},
								"up": {"uv": [20, 19], "uv_size": [-1, -1]},
								"down": {"uv": [20, 19], "uv_size": [-1, -1]}
							}
						},
						{
							"origin": [-22.5, 28, -8.5],
							"size": [1, 1, 1],
							"pivot": [-10.5, 19, 2.5],
							"rotation": [0, -90, 0],
							"uv": {
								"north": {"uv": [9, 19], "uv_size": [1, 1]},
								"east": {"uv": [9, 19], "uv_size": [1, 1]},
								"south": {"uv": [10, 19], "uv_size": [-1, 1]},
								"west": {"uv": [9, 19], "uv_size": [1, 1]},
								"up": {"uv": [10, 20], "uv_size": [-1, -1]},
								"down": {"uv": [10, 20], "uv_size": [-1, -1]}
							}
						},
						{
							"origin": [-22.5, 33, -8.5],
							"size": [1, 1, 1],
							"pivot": [-10.5, 19, 2.5],
							"rotation": [0, -90, 0],
							"uv": {
								"north": {"uv": [14, 19], "uv_size": [1, 1]},
								"east": {"uv": [14, 19], "uv_size": [1, 1]},
								"south": {"uv": [15, 19], "uv_size": [-1, 1]},
								"west": {"uv": [14, 19], "uv_size": [1, 1]},
								"up": {"uv": [15, 20], "uv_size": [-1, -1]},
								"down": {"uv": [15, 20], "uv_size": [-1, -1]}
							}
						},
						{
							"origin": [-22.5, 35, -8.5],
							"size": [1, 1, 1],
							"pivot": [-10.5, 19, 2.5],
							"rotation": [0, -90, 0],
							"uv": {
								"north": {"uv": [16, 19], "uv_size": [1, 1]},
								"east": {"uv": [16, 19], "uv_size": [1, 1]},
								"south": {"uv": [17, 19], "uv_size": [-1, 1]},
								"west": {"uv": [16, 19], "uv_size": [1, 1]},
								"up": {"uv": [17, 20], "uv_size": [-1, -1]},
								"down": {"uv": [17, 20], "uv_size": [-1, -1]}
							}
						},
						{
							"origin": [-22.5, 37, -8.5],
							"size": [1, 1, 1],
							"pivot": [-10.5, 19, 2.5],
							"rotation": [0, -90, 0],
							"uv": {
								"north": {"uv": [18, 19], "uv_size": [1, 1]},
								"east": {"uv": [18, 19], "uv_size": [1, 1]},
								"south": {"uv": [19, 19], "uv_size": [-1, 1]},
								"west": {"uv": [18, 19], "uv_size": [1, 1]},
								"up": {"uv": [19, 20], "uv_size": [-1, -1]},
								"down": {"uv": [19, 20], "uv_size": [-1, -1]}
							}
						},
						{
							"origin": [-21.5, 27, -8.5],
							"size": [1, 1, 1],
							"pivot": [-10.5, 19, 2.5],
							"rotation": [0, -90, 0],
							"uv": {
								"north": {"uv": [8, 20], "uv_size": [1, 1]},
								"east": {"uv": [8, 20], "uv_size": [1, 1]},
								"south": {"uv": [9, 20], "uv_size": [-1, 1]},
								"west": {"uv": [8, 20], "uv_size": [1, 1]},
								"up": {"uv": [9, 21], "uv_size": [-1, -1]},
								"down": {"uv": [9, 21], "uv_size": [-1, -1]}
							}
						},
						{
							"origin": [-21.5, 32, -8.5],
							"size": [1, 1, 1],
							"pivot": [-10.5, 19, 2.5],
							"rotation": [0, -90, 0],
							"uv": {
								"north": {"uv": [13, 20], "uv_size": [1, 1]},
								"east": {"uv": [13, 20], "uv_size": [1, 1]},
								"south": {"uv": [14, 20], "uv_size": [-1, 1]},
								"west": {"uv": [13, 20], "uv_size": [1, 1]},
								"up": {"uv": [14, 21], "uv_size": [-1, -1]},
								"down": {"uv": [14, 21], "uv_size": [-1, -1]}
							}
						},
						{
							"origin": [-21.5, 34, -8.5],
							"size": [1, 1, 1],
							"pivot": [-10.5, 19, 2.5],
							"rotation": [0, -90, 0],
							"uv": {
								"north": {"uv": [15, 20], "uv_size": [1, 1]},
								"east": {"uv": [15, 20], "uv_size": [1, 1]},
								"south": {"uv": [16, 20], "uv_size": [-1, 1]},
								"west": {"uv": [15, 20], "uv_size": [1, 1]},
								"up": {"uv": [16, 21], "uv_size": [-1, -1]},
								"down": {"uv": [16, 21], "uv_size": [-1, -1]}
							}
						},
						{
							"origin": [-21.5, 36, -8.5],
							"size": [1, 1, 1],
							"pivot": [-10.5, 19, 2.5],
							"rotation": [0, -90, 0],
							"uv": {
								"north": {"uv": [17, 20], "uv_size": [1, 1]},
								"east": {"uv": [17, 20], "uv_size": [1, 1]},
								"south": {"uv": [18, 20], "uv_size": [-1, 1]},
								"west": {"uv": [17, 20], "uv_size": [1, 1]},
								"up": {"uv": [18, 21], "uv_size": [-1, -1]},
								"down": {"uv": [18, 21], "uv_size": [-1, -1]}
							}
						},
						{
							"origin": [-20.5, 27, -8.5],
							"size": [1, 1, 1],
							"pivot": [-10.5, 19, 2.5],
							"rotation": [0, -90, 0],
							"uv": {
								"north": {"uv": [8, 21], "uv_size": [1, 1]},
								"east": {"uv": [8, 21], "uv_size": [1, 1]},
								"south": {"uv": [9, 21], "uv_size": [-1, 1]},
								"west": {"uv": [8, 21], "uv_size": [1, 1]},
								"up": {"uv": [9, 22], "uv_size": [-1, -1]},
								"down": {"uv": [9, 22], "uv_size": [-1, -1]}
							}
						},
						{
							"origin": [-20.5, 31, -8.5],
							"size": [1, 1, 1],
							"pivot": [-10.5, 19, 2.5],
							"rotation": [0, -90, 0],
							"uv": {
								"north": {"uv": [12, 21], "uv_size": [1, 1]},
								"east": {"uv": [12, 21], "uv_size": [1, 1]},
								"south": {"uv": [13, 21], "uv_size": [-1, 1]},
								"west": {"uv": [12, 21], "uv_size": [1, 1]},
								"up": {"uv": [13, 22], "uv_size": [-1, -1]},
								"down": {"uv": [13, 22], "uv_size": [-1, -1]}
							}
						},
						{
							"origin": [-20.5, 33, -8.5],
							"size": [1, 1, 1],
							"pivot": [-10.5, 19, 2.5],
							"rotation": [0, -90, 0],
							"uv": {
								"north": {"uv": [14, 21], "uv_size": [1, 1]},
								"east": {"uv": [14, 21], "uv_size": [1, 1]},
								"south": {"uv": [15, 21], "uv_size": [-1, 1]},
								"west": {"uv": [14, 21], "uv_size": [1, 1]},
								"up": {"uv": [15, 22], "uv_size": [-1, -1]},
								"down": {"uv": [15, 22], "uv_size": [-1, -1]}
							}
						},
						{
							"origin": [-20.5, 35, -8.5],
							"size": [1, 1, 1],
							"pivot": [-10.5, 19, 2.5],
							"rotation": [0, -90, 0],
							"uv": {
								"north": {"uv": [16, 21], "uv_size": [1, 1]},
								"east": {"uv": [16, 21], "uv_size": [1, 1]},
								"south": {"uv": [17, 21], "uv_size": [-1, 1]},
								"west": {"uv": [16, 21], "uv_size": [1, 1]},
								"up": {"uv": [17, 22], "uv_size": [-1, -1]},
								"down": {"uv": [17, 22], "uv_size": [-1, -1]}
							}
						},
						{
							"origin": [-19.5, 26, -8.5],
							"size": [1, 1, 1],
							"pivot": [-10.5, 19, 2.5],
							"rotation": [0, -90, 0],
							"uv": {
								"north": {"uv": [7, 22], "uv_size": [1, 1]},
								"east": {"uv": [7, 22], "uv_size": [1, 1]},
								"south": {"uv": [8, 22], "uv_size": [-1, 1]},
								"west": {"uv": [7, 22], "uv_size": [1, 1]},
								"up": {"uv": [8, 23], "uv_size": [-1, -1]},
								"down": {"uv": [8, 23], "uv_size": [-1, -1]}
							}
						},
						{
							"origin": [-19.5, 30, -8.5],
							"size": [1, 1, 1],
							"pivot": [-10.5, 19, 2.5],
							"rotation": [0, -90, 0],
							"uv": {
								"north": {"uv": [11, 22], "uv_size": [1, 1]},
								"east": {"uv": [11, 22], "uv_size": [1, 1]},
								"south": {"uv": [12, 22], "uv_size": [-1, 1]},
								"west": {"uv": [11, 22], "uv_size": [1, 1]},
								"up": {"uv": [12, 23], "uv_size": [-1, -1]},
								"down": {"uv": [12, 23], "uv_size": [-1, -1]}
							}
						},
						{
							"origin": [-19.5, 32, -8.5],
							"size": [1, 1, 1],
							"pivot": [-10.5, 19, 2.5],
							"rotation": [0, -90, 0],
							"uv": {
								"north": {"uv": [13, 22], "uv_size": [1, 1]},
								"east": {"uv": [13, 22], "uv_size": [1, 1]},
								"south": {"uv": [14, 22], "uv_size": [-1, 1]},
								"west": {"uv": [13, 22], "uv_size": [1, 1]},
								"up": {"uv": [14, 23], "uv_size": [-1, -1]},
								"down": {"uv": [14, 23], "uv_size": [-1, -1]}
							}
						},
						{
							"origin": [-19.5, 34, -8.5],
							"size": [1, 1, 1],
							"pivot": [-10.5, 19, 2.5],
							"rotation": [0, -90, 0],
							"uv": {
								"north": {"uv": [15, 22], "uv_size": [1, 1]},
								"east": {"uv": [15, 22], "uv_size": [1, 1]},
								"south": {"uv": [16, 22], "uv_size": [-1, 1]},
								"west": {"uv": [15, 22], "uv_size": [1, 1]},
								"up": {"uv": [16, 23], "uv_size": [-1, -1]},
								"down": {"uv": [16, 23], "uv_size": [-1, -1]}
							}
						},
						{
							"origin": [-18.5, 26, -8.5],
							"size": [1, 1, 1],
							"pivot": [-10.5, 19, 2.5],
							"rotation": [0, -90, 0],
							"uv": {
								"north": {"uv": [7, 23], "uv_size": [1, 1]},
								"east": {"uv": [7, 23], "uv_size": [1, 1]},
								"south": {"uv": [8, 23], "uv_size": [-1, 1]},
								"west": {"uv": [7, 23], "uv_size": [1, 1]},
								"up": {"uv": [8, 24], "uv_size": [-1, -1]},
								"down": {"uv": [8, 24], "uv_size": [-1, -1]}
							}
						},
						{
							"origin": [-18.5, 29, -8.5],
							"size": [1, 1, 1],
							"pivot": [-10.5, 19, 2.5],
							"rotation": [0, -90, 0],
							"uv": {
								"north": {"uv": [10, 23], "uv_size": [1, 1]},
								"east": {"uv": [10, 23], "uv_size": [1, 1]},
								"south": {"uv": [11, 23], "uv_size": [-1, 1]},
								"west": {"uv": [10, 23], "uv_size": [1, 1]},
								"up": {"uv": [11, 24], "uv_size": [-1, -1]},
								"down": {"uv": [11, 24], "uv_size": [-1, -1]}
							}
						},
						{
							"origin": [-18.5, 30, -8.5],
							"size": [1, 1, 1],
							"pivot": [-10.5, 19, 2.5],
							"rotation": [0, -90, 0],
							"uv": {
								"north": {"uv": [11, 23], "uv_size": [1, 1]},
								"east": {"uv": [11, 23], "uv_size": [1, 1]},
								"south": {"uv": [12, 23], "uv_size": [-1, 1]},
								"west": {"uv": [11, 23], "uv_size": [1, 1]},
								"up": {"uv": [12, 24], "uv_size": [-1, -1]},
								"down": {"uv": [12, 24], "uv_size": [-1, -1]}
							}
						},
						{
							"origin": [-18.5, 31, -8.5],
							"size": [1, 1, 1],
							"pivot": [-10.5, 19, 2.5],
							"rotation": [0, -90, 0],
							"uv": {
								"north": {"uv": [12, 23], "uv_size": [1, 1]},
								"east": {"uv": [12, 23], "uv_size": [1, 1]},
								"south": {"uv": [13, 23], "uv_size": [-1, 1]},
								"west": {"uv": [12, 23], "uv_size": [1, 1]},
								"up": {"uv": [13, 24], "uv_size": [-1, -1]},
								"down": {"uv": [13, 24], "uv_size": [-1, -1]}
							}
						},
						{
							"origin": [-18.5, 33, -8.5],
							"size": [1, 1, 1],
							"pivot": [-10.5, 19, 2.5],
							"rotation": [0, -90, 0],
							"uv": {
								"north": {"uv": [14, 23], "uv_size": [1, 1]},
								"east": {"uv": [14, 23], "uv_size": [1, 1]},
								"south": {"uv": [15, 23], "uv_size": [-1, 1]},
								"west": {"uv": [14, 23], "uv_size": [1, 1]},
								"up": {"uv": [15, 24], "uv_size": [-1, -1]},
								"down": {"uv": [15, 24], "uv_size": [-1, -1]}
							}
						},
						{
							"origin": [-17.5, 25, -8.5],
							"size": [1, 1, 1],
							"pivot": [-10.5, 19, 2.5],
							"rotation": [0, -90, 0],
							"uv": {
								"north": {"uv": [6, 24], "uv_size": [1, 1]},
								"east": {"uv": [6, 24], "uv_size": [1, 1]},
								"south": {"uv": [7, 24], "uv_size": [-1, 1]},
								"west": {"uv": [6, 24], "uv_size": [1, 1]},
								"up": {"uv": [7, 25], "uv_size": [-1, -1]},
								"down": {"uv": [7, 25], "uv_size": [-1, -1]}
							}
						},
						{
							"origin": [-17.5, 27, -8.5],
							"size": [1, 1, 1],
							"pivot": [-10.5, 19, 2.5],
							"rotation": [0, -90, 0],
							"uv": {
								"north": {"uv": [8, 24], "uv_size": [1, 1]},
								"east": {"uv": [8, 24], "uv_size": [1, 1]},
								"south": {"uv": [9, 24], "uv_size": [-1, 1]},
								"west": {"uv": [8, 24], "uv_size": [1, 1]},
								"up": {"uv": [9, 25], "uv_size": [-1, -1]},
								"down": {"uv": [9, 25], "uv_size": [-1, -1]}
							}
						},
						{
							"origin": [-17.5, 28, -8.5],
							"size": [1, 1, 1],
							"pivot": [-10.5, 19, 2.5],
							"rotation": [0, -90, 0],
							"uv": {
								"north": {"uv": [9, 24], "uv_size": [1, 1]},
								"east": {"uv": [9, 24], "uv_size": [1, 1]},
								"south": {"uv": [10, 24], "uv_size": [-1, 1]},
								"west": {"uv": [9, 24], "uv_size": [1, 1]},
								"up": {"uv": [10, 25], "uv_size": [-1, -1]},
								"down": {"uv": [10, 25], "uv_size": [-1, -1]}
							}
						},
						{
							"origin": [-17.5, 29, -8.5],
							"size": [1, 1, 1],
							"pivot": [-10.5, 19, 2.5],
							"rotation": [0, -90, 0],
							"uv": {
								"north": {"uv": [10, 24], "uv_size": [1, 1]},
								"east": {"uv": [10, 24], "uv_size": [1, 1]},
								"south": {"uv": [11, 24], "uv_size": [-1, 1]},
								"west": {"uv": [10, 24], "uv_size": [1, 1]},
								"up": {"uv": [11, 25], "uv_size": [-1, -1]},
								"down": {"uv": [11, 25], "uv_size": [-1, -1]}
							}
						},
						{
							"origin": [-17.5, 32, -8.5],
							"size": [1, 1, 1],
							"pivot": [-10.5, 19, 2.5],
							"rotation": [0, -90, 0],
							"uv": {
								"north": {"uv": [13, 24], "uv_size": [1, 1]},
								"east": {"uv": [13, 24], "uv_size": [1, 1]},
								"south": {"uv": [14, 24], "uv_size": [-1, 1]},
								"west": {"uv": [13, 24], "uv_size": [1, 1]},
								"up": {"uv": [14, 25], "uv_size": [-1, -1]},
								"down": {"uv": [14, 25], "uv_size": [-1, -1]}
							}
						},
						{
							"origin": [-16.5, 24, -8.5],
							"size": [1, 1, 1],
							"pivot": [-10.5, 19, 2.5],
							"rotation": [0, -90, 0],
							"uv": {
								"north": {"uv": [5, 25], "uv_size": [1, 1]},
								"east": {"uv": [5, 25], "uv_size": [1, 1]},
								"south": {"uv": [6, 25], "uv_size": [-1, 1]},
								"west": {"uv": [5, 25], "uv_size": [1, 1]},
								"up": {"uv": [6, 26], "uv_size": [-1, -1]},
								"down": {"uv": [6, 26], "uv_size": [-1, -1]}
							}
						},
						{
							"origin": [-16.5, 26, -8.5],
							"size": [1, 1, 1],
							"pivot": [-10.5, 19, 2.5],
							"rotation": [0, -90, 0],
							"uv": {
								"north": {"uv": [7, 25], "uv_size": [1, 1]},
								"east": {"uv": [7, 25], "uv_size": [1, 1]},
								"south": {"uv": [8, 25], "uv_size": [-1, 1]},
								"west": {"uv": [7, 25], "uv_size": [1, 1]},
								"up": {"uv": [8, 26], "uv_size": [-1, -1]},
								"down": {"uv": [8, 26], "uv_size": [-1, -1]}
							}
						},
						{
							"origin": [-16.5, 29, -8.5],
							"size": [1, 1, 1],
							"pivot": [-10.5, 19, 2.5],
							"rotation": [0, -90, 0],
							"uv": {
								"north": {"uv": [10, 25], "uv_size": [1, 1]},
								"east": {"uv": [10, 25], "uv_size": [1, 1]},
								"south": {"uv": [11, 25], "uv_size": [-1, 1]},
								"west": {"uv": [10, 25], "uv_size": [1, 1]},
								"up": {"uv": [11, 26], "uv_size": [-1, -1]},
								"down": {"uv": [11, 26], "uv_size": [-1, -1]}
							}
						},
						{
							"origin": [-16.5, 30, -8.5],
							"size": [1, 1, 1],
							"pivot": [-10.5, 19, 2.5],
							"rotation": [0, -90, 0],
							"uv": {
								"north": {"uv": [11, 25], "uv_size": [1, 1]},
								"east": {"uv": [11, 25], "uv_size": [1, 1]},
								"south": {"uv": [12, 25], "uv_size": [-1, 1]},
								"west": {"uv": [11, 25], "uv_size": [1, 1]},
								"up": {"uv": [12, 26], "uv_size": [-1, -1]},
								"down": {"uv": [12, 26], "uv_size": [-1, -1]}
							}
						},
						{
							"origin": [-16.5, 31, -8.5],
							"size": [1, 1, 1],
							"pivot": [-10.5, 19, 2.5],
							"rotation": [0, -90, 0],
							"uv": {
								"north": {"uv": [12, 25], "uv_size": [1, 1]},
								"east": {"uv": [12, 25], "uv_size": [1, 1]},
								"south": {"uv": [13, 25], "uv_size": [-1, 1]},
								"west": {"uv": [12, 25], "uv_size": [1, 1]},
								"up": {"uv": [13, 26], "uv_size": [-1, -1]},
								"down": {"uv": [13, 26], "uv_size": [-1, -1]}
							}
						},
						{
							"origin": [-15.5, 23, -8.5],
							"size": [1, 1, 1],
							"pivot": [-10.5, 19, 2.5],
							"rotation": [0, -90, 0],
							"uv": {
								"north": {"uv": [4, 26], "uv_size": [1, 1]},
								"east": {"uv": [4, 26], "uv_size": [1, 1]},
								"south": {"uv": [5, 26], "uv_size": [-1, 1]},
								"west": {"uv": [4, 26], "uv_size": [1, 1]},
								"up": {"uv": [5, 27], "uv_size": [-1, -1]},
								"down": {"uv": [5, 27], "uv_size": [-1, -1]}
							}
						},
						{
							"origin": [-15.5, 25, -8.5],
							"size": [1, 1, 1],
							"pivot": [-10.5, 19, 2.5],
							"rotation": [0, -90, 0],
							"uv": {
								"north": {"uv": [6, 26], "uv_size": [1, 1]},
								"east": {"uv": [6, 26], "uv_size": [1, 1]},
								"south": {"uv": [7, 26], "uv_size": [-1, 1]},
								"west": {"uv": [6, 26], "uv_size": [1, 1]},
								"up": {"uv": [7, 27], "uv_size": [-1, -1]},
								"down": {"uv": [7, 27], "uv_size": [-1, -1]}
							}
						},
						{
							"origin": [-15.5, 29, -8.5],
							"size": [1, 1, 1],
							"pivot": [-10.5, 19, 2.5],
							"rotation": [0, -90, 0],
							"uv": {
								"north": {"uv": [10, 26], "uv_size": [1, 1]},
								"east": {"uv": [10, 26], "uv_size": [1, 1]},
								"south": {"uv": [11, 26], "uv_size": [-1, 1]},
								"west": {"uv": [10, 26], "uv_size": [1, 1]},
								"up": {"uv": [11, 27], "uv_size": [-1, -1]},
								"down": {"uv": [11, 27], "uv_size": [-1, -1]}
							}
						},
						{
							"origin": [-14.5, 22, -8.5],
							"size": [1, 1, 1],
							"pivot": [-10.5, 19, 2.5],
							"rotation": [0, -90, 0],
							"uv": {
								"north": {"uv": [3, 27], "uv_size": [1, 1]},
								"east": {"uv": [3, 27], "uv_size": [1, 1]},
								"south": {"uv": [4, 27], "uv_size": [-1, 1]},
								"west": {"uv": [3, 27], "uv_size": [1, 1]},
								"up": {"uv": [4, 28], "uv_size": [-1, -1]},
								"down": {"uv": [4, 28], "uv_size": [-1, -1]}
							}
						},
						{
							"origin": [-14.5, 24, -8.5],
							"size": [1, 1, 1],
							"pivot": [-10.5, 19, 2.5],
							"rotation": [0, -90, 0],
							"uv": {
								"north": {"uv": [5, 27], "uv_size": [1, 1]},
								"east": {"uv": [5, 27], "uv_size": [1, 1]},
								"south": {"uv": [6, 27], "uv_size": [-1, 1]},
								"west": {"uv": [5, 27], "uv_size": [1, 1]},
								"up": {"uv": [6, 28], "uv_size": [-1, -1]},
								"down": {"uv": [6, 28], "uv_size": [-1, -1]}
							}
						},
						{
							"origin": [-13.5, 20, -8.5],
							"size": [1, 1, 1],
							"pivot": [-10.5, 19, 2.5],
							"rotation": [0, -90, 0],
							"uv": {
								"north": {"uv": [1, 28], "uv_size": [1, 1]},
								"east": {"uv": [1, 28], "uv_size": [1, 1]},
								"south": {"uv": [2, 28], "uv_size": [-1, 1]},
								"west": {"uv": [1, 28], "uv_size": [1, 1]},
								"up": {"uv": [2, 29], "uv_size": [-1, -1]},
								"down": {"uv": [2, 29], "uv_size": [-1, -1]}
							}
						},
						{
							"origin": [-13.5, 21, -8.5],
							"size": [1, 1, 1],
							"pivot": [-10.5, 19, 2.5],
							"rotation": [0, -90, 0],
							"uv": {
								"north": {"uv": [2, 28], "uv_size": [1, 1]},
								"east": {"uv": [2, 28], "uv_size": [1, 1]},
								"south": {"uv": [3, 28], "uv_size": [-1, 1]},
								"west": {"uv": [2, 28], "uv_size": [1, 1]},
								"up": {"uv": [3, 29], "uv_size": [-1, -1]},
								"down": {"uv": [3, 29], "uv_size": [-1, -1]}
							}
						},
						{
							"origin": [-13.5, 23, -8.5],
							"size": [1, 1, 1],
							"pivot": [-10.5, 19, 2.5],
							"rotation": [0, -90, 0],
							"uv": {
								"north": {"uv": [4, 28], "uv_size": [1, 1]},
								"east": {"uv": [4, 28], "uv_size": [1, 1]},
								"south": {"uv": [5, 28], "uv_size": [-1, 1]},
								"west": {"uv": [4, 28], "uv_size": [1, 1]},
								"up": {"uv": [5, 29], "uv_size": [-1, -1]},
								"down": {"uv": [5, 29], "uv_size": [-1, -1]}
							}
						},
						{
							"origin": [-12.5, 20, -8.5],
							"size": [1, 1, 1],
							"pivot": [-10.5, 19, 2.5],
							"rotation": [0, -90, 0],
							"uv": {
								"north": {"uv": [1, 29], "uv_size": [1, 1]},
								"east": {"uv": [1, 29], "uv_size": [1, 1]},
								"south": {"uv": [2, 29], "uv_size": [-1, 1]},
								"west": {"uv": [1, 29], "uv_size": [1, 1]},
								"up": {"uv": [2, 30], "uv_size": [-1, -1]},
								"down": {"uv": [2, 30], "uv_size": [-1, -1]}
							}
						},
						{
							"origin": [-12.5, 22, -8.5],
							"size": [1, 1, 1],
							"pivot": [-10.5, 19, 2.5],
							"rotation": [0, -90, 0],
							"uv": {
								"north": {"uv": [3, 29], "uv_size": [1, 1]},
								"east": {"uv": [3, 29], "uv_size": [1, 1]},
								"south": {"uv": [4, 29], "uv_size": [-1, 1]},
								"west": {"uv": [3, 29], "uv_size": [1, 1]},
								"up": {"uv": [4, 30], "uv_size": [-1, -1]},
								"down": {"uv": [4, 30], "uv_size": [-1, -1]}
							}
						},
						{
							"origin": [-11.5, 20, -8.5],
							"size": [1, 1, 1],
							"pivot": [-10.5, 19, 2.5],
							"rotation": [0, -90, 0],
							"uv": {
								"north": {"uv": [1, 30], "uv_size": [1, 1]},
								"east": {"uv": [1, 30], "uv_size": [1, 1]},
								"south": {"uv": [2, 30], "uv_size": [-1, 1]},
								"west": {"uv": [1, 30], "uv_size": [1, 1]},
								"up": {"uv": [2, 31], "uv_size": [-1, -1]},
								"down": {"uv": [2, 31], "uv_size": [-1, -1]}
							}
						},
						{
							"origin": [-11.5, 21, -8.5],
							"size": [1, 1, 1],
							"pivot": [-10.5, 19, 2.5],
							"rotation": [0, -90, 0],
							"uv": {
								"north": {"uv": [2, 30], "uv_size": [1, 1]},
								"east": {"uv": [2, 30], "uv_size": [1, 1]},
								"south": {"uv": [3, 30], "uv_size": [-1, 1]},
								"west": {"uv": [2, 30], "uv_size": [1, 1]},
								"up": {"uv": [3, 31], "uv_size": [-1, -1]},
								"down": {"uv": [3, 31], "uv_size": [-1, -1]}
							}
						},
						{
							"origin": [-11.5, 22, -8.5],
							"size": [1, 1, 1],
							"pivot": [-10.5, 19, 2.5],
							"rotation": [0, -90, 0],
							"uv": {
								"north": {"uv": [3, 30], "uv_size": [1, 1]},
								"east": {"uv": [3, 30], "uv_size": [1, 1]},
								"south": {"uv": [4, 30], "uv_size": [-1, 1]},
								"west": {"uv": [3, 30], "uv_size": [1, 1]},
								"up": {"uv": [4, 31], "uv_size": [-1, -1]},
								"down": {"uv": [4, 31], "uv_size": [-1, -1]}
							}
						},
						{
							"origin": [-12.5, 21, -8.875],
							"size": [1, 1, 1.75],
							"pivot": [-10.5, 19, 2.5],
							"rotation": [0, -90, 0],
							"uv": {
								"north": {"uv": [2, 29], "uv_size": [1, 1]},
								"east": {"uv": [2, 29], "uv_size": [1, 1]},
								"south": {"uv": [3, 29], "uv_size": [-1, 1]},
								"west": {"uv": [2, 29], "uv_size": [1, 1]},
								"up": {"uv": [3, 30], "uv_size": [-1, -1]},
								"down": {"uv": [3, 30], "uv_size": [-1, -1]}
							}
						},
						{
							"origin": [-13.5, 22, -8.75],
							"size": [1, 1, 1.5],
							"pivot": [-10.5, 19, 2.5],
							"rotation": [0, -90, 0],
							"uv": {
								"north": {"uv": [3, 28], "uv_size": [1, 1]},
								"east": {"uv": [3, 28], "uv_size": [1, 1]},
								"south": {"uv": [4, 28], "uv_size": [-1, 1]},
								"west": {"uv": [3, 28], "uv_size": [1, 1]},
								"up": {"uv": [4, 29], "uv_size": [-1, -1]},
								"down": {"uv": [4, 29], "uv_size": [-1, -1]}
							}
						},
						{
							"origin": [-14.5, 23, -8.75],
							"size": [1, 1, 1.5],
							"pivot": [-10.5, 19, 2.5],
							"rotation": [0, -90, 0],
							"uv": {
								"north": {"uv": [4, 27], "uv_size": [1, 1]},
								"east": {"uv": [4, 27], "uv_size": [1, 1]},
								"south": {"uv": [5, 27], "uv_size": [-1, 1]},
								"west": {"uv": [4, 27], "uv_size": [1, 1]},
								"up": {"uv": [5, 28], "uv_size": [-1, -1]},
								"down": {"uv": [5, 28], "uv_size": [-1, -1]}
							}
						},
						{
							"origin": [-15.5, 24, -8.75],
							"size": [1, 1, 1.5],
							"pivot": [-10.5, 19, 2.5],
							"rotation": [0, -90, 0],
							"uv": {
								"north": {"uv": [5, 26], "uv_size": [1, 1]},
								"east": {"uv": [5, 26], "uv_size": [1, 1]},
								"south": {"uv": [6, 26], "uv_size": [-1, 1]},
								"west": {"uv": [5, 26], "uv_size": [1, 1]},
								"up": {"uv": [6, 27], "uv_size": [-1, -1]},
								"down": {"uv": [6, 27], "uv_size": [-1, -1]}
							}
						},
						{
							"origin": [-16.5, 25, -8.75],
							"size": [1, 1, 1.5],
							"pivot": [-10.5, 19, 2.5],
							"rotation": [0, -90, 0],
							"uv": {
								"north": {"uv": [6, 25], "uv_size": [1, 1]},
								"east": {"uv": [6, 25], "uv_size": [1, 1]},
								"south": {"uv": [7, 25], "uv_size": [-1, 1]},
								"west": {"uv": [6, 25], "uv_size": [1, 1]},
								"up": {"uv": [7, 26], "uv_size": [-1, -1]},
								"down": {"uv": [7, 26], "uv_size": [-1, -1]}
							}
						},
						{
							"origin": [-17.5, 31, -8.875],
							"size": [1, 1, 1.75],
							"pivot": [-10.5, 19, 2.5],
							"rotation": [0, -90, 0],
							"uv": {
								"north": {"uv": [12, 24], "uv_size": [1, 1]},
								"east": {"uv": [12, 24], "uv_size": [1, 1]},
								"south": {"uv": [13, 24], "uv_size": [-1, 1]},
								"west": {"uv": [12, 24], "uv_size": [1, 1]},
								"up": {"uv": [13, 25], "uv_size": [-1, -1]},
								"down": {"uv": [13, 25], "uv_size": [-1, -1]}
							}
						},
						{
							"origin": [-17.5, 30, -8.875],
							"size": [1, 1, 1.75],
							"pivot": [-10.5, 19, 2.5],
							"rotation": [0, -90, 0],
							"uv": {
								"north": {"uv": [11, 24], "uv_size": [1, 1]},
								"east": {"uv": [11, 24], "uv_size": [1, 1]},
								"south": {"uv": [12, 24], "uv_size": [-1, 1]},
								"west": {"uv": [11, 24], "uv_size": [1, 1]},
								"up": {"uv": [12, 25], "uv_size": [-1, -1]},
								"down": {"uv": [12, 25], "uv_size": [-1, -1]}
							}
						},
						{
							"origin": [-17.5, 26, -8.75],
							"size": [1, 1, 1.5],
							"pivot": [-10.5, 19, 2.5],
							"rotation": [0, -90, 0],
							"uv": {
								"north": {"uv": [7, 24], "uv_size": [1, 1]},
								"east": {"uv": [7, 24], "uv_size": [1, 1]},
								"south": {"uv": [8, 24], "uv_size": [-1, 1]},
								"west": {"uv": [7, 24], "uv_size": [1, 1]},
								"up": {"uv": [8, 25], "uv_size": [-1, -1]},
								"down": {"uv": [8, 25], "uv_size": [-1, -1]}
							}
						},
						{
							"origin": [-18.5, 32, -8.875],
							"size": [1, 1, 1.75],
							"pivot": [-10.5, 19, 2.5],
							"rotation": [0, -90, 0],
							"uv": {
								"north": {"uv": [13, 23], "uv_size": [1, 1]},
								"east": {"uv": [13, 23], "uv_size": [1, 1]},
								"south": {"uv": [14, 23], "uv_size": [-1, 1]},
								"west": {"uv": [13, 23], "uv_size": [1, 1]},
								"up": {"uv": [14, 24], "uv_size": [-1, -1]},
								"down": {"uv": [14, 24], "uv_size": [-1, -1]}
							}
						},
						{
							"origin": [-18.5, 28, -8.875],
							"size": [1, 1, 1.75],
							"pivot": [-10.5, 19, 2.5],
							"rotation": [0, -90, 0],
							"uv": {
								"north": {"uv": [9, 23], "uv_size": [1, 1]},
								"east": {"uv": [9, 23], "uv_size": [1, 1]},
								"south": {"uv": [10, 23], "uv_size": [-1, 1]},
								"west": {"uv": [9, 23], "uv_size": [1, 1]},
								"up": {"uv": [10, 24], "uv_size": [-1, -1]},
								"down": {"uv": [10, 24], "uv_size": [-1, -1]}
							}
						},
						{
							"origin": [-18.5, 27, -8.875],
							"size": [1, 1, 1.75],
							"pivot": [-10.5, 19, 2.5],
							"rotation": [0, -90, 0],
							"uv": {
								"north": {"uv": [8, 23], "uv_size": [1, 1]},
								"east": {"uv": [8, 23], "uv_size": [1, 1]},
								"south": {"uv": [9, 23], "uv_size": [-1, 1]},
								"west": {"uv": [8, 23], "uv_size": [1, 1]},
								"up": {"uv": [9, 24], "uv_size": [-1, -1]},
								"down": {"uv": [9, 24], "uv_size": [-1, -1]}
							}
						},
						{
							"origin": [-19.5, 33, -8.875],
							"size": [1, 1, 1.75],
							"pivot": [-10.5, 19, 2.5],
							"rotation": [0, -90, 0],
							"uv": {
								"north": {"uv": [14, 22], "uv_size": [1, 1]},
								"east": {"uv": [14, 22], "uv_size": [1, 1]},
								"south": {"uv": [15, 22], "uv_size": [-1, 1]},
								"west": {"uv": [14, 22], "uv_size": [1, 1]},
								"up": {"uv": [15, 23], "uv_size": [-1, -1]},
								"down": {"uv": [15, 23], "uv_size": [-1, -1]}
							}
						},
						{
							"origin": [-19.5, 29, -8.875],
							"size": [1, 1, 1.75],
							"pivot": [-10.5, 19, 2.5],
							"rotation": [0, -90, 0],
							"uv": {
								"north": {"uv": [10, 22], "uv_size": [1, 1]},
								"east": {"uv": [10, 22], "uv_size": [1, 1]},
								"south": {"uv": [11, 22], "uv_size": [-1, 1]},
								"west": {"uv": [10, 22], "uv_size": [1, 1]},
								"up": {"uv": [11, 23], "uv_size": [-1, -1]},
								"down": {"uv": [11, 23], "uv_size": [-1, -1]}
							}
						},
						{
							"origin": [-19.5, 28, -8.875],
							"size": [1, 1, 1.75],
							"pivot": [-10.5, 19, 2.5],
							"rotation": [0, -90, 0],
							"uv": {
								"north": {"uv": [9, 22], "uv_size": [1, 1]},
								"east": {"uv": [9, 22], "uv_size": [1, 1]},
								"south": {"uv": [10, 22], "uv_size": [-1, 1]},
								"west": {"uv": [9, 22], "uv_size": [1, 1]},
								"up": {"uv": [10, 23], "uv_size": [-1, -1]},
								"down": {"uv": [10, 23], "uv_size": [-1, -1]}
							}
						},
						{
							"origin": [-19.5, 27, -8.875],
							"size": [1, 1, 1.75],
							"pivot": [-10.5, 19, 2.5],
							"rotation": [0, -90, 0],
							"uv": {
								"north": {"uv": [8, 22], "uv_size": [1, 1]},
								"east": {"uv": [8, 22], "uv_size": [1, 1]},
								"south": {"uv": [9, 22], "uv_size": [-1, 1]},
								"west": {"uv": [8, 22], "uv_size": [1, 1]},
								"up": {"uv": [9, 23], "uv_size": [-1, -1]},
								"down": {"uv": [9, 23], "uv_size": [-1, -1]}
							}
						},
						{
							"origin": [-20.5, 34, -8.875],
							"size": [1, 1, 1.75],
							"pivot": [-10.5, 19, 2.5],
							"rotation": [0, -90, 0],
							"uv": {
								"north": {"uv": [15, 21], "uv_size": [1, 1]},
								"east": {"uv": [15, 21], "uv_size": [1, 1]},
								"south": {"uv": [16, 21], "uv_size": [-1, 1]},
								"west": {"uv": [15, 21], "uv_size": [1, 1]},
								"up": {"uv": [16, 22], "uv_size": [-1, -1]},
								"down": {"uv": [16, 22], "uv_size": [-1, -1]}
							}
						},
						{
							"origin": [-20.5, 30, -8.875],
							"size": [1, 1, 1.75],
							"pivot": [-10.5, 19, 2.5],
							"rotation": [0, -90, 0],
							"uv": {
								"north": {"uv": [11, 21], "uv_size": [1, 1]},
								"east": {"uv": [11, 21], "uv_size": [1, 1]},
								"south": {"uv": [12, 21], "uv_size": [-1, 1]},
								"west": {"uv": [11, 21], "uv_size": [1, 1]},
								"up": {"uv": [12, 22], "uv_size": [-1, -1]},
								"down": {"uv": [12, 22], "uv_size": [-1, -1]}
							}
						},
						{
							"origin": [-20.5, 29, -8.875],
							"size": [1, 1, 1.75],
							"pivot": [-10.5, 19, 2.5],
							"rotation": [0, -90, 0],
							"uv": {
								"north": {"uv": [10, 21], "uv_size": [1, 1]},
								"east": {"uv": [10, 21], "uv_size": [1, 1]},
								"south": {"uv": [11, 21], "uv_size": [-1, 1]},
								"west": {"uv": [10, 21], "uv_size": [1, 1]},
								"up": {"uv": [11, 22], "uv_size": [-1, -1]},
								"down": {"uv": [11, 22], "uv_size": [-1, -1]}
							}
						},
						{
							"origin": [-20.5, 28, -8.875],
							"size": [1, 1, 1.75],
							"pivot": [-10.5, 19, 2.5],
							"rotation": [0, -90, 0],
							"uv": {
								"north": {"uv": [9, 21], "uv_size": [1, 1]},
								"east": {"uv": [9, 21], "uv_size": [1, 1]},
								"south": {"uv": [10, 21], "uv_size": [-1, 1]},
								"west": {"uv": [9, 21], "uv_size": [1, 1]},
								"up": {"uv": [10, 22], "uv_size": [-1, -1]},
								"down": {"uv": [10, 22], "uv_size": [-1, -1]}
							}
						},
						{
							"origin": [-21.5, 35, -8.875],
							"size": [1, 1, 1.75],
							"pivot": [-10.5, 19, 2.5],
							"rotation": [0, -90, 0],
							"uv": {
								"north": {"uv": [16, 20], "uv_size": [1, 1]},
								"east": {"uv": [16, 20], "uv_size": [1, 1]},
								"south": {"uv": [17, 20], "uv_size": [-1, 1]},
								"west": {"uv": [16, 20], "uv_size": [1, 1]},
								"up": {"uv": [17, 21], "uv_size": [-1, -1]},
								"down": {"uv": [17, 21], "uv_size": [-1, -1]}
							}
						},
						{
							"origin": [-21.5, 31, -8.875],
							"size": [1, 1, 1.75],
							"pivot": [-10.5, 19, 2.5],
							"rotation": [0, -90, 0],
							"uv": {
								"north": {"uv": [12, 20], "uv_size": [1, 1]},
								"east": {"uv": [12, 20], "uv_size": [1, 1]},
								"south": {"uv": [13, 20], "uv_size": [-1, 1]},
								"west": {"uv": [12, 20], "uv_size": [1, 1]},
								"up": {"uv": [13, 21], "uv_size": [-1, -1]},
								"down": {"uv": [13, 21], "uv_size": [-1, -1]}
							}
						},
						{
							"origin": [-21.5, 30, -8.875],
							"size": [1, 1, 1.75],
							"pivot": [-10.5, 19, 2.5],
							"rotation": [0, -90, 0],
							"uv": {
								"north": {"uv": [11, 20], "uv_size": [1, 1]},
								"east": {"uv": [11, 20], "uv_size": [1, 1]},
								"south": {"uv": [12, 20], "uv_size": [-1, 1]},
								"west": {"uv": [11, 20], "uv_size": [1, 1]},
								"up": {"uv": [12, 21], "uv_size": [-1, -1]},
								"down": {"uv": [12, 21], "uv_size": [-1, -1]}
							}
						},
						{
							"origin": [-21.5, 29, -8.875],
							"size": [1, 1, 1.75],
							"pivot": [-10.5, 19, 2.5],
							"rotation": [0, -90, 0],
							"uv": {
								"north": {"uv": [10, 20], "uv_size": [1, 1]},
								"east": {"uv": [10, 20], "uv_size": [1, 1]},
								"south": {"uv": [11, 20], "uv_size": [-1, 1]},
								"west": {"uv": [10, 20], "uv_size": [1, 1]},
								"up": {"uv": [11, 21], "uv_size": [-1, -1]},
								"down": {"uv": [11, 21], "uv_size": [-1, -1]}
							}
						},
						{
							"origin": [-21.5, 28, -8.875],
							"size": [1, 1, 1.75],
							"pivot": [-10.5, 19, 2.5],
							"rotation": [0, -90, 0],
							"uv": {
								"north": {"uv": [9, 20], "uv_size": [1, 1]},
								"east": {"uv": [9, 20], "uv_size": [1, 1]},
								"south": {"uv": [10, 20], "uv_size": [-1, 1]},
								"west": {"uv": [9, 20], "uv_size": [1, 1]},
								"up": {"uv": [10, 21], "uv_size": [-1, -1]},
								"down": {"uv": [10, 21], "uv_size": [-1, -1]}
							}
						},
						{
							"origin": [-22.5, 36, -8.875],
							"size": [1, 1, 1.75],
							"pivot": [-10.5, 19, 2.5],
							"rotation": [0, -90, 0],
							"uv": {
								"north": {"uv": [17, 19], "uv_size": [1, 1]},
								"east": {"uv": [17, 19], "uv_size": [1, 1]},
								"south": {"uv": [18, 19], "uv_size": [-1, 1]},
								"west": {"uv": [17, 19], "uv_size": [1, 1]},
								"up": {"uv": [18, 20], "uv_size": [-1, -1]},
								"down": {"uv": [18, 20], "uv_size": [-1, -1]}
							}
						},
						{
							"origin": [-22.5, 32, -8.875],
							"size": [1, 1, 1.75],
							"pivot": [-10.5, 19, 2.5],
							"rotation": [0, -90, 0],
							"uv": {
								"north": {"uv": [13, 19], "uv_size": [1, 1]},
								"east": {"uv": [13, 19], "uv_size": [1, 1]},
								"south": {"uv": [14, 19], "uv_size": [-1, 1]},
								"west": {"uv": [13, 19], "uv_size": [1, 1]},
								"up": {"uv": [14, 20], "uv_size": [-1, -1]},
								"down": {"uv": [14, 20], "uv_size": [-1, -1]}
							}
						},
						{
							"origin": [-22.5, 31, -8.875],
							"size": [1, 1, 1.75],
							"pivot": [-10.5, 19, 2.5],
							"rotation": [0, -90, 0],
							"uv": {
								"north": {"uv": [12, 19], "uv_size": [1, 1]},
								"east": {"uv": [12, 19], "uv_size": [1, 1]},
								"south": {"uv": [13, 19], "uv_size": [-1, 1]},
								"west": {"uv": [12, 19], "uv_size": [1, 1]},
								"up": {"uv": [13, 20], "uv_size": [-1, -1]},
								"down": {"uv": [13, 20], "uv_size": [-1, -1]}
							}
						},
						{
							"origin": [-22.5, 30, -8.875],
							"size": [1, 1, 1.75],
							"pivot": [-10.5, 19, 2.5],
							"rotation": [0, -90, 0],
							"uv": {
								"north": {"uv": [11, 19], "uv_size": [1, 1]},
								"east": {"uv": [11, 19], "uv_size": [1, 1]},
								"south": {"uv": [12, 19], "uv_size": [-1, 1]},
								"west": {"uv": [11, 19], "uv_size": [1, 1]},
								"up": {"uv": [12, 20], "uv_size": [-1, -1]},
								"down": {"uv": [12, 20], "uv_size": [-1, -1]}
							}
						},
						{
							"origin": [-22.5, 29, -8.875],
							"size": [1, 1, 1.75],
							"pivot": [-10.5, 19, 2.5],
							"rotation": [0, -90, 0],
							"uv": {
								"north": {"uv": [10, 19], "uv_size": [1, 1]},
								"east": {"uv": [10, 19], "uv_size": [1, 1]},
								"south": {"uv": [11, 19], "uv_size": [-1, 1]},
								"west": {"uv": [10, 19], "uv_size": [1, 1]},
								"up": {"uv": [11, 20], "uv_size": [-1, -1]},
								"down": {"uv": [11, 20], "uv_size": [-1, -1]}
							}
						},
						{
							"origin": [-23.5, 33, -8.875],
							"size": [1, 1, 1.75],
							"pivot": [-10.5, 19, 2.5],
							"rotation": [0, -90, 0],
							"uv": {
								"north": {"uv": [14, 18], "uv_size": [1, 1]},
								"east": {"uv": [14, 18], "uv_size": [1, 1]},
								"south": {"uv": [15, 18], "uv_size": [-1, 1]},
								"west": {"uv": [14, 18], "uv_size": [1, 1]},
								"up": {"uv": [15, 19], "uv_size": [-1, -1]},
								"down": {"uv": [15, 19], "uv_size": [-1, -1]}
							}
						},
						{
							"origin": [-23.5, 32, -8.875],
							"size": [1, 1, 1.75],
							"pivot": [-10.5, 19, 2.5],
							"rotation": [0, -90, 0],
							"uv": {
								"north": {"uv": [13, 18], "uv_size": [1, 1]},
								"east": {"uv": [13, 18], "uv_size": [1, 1]},
								"south": {"uv": [14, 18], "uv_size": [-1, 1]},
								"west": {"uv": [13, 18], "uv_size": [1, 1]},
								"up": {"uv": [14, 19], "uv_size": [-1, -1]},
								"down": {"uv": [14, 19], "uv_size": [-1, -1]}
							}
						},
						{
							"origin": [-23.5, 31, -8.875],
							"size": [1, 1, 1.75],
							"pivot": [-10.5, 19, 2.5],
							"rotation": [0, -90, 0],
							"uv": {
								"north": {"uv": [12, 18], "uv_size": [1, 1]},
								"east": {"uv": [12, 18], "uv_size": [1, 1]},
								"south": {"uv": [13, 18], "uv_size": [-1, 1]},
								"west": {"uv": [12, 18], "uv_size": [1, 1]},
								"up": {"uv": [13, 19], "uv_size": [-1, -1]},
								"down": {"uv": [13, 19], "uv_size": [-1, -1]}
							}
						},
						{
							"origin": [-24.5, 34, -8.875],
							"size": [1, 1, 1.75],
							"pivot": [-10.5, 19, 2.5],
							"rotation": [0, -90, 0],
							"uv": {
								"north": {"uv": [15, 17], "uv_size": [1, 1]},
								"east": {"uv": [15, 17], "uv_size": [1, 1]},
								"south": {"uv": [16, 17], "uv_size": [-1, 1]},
								"west": {"uv": [15, 17], "uv_size": [1, 1]},
								"up": {"uv": [16, 18], "uv_size": [-1, -1]},
								"down": {"uv": [16, 18], "uv_size": [-1, -1]}
							}
						},
						{
							"origin": [-24.5, 33, -8.875],
							"size": [1, 1, 1.75],
							"pivot": [-10.5, 19, 2.5],
							"rotation": [0, -90, 0],
							"uv": {
								"north": {"uv": [14, 17], "uv_size": [1, 1]},
								"east": {"uv": [14, 17], "uv_size": [1, 1]},
								"south": {"uv": [15, 17], "uv_size": [-1, 1]},
								"west": {"uv": [14, 17], "uv_size": [1, 1]},
								"up": {"uv": [15, 18], "uv_size": [-1, -1]},
								"down": {"uv": [15, 18], "uv_size": [-1, -1]}
							}
						},
						{
							"origin": [-24.5, 32, -8.875],
							"size": [1, 1, 1.75],
							"pivot": [-10.5, 19, 2.5],
							"rotation": [0, -90, 0],
							"uv": {
								"north": {"uv": [13, 17], "uv_size": [1, 1]},
								"east": {"uv": [13, 17], "uv_size": [1, 1]},
								"south": {"uv": [14, 17], "uv_size": [-1, 1]},
								"west": {"uv": [13, 17], "uv_size": [1, 1]},
								"up": {"uv": [14, 18], "uv_size": [-1, -1]},
								"down": {"uv": [14, 18], "uv_size": [-1, -1]}
							}
						},
						{
							"origin": [-25.5, 35, -8.875],
							"size": [1, 1, 1.75],
							"pivot": [-10.5, 19, 2.5],
							"rotation": [0, -90, 0],
							"uv": {
								"north": {"uv": [16, 16], "uv_size": [1, 1]},
								"east": {"uv": [16, 16], "uv_size": [1, 1]},
								"south": {"uv": [17, 16], "uv_size": [-1, 1]},
								"west": {"uv": [16, 16], "uv_size": [1, 1]},
								"up": {"uv": [17, 17], "uv_size": [-1, -1]},
								"down": {"uv": [17, 17], "uv_size": [-1, -1]}
							}
						},
						{
							"origin": [-25.5, 34, -8.875],
							"size": [1, 1, 1.75],
							"pivot": [-10.5, 19, 2.5],
							"rotation": [0, -90, 0],
							"uv": {
								"north": {"uv": [15, 16], "uv_size": [1, 1]},
								"east": {"uv": [15, 16], "uv_size": [1, 1]},
								"south": {"uv": [16, 16], "uv_size": [-1, 1]},
								"west": {"uv": [15, 16], "uv_size": [1, 1]},
								"up": {"uv": [16, 17], "uv_size": [-1, -1]},
								"down": {"uv": [16, 17], "uv_size": [-1, -1]}
							}
						},
						{
							"origin": [-25.5, 33, -8.875],
							"size": [1, 1, 1.75],
							"pivot": [-10.5, 19, 2.5],
							"rotation": [0, -90, 0],
							"uv": {
								"north": {"uv": [14, 16], "uv_size": [1, 1]},
								"east": {"uv": [14, 16], "uv_size": [1, 1]},
								"south": {"uv": [15, 16], "uv_size": [-1, 1]},
								"west": {"uv": [14, 16], "uv_size": [1, 1]},
								"up": {"uv": [15, 17], "uv_size": [-1, -1]},
								"down": {"uv": [15, 17], "uv_size": [-1, -1]}
							}
						},
						{
							"origin": [-26.5, 36, -8.875],
							"size": [1, 1, 1.75],
							"pivot": [-10.5, 19, 2.5],
							"rotation": [0, -90, 0],
							"uv": {
								"north": {"uv": [17, 15], "uv_size": [1, 1]},
								"east": {"uv": [17, 15], "uv_size": [1, 1]},
								"south": {"uv": [18, 15], "uv_size": [-1, 1]},
								"west": {"uv": [17, 15], "uv_size": [1, 1]},
								"up": {"uv": [18, 16], "uv_size": [-1, -1]},
								"down": {"uv": [18, 16], "uv_size": [-1, -1]}
							}
						},
						{
							"origin": [-26.5, 35, -8.875],
							"size": [1, 1, 1.75],
							"pivot": [-10.5, 19, 2.5],
							"rotation": [0, -90, 0],
							"uv": {
								"north": {"uv": [16, 15], "uv_size": [1, 1]},
								"east": {"uv": [16, 15], "uv_size": [1, 1]},
								"south": {"uv": [17, 15], "uv_size": [-1, 1]},
								"west": {"uv": [16, 15], "uv_size": [1, 1]},
								"up": {"uv": [17, 16], "uv_size": [-1, -1]},
								"down": {"uv": [17, 16], "uv_size": [-1, -1]}
							}
						},
						{
							"origin": [-26.5, 34, -8.875],
							"size": [1, 1, 1.75],
							"pivot": [-10.5, 19, 2.5],
							"rotation": [0, -90, 0],
							"uv": {
								"north": {"uv": [15, 15], "uv_size": [1, 1]},
								"east": {"uv": [15, 15], "uv_size": [1, 1]},
								"south": {"uv": [16, 15], "uv_size": [-1, 1]},
								"west": {"uv": [15, 15], "uv_size": [1, 1]},
								"up": {"uv": [16, 16], "uv_size": [-1, -1]},
								"down": {"uv": [16, 16], "uv_size": [-1, -1]}
							}
						},
						{
							"origin": [-27.5, 37, -8.875],
							"size": [1, 1, 1.75],
							"pivot": [-10.5, 19, 2.5],
							"rotation": [0, -90, 0],
							"uv": {
								"north": {"uv": [18, 14], "uv_size": [1, 1]},
								"east": {"uv": [18, 14], "uv_size": [1, 1]},
								"south": {"uv": [19, 14], "uv_size": [-1, 1]},
								"west": {"uv": [18, 14], "uv_size": [1, 1]},
								"up": {"uv": [19, 15], "uv_size": [-1, -1]},
								"down": {"uv": [19, 15], "uv_size": [-1, -1]}
							}
						},
						{
							"origin": [-27.5, 36, -8.875],
							"size": [1, 1, 1.75],
							"pivot": [-10.5, 19, 2.5],
							"rotation": [0, -90, 0],
							"uv": {
								"north": {"uv": [17, 14], "uv_size": [1, 1]},
								"east": {"uv": [17, 14], "uv_size": [1, 1]},
								"south": {"uv": [18, 14], "uv_size": [-1, 1]},
								"west": {"uv": [17, 14], "uv_size": [1, 1]},
								"up": {"uv": [18, 15], "uv_size": [-1, -1]},
								"down": {"uv": [18, 15], "uv_size": [-1, -1]}
							}
						},
						{
							"origin": [-27.5, 35, -8.875],
							"size": [1, 1, 1.75],
							"pivot": [-10.5, 19, 2.5],
							"rotation": [0, -90, 0],
							"uv": {
								"north": {"uv": [16, 14], "uv_size": [1, 1]},
								"east": {"uv": [16, 14], "uv_size": [1, 1]},
								"south": {"uv": [17, 14], "uv_size": [-1, 1]},
								"west": {"uv": [16, 14], "uv_size": [1, 1]},
								"up": {"uv": [17, 15], "uv_size": [-1, -1]},
								"down": {"uv": [17, 15], "uv_size": [-1, -1]}
							}
						},
						{
							"origin": [-28.5, 38, -8.875],
							"size": [1, 1, 1.75],
							"pivot": [-10.5, 19, 2.5],
							"rotation": [0, -90, 0],
							"uv": {
								"north": {"uv": [19, 13], "uv_size": [1, 1]},
								"east": {"uv": [19, 13], "uv_size": [1, 1]},
								"south": {"uv": [20, 13], "uv_size": [-1, 1]},
								"west": {"uv": [19, 13], "uv_size": [1, 1]},
								"up": {"uv": [20, 14], "uv_size": [-1, -1]},
								"down": {"uv": [20, 14], "uv_size": [-1, -1]}
							}
						},
						{
							"origin": [-28.5, 37, -8.875],
							"size": [1, 1, 1.75],
							"pivot": [-10.5, 19, 2.5],
							"rotation": [0, -90, 0],
							"uv": {
								"north": {"uv": [18, 13], "uv_size": [1, 1]},
								"east": {"uv": [18, 13], "uv_size": [1, 1]},
								"south": {"uv": [19, 13], "uv_size": [-1, 1]},
								"west": {"uv": [18, 13], "uv_size": [1, 1]},
								"up": {"uv": [19, 14], "uv_size": [-1, -1]},
								"down": {"uv": [19, 14], "uv_size": [-1, -1]}
							}
						},
						{
							"origin": [-28.5, 36, -8.875],
							"size": [1, 1, 1.75],
							"pivot": [-10.5, 19, 2.5],
							"rotation": [0, -90, 0],
							"uv": {
								"north": {"uv": [17, 13], "uv_size": [1, 1]},
								"east": {"uv": [17, 13], "uv_size": [1, 1]},
								"south": {"uv": [18, 13], "uv_size": [-1, 1]},
								"west": {"uv": [17, 13], "uv_size": [1, 1]},
								"up": {"uv": [18, 14], "uv_size": [-1, -1]},
								"down": {"uv": [18, 14], "uv_size": [-1, -1]}
							}
						},
						{
							"origin": [-29.5, 39, -8.875],
							"size": [1, 1, 1.75],
							"pivot": [-10.5, 19, 2.5],
							"rotation": [0, -90, 0],
							"uv": {
								"north": {"uv": [20, 12], "uv_size": [1, 1]},
								"east": {"uv": [20, 12], "uv_size": [1, 1]},
								"south": {"uv": [21, 12], "uv_size": [-1, 1]},
								"west": {"uv": [20, 12], "uv_size": [1, 1]},
								"up": {"uv": [21, 13], "uv_size": [-1, -1]},
								"down": {"uv": [21, 13], "uv_size": [-1, -1]}
							}
						},
						{
							"origin": [-29.5, 38, -8.875],
							"size": [1, 1, 1.75],
							"pivot": [-10.5, 19, 2.5],
							"rotation": [0, -90, 0],
							"uv": {
								"north": {"uv": [19, 12], "uv_size": [1, 1]},
								"east": {"uv": [19, 12], "uv_size": [1, 1]},
								"south": {"uv": [20, 12], "uv_size": [-1, 1]},
								"west": {"uv": [19, 12], "uv_size": [1, 1]},
								"up": {"uv": [20, 13], "uv_size": [-1, -1]},
								"down": {"uv": [20, 13], "uv_size": [-1, -1]}
							}
						},
						{
							"origin": [-29.5, 37, -8.875],
							"size": [1, 1, 1.75],
							"pivot": [-10.5, 19, 2.5],
							"rotation": [0, -90, 0],
							"uv": {
								"north": {"uv": [18, 12], "uv_size": [1, 1]},
								"east": {"uv": [18, 12], "uv_size": [1, 1]},
								"south": {"uv": [19, 12], "uv_size": [-1, 1]},
								"west": {"uv": [18, 12], "uv_size": [1, 1]},
								"up": {"uv": [19, 13], "uv_size": [-1, -1]},
								"down": {"uv": [19, 13], "uv_size": [-1, -1]}
							}
						},
						{
							"origin": [-30.5, 40, -8.875],
							"size": [1, 1, 1.75],
							"pivot": [-10.5, 19, 2.5],
							"rotation": [0, -90, 0],
							"uv": {
								"north": {"uv": [21, 11], "uv_size": [1, 1]},
								"east": {"uv": [21, 11], "uv_size": [1, 1]},
								"south": {"uv": [22, 11], "uv_size": [-1, 1]},
								"west": {"uv": [21, 11], "uv_size": [1, 1]},
								"up": {"uv": [22, 12], "uv_size": [-1, -1]},
								"down": {"uv": [22, 12], "uv_size": [-1, -1]}
							}
						},
						{
							"origin": [-30.5, 39, -8.875],
							"size": [1, 1, 1.75],
							"pivot": [-10.5, 19, 2.5],
							"rotation": [0, -90, 0],
							"uv": {
								"north": {"uv": [20, 11], "uv_size": [1, 1]},
								"east": {"uv": [20, 11], "uv_size": [1, 1]},
								"south": {"uv": [21, 11], "uv_size": [-1, 1]},
								"west": {"uv": [20, 11], "uv_size": [1, 1]},
								"up": {"uv": [21, 12], "uv_size": [-1, -1]},
								"down": {"uv": [21, 12], "uv_size": [-1, -1]}
							}
						},
						{
							"origin": [-30.5, 38, -8.875],
							"size": [1, 1, 1.75],
							"pivot": [-10.5, 19, 2.5],
							"rotation": [0, -90, 0],
							"uv": {
								"north": {"uv": [19, 11], "uv_size": [1, 1]},
								"east": {"uv": [19, 11], "uv_size": [1, 1]},
								"south": {"uv": [20, 11], "uv_size": [-1, 1]},
								"west": {"uv": [19, 11], "uv_size": [1, 1]},
								"up": {"uv": [20, 12], "uv_size": [-1, -1]},
								"down": {"uv": [20, 12], "uv_size": [-1, -1]}
							}
						},
						{
							"origin": [-31.5, 41, -8.875],
							"size": [1, 1, 1.75],
							"pivot": [-10.5, 19, 2.5],
							"rotation": [0, -90, 0],
							"uv": {
								"north": {"uv": [22, 10], "uv_size": [1, 1]},
								"east": {"uv": [22, 10], "uv_size": [1, 1]},
								"south": {"uv": [23, 10], "uv_size": [-1, 1]},
								"west": {"uv": [22, 10], "uv_size": [1, 1]},
								"up": {"uv": [23, 11], "uv_size": [-1, -1]},
								"down": {"uv": [23, 11], "uv_size": [-1, -1]}
							}
						},
						{
							"origin": [-31.5, 40, -8.875],
							"size": [1, 1, 1.75],
							"pivot": [-10.5, 19, 2.5],
							"rotation": [0, -90, 0],
							"uv": {
								"north": {"uv": [21, 10], "uv_size": [1, 1]},
								"east": {"uv": [21, 10], "uv_size": [1, 1]},
								"south": {"uv": [22, 10], "uv_size": [-1, 1]},
								"west": {"uv": [21, 10], "uv_size": [1, 1]},
								"up": {"uv": [22, 11], "uv_size": [-1, -1]},
								"down": {"uv": [22, 11], "uv_size": [-1, -1]}
							}
						},
						{
							"origin": [-31.5, 39, -8.875],
							"size": [1, 1, 1.75],
							"pivot": [-10.5, 19, 2.5],
							"rotation": [0, -90, 0],
							"uv": {
								"north": {"uv": [20, 10], "uv_size": [1, 1]},
								"east": {"uv": [20, 10], "uv_size": [1, 1]},
								"south": {"uv": [21, 10], "uv_size": [-1, 1]},
								"west": {"uv": [20, 10], "uv_size": [1, 1]},
								"up": {"uv": [21, 11], "uv_size": [-1, -1]},
								"down": {"uv": [21, 11], "uv_size": [-1, -1]}
							}
						},
						{
							"origin": [-32.5, 42, -8.875],
							"size": [1, 1, 1.75],
							"pivot": [-10.5, 19, 2.5],
							"rotation": [0, -90, 0],
							"uv": {
								"north": {"uv": [23, 9], "uv_size": [1, 1]},
								"east": {"uv": [23, 9], "uv_size": [1, 1]},
								"south": {"uv": [24, 9], "uv_size": [-1, 1]},
								"west": {"uv": [23, 9], "uv_size": [1, 1]},
								"up": {"uv": [24, 10], "uv_size": [-1, -1]},
								"down": {"uv": [24, 10], "uv_size": [-1, -1]}
							}
						},
						{
							"origin": [-32.5, 41, -8.875],
							"size": [1, 1, 1.75],
							"pivot": [-10.5, 19, 2.5],
							"rotation": [0, -90, 0],
							"uv": {
								"north": {"uv": [22, 9], "uv_size": [1, 1]},
								"east": {"uv": [22, 9], "uv_size": [1, 1]},
								"south": {"uv": [23, 9], "uv_size": [-1, 1]},
								"west": {"uv": [22, 9], "uv_size": [1, 1]},
								"up": {"uv": [23, 10], "uv_size": [-1, -1]},
								"down": {"uv": [23, 10], "uv_size": [-1, -1]}
							}
						},
						{
							"origin": [-32.5, 40, -8.875],
							"size": [1, 1, 1.75],
							"pivot": [-10.5, 19, 2.5],
							"rotation": [0, -90, 0],
							"uv": {
								"north": {"uv": [21, 9], "uv_size": [1, 1]},
								"east": {"uv": [21, 9], "uv_size": [1, 1]},
								"south": {"uv": [22, 9], "uv_size": [-1, 1]},
								"west": {"uv": [21, 9], "uv_size": [1, 1]},
								"up": {"uv": [22, 10], "uv_size": [-1, -1]},
								"down": {"uv": [22, 10], "uv_size": [-1, -1]}
							}
						},
						{
							"origin": [-33.5, 43, -8.875],
							"size": [1, 1, 1.75],
							"pivot": [-10.5, 19, 2.5],
							"rotation": [0, -90, 0],
							"uv": {
								"north": {"uv": [24, 8], "uv_size": [1, 1]},
								"east": {"uv": [24, 8], "uv_size": [1, 1]},
								"south": {"uv": [25, 8], "uv_size": [-1, 1]},
								"west": {"uv": [24, 8], "uv_size": [1, 1]},
								"up": {"uv": [25, 9], "uv_size": [-1, -1]},
								"down": {"uv": [25, 9], "uv_size": [-1, -1]}
							}
						},
						{
							"origin": [-33.5, 42, -8.875],
							"size": [1, 1, 1.75],
							"pivot": [-10.5, 19, 2.5],
							"rotation": [0, -90, 0],
							"uv": {
								"north": {"uv": [23, 8], "uv_size": [1, 1]},
								"east": {"uv": [23, 8], "uv_size": [1, 1]},
								"south": {"uv": [24, 8], "uv_size": [-1, 1]},
								"west": {"uv": [23, 8], "uv_size": [1, 1]},
								"up": {"uv": [24, 9], "uv_size": [-1, -1]},
								"down": {"uv": [24, 9], "uv_size": [-1, -1]}
							}
						}
					]
				}
			]
		}
	]
}