{
	"format_version": "1.16.0",
	"minecraft:geometry": [
		{
			"description": {
				"identifier": "geometry.lz_zszj",
				"texture_width": 24,
				"texture_height": 24,
				"visible_bounds_width": 2,
				"visible_bounds_height": 4.5,
				"visible_bounds_offset": [0, 1.75, 0]
			},
			"bones": [
				{
					"name": "rightitem",
					"pivot": [0, 23, 0],
					"binding": "q.item_slot_to_bone_name(c.item_slot)",
					"cubes": [
						{
							"origin": [-23.5, 42, 0.5],
							"size": [1, 1, 1],
							"pivot": [-0.5, 23, 1.5],
							"rotation": [0, -90, 0],
							"uv": {
								"north": {"uv": [19, 1], "uv_size": [1, 1]},
								"east": {"uv": [19, 1], "uv_size": [1, 1]},
								"south": {"uv": [20, 1], "uv_size": [-1, 1]},
								"west": {"uv": [19, 1], "uv_size": [1, 1]},
								"up": {"uv": [20, 2], "uv_size": [-1, -1]},
								"down": {"uv": [20, 2], "uv_size": [-1, -1]}
							}
						},
						{
							"origin": [-23.5, 43, 0.5],
							"size": [1, 1, 1],
							"pivot": [-0.5, 23, 1.5],
							"rotation": [0, -90, 0],
							"uv": {
								"north": {"uv": [20, 1], "uv_size": [1, 1]},
								"east": {"uv": [20, 1], "uv_size": [1, 1]},
								"south": {"uv": [21, 1], "uv_size": [-1, 1]},
								"west": {"uv": [20, 1], "uv_size": [1, 1]},
								"up": {"uv": [21, 2], "uv_size": [-1, -1]},
								"down": {"uv": [21, 2], "uv_size": [-1, -1]}
							}
						},
						{
							"origin": [-23.5, 44, 0.5],
							"size": [1, 1, 1],
							"pivot": [-0.5, 23, 1.5],
							"rotation": [0, -90, 0],
							"uv": {
								"north": {"uv": [21, 1], "uv_size": [1, 1]},
								"east": {"uv": [21, 1], "uv_size": [1, 1]},
								"south": {"uv": [22, 1], "uv_size": [-1, 1]},
								"west": {"uv": [21, 1], "uv_size": [1, 1]},
								"up": {"uv": [22, 2], "uv_size": [-1, -1]},
								"down": {"uv": [22, 2], "uv_size": [-1, -1]}
							}
						},
						{
							"origin": [-23.5, 45, 0.5],
							"size": [1, 1, 1],
							"pivot": [-0.5, 23, 1.5],
							"rotation": [0, -90, 0],
							"uv": {
								"north": {"uv": [22, 1], "uv_size": [1, 1]},
								"east": {"uv": [22, 1], "uv_size": [1, 1]},
								"south": {"uv": [23, 1], "uv_size": [-1, 1]},
								"west": {"uv": [22, 1], "uv_size": [1, 1]},
								"up": {"uv": [23, 2], "uv_size": [-1, -1]},
								"down": {"uv": [23, 2], "uv_size": [-1, -1]}
							}
						},
						{
							"origin": [-22.5, 41, 0.5],
							"size": [1, 1, 1],
							"pivot": [-0.5, 23, 1.5],
							"rotation": [0, -90, 0],
							"uv": {
								"north": {"uv": [18, 2], "uv_size": [1, 1]},
								"east": {"uv": [18, 2], "uv_size": [1, 1]},
								"south": {"uv": [19, 2], "uv_size": [-1, 1]},
								"west": {"uv": [18, 2], "uv_size": [1, 1]},
								"up": {"uv": [19, 3], "uv_size": [-1, -1]},
								"down": {"uv": [19, 3], "uv_size": [-1, -1]}
							}
						},
						{
							"origin": [-22.5, 45, 0.5],
							"size": [1, 1, 1],
							"pivot": [-0.5, 23, 1.5],
							"rotation": [0, -90, 0],
							"uv": {
								"north": {"uv": [22, 2], "uv_size": [1, 1]},
								"east": {"uv": [22, 2], "uv_size": [1, 1]},
								"south": {"uv": [23, 2], "uv_size": [-1, 1]},
								"west": {"uv": [22, 2], "uv_size": [1, 1]},
								"up": {"uv": [23, 3], "uv_size": [-1, -1]},
								"down": {"uv": [23, 3], "uv_size": [-1, -1]}
							}
						},
						{
							"origin": [-21.5, 40, 0.5],
							"size": [1, 1, 1],
							"pivot": [-0.5, 23, 1.5],
							"rotation": [0, -90, 0],
							"uv": {
								"north": {"uv": [17, 3], "uv_size": [1, 1]},
								"east": {"uv": [17, 3], "uv_size": [1, 1]},
								"south": {"uv": [18, 3], "uv_size": [-1, 1]},
								"west": {"uv": [17, 3], "uv_size": [1, 1]},
								"up": {"uv": [18, 4], "uv_size": [-1, -1]},
								"down": {"uv": [18, 4], "uv_size": [-1, -1]}
							}
						},
						{
							"origin": [-21.5, 45, 0.5],
							"size": [1, 1, 1],
							"pivot": [-0.5, 23, 1.5],
							"rotation": [0, -90, 0],
							"uv": {
								"north": {"uv": [22, 3], "uv_size": [1, 1]},
								"east": {"uv": [22, 3], "uv_size": [1, 1]},
								"south": {"uv": [23, 3], "uv_size": [-1, 1]},
								"west": {"uv": [22, 3], "uv_size": [1, 1]},
								"up": {"uv": [23, 4], "uv_size": [-1, -1]},
								"down": {"uv": [23, 4], "uv_size": [-1, -1]}
							}
						},
						{
							"origin": [-20.5, 39, 0.5],
							"size": [1, 1, 1],
							"pivot": [-0.5, 23, 1.5],
							"rotation": [0, -90, 0],
							"uv": {
								"north": {"uv": [16, 4], "uv_size": [1, 1]},
								"east": {"uv": [16, 4], "uv_size": [1, 1]},
								"south": {"uv": [17, 4], "uv_size": [-1, 1]},
								"west": {"uv": [16, 4], "uv_size": [1, 1]},
								"up": {"uv": [17, 5], "uv_size": [-1, -1]},
								"down": {"uv": [17, 5], "uv_size": [-1, -1]}
							}
						},
						{
							"origin": [-20.5, 44, 0.5],
							"size": [1, 1, 1],
							"pivot": [-0.5, 23, 1.5],
							"rotation": [0, -90, 0],
							"uv": {
								"north": {"uv": [21, 4], "uv_size": [1, 1]},
								"east": {"uv": [21, 4], "uv_size": [1, 1]},
								"south": {"uv": [22, 4], "uv_size": [-1, 1]},
								"west": {"uv": [21, 4], "uv_size": [1, 1]},
								"up": {"uv": [22, 5], "uv_size": [-1, -1]},
								"down": {"uv": [22, 5], "uv_size": [-1, -1]}
							}
						},
						{
							"origin": [-20.5, 45, 0.5],
							"size": [1, 1, 1],
							"pivot": [-0.5, 23, 1.5],
							"rotation": [0, -90, 0],
							"uv": {
								"north": {"uv": [22, 4], "uv_size": [1, 1]},
								"east": {"uv": [22, 4], "uv_size": [1, 1]},
								"south": {"uv": [23, 4], "uv_size": [-1, 1]},
								"west": {"uv": [22, 4], "uv_size": [1, 1]},
								"up": {"uv": [23, 5], "uv_size": [-1, -1]},
								"down": {"uv": [23, 5], "uv_size": [-1, -1]}
							}
						},
						{
							"origin": [-19.5, 38, 0.5],
							"size": [1, 1, 1],
							"pivot": [-0.5, 23, 1.5],
							"rotation": [0, -90, 0],
							"uv": {
								"north": {"uv": [15, 5], "uv_size": [1, 1]},
								"east": {"uv": [15, 5], "uv_size": [1, 1]},
								"south": {"uv": [16, 5], "uv_size": [-1, 1]},
								"west": {"uv": [15, 5], "uv_size": [1, 1]},
								"up": {"uv": [16, 6], "uv_size": [-1, -1]},
								"down": {"uv": [16, 6], "uv_size": [-1, -1]}
							}
						},
						{
							"origin": [-19.5, 43, 0.5],
							"size": [1, 1, 1],
							"pivot": [-0.5, 23, 1.5],
							"rotation": [0, -90, 0],
							"uv": {
								"north": {"uv": [20, 5], "uv_size": [1, 1]},
								"east": {"uv": [20, 5], "uv_size": [1, 1]},
								"south": {"uv": [21, 5], "uv_size": [-1, 1]},
								"west": {"uv": [20, 5], "uv_size": [1, 1]},
								"up": {"uv": [21, 6], "uv_size": [-1, -1]},
								"down": {"uv": [21, 6], "uv_size": [-1, -1]}
							}
						},
						{
							"origin": [-19.5, 44, 0.5],
							"size": [1, 1, 1],
							"pivot": [-0.5, 23, 1.5],
							"rotation": [0, -90, 0],
							"uv": {
								"north": {"uv": [21, 5], "uv_size": [1, 1]},
								"east": {"uv": [21, 5], "uv_size": [1, 1]},
								"south": {"uv": [22, 5], "uv_size": [-1, 1]},
								"west": {"uv": [21, 5], "uv_size": [1, 1]},
								"up": {"uv": [22, 6], "uv_size": [-1, -1]},
								"down": {"uv": [22, 6], "uv_size": [-1, -1]}
							}
						},
						{
							"origin": [-18.5, 37, 0.5],
							"size": [1, 1, 1],
							"pivot": [-0.5, 23, 1.5],
							"rotation": [0, -90, 0],
							"uv": {
								"north": {"uv": [14, 6], "uv_size": [1, 1]},
								"east": {"uv": [14, 6], "uv_size": [1, 1]},
								"south": {"uv": [15, 6], "uv_size": [-1, 1]},
								"west": {"uv": [14, 6], "uv_size": [1, 1]},
								"up": {"uv": [15, 7], "uv_size": [-1, -1]},
								"down": {"uv": [15, 7], "uv_size": [-1, -1]}
							}
						},
						{
							"origin": [-18.5, 42, 0.5],
							"size": [1, 1, 1],
							"pivot": [-0.5, 23, 1.5],
							"rotation": [0, -90, 0],
							"uv": {
								"north": {"uv": [19, 6], "uv_size": [1, 1]},
								"east": {"uv": [19, 6], "uv_size": [1, 1]},
								"south": {"uv": [20, 6], "uv_size": [-1, 1]},
								"west": {"uv": [19, 6], "uv_size": [1, 1]},
								"up": {"uv": [20, 7], "uv_size": [-1, -1]},
								"down": {"uv": [20, 7], "uv_size": [-1, -1]}
							}
						},
						{
							"origin": [-18.5, 43, 0.5],
							"size": [1, 1, 1],
							"pivot": [-0.5, 23, 1.5],
							"rotation": [0, -90, 0],
							"uv": {
								"north": {"uv": [20, 6], "uv_size": [1, 1]},
								"east": {"uv": [20, 6], "uv_size": [1, 1]},
								"south": {"uv": [21, 6], "uv_size": [-1, 1]},
								"west": {"uv": [20, 6], "uv_size": [1, 1]},
								"up": {"uv": [21, 7], "uv_size": [-1, -1]},
								"down": {"uv": [21, 7], "uv_size": [-1, -1]}
							}
						},
						{
							"origin": [-17.5, 36, 0.5],
							"size": [1, 1, 1],
							"pivot": [-0.5, 23, 1.5],
							"rotation": [0, -90, 0],
							"uv": {
								"north": {"uv": [13, 7], "uv_size": [1, 1]},
								"east": {"uv": [13, 7], "uv_size": [1, 1]},
								"south": {"uv": [14, 7], "uv_size": [-1, 1]},
								"west": {"uv": [13, 7], "uv_size": [1, 1]},
								"up": {"uv": [14, 8], "uv_size": [-1, -1]},
								"down": {"uv": [14, 8], "uv_size": [-1, -1]}
							}
						},
						{
							"origin": [-17.5, 37, 0.5],
							"size": [1, 1, 1],
							"pivot": [-0.5, 23, 1.5],
							"rotation": [0, -90, 0],
							"uv": {
								"north": {"uv": [14, 7], "uv_size": [1, 1]},
								"east": {"uv": [14, 7], "uv_size": [1, 1]},
								"south": {"uv": [15, 7], "uv_size": [-1, 1]},
								"west": {"uv": [14, 7], "uv_size": [1, 1]},
								"up": {"uv": [15, 8], "uv_size": [-1, -1]},
								"down": {"uv": [15, 8], "uv_size": [-1, -1]}
							}
						},
						{
							"origin": [-17.5, 41, 0.5],
							"size": [1, 1, 1],
							"pivot": [-0.5, 23, 1.5],
							"rotation": [0, -90, 0],
							"uv": {
								"north": {"uv": [18, 7], "uv_size": [1, 1]},
								"east": {"uv": [18, 7], "uv_size": [1, 1]},
								"south": {"uv": [19, 7], "uv_size": [-1, 1]},
								"west": {"uv": [18, 7], "uv_size": [1, 1]},
								"up": {"uv": [19, 8], "uv_size": [-1, -1]},
								"down": {"uv": [19, 8], "uv_size": [-1, -1]}
							}
						},
						{
							"origin": [-17.5, 42, 0.5],
							"size": [1, 1, 1],
							"pivot": [-0.5, 23, 1.5],
							"rotation": [0, -90, 0],
							"uv": {
								"north": {"uv": [19, 7], "uv_size": [1, 1]},
								"east": {"uv": [19, 7], "uv_size": [1, 1]},
								"south": {"uv": [20, 7], "uv_size": [-1, 1]},
								"west": {"uv": [19, 7], "uv_size": [1, 1]},
								"up": {"uv": [20, 8], "uv_size": [-1, -1]},
								"down": {"uv": [20, 8], "uv_size": [-1, -1]}
							}
						},
						{
							"origin": [-16.5, 35, 0.5],
							"size": [1, 1, 1],
							"pivot": [-0.5, 23, 1.5],
							"rotation": [0, -90, 0],
							"uv": {
								"north": {"uv": [12, 8], "uv_size": [1, 1]},
								"east": {"uv": [12, 8], "uv_size": [1, 1]},
								"south": {"uv": [13, 8], "uv_size": [-1, 1]},
								"west": {"uv": [12, 8], "uv_size": [1, 1]},
								"up": {"uv": [13, 9], "uv_size": [-1, -1]},
								"down": {"uv": [13, 9], "uv_size": [-1, -1]}
							}
						},
						{
							"origin": [-16.5, 36, 0.5],
							"size": [1, 1, 1],
							"pivot": [-0.5, 23, 1.5],
							"rotation": [0, -90, 0],
							"uv": {
								"north": {"uv": [13, 8], "uv_size": [1, 1]},
								"east": {"uv": [13, 8], "uv_size": [1, 1]},
								"south": {"uv": [14, 8], "uv_size": [-1, 1]},
								"west": {"uv": [13, 8], "uv_size": [1, 1]},
								"up": {"uv": [14, 9], "uv_size": [-1, -1]},
								"down": {"uv": [14, 9], "uv_size": [-1, -1]}
							}
						},
						{
							"origin": [-16.5, 40, 0.5],
							"size": [1, 1, 1],
							"pivot": [-0.5, 23, 1.5],
							"rotation": [0, -90, 0],
							"uv": {
								"north": {"uv": [17, 8], "uv_size": [1, 1]},
								"east": {"uv": [17, 8], "uv_size": [1, 1]},
								"south": {"uv": [18, 8], "uv_size": [-1, 1]},
								"west": {"uv": [17, 8], "uv_size": [1, 1]},
								"up": {"uv": [18, 9], "uv_size": [-1, -1]},
								"down": {"uv": [18, 9], "uv_size": [-1, -1]}
							}
						},
						{
							"origin": [-16.5, 41, 0.5],
							"size": [1, 1, 1],
							"pivot": [-0.5, 23, 1.5],
							"rotation": [0, -90, 0],
							"uv": {
								"north": {"uv": [18, 8], "uv_size": [1, 1]},
								"east": {"uv": [18, 8], "uv_size": [1, 1]},
								"south": {"uv": [19, 8], "uv_size": [-1, 1]},
								"west": {"uv": [18, 8], "uv_size": [1, 1]},
								"up": {"uv": [19, 9], "uv_size": [-1, -1]},
								"down": {"uv": [19, 9], "uv_size": [-1, -1]}
							}
						},
						{
							"origin": [-15.5, 34, 0.5],
							"size": [1, 1, 1],
							"pivot": [-0.5, 23, 1.5],
							"rotation": [0, -90, 0],
							"uv": {
								"north": {"uv": [11, 9], "uv_size": [1, 1]},
								"east": {"uv": [11, 9], "uv_size": [1, 1]},
								"south": {"uv": [12, 9], "uv_size": [-1, 1]},
								"west": {"uv": [11, 9], "uv_size": [1, 1]},
								"up": {"uv": [12, 10], "uv_size": [-1, -1]},
								"down": {"uv": [12, 10], "uv_size": [-1, -1]}
							}
						},
						{
							"origin": [-15.5, 35, 0.5],
							"size": [1, 1, 1],
							"pivot": [-0.5, 23, 1.5],
							"rotation": [0, -90, 0],
							"uv": {
								"north": {"uv": [12, 9], "uv_size": [1, 1]},
								"east": {"uv": [12, 9], "uv_size": [1, 1]},
								"south": {"uv": [13, 9], "uv_size": [-1, 1]},
								"west": {"uv": [12, 9], "uv_size": [1, 1]},
								"up": {"uv": [13, 10], "uv_size": [-1, -1]},
								"down": {"uv": [13, 10], "uv_size": [-1, -1]}
							}
						},
						{
							"origin": [-15.5, 39, 0.5],
							"size": [1, 1, 1],
							"pivot": [-0.5, 23, 1.5],
							"rotation": [0, -90, 0],
							"uv": {
								"north": {"uv": [16, 9], "uv_size": [1, 1]},
								"east": {"uv": [16, 9], "uv_size": [1, 1]},
								"south": {"uv": [17, 9], "uv_size": [-1, 1]},
								"west": {"uv": [16, 9], "uv_size": [1, 1]},
								"up": {"uv": [17, 10], "uv_size": [-1, -1]},
								"down": {"uv": [17, 10], "uv_size": [-1, -1]}
							}
						},
						{
							"origin": [-15.5, 40, 0.5],
							"size": [1, 1, 1],
							"pivot": [-0.5, 23, 1.5],
							"rotation": [0, -90, 0],
							"uv": {
								"north": {"uv": [17, 9], "uv_size": [1, 1]},
								"east": {"uv": [17, 9], "uv_size": [1, 1]},
								"south": {"uv": [18, 9], "uv_size": [-1, 1]},
								"west": {"uv": [17, 9], "uv_size": [1, 1]},
								"up": {"uv": [18, 10], "uv_size": [-1, -1]},
								"down": {"uv": [18, 10], "uv_size": [-1, -1]}
							}
						},
						{
							"origin": [-14.5, 30, 0.5],
							"size": [1, 1, 1],
							"pivot": [-0.5, 23, 1.5],
							"rotation": [0, -90, 0],
							"uv": {
								"north": {"uv": [7, 10], "uv_size": [1, 1]},
								"east": {"uv": [7, 10], "uv_size": [1, 1]},
								"south": {"uv": [8, 10], "uv_size": [-1, 1]},
								"west": {"uv": [7, 10], "uv_size": [1, 1]},
								"up": {"uv": [8, 11], "uv_size": [-1, -1]},
								"down": {"uv": [8, 11], "uv_size": [-1, -1]}
							}
						},
						{
							"origin": [-14.5, 33, 0.5],
							"size": [1, 1, 1],
							"pivot": [-0.5, 23, 1.5],
							"rotation": [0, -90, 0],
							"uv": {
								"north": {"uv": [10, 10], "uv_size": [1, 1]},
								"east": {"uv": [10, 10], "uv_size": [1, 1]},
								"south": {"uv": [11, 10], "uv_size": [-1, 1]},
								"west": {"uv": [10, 10], "uv_size": [1, 1]},
								"up": {"uv": [11, 11], "uv_size": [-1, -1]},
								"down": {"uv": [11, 11], "uv_size": [-1, -1]}
							}
						},
						{
							"origin": [-14.5, 34, 0.5],
							"size": [1, 1, 1],
							"pivot": [-0.5, 23, 1.5],
							"rotation": [0, -90, 0],
							"uv": {
								"north": {"uv": [11, 10], "uv_size": [1, 1]},
								"east": {"uv": [11, 10], "uv_size": [1, 1]},
								"south": {"uv": [12, 10], "uv_size": [-1, 1]},
								"west": {"uv": [11, 10], "uv_size": [1, 1]},
								"up": {"uv": [12, 11], "uv_size": [-1, -1]},
								"down": {"uv": [12, 11], "uv_size": [-1, -1]}
							}
						},
						{
							"origin": [-14.5, 38, 0.5],
							"size": [1, 1, 1],
							"pivot": [-0.5, 23, 1.5],
							"rotation": [0, -90, 0],
							"uv": {
								"north": {"uv": [15, 10], "uv_size": [1, 1]},
								"east": {"uv": [15, 10], "uv_size": [1, 1]},
								"south": {"uv": [16, 10], "uv_size": [-1, 1]},
								"west": {"uv": [15, 10], "uv_size": [1, 1]},
								"up": {"uv": [16, 11], "uv_size": [-1, -1]},
								"down": {"uv": [16, 11], "uv_size": [-1, -1]}
							}
						},
						{
							"origin": [-13.5, 29, 0.5],
							"size": [1, 1, 1],
							"pivot": [-0.5, 23, 1.5],
							"rotation": [0, -90, 0],
							"uv": {
								"north": {"uv": [6, 11], "uv_size": [1, 1]},
								"east": {"uv": [6, 11], "uv_size": [1, 1]},
								"south": {"uv": [7, 11], "uv_size": [-1, 1]},
								"west": {"uv": [6, 11], "uv_size": [1, 1]},
								"up": {"uv": [7, 12], "uv_size": [-1, -1]},
								"down": {"uv": [7, 12], "uv_size": [-1, -1]}
							}
						},
						{
							"origin": [-13.5, 30, 0.5],
							"size": [1, 1, 1],
							"pivot": [-0.5, 23, 1.5],
							"rotation": [0, -90, 0],
							"uv": {
								"north": {"uv": [7, 11], "uv_size": [1, 1]},
								"east": {"uv": [7, 11], "uv_size": [1, 1]},
								"south": {"uv": [8, 11], "uv_size": [-1, 1]},
								"west": {"uv": [7, 11], "uv_size": [1, 1]},
								"up": {"uv": [8, 12], "uv_size": [-1, -1]},
								"down": {"uv": [8, 12], "uv_size": [-1, -1]}
							}
						},
						{
							"origin": [-13.5, 33, 0.5],
							"size": [1, 1, 1],
							"pivot": [-0.5, 23, 1.5],
							"rotation": [0, -90, 0],
							"uv": {
								"north": {"uv": [10, 11], "uv_size": [1, 1]},
								"east": {"uv": [10, 11], "uv_size": [1, 1]},
								"south": {"uv": [11, 11], "uv_size": [-1, 1]},
								"west": {"uv": [10, 11], "uv_size": [1, 1]},
								"up": {"uv": [11, 12], "uv_size": [-1, -1]},
								"down": {"uv": [11, 12], "uv_size": [-1, -1]}
							}
						},
						{
							"origin": [-13.5, 37, 0.5],
							"size": [1, 1, 1],
							"pivot": [-0.5, 23, 1.5],
							"rotation": [0, -90, 0],
							"uv": {
								"north": {"uv": [14, 11], "uv_size": [1, 1]},
								"east": {"uv": [14, 11], "uv_size": [1, 1]},
								"south": {"uv": [15, 11], "uv_size": [-1, 1]},
								"west": {"uv": [14, 11], "uv_size": [1, 1]},
								"up": {"uv": [15, 12], "uv_size": [-1, -1]},
								"down": {"uv": [15, 12], "uv_size": [-1, -1]}
							}
						},
						{
							"origin": [-12.5, 29, 0.5],
							"size": [1, 1, 1],
							"pivot": [-0.5, 23, 1.5],
							"rotation": [0, -90, 0],
							"uv": {
								"north": {"uv": [6, 12], "uv_size": [1, 1]},
								"east": {"uv": [6, 12], "uv_size": [1, 1]},
								"south": {"uv": [7, 12], "uv_size": [-1, 1]},
								"west": {"uv": [6, 12], "uv_size": [1, 1]},
								"up": {"uv": [7, 13], "uv_size": [-1, -1]},
								"down": {"uv": [7, 13], "uv_size": [-1, -1]}
							}
						},
						{
							"origin": [-12.5, 30, 0.5],
							"size": [1, 1, 1],
							"pivot": [-0.5, 23, 1.5],
							"rotation": [0, -90, 0],
							"uv": {
								"north": {"uv": [7, 12], "uv_size": [1, 1]},
								"east": {"uv": [7, 12], "uv_size": [1, 1]},
								"south": {"uv": [8, 12], "uv_size": [-1, 1]},
								"west": {"uv": [7, 12], "uv_size": [1, 1]},
								"up": {"uv": [8, 13], "uv_size": [-1, -1]},
								"down": {"uv": [8, 13], "uv_size": [-1, -1]}
							}
						},
						{
							"origin": [-12.5, 32, 0.5],
							"size": [1, 1, 1],
							"pivot": [-0.5, 23, 1.5],
							"rotation": [0, -90, 0],
							"uv": {
								"north": {"uv": [9, 12], "uv_size": [1, 1]},
								"east": {"uv": [9, 12], "uv_size": [1, 1]},
								"south": {"uv": [10, 12], "uv_size": [-1, 1]},
								"west": {"uv": [9, 12], "uv_size": [1, 1]},
								"up": {"uv": [10, 13], "uv_size": [-1, -1]},
								"down": {"uv": [10, 13], "uv_size": [-1, -1]}
							}
						},
						{
							"origin": [-12.5, 36, 0.5],
							"size": [1, 1, 1],
							"pivot": [-0.5, 23, 1.5],
							"rotation": [0, -90, 0],
							"uv": {
								"north": {"uv": [13, 12], "uv_size": [1, 1]},
								"east": {"uv": [13, 12], "uv_size": [1, 1]},
								"south": {"uv": [14, 12], "uv_size": [-1, 1]},
								"west": {"uv": [13, 12], "uv_size": [1, 1]},
								"up": {"uv": [14, 13], "uv_size": [-1, -1]},
								"down": {"uv": [14, 13], "uv_size": [-1, -1]}
							}
						},
						{
							"origin": [-11.5, 28, 0.5],
							"size": [1, 1, 1],
							"pivot": [-0.5, 23, 1.5],
							"rotation": [0, -90, 0],
							"uv": {
								"north": {"uv": [5, 13], "uv_size": [1, 1]},
								"east": {"uv": [5, 13], "uv_size": [1, 1]},
								"south": {"uv": [6, 13], "uv_size": [-1, 1]},
								"west": {"uv": [5, 13], "uv_size": [1, 1]},
								"up": {"uv": [6, 14], "uv_size": [-1, -1]},
								"down": {"uv": [6, 14], "uv_size": [-1, -1]}
							}
						},
						{
							"origin": [-11.5, 29, 0.5],
							"size": [1, 1, 1],
							"pivot": [-0.5, 23, 1.5],
							"rotation": [0, -90, 0],
							"uv": {
								"north": {"uv": [6, 13], "uv_size": [1, 1]},
								"east": {"uv": [6, 13], "uv_size": [1, 1]},
								"south": {"uv": [7, 13], "uv_size": [-1, 1]},
								"west": {"uv": [6, 13], "uv_size": [1, 1]},
								"up": {"uv": [7, 14], "uv_size": [-1, -1]},
								"down": {"uv": [7, 14], "uv_size": [-1, -1]}
							}
						},
						{
							"origin": [-11.5, 31, 0.5],
							"size": [1, 1, 1],
							"pivot": [-0.5, 23, 1.5],
							"rotation": [0, -90, 0],
							"uv": {
								"north": {"uv": [8, 13], "uv_size": [1, 1]},
								"east": {"uv": [8, 13], "uv_size": [1, 1]},
								"south": {"uv": [9, 13], "uv_size": [-1, 1]},
								"west": {"uv": [8, 13], "uv_size": [1, 1]},
								"up": {"uv": [9, 14], "uv_size": [-1, -1]},
								"down": {"uv": [9, 14], "uv_size": [-1, -1]}
							}
						},
						{
							"origin": [-11.5, 35, 0.5],
							"size": [1, 1, 1],
							"pivot": [-0.5, 23, 1.5],
							"rotation": [0, -90, 0],
							"uv": {
								"north": {"uv": [12, 13], "uv_size": [1, 1]},
								"east": {"uv": [12, 13], "uv_size": [1, 1]},
								"south": {"uv": [13, 13], "uv_size": [-1, 1]},
								"west": {"uv": [12, 13], "uv_size": [1, 1]},
								"up": {"uv": [13, 14], "uv_size": [-1, -1]},
								"down": {"uv": [13, 14], "uv_size": [-1, -1]}
							}
						},
						{
							"origin": [-10.5, 28, 0.5],
							"size": [1, 1, 1],
							"pivot": [-0.5, 23, 1.5],
							"rotation": [0, -90, 0],
							"uv": {
								"north": {"uv": [5, 14], "uv_size": [1, 1]},
								"east": {"uv": [5, 14], "uv_size": [1, 1]},
								"south": {"uv": [6, 14], "uv_size": [-1, 1]},
								"west": {"uv": [5, 14], "uv_size": [1, 1]},
								"up": {"uv": [6, 15], "uv_size": [-1, -1]},
								"down": {"uv": [6, 15], "uv_size": [-1, -1]}
							}
						},
						{
							"origin": [-10.5, 31, 0.5],
							"size": [1, 1, 1],
							"pivot": [-0.5, 23, 1.5],
							"rotation": [0, -90, 0],
							"uv": {
								"north": {"uv": [8, 14], "uv_size": [1, 1]},
								"east": {"uv": [8, 14], "uv_size": [1, 1]},
								"south": {"uv": [9, 14], "uv_size": [-1, 1]},
								"west": {"uv": [8, 14], "uv_size": [1, 1]},
								"up": {"uv": [9, 15], "uv_size": [-1, -1]},
								"down": {"uv": [9, 15], "uv_size": [-1, -1]}
							}
						},
						{
							"origin": [-10.5, 34, 0.5],
							"size": [1, 1, 1],
							"pivot": [-0.5, 23, 1.5],
							"rotation": [0, -90, 0],
							"uv": {
								"north": {"uv": [11, 14], "uv_size": [1, 1]},
								"east": {"uv": [11, 14], "uv_size": [1, 1]},
								"south": {"uv": [12, 14], "uv_size": [-1, 1]},
								"west": {"uv": [11, 14], "uv_size": [1, 1]},
								"up": {"uv": [12, 15], "uv_size": [-1, -1]},
								"down": {"uv": [12, 15], "uv_size": [-1, -1]}
							}
						},
						{
							"origin": [-9.5, 29, 0.5],
							"size": [1, 1, 1],
							"pivot": [-0.5, 23, 1.5],
							"rotation": [0, -90, 0],
							"uv": {
								"north": {"uv": [6, 15], "uv_size": [1, 1]},
								"east": {"uv": [6, 15], "uv_size": [1, 1]},
								"south": {"uv": [7, 15], "uv_size": [-1, 1]},
								"west": {"uv": [6, 15], "uv_size": [1, 1]},
								"up": {"uv": [7, 16], "uv_size": [-1, -1]},
								"down": {"uv": [7, 16], "uv_size": [-1, -1]}
							}
						},
						{
							"origin": [-9.5, 32, 0.5],
							"size": [1, 1, 1],
							"pivot": [-0.5, 23, 1.5],
							"rotation": [0, -90, 0],
							"uv": {
								"north": {"uv": [9, 15], "uv_size": [1, 1]},
								"east": {"uv": [9, 15], "uv_size": [1, 1]},
								"south": {"uv": [10, 15], "uv_size": [-1, 1]},
								"west": {"uv": [9, 15], "uv_size": [1, 1]},
								"up": {"uv": [10, 16], "uv_size": [-1, -1]},
								"down": {"uv": [10, 16], "uv_size": [-1, -1]}
							}
						},
						{
							"origin": [-9.5, 33, 0.5],
							"size": [1, 1, 1],
							"pivot": [-0.5, 23, 1.5],
							"rotation": [0, -90, 0],
							"uv": {
								"north": {"uv": [10, 15], "uv_size": [1, 1]},
								"east": {"uv": [10, 15], "uv_size": [1, 1]},
								"south": {"uv": [11, 15], "uv_size": [-1, 1]},
								"west": {"uv": [10, 15], "uv_size": [1, 1]},
								"up": {"uv": [11, 16], "uv_size": [-1, -1]},
								"down": {"uv": [11, 16], "uv_size": [-1, -1]}
							}
						},
						{
							"origin": [-9.5, 34, 0.5],
							"size": [1, 1, 1],
							"pivot": [-0.5, 23, 1.5],
							"rotation": [0, -90, 0],
							"uv": {
								"north": {"uv": [11, 15], "uv_size": [1, 1]},
								"east": {"uv": [11, 15], "uv_size": [1, 1]},
								"south": {"uv": [12, 15], "uv_size": [-1, 1]},
								"west": {"uv": [11, 15], "uv_size": [1, 1]},
								"up": {"uv": [12, 16], "uv_size": [-1, -1]},
								"down": {"uv": [12, 16], "uv_size": [-1, -1]}
							}
						},
						{
							"origin": [-9.5, 35, 0.5],
							"size": [1, 1, 1],
							"pivot": [-0.5, 23, 1.5],
							"rotation": [0, -90, 0],
							"uv": {
								"north": {"uv": [12, 15], "uv_size": [1, 1]},
								"east": {"uv": [12, 15], "uv_size": [1, 1]},
								"south": {"uv": [13, 15], "uv_size": [-1, 1]},
								"west": {"uv": [12, 15], "uv_size": [1, 1]},
								"up": {"uv": [13, 16], "uv_size": [-1, -1]},
								"down": {"uv": [13, 16], "uv_size": [-1, -1]}
							}
						},
						{
							"origin": [-8.5, 28, 0.5],
							"size": [1, 1, 1],
							"pivot": [-0.5, 23, 1.5],
							"rotation": [0, -90, 0],
							"uv": {
								"north": {"uv": [5, 16], "uv_size": [1, 1]},
								"east": {"uv": [5, 16], "uv_size": [1, 1]},
								"south": {"uv": [6, 16], "uv_size": [-1, 1]},
								"west": {"uv": [5, 16], "uv_size": [1, 1]},
								"up": {"uv": [6, 17], "uv_size": [-1, -1]},
								"down": {"uv": [6, 17], "uv_size": [-1, -1]}
							}
						},
						{
							"origin": [-8.5, 29, 0.5],
							"size": [1, 1, 1],
							"pivot": [-0.5, 23, 1.5],
							"rotation": [0, -90, 0],
							"uv": {
								"north": {"uv": [6, 16], "uv_size": [1, 1]},
								"east": {"uv": [6, 16], "uv_size": [1, 1]},
								"south": {"uv": [7, 16], "uv_size": [-1, 1]},
								"west": {"uv": [6, 16], "uv_size": [1, 1]},
								"up": {"uv": [7, 17], "uv_size": [-1, -1]},
								"down": {"uv": [7, 17], "uv_size": [-1, -1]}
							}
						},
						{
							"origin": [-8.5, 30, 0.5],
							"size": [1, 1, 1],
							"pivot": [-0.5, 23, 1.5],
							"rotation": [0, -90, 0],
							"uv": {
								"north": {"uv": [7, 16], "uv_size": [1, 1]},
								"east": {"uv": [7, 16], "uv_size": [1, 1]},
								"south": {"uv": [8, 16], "uv_size": [-1, 1]},
								"west": {"uv": [7, 16], "uv_size": [1, 1]},
								"up": {"uv": [8, 17], "uv_size": [-1, -1]},
								"down": {"uv": [8, 17], "uv_size": [-1, -1]}
							}
						},
						{
							"origin": [-8.5, 35, 0.5],
							"size": [1, 1, 1],
							"pivot": [-0.5, 23, 1.5],
							"rotation": [0, -90, 0],
							"uv": {
								"north": {"uv": [12, 16], "uv_size": [1, 1]},
								"east": {"uv": [12, 16], "uv_size": [1, 1]},
								"south": {"uv": [13, 16], "uv_size": [-1, 1]},
								"west": {"uv": [12, 16], "uv_size": [1, 1]},
								"up": {"uv": [13, 17], "uv_size": [-1, -1]},
								"down": {"uv": [13, 17], "uv_size": [-1, -1]}
							}
						},
						{
							"origin": [-8.5, 36, 0.5],
							"size": [1, 1, 1],
							"pivot": [-0.5, 23, 1.5],
							"rotation": [0, -90, 0],
							"uv": {
								"north": {"uv": [13, 16], "uv_size": [1, 1]},
								"east": {"uv": [13, 16], "uv_size": [1, 1]},
								"south": {"uv": [14, 16], "uv_size": [-1, 1]},
								"west": {"uv": [13, 16], "uv_size": [1, 1]},
								"up": {"uv": [14, 17], "uv_size": [-1, -1]},
								"down": {"uv": [14, 17], "uv_size": [-1, -1]}
							}
						},
						{
							"origin": [-8.5, 37, 0.5],
							"size": [1, 1, 1],
							"pivot": [-0.5, 23, 1.5],
							"rotation": [0, -90, 0],
							"uv": {
								"north": {"uv": [14, 16], "uv_size": [1, 1]},
								"east": {"uv": [14, 16], "uv_size": [1, 1]},
								"south": {"uv": [15, 16], "uv_size": [-1, 1]},
								"west": {"uv": [14, 16], "uv_size": [1, 1]},
								"up": {"uv": [15, 17], "uv_size": [-1, -1]},
								"down": {"uv": [15, 17], "uv_size": [-1, -1]}
							}
						},
						{
							"origin": [-7.5, 28, 0.5],
							"size": [1, 1, 1],
							"pivot": [-0.5, 23, 1.5],
							"rotation": [0, -90, 0],
							"uv": {
								"north": {"uv": [5, 17], "uv_size": [1, 1]},
								"east": {"uv": [5, 17], "uv_size": [1, 1]},
								"south": {"uv": [6, 17], "uv_size": [-1, 1]},
								"west": {"uv": [5, 17], "uv_size": [1, 1]},
								"up": {"uv": [6, 18], "uv_size": [-1, -1]},
								"down": {"uv": [6, 18], "uv_size": [-1, -1]}
							}
						},
						{
							"origin": [-7.5, 30, 0.5],
							"size": [1, 1, 1],
							"pivot": [-0.5, 23, 1.5],
							"rotation": [0, -90, 0],
							"uv": {
								"north": {"uv": [7, 17], "uv_size": [1, 1]},
								"east": {"uv": [7, 17], "uv_size": [1, 1]},
								"south": {"uv": [8, 17], "uv_size": [-1, 1]},
								"west": {"uv": [7, 17], "uv_size": [1, 1]},
								"up": {"uv": [8, 18], "uv_size": [-1, -1]},
								"down": {"uv": [8, 18], "uv_size": [-1, -1]}
							}
						},
						{
							"origin": [-7.5, 31, 0.5],
							"size": [1, 1, 1],
							"pivot": [-0.5, 23, 1.5],
							"rotation": [0, -90, 0],
							"uv": {
								"north": {"uv": [8, 17], "uv_size": [1, 1]},
								"east": {"uv": [8, 17], "uv_size": [1, 1]},
								"south": {"uv": [9, 17], "uv_size": [-1, 1]},
								"west": {"uv": [8, 17], "uv_size": [1, 1]},
								"up": {"uv": [9, 18], "uv_size": [-1, -1]},
								"down": {"uv": [9, 18], "uv_size": [-1, -1]}
							}
						},
						{
							"origin": [-7.5, 34, 0.5],
							"size": [1, 1, 1],
							"pivot": [-0.5, 23, 1.5],
							"rotation": [0, -90, 0],
							"uv": {
								"north": {"uv": [11, 17], "uv_size": [1, 1]},
								"east": {"uv": [11, 17], "uv_size": [1, 1]},
								"south": {"uv": [12, 17], "uv_size": [-1, 1]},
								"west": {"uv": [11, 17], "uv_size": [1, 1]},
								"up": {"uv": [12, 18], "uv_size": [-1, -1]},
								"down": {"uv": [12, 18], "uv_size": [-1, -1]}
							}
						},
						{
							"origin": [-7.5, 35, 0.5],
							"size": [1, 1, 1],
							"pivot": [-0.5, 23, 1.5],
							"rotation": [0, -90, 0],
							"uv": {
								"north": {"uv": [12, 17], "uv_size": [1, 1]},
								"east": {"uv": [12, 17], "uv_size": [1, 1]},
								"south": {"uv": [13, 17], "uv_size": [-1, 1]},
								"west": {"uv": [12, 17], "uv_size": [1, 1]},
								"up": {"uv": [13, 18], "uv_size": [-1, -1]},
								"down": {"uv": [13, 18], "uv_size": [-1, -1]}
							}
						},
						{
							"origin": [-6.5, 27, 0.5],
							"size": [1, 1, 1],
							"pivot": [-0.5, 23, 1.5],
							"rotation": [0, -90, 0],
							"uv": {
								"north": {"uv": [4, 18], "uv_size": [1, 1]},
								"east": {"uv": [4, 18], "uv_size": [1, 1]},
								"south": {"uv": [5, 18], "uv_size": [-1, 1]},
								"west": {"uv": [4, 18], "uv_size": [1, 1]},
								"up": {"uv": [5, 19], "uv_size": [-1, -1]},
								"down": {"uv": [5, 19], "uv_size": [-1, -1]}
							}
						},
						{
							"origin": [-6.5, 29, 0.5],
							"size": [1, 1, 1],
							"pivot": [-0.5, 23, 1.5],
							"rotation": [0, -90, 0],
							"uv": {
								"north": {"uv": [6, 18], "uv_size": [1, 1]},
								"east": {"uv": [6, 18], "uv_size": [1, 1]},
								"south": {"uv": [7, 18], "uv_size": [-1, 1]},
								"west": {"uv": [6, 18], "uv_size": [1, 1]},
								"up": {"uv": [7, 19], "uv_size": [-1, -1]},
								"down": {"uv": [7, 19], "uv_size": [-1, -1]}
							}
						},
						{
							"origin": [-6.5, 30, 0.5],
							"size": [1, 1, 1],
							"pivot": [-0.5, 23, 1.5],
							"rotation": [0, -90, 0],
							"uv": {
								"north": {"uv": [7, 18], "uv_size": [1, 1]},
								"east": {"uv": [7, 18], "uv_size": [1, 1]},
								"south": {"uv": [8, 18], "uv_size": [-1, 1]},
								"west": {"uv": [7, 18], "uv_size": [1, 1]},
								"up": {"uv": [8, 19], "uv_size": [-1, -1]},
								"down": {"uv": [8, 19], "uv_size": [-1, -1]}
							}
						},
						{
							"origin": [-6.5, 32, 0.5],
							"size": [1, 1, 1],
							"pivot": [-0.5, 23, 1.5],
							"rotation": [0, -90, 0],
							"uv": {
								"north": {"uv": [9, 18], "uv_size": [1, 1]},
								"east": {"uv": [9, 18], "uv_size": [1, 1]},
								"south": {"uv": [10, 18], "uv_size": [-1, 1]},
								"west": {"uv": [9, 18], "uv_size": [1, 1]},
								"up": {"uv": [10, 19], "uv_size": [-1, -1]},
								"down": {"uv": [10, 19], "uv_size": [-1, -1]}
							}
						},
						{
							"origin": [-6.5, 33, 0.5],
							"size": [1, 1, 1],
							"pivot": [-0.5, 23, 1.5],
							"rotation": [0, -90, 0],
							"uv": {
								"north": {"uv": [10, 18], "uv_size": [1, 1]},
								"east": {"uv": [10, 18], "uv_size": [1, 1]},
								"south": {"uv": [11, 18], "uv_size": [-1, 1]},
								"west": {"uv": [10, 18], "uv_size": [1, 1]},
								"up": {"uv": [11, 19], "uv_size": [-1, -1]},
								"down": {"uv": [11, 19], "uv_size": [-1, -1]}
							}
						},
						{
							"origin": [-5.5, 26, 0.5],
							"size": [1, 1, 1],
							"pivot": [-0.5, 23, 1.5],
							"rotation": [0, -90, 0],
							"uv": {
								"north": {"uv": [3, 19], "uv_size": [1, 1]},
								"east": {"uv": [3, 19], "uv_size": [1, 1]},
								"south": {"uv": [4, 19], "uv_size": [-1, 1]},
								"west": {"uv": [3, 19], "uv_size": [1, 1]},
								"up": {"uv": [4, 20], "uv_size": [-1, -1]},
								"down": {"uv": [4, 20], "uv_size": [-1, -1]}
							}
						},
						{
							"origin": [-5.5, 28, 0.5],
							"size": [1, 1, 1],
							"pivot": [-0.5, 23, 1.5],
							"rotation": [0, -90, 0],
							"uv": {
								"north": {"uv": [5, 19], "uv_size": [1, 1]},
								"east": {"uv": [5, 19], "uv_size": [1, 1]},
								"south": {"uv": [6, 19], "uv_size": [-1, 1]},
								"west": {"uv": [5, 19], "uv_size": [1, 1]},
								"up": {"uv": [6, 20], "uv_size": [-1, -1]},
								"down": {"uv": [6, 20], "uv_size": [-1, -1]}
							}
						},
						{
							"origin": [-4.5, 25, 0.5],
							"size": [1, 1, 1],
							"pivot": [-0.5, 23, 1.5],
							"rotation": [0, -90, 0],
							"uv": {
								"north": {"uv": [2, 20], "uv_size": [1, 1]},
								"east": {"uv": [2, 20], "uv_size": [1, 1]},
								"south": {"uv": [3, 20], "uv_size": [-1, 1]},
								"west": {"uv": [2, 20], "uv_size": [1, 1]},
								"up": {"uv": [3, 21], "uv_size": [-1, -1]},
								"down": {"uv": [3, 21], "uv_size": [-1, -1]}
							}
						},
						{
							"origin": [-4.5, 27, 0.5],
							"size": [1, 1, 1],
							"pivot": [-0.5, 23, 1.5],
							"rotation": [0, -90, 0],
							"uv": {
								"north": {"uv": [4, 20], "uv_size": [1, 1]},
								"east": {"uv": [4, 20], "uv_size": [1, 1]},
								"south": {"uv": [5, 20], "uv_size": [-1, 1]},
								"west": {"uv": [4, 20], "uv_size": [1, 1]},
								"up": {"uv": [5, 21], "uv_size": [-1, -1]},
								"down": {"uv": [5, 21], "uv_size": [-1, -1]}
							}
						},
						{
							"origin": [-3.5, 23, 0.5],
							"size": [1, 1, 1],
							"pivot": [-0.5, 23, 1.5],
							"rotation": [0, -90, 0],
							"uv": {
								"north": {"uv": [0, 21], "uv_size": [1, 1]},
								"east": {"uv": [0, 21], "uv_size": [1, 1]},
								"south": {"uv": [1, 21], "uv_size": [-1, 1]},
								"west": {"uv": [0, 21], "uv_size": [1, 1]},
								"up": {"uv": [1, 22], "uv_size": [-1, -1]},
								"down": {"uv": [1, 22], "uv_size": [-1, -1]}
							}
						},
						{
							"origin": [-3.5, 24, 0.5],
							"size": [1, 1, 1],
							"pivot": [-0.5, 23, 1.5],
							"rotation": [0, -90, 0],
							"uv": {
								"north": {"uv": [1, 21], "uv_size": [1, 1]},
								"east": {"uv": [1, 21], "uv_size": [1, 1]},
								"south": {"uv": [2, 21], "uv_size": [-1, 1]},
								"west": {"uv": [1, 21], "uv_size": [1, 1]},
								"up": {"uv": [2, 22], "uv_size": [-1, -1]},
								"down": {"uv": [2, 22], "uv_size": [-1, -1]}
							}
						},
						{
							"origin": [-3.5, 26, 0.5],
							"size": [1, 1, 1],
							"pivot": [-0.5, 23, 1.5],
							"rotation": [0, -90, 0],
							"uv": {
								"north": {"uv": [3, 21], "uv_size": [1, 1]},
								"east": {"uv": [3, 21], "uv_size": [1, 1]},
								"south": {"uv": [4, 21], "uv_size": [-1, 1]},
								"west": {"uv": [3, 21], "uv_size": [1, 1]},
								"up": {"uv": [4, 22], "uv_size": [-1, -1]},
								"down": {"uv": [4, 22], "uv_size": [-1, -1]}
							}
						},
						{
							"origin": [-2.5, 23, 0.5],
							"size": [1, 1, 1],
							"pivot": [-0.5, 23, 1.5],
							"rotation": [0, -90, 0],
							"uv": {
								"north": {"uv": [0, 22], "uv_size": [1, 1]},
								"east": {"uv": [0, 22], "uv_size": [1, 1]},
								"south": {"uv": [1, 22], "uv_size": [-1, 1]},
								"west": {"uv": [0, 22], "uv_size": [1, 1]},
								"up": {"uv": [1, 23], "uv_size": [-1, -1]},
								"down": {"uv": [1, 23], "uv_size": [-1, -1]}
							}
						},
						{
							"origin": [-2.5, 25, 0.5],
							"size": [1, 1, 1],
							"pivot": [-0.5, 23, 1.5],
							"rotation": [0, -90, 0],
							"uv": {
								"north": {"uv": [2, 22], "uv_size": [1, 1]},
								"east": {"uv": [2, 22], "uv_size": [1, 1]},
								"south": {"uv": [3, 22], "uv_size": [-1, 1]},
								"west": {"uv": [2, 22], "uv_size": [1, 1]},
								"up": {"uv": [3, 23], "uv_size": [-1, -1]},
								"down": {"uv": [3, 23], "uv_size": [-1, -1]}
							}
						},
						{
							"origin": [-1.5, 23, 0.5],
							"size": [1, 1, 1],
							"pivot": [-0.5, 23, 1.5],
							"rotation": [0, -90, 0],
							"uv": {
								"north": {"uv": [0, 23], "uv_size": [1, 1]},
								"east": {"uv": [0, 23], "uv_size": [1, 1]},
								"south": {"uv": [1, 23], "uv_size": [-1, 1]},
								"west": {"uv": [0, 23], "uv_size": [1, 1]},
								"up": {"uv": [1, 24], "uv_size": [-1, -1]},
								"down": {"uv": [1, 24], "uv_size": [-1, -1]}
							}
						},
						{
							"origin": [-1.5, 24, 0.5],
							"size": [1, 1, 1],
							"pivot": [-0.5, 23, 1.5],
							"rotation": [0, -90, 0],
							"uv": {
								"north": {"uv": [1, 23], "uv_size": [1, 1]},
								"east": {"uv": [1, 23], "uv_size": [1, 1]},
								"south": {"uv": [2, 23], "uv_size": [-1, 1]},
								"west": {"uv": [1, 23], "uv_size": [1, 1]},
								"up": {"uv": [2, 24], "uv_size": [-1, -1]},
								"down": {"uv": [2, 24], "uv_size": [-1, -1]}
							}
						},
						{
							"origin": [-1.5, 25, 0.5],
							"size": [1, 1, 1],
							"pivot": [-0.5, 23, 1.5],
							"rotation": [0, -90, 0],
							"uv": {
								"north": {"uv": [2, 23], "uv_size": [1, 1]},
								"east": {"uv": [2, 23], "uv_size": [1, 1]},
								"south": {"uv": [3, 23], "uv_size": [-1, 1]},
								"west": {"uv": [2, 23], "uv_size": [1, 1]},
								"up": {"uv": [3, 24], "uv_size": [-1, -1]},
								"down": {"uv": [3, 24], "uv_size": [-1, -1]}
							}
						},
						{
							"origin": [-2.5, 24, 0.125],
							"size": [1, 1, 1.75],
							"pivot": [-0.5, 23, 1.5],
							"rotation": [0, -90, 0],
							"uv": {
								"north": {"uv": [1, 22], "uv_size": [1, 1]},
								"east": {"uv": [1, 22], "uv_size": [1, 1]},
								"south": {"uv": [2, 22], "uv_size": [-1, 1]},
								"west": {"uv": [1, 22], "uv_size": [1, 1]},
								"up": {"uv": [2, 23], "uv_size": [-1, -1]},
								"down": {"uv": [2, 23], "uv_size": [-1, -1]}
							}
						},
						{
							"origin": [-3.5, 25, 0.25],
							"size": [1, 1, 1.5],
							"pivot": [-0.5, 23, 1.5],
							"rotation": [0, -90, 0],
							"uv": {
								"north": {"uv": [2, 21], "uv_size": [1, 1]},
								"east": {"uv": [2, 21], "uv_size": [1, 1]},
								"south": {"uv": [3, 21], "uv_size": [-1, 1]},
								"west": {"uv": [2, 21], "uv_size": [1, 1]},
								"up": {"uv": [3, 22], "uv_size": [-1, -1]},
								"down": {"uv": [3, 22], "uv_size": [-1, -1]}
							}
						},
						{
							"origin": [-4.5, 26, 0.25],
							"size": [1, 1, 1.5],
							"pivot": [-0.5, 23, 1.5],
							"rotation": [0, -90, 0],
							"uv": {
								"north": {"uv": [3, 20], "uv_size": [1, 1]},
								"east": {"uv": [3, 20], "uv_size": [1, 1]},
								"south": {"uv": [4, 20], "uv_size": [-1, 1]},
								"west": {"uv": [3, 20], "uv_size": [1, 1]},
								"up": {"uv": [4, 21], "uv_size": [-1, -1]},
								"down": {"uv": [4, 21], "uv_size": [-1, -1]}
							}
						},
						{
							"origin": [-5.5, 27, 0.25],
							"size": [1, 1, 1.5],
							"pivot": [-0.5, 23, 1.5],
							"rotation": [0, -90, 0],
							"uv": {
								"north": {"uv": [4, 19], "uv_size": [1, 1]},
								"east": {"uv": [4, 19], "uv_size": [1, 1]},
								"south": {"uv": [5, 19], "uv_size": [-1, 1]},
								"west": {"uv": [4, 19], "uv_size": [1, 1]},
								"up": {"uv": [5, 20], "uv_size": [-1, -1]},
								"down": {"uv": [5, 20], "uv_size": [-1, -1]}
							}
						},
						{
							"origin": [-6.5, 28, 0.25],
							"size": [1, 1, 1.5],
							"pivot": [-0.5, 23, 1.5],
							"rotation": [0, -90, 0],
							"uv": {
								"north": {"uv": [5, 18], "uv_size": [1, 1]},
								"east": {"uv": [5, 18], "uv_size": [1, 1]},
								"south": {"uv": [6, 18], "uv_size": [-1, 1]},
								"west": {"uv": [5, 18], "uv_size": [1, 1]},
								"up": {"uv": [6, 19], "uv_size": [-1, -1]},
								"down": {"uv": [6, 19], "uv_size": [-1, -1]}
							}
						},
						{
							"origin": [-7.5, 33, 0.125],
							"size": [1, 1, 1.75],
							"pivot": [-0.5, 23, 1.5],
							"rotation": [0, -90, 0],
							"uv": {
								"north": {"uv": [10, 17], "uv_size": [1, 1]},
								"east": {"uv": [10, 17], "uv_size": [1, 1]},
								"south": {"uv": [11, 17], "uv_size": [-1, 1]},
								"west": {"uv": [10, 17], "uv_size": [1, 1]},
								"up": {"uv": [11, 18], "uv_size": [-1, -1]},
								"down": {"uv": [11, 18], "uv_size": [-1, -1]}
							}
						},
						{
							"origin": [-7.5, 32, 0.125],
							"size": [1, 1, 1.75],
							"pivot": [-0.5, 23, 1.5],
							"rotation": [0, -90, 0],
							"uv": {
								"north": {"uv": [9, 17], "uv_size": [1, 1]},
								"east": {"uv": [9, 17], "uv_size": [1, 1]},
								"south": {"uv": [10, 17], "uv_size": [-1, 1]},
								"west": {"uv": [9, 17], "uv_size": [1, 1]},
								"up": {"uv": [10, 18], "uv_size": [-1, -1]},
								"down": {"uv": [10, 18], "uv_size": [-1, -1]}
							}
						},
						{
							"origin": [-7.5, 29, 0.25],
							"size": [1, 1, 1.5],
							"pivot": [-0.5, 23, 1.5],
							"rotation": [0, -90, 0],
							"uv": {
								"north": {"uv": [6, 17], "uv_size": [1, 1]},
								"east": {"uv": [6, 17], "uv_size": [1, 1]},
								"south": {"uv": [7, 17], "uv_size": [-1, 1]},
								"west": {"uv": [6, 17], "uv_size": [1, 1]},
								"up": {"uv": [7, 18], "uv_size": [-1, -1]},
								"down": {"uv": [7, 18], "uv_size": [-1, -1]}
							}
						},
						{
							"origin": [-8.5, 34, 0.125],
							"size": [1, 1, 1.75],
							"pivot": [-0.5, 23, 1.5],
							"rotation": [0, -90, 0],
							"uv": {
								"north": {"uv": [11, 16], "uv_size": [1, 1]},
								"east": {"uv": [11, 16], "uv_size": [1, 1]},
								"south": {"uv": [12, 16], "uv_size": [-1, 1]},
								"west": {"uv": [11, 16], "uv_size": [1, 1]},
								"up": {"uv": [12, 17], "uv_size": [-1, -1]},
								"down": {"uv": [12, 17], "uv_size": [-1, -1]}
							}
						},
						{
							"origin": [-8.5, 33, 0.125],
							"size": [1, 1, 1.75],
							"pivot": [-0.5, 23, 1.5],
							"rotation": [0, -90, 0],
							"uv": {
								"north": {"uv": [10, 16], "uv_size": [1, 1]},
								"east": {"uv": [10, 16], "uv_size": [1, 1]},
								"south": {"uv": [11, 16], "uv_size": [-1, 1]},
								"west": {"uv": [10, 16], "uv_size": [1, 1]},
								"up": {"uv": [11, 17], "uv_size": [-1, -1]},
								"down": {"uv": [11, 17], "uv_size": [-1, -1]}
							}
						},
						{
							"origin": [-8.5, 32, 0.125],
							"size": [1, 1, 1.75],
							"pivot": [-0.5, 23, 1.5],
							"rotation": [0, -90, 0],
							"uv": {
								"north": {"uv": [9, 16], "uv_size": [1, 1]},
								"east": {"uv": [9, 16], "uv_size": [1, 1]},
								"south": {"uv": [10, 16], "uv_size": [-1, 1]},
								"west": {"uv": [9, 16], "uv_size": [1, 1]},
								"up": {"uv": [10, 17], "uv_size": [-1, -1]},
								"down": {"uv": [10, 17], "uv_size": [-1, -1]}
							}
						},
						{
							"origin": [-8.5, 31, 0.125],
							"size": [1, 1, 1.75],
							"pivot": [-0.5, 23, 1.5],
							"rotation": [0, -90, 0],
							"uv": {
								"north": {"uv": [8, 16], "uv_size": [1, 1]},
								"east": {"uv": [8, 16], "uv_size": [1, 1]},
								"south": {"uv": [9, 16], "uv_size": [-1, 1]},
								"west": {"uv": [8, 16], "uv_size": [1, 1]},
								"up": {"uv": [9, 17], "uv_size": [-1, -1]},
								"down": {"uv": [9, 17], "uv_size": [-1, -1]}
							}
						},
						{
							"origin": [-9.5, 31, 0.125],
							"size": [1, 1, 1.75],
							"pivot": [-0.5, 23, 1.5],
							"rotation": [0, -90, 0],
							"uv": {
								"north": {"uv": [8, 15], "uv_size": [1, 1]},
								"east": {"uv": [8, 15], "uv_size": [1, 1]},
								"south": {"uv": [9, 15], "uv_size": [-1, 1]},
								"west": {"uv": [8, 15], "uv_size": [1, 1]},
								"up": {"uv": [9, 16], "uv_size": [-1, -1]},
								"down": {"uv": [9, 16], "uv_size": [-1, -1]}
							}
						},
						{
							"origin": [-9.5, 30, 0.125],
							"size": [1, 1, 1.75],
							"pivot": [-0.5, 23, 1.5],
							"rotation": [0, -90, 0],
							"uv": {
								"north": {"uv": [7, 15], "uv_size": [1, 1]},
								"east": {"uv": [7, 15], "uv_size": [1, 1]},
								"south": {"uv": [8, 15], "uv_size": [-1, 1]},
								"west": {"uv": [7, 15], "uv_size": [1, 1]},
								"up": {"uv": [8, 16], "uv_size": [-1, -1]},
								"down": {"uv": [8, 16], "uv_size": [-1, -1]}
							}
						},
						{
							"origin": [-10.5, 33, 0.125],
							"size": [1, 1, 1.75],
							"pivot": [-0.5, 23, 1.5],
							"rotation": [0, -90, 0],
							"uv": {
								"north": {"uv": [10, 14], "uv_size": [1, 1]},
								"east": {"uv": [10, 14], "uv_size": [1, 1]},
								"south": {"uv": [11, 14], "uv_size": [-1, 1]},
								"west": {"uv": [10, 14], "uv_size": [1, 1]},
								"up": {"uv": [11, 15], "uv_size": [-1, -1]},
								"down": {"uv": [11, 15], "uv_size": [-1, -1]}
							}
						},
						{
							"origin": [-10.5, 32, 0.125],
							"size": [1, 1, 1.75],
							"pivot": [-0.5, 23, 1.5],
							"rotation": [0, -90, 0],
							"uv": {
								"north": {"uv": [9, 14], "uv_size": [1, 1]},
								"east": {"uv": [9, 14], "uv_size": [1, 1]},
								"south": {"uv": [10, 14], "uv_size": [-1, 1]},
								"west": {"uv": [9, 14], "uv_size": [1, 1]},
								"up": {"uv": [10, 15], "uv_size": [-1, -1]},
								"down": {"uv": [10, 15], "uv_size": [-1, -1]}
							}
						},
						{
							"origin": [-10.5, 30, 0.125],
							"size": [1, 1, 1.75],
							"pivot": [-0.5, 23, 1.5],
							"rotation": [0, -90, 0],
							"uv": {
								"north": {"uv": [7, 14], "uv_size": [1, 1]},
								"east": {"uv": [7, 14], "uv_size": [1, 1]},
								"south": {"uv": [8, 14], "uv_size": [-1, 1]},
								"west": {"uv": [7, 14], "uv_size": [1, 1]},
								"up": {"uv": [8, 15], "uv_size": [-1, -1]},
								"down": {"uv": [8, 15], "uv_size": [-1, -1]}
							}
						},
						{
							"origin": [-10.5, 29, 0.125],
							"size": [1, 1, 1.75],
							"pivot": [-0.5, 23, 1.5],
							"rotation": [0, -90, 0],
							"uv": {
								"north": {"uv": [6, 14], "uv_size": [1, 1]},
								"east": {"uv": [6, 14], "uv_size": [1, 1]},
								"south": {"uv": [7, 14], "uv_size": [-1, 1]},
								"west": {"uv": [6, 14], "uv_size": [1, 1]},
								"up": {"uv": [7, 15], "uv_size": [-1, -1]},
								"down": {"uv": [7, 15], "uv_size": [-1, -1]}
							}
						},
						{
							"origin": [-11.5, 34, 0.125],
							"size": [1, 1, 1.75],
							"pivot": [-0.5, 23, 1.5],
							"rotation": [0, -90, 0],
							"uv": {
								"north": {"uv": [11, 13], "uv_size": [1, 1]},
								"east": {"uv": [11, 13], "uv_size": [1, 1]},
								"south": {"uv": [12, 13], "uv_size": [-1, 1]},
								"west": {"uv": [11, 13], "uv_size": [1, 1]},
								"up": {"uv": [12, 14], "uv_size": [-1, -1]},
								"down": {"uv": [12, 14], "uv_size": [-1, -1]}
							}
						},
						{
							"origin": [-11.5, 33, 0.125],
							"size": [1, 1, 1.75],
							"pivot": [-0.5, 23, 1.5],
							"rotation": [0, -90, 0],
							"uv": {
								"north": {"uv": [10, 13], "uv_size": [1, 1]},
								"east": {"uv": [10, 13], "uv_size": [1, 1]},
								"south": {"uv": [11, 13], "uv_size": [-1, 1]},
								"west": {"uv": [10, 13], "uv_size": [1, 1]},
								"up": {"uv": [11, 14], "uv_size": [-1, -1]},
								"down": {"uv": [11, 14], "uv_size": [-1, -1]}
							}
						},
						{
							"origin": [-11.5, 32, 0.125],
							"size": [1, 1, 1.75],
							"pivot": [-0.5, 23, 1.5],
							"rotation": [0, -90, 0],
							"uv": {
								"north": {"uv": [9, 13], "uv_size": [1, 1]},
								"east": {"uv": [9, 13], "uv_size": [1, 1]},
								"south": {"uv": [10, 13], "uv_size": [-1, 1]},
								"west": {"uv": [9, 13], "uv_size": [1, 1]},
								"up": {"uv": [10, 14], "uv_size": [-1, -1]},
								"down": {"uv": [10, 14], "uv_size": [-1, -1]}
							}
						},
						{
							"origin": [-11.5, 30, 0.125],
							"size": [1, 1, 1.75],
							"pivot": [-0.5, 23, 1.5],
							"rotation": [0, -90, 0],
							"uv": {
								"north": {"uv": [7, 13], "uv_size": [1, 1]},
								"east": {"uv": [7, 13], "uv_size": [1, 1]},
								"south": {"uv": [8, 13], "uv_size": [-1, 1]},
								"west": {"uv": [7, 13], "uv_size": [1, 1]},
								"up": {"uv": [8, 14], "uv_size": [-1, -1]},
								"down": {"uv": [8, 14], "uv_size": [-1, -1]}
							}
						},
						{
							"origin": [-12.5, 35, 0.125],
							"size": [1, 1, 1.75],
							"pivot": [-0.5, 23, 1.5],
							"rotation": [0, -90, 0],
							"uv": {
								"north": {"uv": [12, 12], "uv_size": [1, 1]},
								"east": {"uv": [12, 12], "uv_size": [1, 1]},
								"south": {"uv": [13, 12], "uv_size": [-1, 1]},
								"west": {"uv": [12, 12], "uv_size": [1, 1]},
								"up": {"uv": [13, 13], "uv_size": [-1, -1]},
								"down": {"uv": [13, 13], "uv_size": [-1, -1]}
							}
						},
						{
							"origin": [-12.5, 34, 0.125],
							"size": [1, 1, 1.75],
							"pivot": [-0.5, 23, 1.5],
							"rotation": [0, -90, 0],
							"uv": {
								"north": {"uv": [11, 12], "uv_size": [1, 1]},
								"east": {"uv": [11, 12], "uv_size": [1, 1]},
								"south": {"uv": [12, 12], "uv_size": [-1, 1]},
								"west": {"uv": [11, 12], "uv_size": [1, 1]},
								"up": {"uv": [12, 13], "uv_size": [-1, -1]},
								"down": {"uv": [12, 13], "uv_size": [-1, -1]}
							}
						},
						{
							"origin": [-12.5, 33, 0.125],
							"size": [1, 1, 1.75],
							"pivot": [-0.5, 23, 1.5],
							"rotation": [0, -90, 0],
							"uv": {
								"north": {"uv": [10, 12], "uv_size": [1, 1]},
								"east": {"uv": [10, 12], "uv_size": [1, 1]},
								"south": {"uv": [11, 12], "uv_size": [-1, 1]},
								"west": {"uv": [10, 12], "uv_size": [1, 1]},
								"up": {"uv": [11, 13], "uv_size": [-1, -1]},
								"down": {"uv": [11, 13], "uv_size": [-1, -1]}
							}
						},
						{
							"origin": [-13.5, 36, 0.125],
							"size": [1, 1, 1.75],
							"pivot": [-0.5, 23, 1.5],
							"rotation": [0, -90, 0],
							"uv": {
								"north": {"uv": [13, 11], "uv_size": [1, 1]},
								"east": {"uv": [13, 11], "uv_size": [1, 1]},
								"south": {"uv": [14, 11], "uv_size": [-1, 1]},
								"west": {"uv": [13, 11], "uv_size": [1, 1]},
								"up": {"uv": [14, 12], "uv_size": [-1, -1]},
								"down": {"uv": [14, 12], "uv_size": [-1, -1]}
							}
						},
						{
							"origin": [-13.5, 35, 0.125],
							"size": [1, 1, 1.75],
							"pivot": [-0.5, 23, 1.5],
							"rotation": [0, -90, 0],
							"uv": {
								"north": {"uv": [12, 11], "uv_size": [1, 1]},
								"east": {"uv": [12, 11], "uv_size": [1, 1]},
								"south": {"uv": [13, 11], "uv_size": [-1, 1]},
								"west": {"uv": [12, 11], "uv_size": [1, 1]},
								"up": {"uv": [13, 12], "uv_size": [-1, -1]},
								"down": {"uv": [13, 12], "uv_size": [-1, -1]}
							}
						},
						{
							"origin": [-13.5, 34, 0.125],
							"size": [1, 1, 1.75],
							"pivot": [-0.5, 23, 1.5],
							"rotation": [0, -90, 0],
							"uv": {
								"north": {"uv": [11, 11], "uv_size": [1, 1]},
								"east": {"uv": [11, 11], "uv_size": [1, 1]},
								"south": {"uv": [12, 11], "uv_size": [-1, 1]},
								"west": {"uv": [11, 11], "uv_size": [1, 1]},
								"up": {"uv": [12, 12], "uv_size": [-1, -1]},
								"down": {"uv": [12, 12], "uv_size": [-1, -1]}
							}
						},
						{
							"origin": [-14.5, 37, 0.125],
							"size": [1, 1, 1.75],
							"pivot": [-0.5, 23, 1.5],
							"rotation": [0, -90, 0],
							"uv": {
								"north": {"uv": [14, 10], "uv_size": [1, 1]},
								"east": {"uv": [14, 10], "uv_size": [1, 1]},
								"south": {"uv": [15, 10], "uv_size": [-1, 1]},
								"west": {"uv": [14, 10], "uv_size": [1, 1]},
								"up": {"uv": [15, 11], "uv_size": [-1, -1]},
								"down": {"uv": [15, 11], "uv_size": [-1, -1]}
							}
						},
						{
							"origin": [-14.5, 36, 0.125],
							"size": [1, 1, 1.75],
							"pivot": [-0.5, 23, 1.5],
							"rotation": [0, -90, 0],
							"uv": {
								"north": {"uv": [13, 10], "uv_size": [1, 1]},
								"east": {"uv": [13, 10], "uv_size": [1, 1]},
								"south": {"uv": [14, 10], "uv_size": [-1, 1]},
								"west": {"uv": [13, 10], "uv_size": [1, 1]},
								"up": {"uv": [14, 11], "uv_size": [-1, -1]},
								"down": {"uv": [14, 11], "uv_size": [-1, -1]}
							}
						},
						{
							"origin": [-14.5, 35, 0.125],
							"size": [1, 1, 1.75],
							"pivot": [-0.5, 23, 1.5],
							"rotation": [0, -90, 0],
							"uv": {
								"north": {"uv": [12, 10], "uv_size": [1, 1]},
								"east": {"uv": [12, 10], "uv_size": [1, 1]},
								"south": {"uv": [13, 10], "uv_size": [-1, 1]},
								"west": {"uv": [12, 10], "uv_size": [1, 1]},
								"up": {"uv": [13, 11], "uv_size": [-1, -1]},
								"down": {"uv": [13, 11], "uv_size": [-1, -1]}
							}
						},
						{
							"origin": [-15.5, 38, 0.125],
							"size": [1, 1, 1.75],
							"pivot": [-0.5, 23, 1.5],
							"rotation": [0, -90, 0],
							"uv": {
								"north": {"uv": [15, 9], "uv_size": [1, 1]},
								"east": {"uv": [15, 9], "uv_size": [1, 1]},
								"south": {"uv": [16, 9], "uv_size": [-1, 1]},
								"west": {"uv": [15, 9], "uv_size": [1, 1]},
								"up": {"uv": [16, 10], "uv_size": [-1, -1]},
								"down": {"uv": [16, 10], "uv_size": [-1, -1]}
							}
						},
						{
							"origin": [-15.5, 37, 0.125],
							"size": [1, 1, 1.75],
							"pivot": [-0.5, 23, 1.5],
							"rotation": [0, -90, 0],
							"uv": {
								"north": {"uv": [14, 9], "uv_size": [1, 1]},
								"east": {"uv": [14, 9], "uv_size": [1, 1]},
								"south": {"uv": [15, 9], "uv_size": [-1, 1]},
								"west": {"uv": [14, 9], "uv_size": [1, 1]},
								"up": {"uv": [15, 10], "uv_size": [-1, -1]},
								"down": {"uv": [15, 10], "uv_size": [-1, -1]}
							}
						},
						{
							"origin": [-15.5, 36, 0.125],
							"size": [1, 1, 1.75],
							"pivot": [-0.5, 23, 1.5],
							"rotation": [0, -90, 0],
							"uv": {
								"north": {"uv": [13, 9], "uv_size": [1, 1]},
								"east": {"uv": [13, 9], "uv_size": [1, 1]},
								"south": {"uv": [14, 9], "uv_size": [-1, 1]},
								"west": {"uv": [13, 9], "uv_size": [1, 1]},
								"up": {"uv": [14, 10], "uv_size": [-1, -1]},
								"down": {"uv": [14, 10], "uv_size": [-1, -1]}
							}
						},
						{
							"origin": [-16.5, 39, 0.125],
							"size": [1, 1, 1.75],
							"pivot": [-0.5, 23, 1.5],
							"rotation": [0, -90, 0],
							"uv": {
								"north": {"uv": [16, 8], "uv_size": [1, 1]},
								"east": {"uv": [16, 8], "uv_size": [1, 1]},
								"south": {"uv": [17, 8], "uv_size": [-1, 1]},
								"west": {"uv": [16, 8], "uv_size": [1, 1]},
								"up": {"uv": [17, 9], "uv_size": [-1, -1]},
								"down": {"uv": [17, 9], "uv_size": [-1, -1]}
							}
						},
						{
							"origin": [-16.5, 38, 0.125],
							"size": [1, 1, 1.75],
							"pivot": [-0.5, 23, 1.5],
							"rotation": [0, -90, 0],
							"uv": {
								"north": {"uv": [15, 8], "uv_size": [1, 1]},
								"east": {"uv": [15, 8], "uv_size": [1, 1]},
								"south": {"uv": [16, 8], "uv_size": [-1, 1]},
								"west": {"uv": [15, 8], "uv_size": [1, 1]},
								"up": {"uv": [16, 9], "uv_size": [-1, -1]},
								"down": {"uv": [16, 9], "uv_size": [-1, -1]}
							}
						},
						{
							"origin": [-16.5, 37, 0.125],
							"size": [1, 1, 1.75],
							"pivot": [-0.5, 23, 1.5],
							"rotation": [0, -90, 0],
							"uv": {
								"north": {"uv": [14, 8], "uv_size": [1, 1]},
								"east": {"uv": [14, 8], "uv_size": [1, 1]},
								"south": {"uv": [15, 8], "uv_size": [-1, 1]},
								"west": {"uv": [14, 8], "uv_size": [1, 1]},
								"up": {"uv": [15, 9], "uv_size": [-1, -1]},
								"down": {"uv": [15, 9], "uv_size": [-1, -1]}
							}
						},
						{
							"origin": [-17.5, 40, 0.125],
							"size": [1, 1, 1.75],
							"pivot": [-0.5, 23, 1.5],
							"rotation": [0, -90, 0],
							"uv": {
								"north": {"uv": [17, 7], "uv_size": [1, 1]},
								"east": {"uv": [17, 7], "uv_size": [1, 1]},
								"south": {"uv": [18, 7], "uv_size": [-1, 1]},
								"west": {"uv": [17, 7], "uv_size": [1, 1]},
								"up": {"uv": [18, 8], "uv_size": [-1, -1]},
								"down": {"uv": [18, 8], "uv_size": [-1, -1]}
							}
						},
						{
							"origin": [-17.5, 39, 0.125],
							"size": [1, 1, 1.75],
							"pivot": [-0.5, 23, 1.5],
							"rotation": [0, -90, 0],
							"uv": {
								"north": {"uv": [16, 7], "uv_size": [1, 1]},
								"east": {"uv": [16, 7], "uv_size": [1, 1]},
								"south": {"uv": [17, 7], "uv_size": [-1, 1]},
								"west": {"uv": [16, 7], "uv_size": [1, 1]},
								"up": {"uv": [17, 8], "uv_size": [-1, -1]},
								"down": {"uv": [17, 8], "uv_size": [-1, -1]}
							}
						},
						{
							"origin": [-17.5, 38, 0.125],
							"size": [1, 1, 1.75],
							"pivot": [-0.5, 23, 1.5],
							"rotation": [0, -90, 0],
							"uv": {
								"north": {"uv": [15, 7], "uv_size": [1, 1]},
								"east": {"uv": [15, 7], "uv_size": [1, 1]},
								"south": {"uv": [16, 7], "uv_size": [-1, 1]},
								"west": {"uv": [15, 7], "uv_size": [1, 1]},
								"up": {"uv": [16, 8], "uv_size": [-1, -1]},
								"down": {"uv": [16, 8], "uv_size": [-1, -1]}
							}
						},
						{
							"origin": [-18.5, 41, 0.125],
							"size": [1, 1, 1.75],
							"pivot": [-0.5, 23, 1.5],
							"rotation": [0, -90, 0],
							"uv": {
								"north": {"uv": [18, 6], "uv_size": [1, 1]},
								"east": {"uv": [18, 6], "uv_size": [1, 1]},
								"south": {"uv": [19, 6], "uv_size": [-1, 1]},
								"west": {"uv": [18, 6], "uv_size": [1, 1]},
								"up": {"uv": [19, 7], "uv_size": [-1, -1]},
								"down": {"uv": [19, 7], "uv_size": [-1, -1]}
							}
						},
						{
							"origin": [-18.5, 40, 0.125],
							"size": [1, 1, 1.75],
							"pivot": [-0.5, 23, 1.5],
							"rotation": [0, -90, 0],
							"uv": {
								"north": {"uv": [17, 6], "uv_size": [1, 1]},
								"east": {"uv": [17, 6], "uv_size": [1, 1]},
								"south": {"uv": [18, 6], "uv_size": [-1, 1]},
								"west": {"uv": [17, 6], "uv_size": [1, 1]},
								"up": {"uv": [18, 7], "uv_size": [-1, -1]},
								"down": {"uv": [18, 7], "uv_size": [-1, -1]}
							}
						},
						{
							"origin": [-18.5, 39, 0.125],
							"size": [1, 1, 1.75],
							"pivot": [-0.5, 23, 1.5],
							"rotation": [0, -90, 0],
							"uv": {
								"north": {"uv": [16, 6], "uv_size": [1, 1]},
								"east": {"uv": [16, 6], "uv_size": [1, 1]},
								"south": {"uv": [17, 6], "uv_size": [-1, 1]},
								"west": {"uv": [16, 6], "uv_size": [1, 1]},
								"up": {"uv": [17, 7], "uv_size": [-1, -1]},
								"down": {"uv": [17, 7], "uv_size": [-1, -1]}
							}
						},
						{
							"origin": [-18.5, 38, 0.125],
							"size": [1, 1, 1.75],
							"pivot": [-0.5, 23, 1.5],
							"rotation": [0, -90, 0],
							"uv": {
								"north": {"uv": [15, 6], "uv_size": [1, 1]},
								"east": {"uv": [15, 6], "uv_size": [1, 1]},
								"south": {"uv": [16, 6], "uv_size": [-1, 1]},
								"west": {"uv": [15, 6], "uv_size": [1, 1]},
								"up": {"uv": [16, 7], "uv_size": [-1, -1]},
								"down": {"uv": [16, 7], "uv_size": [-1, -1]}
							}
						},
						{
							"origin": [-19.5, 42, 0.125],
							"size": [1, 1, 1.75],
							"pivot": [-0.5, 23, 1.5],
							"rotation": [0, -90, 0],
							"uv": {
								"north": {"uv": [19, 5], "uv_size": [1, 1]},
								"east": {"uv": [19, 5], "uv_size": [1, 1]},
								"south": {"uv": [20, 5], "uv_size": [-1, 1]},
								"west": {"uv": [19, 5], "uv_size": [1, 1]},
								"up": {"uv": [20, 6], "uv_size": [-1, -1]},
								"down": {"uv": [20, 6], "uv_size": [-1, -1]}
							}
						},
						{
							"origin": [-19.5, 41, 0.125],
							"size": [1, 1, 1.75],
							"pivot": [-0.5, 23, 1.5],
							"rotation": [0, -90, 0],
							"uv": {
								"north": {"uv": [18, 5], "uv_size": [1, 1]},
								"east": {"uv": [18, 5], "uv_size": [1, 1]},
								"south": {"uv": [19, 5], "uv_size": [-1, 1]},
								"west": {"uv": [18, 5], "uv_size": [1, 1]},
								"up": {"uv": [19, 6], "uv_size": [-1, -1]},
								"down": {"uv": [19, 6], "uv_size": [-1, -1]}
							}
						},
						{
							"origin": [-19.5, 40, 0.125],
							"size": [1, 1, 1.75],
							"pivot": [-0.5, 23, 1.5],
							"rotation": [0, -90, 0],
							"uv": {
								"north": {"uv": [17, 5], "uv_size": [1, 1]},
								"east": {"uv": [17, 5], "uv_size": [1, 1]},
								"south": {"uv": [18, 5], "uv_size": [-1, 1]},
								"west": {"uv": [17, 5], "uv_size": [1, 1]},
								"up": {"uv": [18, 6], "uv_size": [-1, -1]},
								"down": {"uv": [18, 6], "uv_size": [-1, -1]}
							}
						},
						{
							"origin": [-19.5, 39, 0.125],
							"size": [1, 1, 1.75],
							"pivot": [-0.5, 23, 1.5],
							"rotation": [0, -90, 0],
							"uv": {
								"north": {"uv": [16, 5], "uv_size": [1, 1]},
								"east": {"uv": [16, 5], "uv_size": [1, 1]},
								"south": {"uv": [17, 5], "uv_size": [-1, 1]},
								"west": {"uv": [16, 5], "uv_size": [1, 1]},
								"up": {"uv": [17, 6], "uv_size": [-1, -1]},
								"down": {"uv": [17, 6], "uv_size": [-1, -1]}
							}
						},
						{
							"origin": [-20.5, 43, 0.125],
							"size": [1, 1, 1.75],
							"pivot": [-0.5, 23, 1.5],
							"rotation": [0, -90, 0],
							"uv": {
								"north": {"uv": [20, 4], "uv_size": [1, 1]},
								"east": {"uv": [20, 4], "uv_size": [1, 1]},
								"south": {"uv": [21, 4], "uv_size": [-1, 1]},
								"west": {"uv": [20, 4], "uv_size": [1, 1]},
								"up": {"uv": [21, 5], "uv_size": [-1, -1]},
								"down": {"uv": [21, 5], "uv_size": [-1, -1]}
							}
						},
						{
							"origin": [-20.5, 42, 0.125],
							"size": [1, 1, 1.75],
							"pivot": [-0.5, 23, 1.5],
							"rotation": [0, -90, 0],
							"uv": {
								"north": {"uv": [19, 4], "uv_size": [1, 1]},
								"east": {"uv": [19, 4], "uv_size": [1, 1]},
								"south": {"uv": [20, 4], "uv_size": [-1, 1]},
								"west": {"uv": [19, 4], "uv_size": [1, 1]},
								"up": {"uv": [20, 5], "uv_size": [-1, -1]},
								"down": {"uv": [20, 5], "uv_size": [-1, -1]}
							}
						},
						{
							"origin": [-20.5, 41, 0.125],
							"size": [1, 1, 1.75],
							"pivot": [-0.5, 23, 1.5],
							"rotation": [0, -90, 0],
							"uv": {
								"north": {"uv": [18, 4], "uv_size": [1, 1]},
								"east": {"uv": [18, 4], "uv_size": [1, 1]},
								"south": {"uv": [19, 4], "uv_size": [-1, 1]},
								"west": {"uv": [18, 4], "uv_size": [1, 1]},
								"up": {"uv": [19, 5], "uv_size": [-1, -1]},
								"down": {"uv": [19, 5], "uv_size": [-1, -1]}
							}
						},
						{
							"origin": [-20.5, 40, 0.125],
							"size": [1, 1, 1.75],
							"pivot": [-0.5, 23, 1.5],
							"rotation": [0, -90, 0],
							"uv": {
								"north": {"uv": [17, 4], "uv_size": [1, 1]},
								"east": {"uv": [17, 4], "uv_size": [1, 1]},
								"south": {"uv": [18, 4], "uv_size": [-1, 1]},
								"west": {"uv": [17, 4], "uv_size": [1, 1]},
								"up": {"uv": [18, 5], "uv_size": [-1, -1]},
								"down": {"uv": [18, 5], "uv_size": [-1, -1]}
							}
						},
						{
							"origin": [-21.5, 44, 0.125],
							"size": [1, 1, 1.75],
							"pivot": [-0.5, 23, 1.5],
							"rotation": [0, -90, 0],
							"uv": {
								"north": {"uv": [21, 3], "uv_size": [1, 1]},
								"east": {"uv": [21, 3], "uv_size": [1, 1]},
								"south": {"uv": [22, 3], "uv_size": [-1, 1]},
								"west": {"uv": [21, 3], "uv_size": [1, 1]},
								"up": {"uv": [22, 4], "uv_size": [-1, -1]},
								"down": {"uv": [22, 4], "uv_size": [-1, -1]}
							}
						},
						{
							"origin": [-21.5, 43, 0.125],
							"size": [1, 1, 1.75],
							"pivot": [-0.5, 23, 1.5],
							"rotation": [0, -90, 0],
							"uv": {
								"north": {"uv": [20, 3], "uv_size": [1, 1]},
								"east": {"uv": [20, 3], "uv_size": [1, 1]},
								"south": {"uv": [21, 3], "uv_size": [-1, 1]},
								"west": {"uv": [20, 3], "uv_size": [1, 1]},
								"up": {"uv": [21, 4], "uv_size": [-1, -1]},
								"down": {"uv": [21, 4], "uv_size": [-1, -1]}
							}
						},
						{
							"origin": [-21.5, 42, 0.125],
							"size": [1, 1, 1.75],
							"pivot": [-0.5, 23, 1.5],
							"rotation": [0, -90, 0],
							"uv": {
								"north": {"uv": [19, 3], "uv_size": [1, 1]},
								"east": {"uv": [19, 3], "uv_size": [1, 1]},
								"south": {"uv": [20, 3], "uv_size": [-1, 1]},
								"west": {"uv": [19, 3], "uv_size": [1, 1]},
								"up": {"uv": [20, 4], "uv_size": [-1, -1]},
								"down": {"uv": [20, 4], "uv_size": [-1, -1]}
							}
						},
						{
							"origin": [-21.5, 41, 0.125],
							"size": [1, 1, 1.75],
							"pivot": [-0.5, 23, 1.5],
							"rotation": [0, -90, 0],
							"uv": {
								"north": {"uv": [18, 3], "uv_size": [1, 1]},
								"east": {"uv": [18, 3], "uv_size": [1, 1]},
								"south": {"uv": [19, 3], "uv_size": [-1, 1]},
								"west": {"uv": [18, 3], "uv_size": [1, 1]},
								"up": {"uv": [19, 4], "uv_size": [-1, -1]},
								"down": {"uv": [19, 4], "uv_size": [-1, -1]}
							}
						},
						{
							"origin": [-22.5, 44, 0.125],
							"size": [1, 1, 1.75],
							"pivot": [-0.5, 23, 1.5],
							"rotation": [0, -90, 0],
							"uv": {
								"north": {"uv": [21, 2], "uv_size": [1, 1]},
								"east": {"uv": [21, 2], "uv_size": [1, 1]},
								"south": {"uv": [22, 2], "uv_size": [-1, 1]},
								"west": {"uv": [21, 2], "uv_size": [1, 1]},
								"up": {"uv": [22, 3], "uv_size": [-1, -1]},
								"down": {"uv": [22, 3], "uv_size": [-1, -1]}
							}
						},
						{
							"origin": [-22.5, 43, 0.125],
							"size": [1, 1, 1.75],
							"pivot": [-0.5, 23, 1.5],
							"rotation": [0, -90, 0],
							"uv": {
								"north": {"uv": [20, 2], "uv_size": [1, 1]},
								"east": {"uv": [20, 2], "uv_size": [1, 1]},
								"south": {"uv": [21, 2], "uv_size": [-1, 1]},
								"west": {"uv": [20, 2], "uv_size": [1, 1]},
								"up": {"uv": [21, 3], "uv_size": [-1, -1]},
								"down": {"uv": [21, 3], "uv_size": [-1, -1]}
							}
						},
						{
							"origin": [-22.5, 42, 0.125],
							"size": [1, 1, 1.75],
							"pivot": [-0.5, 23, 1.5],
							"rotation": [0, -90, 0],
							"uv": {
								"north": {"uv": [19, 2], "uv_size": [1, 1]},
								"east": {"uv": [19, 2], "uv_size": [1, 1]},
								"south": {"uv": [20, 2], "uv_size": [-1, 1]},
								"west": {"uv": [19, 2], "uv_size": [1, 1]},
								"up": {"uv": [20, 3], "uv_size": [-1, -1]},
								"down": {"uv": [20, 3], "uv_size": [-1, -1]}
							}
						}
					]
				}
			]
		}
	]
}