{
	"format_version": "1.8.0",
	"animations": {
		"animation.armoredbrine.move": {
			"loop": true,
			"animation_length": 0.79167,
			"bones": {
				"body": {
					"rotation": [35, 0, 0],
					"position": {
						"0.0": [0, -3.5, -6],
						"0.2083": [0, -3.5, -6],
						"0.2917": [0, -3.8, -6],
						"0.4583": [0, -3.5, -6],
						"0.5417": [0, -3.8, -6],
						"0.7083": [0, -3.8, -6],
						"0.7917": [0, -3.5, -6]
					}
				},
				"rightArm": {
					"rotation": [45, 0, 10]
				},
				"leftArm": {
					"rotation": [45, 0, -10]
				},
				"leftLeg": {
					"rotation": {
						"0.0": [45, 0, 0],
						"0.2083": [-80, 0, 0],
						"0.2917": [-80, 0, 0],
						"0.5": [45, 0, 0],
						"0.7083": [-80, 0, 0],
						"0.7917": [45, 0, 0]
					},
					"position": {
						"0.0": [0, 0, 0],
						"0.2083": [0, 0, 0],
						"0.2917": [0, 0, 0],
						"0.5": [0, 0, 0],
						"0.7083": [0, 0, 0]
					}
				},
				"rightLeg": {
					"rotation": {
						"0.0": [-80, 0, 0],
						"0.0833": [-80, 0, 0],
						"0.25": [45, 0, 0],
						"0.4583": [-80, 0, 0],
						"0.5417": [-80, 0, 0],
						"0.7083": [45, 0, 0],
						"0.7917": [-80, 0, 0]
					},
					"position": {
						"0.0": [0, 0, 0],
						"0.0833": [0, 0, 0],
						"0.25": [0, 0, 0],
						"0.4583": [0, 0, 0],
						"0.5417": [0, 0, 0],
						"0.7083": [0, 0, 0],
						"0.7917": [0, 0, 0]
					}
				},
				"bone4": {
					"rotation": {
						"0.0": [0, 0, 0],
						"0.125": [12.51266, 0.14447, -0.20873],
						"0.25": [0, 0, 0],
						"0.375": [15, 0, 0],
						"0.5": [0, 0, 0]
					},
					"position": {
						"0.0": [0, 0, 0],
						"0.125": [0, 0.45, -0.05],
						"0.25": [0, 0, 0],
						"0.375": [0, 0.5, -0.05],
						"0.5": [0, 0, 0]
					}
				},
				"bone6": {
					"rotation": {
						"0.0": [0, 0, 0],
						"0.125": [15, 0, 0],
						"0.2917": [0, 0, 0]
					},
					"position": {
						"0.0": [0, 0, 0],
						"0.125": [0, 0.51, -0.07],
						"0.2917": [0, 0, 0]
					}
				}
			}
		},
		"animation.ay.attack": {
			"animation_length": 1,
			"bones": {
				"body": {
					"rotation": {
						"0.0": [20, 0, 0],
						"0.2083": [20, 0, 0],
						"0.3333": [22.51754, -2.34914, -0.85553],
						"0.5": [22.52, -2.35, -0.86],
						"0.5833": [20.07601, 4.57814, 2.01472],
						"0.6667": [20, 0, 0]
					},
					"position": [0, -1, -4]
				},
				"leftarm": {
					"rotation": {
						"0.0": [0, 0, -5],
						"0.1667": [0, 0, -90],
						"0.4583": [0, 0, -90],
						"0.7083": [-135.10923, -3.53329, -86.45997],
						"0.875": [35.89339, 20.70481, -112.20765]
					},
					"position": [0, 0, 0]
				},
				"rightarm": {
					"rotation": {
						"0.0": [0, 0, 5],
						"0.1667": [0, 0, 15],
						"0.2917": [-110, -20, 15],
						"0.4583": [-107.5299, -39.39465, -22.70206],
						"0.625": [0, 0, 15]
					}
				},
				"leftleg": {
					"rotation": {
						"0.0": [-7.5, -10, 0],
						"0.1667": [-20, -10, 0],
						"0.5": [-19.56719, -10.8463, -2.3919]
					}
				},
				"bone10": {
					"rotation": [7.5, 0, 0]
				},
				"rightleg": {
					"rotation": {
						"0.0": [-20, 15, -2.5],
						"0.1667": [-20.6261, 13.51986, -4.5755],
						"0.5": [-19.4212, 15.23295, 0.27403]
					}
				},
				"bone9": {
					"rotation": {
						"0.0": [0.17269, -0.20998, -2.48549],
						"0.1667": [0, 0, 0]
					}
				},
				"hyszz2": {
					"position": [0, 0, 0]
				},
				"hyszz3": {
					"position": {
						"0.1667": [0, 0, 0],
						"0.3333": [3, -10, -2]
					}
				},
				"hyszz4": {
					"position": {
						"0.1667": [0, 0, 0],
						"0.3333": [-3, -11, -3]
					}
				},
				"hyszz10": {
					"rotation": [0, 0, 0],
					"position": {
						"0.1667": [0, 0, 0],
						"0.3333": [0, -11, 3]
					}
				},
				"bone18": {
					"position": {
						"0.0": [0, 0, 0],
						"0.0833": [-2, -3, 2]
					}
				},
				"hysw": {
					"position": {
						"0.25": [0, 0, 0],
						"0.4167": [0, -10, 0]
					}
				},
				"hysw2": {
					"position": {
						"0.25": [0, 0, 0],
						"0.4167": [0, -20, 0]
					}
				}
			}
		},
		"animation.ayhb.hysys": {
			"animation_length": 1,
			"bones": {
				"body": {
					"rotation": {
						"0.0": [20, 0, 0],
						"0.25": [8.27077, 26.33744, 9.01014]
					},
					"position": [0, -1, -4]
				},
				"head": {
					"rotation": {
						"0.0": [-15, 0, 0],
						"0.25": [2.17125, -29.43667, -6.0896]
					}
				},
				"leftarm": {
					"rotation": {
						"0.0": [0, 0, -10],
						"0.125": [0, 0, -50],
						"0.25": [-71.60037, -21.82221, -55.41356]
					}
				},
				"hyszz": {
					"position": {
						"0.25": [0, 0, 0],
						"0.4167": [0, -19, 5]
					},
					"scale": {
						"0.0": [1, 1, 1],
						"0.25": [1.5, 1.5, 1.5],
						"0.4167": [1.6, 1.6, 1.6]
					}
				},
				"hyszz2": {
					"position": {
						"0.25": [0, 0, 0],
						"0.4167": [-5, -19, -5]
					},
					"scale": {
						"0.0": [1, 1, 1],
						"0.25": [1.6, 1.6, 1.6]
					}
				},
				"hyszz3": {
					"position": {
						"0.25": [0, 0, 0],
						"0.4167": [5, -17, -3]
					},
					"scale": {
						"0.0": [1, 1, 1],
						"0.25": [1.5, 1.5, 1.5]
					}
				},
				"rightarm": {
					"rotation": {
						"0.0": [0, 0, 17.5],
						"0.125": [-55, 0, 17.5],
						"0.2083": [-73.77886, -34.69598, -27.02548]
					}
				},
				"leftleg": {
					"rotation": {
						"0.0": [-20, 0, 0],
						"0.25": [-18.88172, -6.71771, -18.88172]
					}
				},
				"bone10": {
					"rotation": {
						"0.0": [0, 0, 0],
						"0.25": [22.19157, -3.81024, 9.25249]
					},
					"position": {
						"0.0": [0, 0, 0],
						"0.25": [0, 1, 0]
					}
				},
				"rightleg": {
					"rotation": {
						"0.0": [-20, 0, 0],
						"0.25": [3.03804, -7.35552, 1.37064]
					}
				},
				"hyszz4": {
					"position": {
						"0.25": [0, 0, 0],
						"0.4167": [-10, -36, -10]
					},
					"scale": {
						"0.0": [1, 1, 1],
						"0.25": [1.6, 1.6, 1.6]
					}
				},
				"hyszz5": {
					"rotation": [0, 0, 0],
					"position": {
						"0.25": [0, 0, 0],
						"0.4167": [10, -34, -6]
					},
					"scale": {
						"0.0": [1, 1, 1],
						"0.25": [1.5, 1.5, 1.5]
					}
				},
				"hyszz6": {
					"position": {
						"0.25": [0, 0, 0],
						"0.4167": [15, -51, -9]
					},
					"scale": {
						"0.0": [1, 1, 1],
						"0.25": [1.5, 1.5, 1.5]
					}
				},
				"hyszz8": {
					"position": {
						"0.25": [0, 0, 0],
						"0.4167": [-15, -54, -15]
					},
					"scale": {
						"0.0": [1, 1, 1],
						"0.25": [1.6, 1.6, 1.6]
					}
				},
				"hyszz10": {
					"position": {
						"0.25": [0, 0, 0],
						"0.4167": [0, -38, 10]
					},
					"scale": {
						"0.0": [1, 1, 1],
						"0.25": [1.5, 1.5, 1.5],
						"0.4167": [1.6, 1.6, 1.6]
					}
				},
				"hyszz11": {
					"position": {
						"0.25": [0, 0, 0],
						"0.4167": [0, -57, 15]
					},
					"scale": {
						"0.0": [1, 1, 1],
						"0.25": [1.5, 1.5, 1.5],
						"0.4167": [1.6, 1.6, 1.6]
					}
				},
				"hyszz9": {
					"scale": {
						"0.0": [1, 1, 1],
						"0.25": [1.6, 1.6, 1.6]
					}
				},
				"hyszz7": {
					"scale": {
						"0.0": [1, 1, 1],
						"0.25": [1.5, 1.5, 1.5]
					}
				},
				"hyszz12": {
					"scale": {
						"0.0": [1, 1, 1],
						"0.25": [1.5, 1.5, 1.5],
						"0.4167": [1.6, 1.6, 1.6]
					}
				},
				"hysw": {
					"position": {
						"0.25": [0, 0, 0],
						"0.3333": [0, -11, 0]
					}
				},
				"hysw2": {
					"position": {
						"0.25": [0, 0, 0],
						"0.3333": [0, -22, 0]
					}
				},
				"hysw3": {
					"position": {
						"0.25": [0, 0, 0],
						"0.3333": [0, -33, 0]
					}
				},
				"hysw4": {
					"position": {
						"0.25": [0, 0, 0],
						"0.3333": [0, -44, 0]
					}
				}
			}
		},
		"animation.ayherobrine.ayhysys": {
			"animation_length": 3,
			"bones": {
				"body": {
					"rotation": {
						"0.0": [0, 0, 0],
						"0.25": [21.88023, 23.39896, 9.06159],
						"0.3333": [21.88, 23.4, 9.06],
						"0.4583": [21.17231, -18.7463, -7.0973]
					},
					"position": {
						"0.0": [0, 0, 0],
						"0.25": [0, -2, 0]
					}
				},
				"leftarm": {
					"rotation": {
						"0.0": [0, 0, 0],
						"0.25": [-50.92653, 40.24883, 8.34162],
						"0.3333": [-50.93, 40.25, 8.34],
						"0.4583": [-7.05824, -67.70663, -16.21143]
					}
				},
				"rightarm": {
					"rotation": {
						"0.0": [0, 0, 0],
						"0.25": [35, 0, 27.5],
						"0.3333": [35, 0, 27.5],
						"0.4583": [-106.47598, 19.64999, 9.55072]
					}
				},
				"hysw": {
					"position": {
						"0.4167": [0, 0, 0],
						"0.5": [12, 0, 0],
						"0.5833": [12, -25, 0],
						"0.6667": [12, 0, 0],
						"0.75": [12, -25, 0],
						"0.8333": [12, 0, 0],
						"0.9167": [12, -25, 0],
						"1.0": [12, 0, 0],
						"1.0833": [12, -25, 0],
						"1.1667": [12, 0, 0],
						"1.25": [12, -25, 0],
						"1.3333": [12, 0, 0],
						"1.4167": [12, -25, 0],
						"1.5": [12, 0, 0],
						"1.5833": [12, -25, 0],
						"1.6667": [12, 0, 0],
						"1.75": [12, -25, 0],
						"1.8333": [12, 0, 0],
						"1.9167": [12, -25, 0],
						"2.0": [12, 0, 0],
						"2.0833": [12, -25, 0],
						"2.1667": [12, 0, 0],
						"2.25": [12, -25, 0],
						"2.3333": [12, 0, 0],
						"2.4167": [12, -25, 0],
						"2.5": [12, 0, 0],
						"2.5833": [12, -25, 0],
						"2.6667": [12, 0, 0],
						"2.75": [12, -25, 0]
					},
					"scale": [1, 1, 1]
				},
				"hysw2": {
					"position": {
						"0.4167": [0, 0, 0],
						"0.5": [12, -11, 0],
						"0.5833": [12, -36, 0],
						"0.6667": [12, -11, 0],
						"0.75": [12, -36, 0],
						"0.8333": [12, -11, 0],
						"0.9167": [12, -36, 0],
						"1.0": [12, -11, 0],
						"1.0833": [12, -36, 0],
						"1.1667": [12, -11, 0],
						"1.25": [12, -36, 0],
						"1.3333": [12, -11, 0],
						"1.4167": [12, -36, 0],
						"1.5": [12, -11, 0],
						"1.5833": [12, -36, 0],
						"1.6667": [12, -11, 0],
						"1.75": [12, -36, 0],
						"1.8333": [12, -11, 0],
						"1.9167": [12, -36, 0],
						"2.0": [12, -11, 0],
						"2.0833": [12, -36, 0],
						"2.1667": [12, -11, 0],
						"2.25": [12, -36, 0],
						"2.3333": [12, -11, 0],
						"2.4167": [12, -36, 0],
						"2.5": [12, -11, 0],
						"2.5833": [12, -36, 0],
						"2.6667": [12, -11, 0],
						"2.75": [12, -36, 0]
					},
					"scale": [1, 1, 1]
				},
				"leftleg": {
					"rotation": {
						"0.0": [0, 0, 0],
						"0.25": [4.88206, 1.08089, -12.45392],
						"0.3333": [4.88, 1.08, -12.45],
						"0.4583": [5.22733, 21.0039, -10.66402]
					}
				},
				"rightleg": {
					"rotation": {
						"0.0": [0, 0, 0],
						"0.25": [-22.5, 0, 5],
						"0.3333": [-22.5, 0, 5],
						"0.4583": [-19.53756, 30.90613, 3.28916]
					}
				},
				"bone9": {
					"rotation": {
						"0.0": [0, 0, 0],
						"0.25": [20, 0, 0]
					},
					"position": {
						"0.0": [0, 0, 0],
						"0.25": [0, 0.7, -0.1]
					},
					"scale": [1, 1, 1]
				},
				"hysw3": {
					"position": {
						"0.4167": [0, 0, 0],
						"0.5": [-12, -55, 0],
						"0.5833": [-12, 0, 0],
						"0.6667": [-12, -55, 0],
						"0.75": [-12, 0, 0],
						"0.8333": [-12, -55, 0],
						"0.9167": [-12, -8, 0],
						"1.0": [-12, -55, 0],
						"1.0833": [-12, -1, 0],
						"1.1667": [-12, -54, 0],
						"1.25": [-12, 0, 0],
						"1.3333": [-12, -54, 0],
						"1.4167": [-12, 0, 0],
						"1.5": [-12, -54, 0],
						"1.5833": [-12, -1, 0],
						"1.6667": [-12, -53, 0],
						"1.75": [-12, -4, 0],
						"1.8333": [-12, -52, 0],
						"1.9167": [-12, -1, 0],
						"2.0": [-12, -54, 0],
						"2.0833": [-12, -5, 0],
						"2.1667": [-12, -53, 0],
						"2.25": [-12, -4, 0],
						"2.3333": [-12, -55, 0],
						"2.4167": [-12, -2, 0],
						"2.5": [-12, -53, 0],
						"2.5833": [-12, -2, 0],
						"2.6667": [-12, -52, 0],
						"2.75": [-12, -5, 0]
					}
				},
				"hysw4": {
					"position": {
						"0.4167": [0, 0, 0],
						"0.5": [-12, -44, 0],
						"0.5833": [-12, 11, 0],
						"0.6667": [-12, -44, 0],
						"0.75": [-12, 11, 0],
						"0.8333": [-12, -44, 0],
						"0.9167": [-12, 3, 0],
						"1.0": [-12, -44, 0],
						"1.0833": [-12, 10, 0],
						"1.1667": [-12, -43, 0],
						"1.25": [-12, 11, 0],
						"1.3333": [-12, -43, 0],
						"1.4167": [-12, 11, 0],
						"1.5": [-12, -43, 0],
						"1.5833": [-12, 10, 0],
						"1.6667": [-12, -42, 0],
						"1.75": [-12, 7, 0],
						"1.8333": [-12, -41, 0],
						"1.9167": [-12, 10, 0],
						"2.0": [-12, -43, 0],
						"2.0833": [-12, 6, 0],
						"2.1667": [-12, -42, 0],
						"2.25": [-12, 7, 0],
						"2.3333": [-12, -44, 0],
						"2.4167": [-12, 9, 0],
						"2.5": [-12, -42, 0],
						"2.5833": [-12, 9, 0],
						"2.6667": [-12, -41, 0],
						"2.75": [-12, 6, 0]
					}
				},
				"hysw5": {
					"position": {
						"0.4167": [0, 0, 0],
						"0.5": [0, -8, -14],
						"0.6667": [0, -61, -14],
						"0.7917": [0, -8, -14],
						"0.9167": [0, -61, -14],
						"1.0417": [0, -8, -14],
						"1.1667": [0, -61, -14],
						"1.2917": [0, -8, -14],
						"1.4167": [0, -61, -14],
						"1.5417": [0, -8, -14],
						"1.6667": [0, -61, -14],
						"1.7917": [0, -8, -14],
						"1.9167": [0, -61, -14],
						"2.0417": [0, -8, -14],
						"2.1667": [0, -61, -14],
						"2.2917": [0, -8, -14],
						"2.4167": [0, -60, -14],
						"2.5417": [0, -7, -14],
						"2.6667": [0, -60, -14],
						"2.75": [0, -32, -14]
					}
				},
				"hysw6": {
					"position": {
						"0.4167": [0, 0, 0],
						"0.5": [0, 3, -14],
						"0.6667": [0, -50, -14],
						"0.7917": [0, 3, -14],
						"0.9167": [0, -50, -14],
						"1.0417": [0, 3, -14],
						"1.1667": [0, -50, -14],
						"1.2917": [0, 3, -14],
						"1.4167": [0, -50, -14],
						"1.5417": [0, 3, -14],
						"1.6667": [0, -50, -14],
						"1.7917": [0, 3, -14],
						"1.9167": [0, -51, -14],
						"2.0417": [0, 2, -14],
						"2.1667": [0, -51, -14],
						"2.2917": [0, 3, -14],
						"2.4167": [0, -49, -14],
						"2.5417": [0, 4, -14],
						"2.6667": [0, -49, -14],
						"2.75": [0, -21, -14]
					}
				},
				"hysw7": {
					"position": {
						"0.4167": [0, 0, 0],
						"0.5": [0, -37, 15],
						"0.5833": [0, -2, 15],
						"0.6667": [0, -37, 15],
						"0.75": [0, -2, 15],
						"0.8333": [0, -37, 15],
						"0.9167": [0, -2, 15],
						"1.0": [0, -38, 15],
						"1.0833": [0, -2, 15],
						"1.1667": [0, -36, 15],
						"1.25": [0, -1, 15],
						"1.3333": [0, -36, 15],
						"1.4167": [0, -1, 15],
						"1.5": [0, -36, 15],
						"1.5833": [0, -1, 15],
						"1.6667": [0, -36, 15],
						"1.75": [0, -1, 15],
						"1.8333": [0, -36, 15],
						"1.9167": [0, -1, 15],
						"2.0": [0, -36, 15],
						"2.0833": [0, -1, 15],
						"2.1667": [0, -36, 15],
						"2.25": [0, -1, 15],
						"2.3333": [0, -36, 15],
						"2.4167": [0, -1, 15],
						"2.5": [0, -36, 15],
						"2.5833": [0, -1, 15],
						"2.6667": [0, -36, 15],
						"2.75": [0, -1, 15]
					}
				},
				"hysw8": {
					"position": {
						"0.4167": [0, 0, 0],
						"0.5": [0, -26, 15],
						"0.5833": [0, 9, 15],
						"0.6667": [0, -26, 15],
						"0.75": [0, 9, 15],
						"0.8333": [0, -26, 15],
						"0.9167": [0, 9, 15],
						"1.0": [0, -27, 15],
						"1.0833": [0, 9, 15],
						"1.1667": [0, -25, 15],
						"1.25": [0, 10, 15],
						"1.3333": [0, -25, 15],
						"1.4167": [0, 10, 15],
						"1.5": [0, -25, 15],
						"1.5833": [0, 10, 15],
						"1.6667": [0, -25, 15],
						"1.75": [0, 10, 15],
						"1.8333": [0, -25, 15],
						"1.9167": [0, 10, 15],
						"2.0": [0, -25, 15],
						"2.0833": [0, 10, 15],
						"2.1667": [0, -25, 15],
						"2.25": [0, 10, 15],
						"2.3333": [0, -25, 15],
						"2.4167": [0, 10, 15],
						"2.5": [0, -25, 15],
						"2.5833": [0, 10, 15],
						"2.6667": [0, -25, 15],
						"2.75": [0, 10, 15]
					}
				},
				"hysw9": {
					"position": {
						"0.4167": [0, 0, 0],
						"0.5": [16, 0, -17],
						"0.625": [16, -36, -17],
						"0.75": [16, 0, -17],
						"0.875": [16, -37, -17],
						"1.0": [16, 0, -17],
						"1.125": [16, -35, -17],
						"1.25": [16, 0, -17],
						"1.375": [16, -36, -17],
						"1.5": [16, 0, -17],
						"1.625": [16, -35, -17],
						"1.75": [16, 0, -17],
						"1.875": [16, -35, -17],
						"2.0": [16, 0, -17],
						"2.125": [16, -33, -17],
						"2.25": [16, 0, -17],
						"2.375": [16, -34, -17],
						"2.5": [16, 1, -17],
						"2.625": [16, -35, -17],
						"2.75": [16, 1, -17]
					}
				}
			}
		}
	}
}