{
	"format_version": "1.8.0",
	"animations": {
		"animation.blue.dj": {
			"loop": true,
			"animation_length": 4,
			"start_delay": "0",
			"loop_delay": "0",
			"bones": {
				"head": {
					"position": [0, 0, 0]
				},
				"leftarm": {
					"rotation": {
						"0.0": [0, 0, -5],
						"1.0": [0, 0, -7.5],
						"2.0": [0, 0, -5],
						"3.0": [0, 0, -7.5],
						"4.0": [0, 0, -5]
					}
				},
				"rightarm": {
					"rotation": {
						"0.0": [0, 0, 5],
						"1.0": [0, 0, 7.5],
						"2.0": [0, 0, 5],
						"3.0": [0, 0, 7.5],
						"4.0": [0, 0, 5]
					}
				},
				"leftleg": {
					"rotation": [-5, 0, -5]
				},
				"bone10": {
					"rotation": [5, 0, 0],
					"position": [0, 0.2, 0]
				},
				"rightleg": {
					"rotation": [-5, 0, 5]
				},
				"bone9": {
					"rotation": [5, 0, 0],
					"position": [0, 0.2, 0]
				},
				"bone": {
					"position": {
						"0.0": [0, 0, 0],
						"1.0": [0, -4, 0],
						"1.875": [0, 0, 0]
					},
					"scale": {
						"0.0": [1, 1, 1],
						"1.0": [1, 2, 1],
						"1.875": [1, 1, 1]
					}
				},
				"body": {
					"rotation": {
						"0.0": [0, 0, 0],
						"1.0": [2.5, 0, 0],
						"1.875": [0, 0, 0],
						"2.0": [0, 0, 0],
						"3.0": [2.5, 0, 0],
						"4.0": [0, 0, 0]
					},
					"position": {
						"0.0": [0, 0, 0],
						"1.0": [0, 0, -0.5],
						"1.875": [0, 0, 0],
						"3.0": [0, 0, -0.5],
						"4.0": [0, 0, 0]
					}
				},
				"bone2": {
					"position": {
						"0.0": [0, 0, 0],
						"1.0": [0, -5, 0],
						"1.875": [0, 0, 0]
					},
					"scale": {
						"0.0": [1, 1, 1],
						"1.0": [1, 2, 1],
						"1.875": [1, 1, 1]
					}
				},
				"bone8": {
					"rotation": [-5, 0, 0],
					"position": [0, 0.2, 0]
				},
				"bone30": {
					"rotation": [-5, 0, 0],
					"position": [0, 0.2, 0]
				},
				"blue": {
					"position": [0, -0.5, 0]
				},
				"bone7": {
					"position": {
						"2.0": [0, 0, 0],
						"3.0": [1, 1.7, 0],
						"3.5625": [1, 2.2, 0],
						"3.9375": [0, 0, 0]
					},
					"scale": {
						"2.0": [1, 1, 1],
						"3.0": [0.5, 0.5, 1],
						"3.5625": [0.5, 0.5, 1],
						"3.9375": [1, 1, 1]
					}
				},
				"bone11": {
					"position": {
						"2.0": [0, 0, 0],
						"3.0": [1, 1.7, 0],
						"3.5625": [1, 2.2, 0],
						"3.9375": [0, 0, 0]
					},
					"scale": {
						"2.0": [1, 1, 1],
						"3.0": [0.5, 0.5, 1],
						"3.5625": [0.5, 0.5, 1],
						"3.9375": [1, 1, 1]
					}
				},
				"bone5": {
					"rotation": {
						"2.0": [0, 0, 0],
						"3.0": [0, 0, 10],
						"3.5625": [0, 0, 0]
					},
					"position": {
						"2.0": [0, 0, 0],
						"3.0": [-1, 0, 0],
						"3.5625": [0, 0, 0]
					}
				},
				"bone6": {
					"rotation": {
						"2.0": [0, 0, 0],
						"3.0": [0, 0, 15],
						"3.5625": [0, 0, 0]
					},
					"position": {
						"2.0": [0, 0, 0],
						"3.0": [-1, 0, 0],
						"3.5625": [0, 0, 0]
					}
				}
			}
		},
		"animation.blue.move": {
			"loop": true,
			"animation_length": 0.58333,
			"bones": {
				"body": {
					"rotation": {
						"0.0": [20, 0, 0],
						"0.25": [30, 0, 0],
						"0.5": [25, 0, 0],
						"0.5833": [20, 0, 0]
					},
					"position": {
						"0.0": [0, 0, -4],
						"0.25": [0, -1, -6],
						"0.5": [0, -1, -5],
						"0.5833": [0, 0, -4]
					}
				},
				"rightarm": {
					"rotation": {
						"0.0": [55, 0, 0],
						"0.25": [-75, 0, 0],
						"0.5833": [55, 0, 0]
					},
					"position": {
						"0.0": [0, 0, 0],
						"0.25": [0, 0, 0],
						"0.5833": [0, 0, 0]
					}
				},
				"leftarm": {
					"rotation": {
						"0.0": [-70, 0, -10],
						"0.25": [45, 0, -10],
						"0.5833": [-70, 0, -10]
					}
				},
				"bone30": {
					"rotation": {
						"0.0": [-10, 0, 0],
						"0.25": [-45, 0, 0],
						"0.5833": [-10, 0, 0]
					},
					"position": {
						"0.0": [0, 0, 0],
						"0.25": [0, 1.4, 0.6],
						"0.5833": [0, 1, 0]
					}
				},
				"blue": {
					"rotation": {
						"0.0": [15, -0.5, 0],
						"0.2917": [10.32223, 0.3445, 0],
						"0.5833": [15, -0.5, 0]
					}
				},
				"bone8": {
					"rotation": {
						"0.0": [-10, 0, 0],
						"0.25": [-15, 0, 0],
						"0.5": [-10, 0, 0]
					},
					"position": {
						"0.0": [0, 0.35, 0.03],
						"0.25": [0, 0.55, 0.07],
						"0.5": [0, 0.35, 0.03]
					}
				},
				"rightleg": {
					"rotation": {
						"0.0": [-60, 0, 0],
						"0.0417": [-45, 0, 0],
						"0.2917": [55, 0, 0],
						"0.5833": [-60, 0, 0]
					}
				},
				"bone9": {
					"rotation": {
						"0.0": [45, 0, 0],
						"0.0833": [0, 0, 0],
						"0.25": [0, 0, 0],
						"0.5": [45, 0, 0]
					},
					"position": {
						"0.0": [0, 1.4, -0.6],
						"0.0833": [0, 0, 0],
						"0.25": [0, 0, 0],
						"0.5": [0, 1.42, -0.6]
					}
				},
				"leftleg": {
					"rotation": {
						"0.0": [60, 0, 0],
						"0.25": [-60, 0, 0],
						"0.2917": [-45, 0, 0],
						"0.5": [25, 0, 0],
						"0.5833": [60, 0, 0]
					}
				},
				"bone10": {
					"rotation": {
						"0.0": [0, 0, 0],
						"0.25": [35, 0, 0],
						"0.3333": [0, 0, 0],
						"0.5": [0, 0, 0]
					},
					"position": {
						"0.0": [0, 0, 0],
						"0.25": [0, 1.15, -0.35],
						"0.3333": [0, 0, 0],
						"0.5": [0, 0, 0]
					}
				},
				"bone6": {
					"rotation": [0, 0, 0],
					"position": [0, 0, 0]
				},
				"rightitem": {
					"rotation": [25.41318, 8.17773, 5.77509]
				},
				"bone7": {
					"position": [-1, 0, 0]
				}
			}
		},
		"animation.blue.attack": {
			"animation_length": 1,
			"bones": {
				"body": {
					"rotation": {
						"0.0": [0, 0, 0],
						"0.25": [6.03119, -19.7274, -2.47085],
						"0.4167": [9.32332, -8.89595, -1.07969],
						"0.5417": [9.228, 3.44608, 0.93576],
						"0.75": [0, 0, 0]
					},
					"position": {
						"0.0": [0, 0, 0],
						"0.25": [0, 0, -1.2],
						"0.4167": [0, 0, -2],
						"0.5417": [0, 0, -2],
						"0.75": [0, 0, 0]
					}
				},
				"rightarm": {
					"rotation": {
						"0.0": [15, 0, 10],
						"0.25": [-122.31514, -29.58288, 72.91493],
						"0.4167": [28.7062, -11.91636, 57.84633],
						"0.5833": [34.98581, -6.24898, 41.25677],
						"1.0": [15, 0, 10]
					},
					"position": {
						"0.0": [0, 0, 0],
						"0.25": [0, 0, -2],
						"0.4167": [0, 0, 0],
						"0.5833": [0, 0, 0]
					}
				},
				"leftarm": {
					"rotation": {
						"0.0": [-15, 0, -10],
						"0.25": [-102.8944, 10.6039, -82.87999],
						"0.4167": [-29.2075, -11.78866, 66.8332],
						"0.5833": [-34.29249, 15.60437, 62.89158],
						"1.0": [-15, 0, -10]
					},
					"position": {
						"0.25": [0, 0, 0],
						"0.4167": [0, 1.25, 0],
						"0.5833": [0, 0.83, 0],
						"1.0": [0, 0, 0]
					}
				},
				"bone30": {
					"rotation": {
						"0.0": [-10, 0, 0],
						"0.5": [-15, 0, 0],
						"1.0": [-10, 0, 0]
					},
					"position": {
						"0.0": [0, 0.35, 0.03],
						"0.5": [0, 0.55, 0.07],
						"1.0": [0, 0.35, 0.03]
					}
				},
				"blue": {
					"rotation": {
						"0.0": [0, -2.5, 0],
						"0.5": [0, 12.5, 0],
						"1.0": [0, -2.5, 0]
					},
					"position": {
						"0.0": [0, -1.5, 0],
						"0.25": [0, -1.5, -2],
						"0.5": [0, -1.5, -1],
						"0.75": [0, -0.5, -2],
						"1.0": [0, -1.5, -2]
					}
				},
				"bone8": {
					"rotation": {
						"0.0": [-15, 0, 0],
						"0.5": [-10, 0, 0],
						"1.0": [-15, 0, 0]
					},
					"position": {
						"0.0": [0, 0.53, 0.07],
						"0.5": [0, 0.35, 0.03],
						"1.0": [0, 0.53, 0.07]
					}
				},
				"rightleg": {
					"rotation": {
						"0.0": [-25, 0, 0],
						"0.25": [25, 0, 0],
						"1.0": [-25, 0, 0]
					}
				},
				"bone9": {
					"rotation": {
						"0.0": [25, 0, 0],
						"0.25": [0, 0, 0],
						"0.5": [25, 0, 0]
					},
					"position": {
						"0.0": [0, 0.85, -0.18],
						"0.25": [0, 0, 0],
						"0.5": [0, 0.85, -0.18]
					}
				},
				"leftleg": {
					"rotation": {
						"0.0": [25, 0, 0],
						"0.25": [-25, 0, 0],
						"1.0": [25, 0, 0]
					}
				},
				"bone10": {
					"rotation": {
						"0.0": [0, 0, 0],
						"0.25": [25, 0, 0],
						"0.5": [0, 0, 0]
					},
					"position": {
						"0.0": [0, 0, 0],
						"0.25": [0, 0.85, -0.18],
						"0.5": [0, 0, 0]
					}
				},
				"bone3": {
					"scale": 1
				}
			}
		},
		"animation.blue.attack2": {
			"animation_length": 1,
			"bones": {
				"body": {
					"rotation": {
						"0.0": {
							"post": [0, 0, 0],
							"lerp_mode": "catmullrom"
						},
						"0.25": {
							"post": [6.03119, -19.7274, -2.47085],
							"lerp_mode": "catmullrom"
						},
						"0.4167": {
							"post": [9.32332, -8.89595, -1.07969],
							"lerp_mode": "catmullrom"
						},
						"0.5417": {
							"post": [11.78804, -38.41287, -7.01185],
							"lerp_mode": "catmullrom"
						},
						"0.75": {
							"post": [12.5, -30, 0],
							"lerp_mode": "catmullrom"
						},
						"1.0": {
							"post": [0, 0, 0],
							"lerp_mode": "catmullrom"
						}
					},
					"position": {
						"0.0": {
							"post": [0, 0, 0],
							"lerp_mode": "catmullrom"
						},
						"0.25": {
							"post": [0, 0, -1.2],
							"lerp_mode": "catmullrom"
						},
						"0.4167": {
							"post": [0, 0, -2],
							"lerp_mode": "catmullrom"
						},
						"0.5417": {
							"post": [0, 0, -2],
							"lerp_mode": "catmullrom"
						},
						"0.75": {
							"post": [1, 0, -3],
							"lerp_mode": "catmullrom"
						},
						"1.0": {
							"post": [0, 0, 0],
							"lerp_mode": "catmullrom"
						}
					}
				},
				"rightarm": {
					"rotation": {
						"0.0": {
							"post": [15, 0, 10],
							"lerp_mode": "catmullrom"
						},
						"0.25": {
							"post": [-122.31514, -29.58288, 72.91493],
							"lerp_mode": "catmullrom"
						},
						"0.4167": {
							"post": [28.7062, -11.91636, 57.84633],
							"lerp_mode": "catmullrom"
						},
						"0.5833": {
							"post": [-214.85207, -18.26312, -68.68991],
							"lerp_mode": "catmullrom"
						},
						"0.7083": {
							"post": [-69.94041, -12.01603, -119.03558],
							"lerp_mode": "catmullrom"
						},
						"1.0": {
							"post": [15, 0, 10],
							"lerp_mode": "catmullrom"
						}
					},
					"position": {
						"0.0": {
							"post": [0, 0, 0],
							"lerp_mode": "catmullrom"
						},
						"0.25": {
							"post": [0, 0, -2],
							"lerp_mode": "catmullrom"
						},
						"0.4167": {
							"post": [0, 0, 0],
							"lerp_mode": "catmullrom"
						},
						"0.5833": {
							"post": [0, 0, 0],
							"lerp_mode": "catmullrom"
						},
						"0.7083": {
							"post": [0, 0, 0],
							"lerp_mode": "catmullrom"
						}
					}
				},
				"leftarm": {
					"rotation": {
						"0.0": {
							"post": [-15, 0, -10],
							"lerp_mode": "catmullrom"
						},
						"0.25": {
							"post": [-102.8944, 10.6039, -82.87999],
							"lerp_mode": "catmullrom"
						},
						"0.4167": {
							"post": [-29.2075, -11.78866, 66.8332],
							"lerp_mode": "catmullrom"
						},
						"0.5833": {
							"post": [-34.29249, 15.60437, 62.89158],
							"lerp_mode": "catmullrom"
						},
						"1.0": {
							"post": [-15, 0, -10],
							"lerp_mode": "catmullrom"
						}
					},
					"position": {
						"0.25": {
							"pre": [0, 0, 0],
							"post": [0, 0, 0],
							"lerp_mode": "catmullrom"
						},
						"0.4167": {
							"post": [0, 1.25, 0],
							"lerp_mode": "catmullrom"
						},
						"0.5833": {
							"post": [0, 0.83, 0],
							"lerp_mode": "catmullrom"
						},
						"1.0": {
							"post": [0, 0, 0],
							"lerp_mode": "catmullrom"
						}
					}
				},
				"bone30": {
					"rotation": {
						"0.0": {
							"post": [-10, 0, 0],
							"lerp_mode": "catmullrom"
						},
						"0.5": {
							"post": [-15, 0, 0],
							"lerp_mode": "catmullrom"
						},
						"1.0": {
							"post": [-10, 0, 0],
							"lerp_mode": "catmullrom"
						}
					},
					"position": {
						"0.0": {
							"post": [0, 0.35, 0.03],
							"lerp_mode": "catmullrom"
						},
						"0.5": {
							"post": [0, 0.55, 0.07],
							"lerp_mode": "catmullrom"
						},
						"1.0": {
							"post": [0, 0.35, 0.03],
							"lerp_mode": "catmullrom"
						}
					}
				},
				"blue": {
					"rotation": {
						"0.0": {
							"post": [0, -2.5, 0],
							"lerp_mode": "catmullrom"
						},
						"0.5": {
							"post": [0, 12.5, 0],
							"lerp_mode": "catmullrom"
						},
						"1.0": {
							"post": [0, -2.5, 0],
							"lerp_mode": "catmullrom"
						}
					},
					"position": {
						"0.0": {
							"post": [0, -1.5, 0],
							"lerp_mode": "catmullrom"
						},
						"0.25": {
							"post": [0, -1.5, -2],
							"lerp_mode": "catmullrom"
						},
						"0.5": {
							"post": [0, -1.5, -1],
							"lerp_mode": "catmullrom"
						},
						"0.75": {
							"post": [0, -0.5, -2],
							"lerp_mode": "catmullrom"
						},
						"1.0": {
							"post": [0, -1.5, -2],
							"lerp_mode": "catmullrom"
						}
					}
				},
				"bone8": {
					"rotation": {
						"0.0": {
							"post": [-15, 0, 0],
							"lerp_mode": "catmullrom"
						},
						"0.5": {
							"post": [-10, 0, 0],
							"lerp_mode": "catmullrom"
						},
						"1.0": {
							"post": [-15, 0, 0],
							"lerp_mode": "catmullrom"
						}
					},
					"position": {
						"0.0": {
							"post": [0, 0.53, 0.07],
							"lerp_mode": "catmullrom"
						},
						"0.5": {
							"post": [0, 0.35, 0.03],
							"lerp_mode": "catmullrom"
						},
						"1.0": {
							"post": [0, 0.53, 0.07],
							"lerp_mode": "catmullrom"
						}
					}
				},
				"rightleg": {
					"rotation": {
						"0.0": [-25, 0, 0],
						"0.25": [25, 0, 0],
						"1.0": [-25, 0, 0]
					}
				},
				"bone9": {
					"rotation": {
						"0.0": [25, 0, 0],
						"0.25": [0, 0, 0],
						"0.5": [25, 0, 0]
					},
					"position": {
						"0.0": [0, 0.85, -0.18],
						"0.25": [0, 0, 0],
						"0.5": [0, 0.85, -0.18]
					}
				},
				"leftleg": {
					"rotation": {
						"0.0": [25, 0, 0],
						"0.25": [-25, 0, 0],
						"1.0": [25, 0, 0]
					}
				},
				"bone10": {
					"rotation": {
						"0.0": [0, 0, 0],
						"0.25": [25, 0, 0],
						"0.5": [0, 0, 0]
					},
					"position": {
						"0.0": [0, 0, 0],
						"0.25": [0, 0.85, -0.18],
						"0.5": [0, 0, 0]
					}
				},
				"bone3": {
					"scale": 1
				},
				"rightitem": {
					"rotation": {
						"0.5": {
							"pre": [0, 0, 0],
							"post": [0, 0, 0],
							"lerp_mode": "catmullrom"
						},
						"0.75": {
							"post": [110, 0, 0],
							"lerp_mode": "catmullrom"
						},
						"1.0": {
							"post": [0, 0, 0],
							"lerp_mode": "catmullrom"
						}
					},
					"position": {
						"0.5": {
							"pre": [0, 0, 0],
							"post": [0, 0, 0],
							"lerp_mode": "catmullrom"
						},
						"0.75": {
							"post": [0, -3, -3],
							"lerp_mode": "catmullrom"
						},
						"1.0": {
							"post": [0, 0, 0],
							"lerp_mode": "catmullrom"
						}
					}
				}
			}
		},
		"animation.blue.attack3": {
			"animation_length": 1,
			"bones": {
				"body": {
					"rotation": {
						"0.0": [0, 0, 0],
						"0.25": [5.87957, 15.09518, 1.10784],
						"0.4167": [9.73176, -18.75876, -2.78221],
						"0.5417": [10.06648, -23.68018, -3.70199],
						"0.75": [0, 0, 0]
					},
					"position": {
						"0.0": [0, 0, 0],
						"0.25": [0, 0, -1.2],
						"0.4167": [0, 0, -2],
						"0.5417": [0, 0, -2],
						"0.75": [0, 0, 0]
					}
				},
				"rightarm": {
					"rotation": {
						"0.0": [15, 0, 10],
						"0.25": [-170.6, 35.33, -24],
						"0.4167": [-29.8798, 17.46676, -9.34225],
						"0.5833": [-24.41108, 8.72377, -27.0802],
						"1.0": [15, 0, 10]
					},
					"position": {
						"0.0": [0, 0, 0],
						"0.25": [0, 0, -2],
						"0.4167": [0, 0, 0],
						"0.5833": [0, 0, 0]
					}
				},
				"leftarm": {
					"rotation": {
						"0.0": [-15, 0, -10],
						"0.25": [-102.8944, 10.6039, -82.87999],
						"0.4167": [-29.2075, -11.78866, 66.8332],
						"0.5833": [-34.29249, 15.60437, 62.89158],
						"1.0": [-15, 0, -10]
					},
					"position": {
						"0.25": [0, 0, 0],
						"0.4167": [0, 1.25, 0],
						"0.5833": [0, 0.83, 0],
						"1.0": [0, 0, 0]
					}
				},
				"bone30": {
					"rotation": {
						"0.0": [-10, 0, 0],
						"0.5": [-15, 0, 0],
						"1.0": [-10, 0, 0]
					},
					"position": {
						"0.0": [0, 0.35, 0.03],
						"0.5": [0, 0.55, 0.07],
						"1.0": [0, 0.35, 0.03]
					}
				},
				"blue": {
					"rotation": {
						"0.0": [0, -2.5, 0],
						"0.5": [0, 12.5, 0],
						"1.0": [0, -2.5, 0]
					},
					"position": {
						"0.0": [0, -1.5, 0],
						"0.25": [0, -1.5, -2],
						"0.5": [0, -1.5, -1],
						"0.75": [0, -0.5, -2],
						"1.0": [0, -1.5, -2]
					}
				},
				"bone8": {
					"rotation": {
						"0.0": [-15, 0, 0],
						"0.5": [-10, 0, 0],
						"1.0": [-15, 0, 0]
					},
					"position": {
						"0.0": [0, 0.53, 0.07],
						"0.5": [0, 0.35, 0.03],
						"1.0": [0, 0.53, 0.07]
					}
				},
				"rightleg": {
					"rotation": {
						"0.0": [-25, 0, 0],
						"0.25": [25, 0, 0],
						"1.0": [-25, 0, 0]
					}
				},
				"bone9": {
					"rotation": {
						"0.0": [25, 0, 0],
						"0.25": [0, 0, 0],
						"0.5": [25, 0, 0]
					},
					"position": {
						"0.0": [0, 0.85, -0.18],
						"0.25": [0, 0, 0],
						"0.5": [0, 0.85, -0.18]
					}
				},
				"leftleg": {
					"rotation": {
						"0.0": [25, 0, 0],
						"0.25": [-25, 0, 0],
						"1.0": [25, 0, 0]
					}
				},
				"bone10": {
					"rotation": {
						"0.0": [0, 0, 0],
						"0.25": [25, 0, 0],
						"0.5": [0, 0, 0]
					},
					"position": {
						"0.0": [0, 0, 0],
						"0.25": [0, 0.85, -0.18],
						"0.5": [0, 0, 0]
					}
				},
				"bone3": {
					"scale": 1
				},
				"rightitem": {
					"rotation": {
						"0.25": [0, 0, 0],
						"0.4167": [82.5, 0, 0],
						"0.5833": [0, 0, 0]
					},
					"position": {
						"0.25": [0, 0, 0],
						"0.4167": [0, -2, -4],
						"0.5833": [0, 0, 0]
					}
				}
			}
		}
	}
}