{
	"format_version": "1.8.0",
	"animations": {
		"animation.df.dj": {
			"loop": true,
			"animation_length": 4,
			"start_delay": "0",
			"loop_delay": "0",
			"bones": {
				"head": {
					"position": [0, 0, 0]
				},
				"leftarm": {
					"rotation": {
						"0.0": [0, 0, -5],
						"1.0": [0, 0, -7.5],
						"2.0": [0, 0, -5],
						"3.0": [0, 0, -7.5],
						"4.0": [0, 0, -5]
					}
				},
				"rightarm": {
					"rotation": {
						"0.0": [0, 0, 5],
						"1.0": [0, 0, 7.5],
						"2.0": [0, 0, 5],
						"3.0": [0, 0, 7.5],
						"4.0": [0, 0, 5]
					}
				},
				"leftleg": {
					"rotation": [-5, 0, -5]
				},
				"bone10": {
					"rotation": [5, 0, 0],
					"position": [0, 0.2, 0]
				},
				"rightleg": {
					"rotation": [-5, 0, 5]
				},
				"bone9": {
					"rotation": [5, 0, 0],
					"position": [0, 0.2, 0]
				},
				"bone": {
					"position": {
						"0.0": [0, 0, 0],
						"1.0": [0, -5, 0],
						"1.875": [0, 0, 0]
					},
					"scale": {
						"0.0": [1, 1, 1],
						"1.0": [1, 2, 1],
						"1.875": [1, 1, 1]
					}
				},
				"body": {
					"rotation": {
						"0.0": [0, 0, 0],
						"1.0": [2.5, 0, 0],
						"1.875": [0, 0, 0],
						"2.0": [0, 0, 0],
						"3.0": [2.5, 0, 0],
						"4.0": [0, 0, 0]
					},
					"position": {
						"0.0": [0, 0, 0],
						"1.0": [0, 0, -0.5],
						"1.875": [0, 0, 0],
						"3.0": [0, 0, -0.5],
						"4.0": [0, 0, 0]
					}
				},
				"bone2": {
					"position": {
						"0.0": [0, 0, 0],
						"1.0": [0, -6, 0],
						"1.875": [0, 0, 0]
					},
					"scale": {
						"0.0": [1, 1, 1],
						"1.0": [1, 2, 1],
						"1.875": [1, 1, 1]
					}
				},
				"bone8": {
					"rotation": [-5, 0, 0],
					"position": [0, 0.2, 0]
				},
				"bone30": {
					"rotation": [-5, 0, 0],
					"position": [0, 0.2, 0]
				},
				"blue": {
					"position": [0, -0.5, 0]
				},
				"bone7": {
					"position": {
						"2.0": [0, 0, 0],
						"3.0": [0.1, 0.2, 0]
					},
					"scale": {
						"2.0": [1, 1, 1],
						"3.0": [0.95, 0.95, 1]
					}
				},
				"bone11": {
					"position": {
						"2.0": [0, 0, 0],
						"3.0": [0.1, 0.2, 0]
					},
					"scale": {
						"2.0": [1, 1, 1],
						"3.0": [0.95, 0.95, 1]
					}
				}
			}
		},
		"animation.df.move": {
			"loop": true,
			"animation_length": 0.58333,
			"bones": {
				"body": {
					"rotation": {
						"0.0": [20, 0, 0],
						"0.25": [30, 0, 0],
						"0.5": [25, 0, 0],
						"0.5833": [20, 0, 0]
					},
					"position": {
						"0.0": [0, 0, -4],
						"0.25": [0, -1, -6],
						"0.5": [0, -1, -5],
						"0.5833": [0, 0, -4]
					}
				},
				"rightarm": {
					"rotation": {
						"0.0": [54.58682, -8.17773, 5.77509],
						"0.25": [-74.77926, 9.65594, 2.61298],
						"0.5833": [54.58682, -8.17773, 5.77509]
					},
					"position": {
						"0.0": [0, 0, 0],
						"0.25": [0, 0, 0],
						"0.5833": [0, 0, 0]
					}
				},
				"leftarm": {
					"rotation": {
						"0.0": [-70, 0, -10],
						"0.25": [45, 0, -10],
						"0.5833": [-70, 0, -10]
					}
				},
				"bone30": {
					"rotation": {
						"0.0": [-10, 0, 0],
						"0.25": [-45, 0, 0],
						"0.5833": [-10, 0, 0]
					},
					"position": {
						"0.0": [0, 0, 0],
						"0.25": [0, 1.4, 0.6],
						"0.5833": [0, 1, 0]
					}
				},
				"blue": {
					"rotation": {
						"0.0": [15, -0.5, 0],
						"0.2917": [10.32223, 0.3445, 0],
						"0.5833": [15, -0.5, 0]
					}
				},
				"bone8": {
					"rotation": {
						"0.0": [-10, 0, 0],
						"0.25": [-15, 0, 0],
						"0.5": [-10, 0, 0]
					},
					"position": {
						"0.0": [0, 0.35, 0.03],
						"0.25": [0, 0.55, 0.07],
						"0.5": [0, 0.35, 0.03]
					}
				},
				"rightleg": {
					"rotation": {
						"0.0": [-60, 0, 0],
						"0.0417": [-45, 0, 0],
						"0.2917": [55, 0, 0],
						"0.5833": [-60, 0, 0]
					}
				},
				"bone9": {
					"rotation": {
						"0.0": [45, 0, 0],
						"0.0833": [0, 0, 0],
						"0.25": [0, 0, 0],
						"0.5": [45, 0, 0]
					},
					"position": {
						"0.0": [0, 1.4, -0.6],
						"0.0833": [0, 0, 0],
						"0.25": [0, 0, 0],
						"0.5": [0, 1.42, -0.6]
					}
				},
				"leftleg": {
					"rotation": {
						"0.0": [60, 0, 0],
						"0.25": [-60, 0, 0],
						"0.2917": [-45, 0, 0],
						"0.5": [25, 0, 0],
						"0.5833": [60, 0, 0]
					}
				},
				"bone10": {
					"rotation": {
						"0.0": [0, 0, 0],
						"0.25": [35, 0, 0],
						"0.3333": [0, 0, 0],
						"0.5": [0, 0, 0]
					},
					"position": {
						"0.0": [0, 0, 0],
						"0.25": [0, 1.15, -0.35],
						"0.3333": [0, 0, 0],
						"0.5": [0, 0, 0]
					}
				},
				"bone6": {
					"rotation": [0, 0, 0],
					"position": [0, 0, 0]
				}
			}
		},
		"animation.df.attack": {
			"animation_length": 1,
			"bones": {
				"body": {
					"rotation": {
						"0.0": [0, 0, 0],
						"0.25": [5.81675, 12.60818, 0.8455],
						"0.4167": [9.88672, -21.22222, -3.2354],
						"0.5417": [10.27149, -26.14093, -4.1886],
						"0.75": [0, 0, 0]
					},
					"position": {
						"0.0": [0, 0, 0],
						"0.25": [0, 0, -1.2],
						"0.4167": [0, 0, -2],
						"0.5417": [0, 0, -2],
						"0.75": [0, 0, 0]
					}
				},
				"rightarm": {
					"rotation": {
						"0.0": [15, 0, 10],
						"0.25": [-213.61187, 51.32972, -95.60149],
						"0.4167": [-48.28888, 5.36819, -63.0707],
						"0.5833": [-48.84171, -1.8998, -66.59365],
						"1.0": [15, 0, 10]
					},
					"position": {
						"0.0": [0, 0, 0],
						"0.25": [0, 0, 0],
						"0.4167": [0, 0, 0],
						"0.5833": [0, 0, 0]
					}
				},
				"leftarm": {
					"rotation": {
						"0.0": [-15, 0, -10],
						"0.25": [-102.8944, 10.6039, -82.87999],
						"0.4167": [-29.2075, -11.78866, 66.8332],
						"0.5833": [-34.29249, 15.60437, 62.89158],
						"1.0": [-15, 0, -10]
					},
					"position": {
						"0.25": [0, 0, 0],
						"0.4167": [0, 1.25, 0],
						"0.5833": [0, 0.83, 0],
						"1.0": [0, 0, 0]
					}
				},
				"bone30": {
					"rotation": {
						"0.0": [-10, 0, 0],
						"0.5": [-15, 0, 0],
						"1.0": [-10, 0, 0]
					},
					"position": {
						"0.0": [0, 0.35, 0.03],
						"0.5": [0, 0.55, 0.07],
						"1.0": [0, 0.35, 0.03]
					}
				},
				"blue": {
					"rotation": {
						"0.0": [0, -2.5, 0],
						"0.5": [0, 12.5, 0],
						"1.0": [0, -2.5, 0]
					},
					"position": {
						"0.0": [0, -1.5, 0],
						"0.25": [0, -1.5, -2],
						"0.5": [0, -1.5, -1],
						"0.75": [0, -0.5, -2],
						"1.0": [0, -1.5, -2]
					}
				},
				"bone8": {
					"rotation": {
						"0.0": [-15, 0, 0],
						"0.5": [-10, 0, 0],
						"1.0": [-15, 0, 0]
					},
					"position": {
						"0.0": [0, 0.53, 0.07],
						"0.5": [0, 0.35, 0.03],
						"1.0": [0, 0.53, 0.07]
					}
				},
				"rightleg": {
					"rotation": {
						"0.0": [-25, 0, 0],
						"0.25": [25, 0, 0],
						"1.0": [-25, 0, 0]
					}
				},
				"bone9": {
					"rotation": {
						"0.0": [25, 0, 0],
						"0.25": [0, 0, 0],
						"0.5": [25, 0, 0]
					},
					"position": {
						"0.0": [0, 0.85, -0.18],
						"0.25": [0, 0, 0],
						"0.5": [0, 0.85, -0.18]
					}
				},
				"leftleg": {
					"rotation": {
						"0.0": [25, 0, 0],
						"0.25": [-25, 0, 0],
						"1.0": [25, 0, 0]
					}
				},
				"bone10": {
					"rotation": {
						"0.0": [0, 0, 0],
						"0.25": [25, 0, 0],
						"0.5": [0, 0, 0]
					},
					"position": {
						"0.0": [0, 0, 0],
						"0.25": [0, 0.85, -0.18],
						"0.5": [0, 0, 0]
					}
				},
				"bone3": {
					"scale": 1
				},
				"rightitem": {
					"rotation": {
						"0.25": [0, 0, 0],
						"0.4167": [55, 0, 0],
						"0.625": [0, 0, 0]
					},
					"position": {
						"0.25": [0, 0, 0],
						"0.4167": [1, 0, -2],
						"0.625": [0, 0, 0]
					}
				}
			}
		},
		"animation.df.attack2": {
			"animation_length": 1.5,
			"bones": {
				"body": {
					"rotation": {
						"0.0": {
							"post": [0, 0, 0],
							"lerp_mode": "catmullrom"
						},
						"0.25": {
							"post": [6.03119, -19.7274, -2.47085],
							"lerp_mode": "catmullrom"
						},
						"0.4167": {
							"post": [9.32332, -8.89595, -1.07969],
							"lerp_mode": "catmullrom"
						},
						"0.5417": {
							"post": [11.78804, -38.41287, -7.01185],
							"lerp_mode": "catmullrom"
						},
						"0.75": {
							"post": [12.5, -30, 0],
							"lerp_mode": "catmullrom"
						},
						"1.0": {
							"post": [0, 0, 0],
							"lerp_mode": "catmullrom"
						}
					},
					"position": {
						"0.0": {
							"post": [0, 0, 0],
							"lerp_mode": "catmullrom"
						},
						"0.25": {
							"post": [0, 0, -1.2],
							"lerp_mode": "catmullrom"
						},
						"0.4167": {
							"post": [0, 0, -2],
							"lerp_mode": "catmullrom"
						},
						"0.5417": {
							"post": [0, 0, -2],
							"lerp_mode": "catmullrom"
						},
						"0.75": {
							"post": [1, 0, -3],
							"lerp_mode": "catmullrom"
						},
						"1.0": {
							"post": [0, 0, 0],
							"lerp_mode": "catmullrom"
						}
					}
				},
				"rightarm": {
					"rotation": {
						"0.0": {
							"post": [15, 0, 10],
							"lerp_mode": "catmullrom"
						},
						"0.25": {
							"post": [-122.31514, -29.58288, 72.91493],
							"lerp_mode": "catmullrom"
						},
						"0.4167": {
							"post": [28.7062, -11.91636, 57.84633],
							"lerp_mode": "catmullrom"
						},
						"0.5833": {
							"post": [-214.85207, -18.26312, -68.68991],
							"lerp_mode": "catmullrom"
						},
						"0.7083": {
							"post": [-69.94041, -12.01603, -119.03558],
							"lerp_mode": "catmullrom"
						},
						"1.0": {
							"post": [-118.21341, 26.03906, 122.10162],
							"lerp_mode": "catmullrom"
						},
						"1.1667": {
							"post": [49.74663, 28.94791, 99.83867],
							"lerp_mode": "catmullrom"
						},
						"1.5": {
							"post": [15, 0, 10],
							"lerp_mode": "catmullrom"
						}
					},
					"position": {
						"0.0": {
							"post": [0, 0, 0],
							"lerp_mode": "catmullrom"
						},
						"0.25": {
							"post": [0, 0, -2],
							"lerp_mode": "catmullrom"
						},
						"0.4167": {
							"post": [0, 0, 0],
							"lerp_mode": "catmullrom"
						},
						"0.5833": {
							"post": [0, 0, 0],
							"lerp_mode": "catmullrom"
						},
						"0.7083": {
							"post": [0, 0, 0],
							"lerp_mode": "catmullrom"
						}
					}
				},
				"leftarm": {
					"rotation": {
						"0.0": {
							"post": [-15, 0, -10],
							"lerp_mode": "catmullrom"
						},
						"0.25": {
							"post": [-102.8944, 10.6039, -82.87999],
							"lerp_mode": "catmullrom"
						},
						"0.4167": {
							"post": [-29.2075, -11.78866, 66.8332],
							"lerp_mode": "catmullrom"
						},
						"0.5833": {
							"post": [-113.18469, 15.72364, -96.23402],
							"lerp_mode": "catmullrom"
						},
						"1.0": {
							"post": [83.91605, 10.53916, 30.3122],
							"lerp_mode": "catmullrom"
						},
						"1.1667": {
							"post": [57.81561, 33.34818, 0.38865],
							"lerp_mode": "catmullrom"
						},
						"1.5": {
							"post": [-15, 0, -10],
							"lerp_mode": "catmullrom"
						}
					},
					"position": {
						"0.25": {
							"pre": [0, 0, 0],
							"post": [0, 0, 0],
							"lerp_mode": "catmullrom"
						},
						"0.4167": {
							"post": [0, 1.25, 0],
							"lerp_mode": "catmullrom"
						},
						"0.5833": {
							"post": [0, 0.83, 0],
							"lerp_mode": "catmullrom"
						},
						"1.5": {
							"post": [0, 0, 0],
							"lerp_mode": "catmullrom"
						}
					}
				},
				"bone30": {
					"rotation": {
						"0.0": {
							"post": [-10, 0, 0],
							"lerp_mode": "catmullrom"
						},
						"0.5": {
							"post": [-15, 0, 0],
							"lerp_mode": "catmullrom"
						},
						"1.0": {
							"post": [-10, 0, 0],
							"lerp_mode": "catmullrom"
						}
					},
					"position": {
						"0.0": {
							"post": [0, 0.35, 0.03],
							"lerp_mode": "catmullrom"
						},
						"0.5": {
							"post": [0, 0.55, 0.07],
							"lerp_mode": "catmullrom"
						},
						"1.0": {
							"post": [0, 0.35, 0.03],
							"lerp_mode": "catmullrom"
						}
					}
				},
				"blue": {
					"rotation": {
						"0.0": {
							"post": [0, -2.5, 0],
							"lerp_mode": "catmullrom"
						},
						"0.5": {
							"post": [0, 12.5, 0],
							"lerp_mode": "catmullrom"
						},
						"1.0": {
							"post": [0, -2.5, 0],
							"lerp_mode": "catmullrom"
						}
					},
					"position": {
						"0.0": {
							"post": [0, -1.5, 0],
							"lerp_mode": "catmullrom"
						},
						"0.25": {
							"post": [0, -1.5, -2],
							"lerp_mode": "catmullrom"
						},
						"0.5": {
							"post": [0, -1.5, -1],
							"lerp_mode": "catmullrom"
						},
						"0.75": {
							"post": [0, -0.5, -2],
							"lerp_mode": "catmullrom"
						},
						"1.0": {
							"post": [0, -1.5, -2],
							"lerp_mode": "catmullrom"
						}
					}
				},
				"bone8": {
					"rotation": {
						"0.0": {
							"post": [-15, 0, 0],
							"lerp_mode": "catmullrom"
						},
						"0.5": {
							"post": [-10, 0, 0],
							"lerp_mode": "catmullrom"
						},
						"1.0": {
							"post": [-15, 0, 0],
							"lerp_mode": "catmullrom"
						}
					},
					"position": {
						"0.0": {
							"post": [0, 0.53, 0.07],
							"lerp_mode": "catmullrom"
						},
						"0.5": {
							"post": [0, 0.35, 0.03],
							"lerp_mode": "catmullrom"
						},
						"1.0": {
							"post": [0, 0.53, 0.07],
							"lerp_mode": "catmullrom"
						}
					}
				},
				"rightleg": {
					"rotation": {
						"0.0": [-25, 0, 0],
						"0.25": [25, 0, 0],
						"1.0": [-25, 0, 0]
					}
				},
				"bone9": {
					"rotation": {
						"0.0": [25, 0, 0],
						"0.25": [0, 0, 0],
						"0.5": [25, 0, 0]
					},
					"position": {
						"0.0": [0, 0.85, -0.18],
						"0.25": [0, 0, 0],
						"0.5": [0, 0.85, -0.18]
					}
				},
				"leftleg": {
					"rotation": {
						"0.0": [25, 0, 0],
						"0.25": [-25, 0, 0],
						"1.0": [25, 0, 0]
					}
				},
				"bone10": {
					"rotation": {
						"0.0": [0, 0, 0],
						"0.25": [25, 0, 0],
						"0.5": [0, 0, 0]
					},
					"position": {
						"0.0": [0, 0, 0],
						"0.25": [0, 0.85, -0.18],
						"0.5": [0, 0, 0]
					}
				},
				"bone3": {
					"scale": 1
				},
				"rightitem": {
					"rotation": {
						"0.5": {
							"pre": [0, 0, 0],
							"post": [0, 0, 0],
							"lerp_mode": "catmullrom"
						},
						"0.75": {
							"post": [110, 0, 0],
							"lerp_mode": "catmullrom"
						},
						"1.0": {
							"post": [0, 0, 0],
							"lerp_mode": "catmullrom"
						}
					},
					"position": {
						"0.5": {
							"pre": [0, 0, 0],
							"post": [0, 0, 0],
							"lerp_mode": "catmullrom"
						},
						"0.75": {
							"post": [0, -3, -3],
							"lerp_mode": "catmullrom"
						},
						"1.0": {
							"post": [0, 0, 0],
							"lerp_mode": "catmullrom"
						}
					}
				}
			}
		},
		"animation.df.attack3": {
			"animation_length": 1,
			"bones": {
				"body": {
					"rotation": {
						"0.0": [0, 0, 0],
						"0.25": [5.87957, 15.09518, 1.10784],
						"0.4167": [9.73176, -18.75876, -2.78221],
						"0.5417": [10.06648, -23.68018, -3.70199],
						"0.75": [0, 0, 0]
					},
					"position": {
						"0.0": [0, 0, 0],
						"0.25": [0, 0, -1.2],
						"0.4167": [0, 0, -2],
						"0.5417": [0, 0, -2],
						"0.75": [0, 0, 0]
					}
				},
				"rightarm": {
					"rotation": {
						"0.0": [15, 0, 10],
						"0.25": [-170.6, 35.33, -24],
						"0.4167": [-40.97665, 19.78145, -81.73111],
						"0.5833": [87.48079, 8.34441, 126.34307],
						"1.0": [15, 0, 10]
					},
					"position": {
						"0.0": [0, 0, 0],
						"0.25": [0, 0, -2],
						"0.4167": [0, 0, 0],
						"0.5833": [0, 0, 0]
					}
				},
				"leftarm": {
					"rotation": {
						"0.0": [-15, 0, -10],
						"0.25": [-102.8944, 10.6039, -82.87999],
						"0.4167": [-86.90862, 47.31613, -63.16299],
						"0.5833": [-139.17889, 28.75567, -103.23982],
						"1.0": [-15, 0, -10]
					},
					"position": {
						"0.25": [0, 0, 0],
						"0.4167": [0, 1.25, 0],
						"0.5833": [0, 0.83, 0],
						"1.0": [0, 0, 0]
					}
				},
				"bone30": {
					"rotation": {
						"0.0": [-10, 0, 0],
						"0.5": [-15, 0, 0],
						"1.0": [-10, 0, 0]
					},
					"position": {
						"0.0": [0, 0.35, 0.03],
						"0.5": [0, 0.55, 0.07],
						"1.0": [0, 0.35, 0.03]
					}
				},
				"blue": {
					"rotation": {
						"0.0": [0, -2.5, 0],
						"0.5": [0, 12.5, 0],
						"1.0": [0, -2.5, 0]
					},
					"position": {
						"0.0": [0, -1.5, 0],
						"0.25": [0, -1.5, -2],
						"0.5": [0, -1.5, -1],
						"0.75": [0, -0.5, -2],
						"1.0": [0, -1.5, -2]
					}
				},
				"bone8": {
					"rotation": {
						"0.0": [-15, 0, 0],
						"0.5": [-10, 0, 0],
						"1.0": [-15, 0, 0]
					},
					"position": {
						"0.0": [0, 0.53, 0.07],
						"0.5": [0, 0.35, 0.03],
						"1.0": [0, 0.53, 0.07]
					}
				},
				"rightleg": {
					"rotation": {
						"0.0": [-25, 0, 0],
						"0.25": [25, 0, 0],
						"1.0": [-25, 0, 0]
					}
				},
				"bone9": {
					"rotation": {
						"0.0": [25, 0, 0],
						"0.25": [0, 0, 0],
						"0.5": [25, 0, 0]
					},
					"position": {
						"0.0": [0, 0.85, -0.18],
						"0.25": [0, 0, 0],
						"0.5": [0, 0.85, -0.18]
					}
				},
				"leftleg": {
					"rotation": {
						"0.0": [25, 0, 0],
						"0.25": [-25, 0, 0],
						"1.0": [25, 0, 0]
					}
				},
				"bone10": {
					"rotation": {
						"0.0": [0, 0, 0],
						"0.25": [25, 0, 0],
						"0.5": [0, 0, 0]
					},
					"position": {
						"0.0": [0, 0, 0],
						"0.25": [0, 0.85, -0.18],
						"0.5": [0, 0, 0]
					}
				},
				"bone3": {
					"scale": 1
				},
				"rightitem": {
					"rotation": {
						"0.25": [0, 0, 0],
						"0.4167": [82.5, 0, 0],
						"0.5833": [88.75, 0, 0],
						"0.75": [0, 0, 0]
					},
					"position": {
						"0.25": [0, 0, 0],
						"0.4167": [0, -2, -4],
						"0.5833": [0, -1, -3],
						"0.75": [0, 0, 0]
					}
				}
			}
		}
	}
}