{
	"format_version": "1.8.0",
	"animations": {
		"animation.ayhys.yc": {
			"loop": "hold_on_last_frame",
			"animation_length": 1,
			"bones": {
				"body3": {
					"position": {
						"0.0": [-4, 0, 11],
						"0.3333": [0, 0, 0]
					}
				},
				"body2": {
					"rotation": [0, 0, 0],
					"position": {
						"0.0": [-8, 0, 22],
						"0.3333": [0, 0, 0]
					},
					"scale": [1, 1, 1]
				},
				"bone": {
					"position": {
						"0.0": [0, -4, 12],
						"0.3333": [0, 0, 0]
					}
				},
				"bone4": {
					"position": {
						"0.0": [0, -8, 22],
						"0.3333": [0, 0, 0]
					},
					"scale": [1, 1, 1]
				},
				"bone2": {
					"position": {
						"0.0": [2, 2, 12],
						"0.3333": [0, 0, 0]
					}
				},
				"bone3": {
					"position": {
						"0.0": [4, 4, 22],
						"0.3333": [0, 0, 0]
					}
				},
				"bone8": {
					"position": {
						"0.0": [2, -2, -12],
						"0.3333": [0, 0, 0]
					}
				},
				"bone6": {
					"position": {
						"0.0": [0, 4, -11],
						"0.3333": [0, 0, 0]
					}
				},
				"body6": {
					"position": {
						"0.0": [4, 0, -11],
						"0.3333": [0, 0, 0]
					}
				}
			}
		}
	}
}