{
	"format_version": "1.8.0",
	"animations": {
		"animation.red.jy": {
			"animation_length": 0.75,
			"bones": {
				"body": {
					"rotation": [0, 0, 0],
					"position": {
						"0.0": [0, 0, 0],
						"0.2917": [0, -2, 0]
					}
				},
				"rightArm": {
					"rotation": {
						"0.0": [0, 0, 0],
						"0.25": [-100, 0, 0],
						"0.375": [-90, 0, 0]
					}
				},
				"bone": {
					"rotation": [0, 0, 0]
				},
				"leftArm": {
					"rotation": {
						"0.0": [0, 0, 0],
						"0.2917": [-180, 0, 12.5]
					}
				},
				"leftitem": {
					"rotation": {
						"0.0": [0, 0, 0],
						"0.2917": [150, 0, 0]
					}
				},
				"rightLeg": {
					"rotation": {
						"0.0": [0, 0, 0],
						"0.2917": [-30, 0, 0]
					},
					"position": {
						"0.0": [0, 0, 0],
						"0.2917": [0, -2, 0]
					},
					"scale": 1
				},
				"bone4": {
					"rotation": {
						"0.0": [0, 0, 0],
						"0.2917": [30, 0, 0]
					},
					"position": {
						"0.0": [0, 0, 0],
						"0.2917": [0, 1, -0.25]
					}
				},
				"leftLeg": {
					"rotation": {
						"0.0": [0, 0, 0],
						"0.2917": [-30, -20, 0]
					},
					"position": {
						"0.0": [0, 0, 0],
						"0.2917": [0, -2, 0]
					}
				},
				"bone6": {
					"rotation": {
						"0.0": [0, 0, 0],
						"0.2917": [30, 0, 0]
					},
					"position": {
						"0.0": [0, 0, 0],
						"0.2917": [0, 1, -0.25]
					}
				},
				"rightitem": {
					"rotation": {
						"0.0": [0, 0, 0],
						"0.375": [90, 0, 0]
					},
					"position": {
						"0.0": [0, 0, 0],
						"0.375": [0, 0, -1]
					}
				}
			}
		}
	}
}