{
	"format_version": "1.8.0",
	"animations": {
		"animation.klm.move": {
			"loop": true,
			"animation_length": 0.5,
			"bones": {
				"body": {
					"rotation": {
						"0.0": {
							"post": [2.5, 0, 0],
							"lerp_mode": "catmullrom"
						},
						"0.25": {
							"post": [0, 0, 0],
							"lerp_mode": "catmullrom"
						},
						"0.5": {
							"post": [2.5, 0, 0],
							"lerp_mode": "catmullrom"
						}
					}
				},
				"Neck": {
					"rotation": {
						"0.0": {
							"post": [10, 0, 0],
							"lerp_mode": "catmullrom"
						},
						"0.25": {
							"post": [0, 0, 0],
							"lerp_mode": "catmullrom"
						},
						"0.5": {
							"post": [10, 0, 0],
							"lerp_mode": "catmullrom"
						}
					},
					"position": {
						"0.0": {
							"post": [0, -2, 0],
							"lerp_mode": "catmullrom"
						},
						"0.25": {
							"post": [0, 0, 0],
							"lerp_mode": "catmullrom"
						},
						"0.5": {
							"post": [0, -2, 0],
							"lerp_mode": "catmullrom"
						}
					}
				},
				"B": {
					"rotation": {
						"0.0": {
							"post": [0, 0, 0],
							"lerp_mode": "catmullrom"
						},
						"0.25": {
							"post": [-5, 0, 0],
							"lerp_mode": "catmullrom"
						},
						"0.5": {
							"post": [0, 0, 0],
							"lerp_mode": "catmullrom"
						}
					}
				},
				"TailA": {
					"rotation": {
						"0.0": [0, 0, 0],
						"0.25": [37.5, 0, 0],
						"0.5": [0, 0, 0]
					}
				},
				"head": {
					"rotation": {
						"0.0": {
							"post": [-10, 0, 0],
							"lerp_mode": "catmullrom"
						},
						"0.25": {
							"post": [0, 0, 0],
							"lerp_mode": "catmullrom"
						},
						"0.5": {
							"post": [-10, 0, 0],
							"lerp_mode": "catmullrom"
						}
					},
					"position": {
						"0.0": {
							"post": [0, -2, -2],
							"lerp_mode": "catmullrom"
						},
						"0.25": {
							"post": [0, 0, -0.25],
							"lerp_mode": "catmullrom"
						},
						"0.5": {
							"post": [0, -2, -2],
							"lerp_mode": "catmullrom"
						}
					}
				},
				"leg4": {
					"rotation": {
						"0.0": {
							"post": [-45, 0, 0],
							"lerp_mode": "catmullrom"
						},
						"0.25": {
							"post": [25, 0, 0],
							"lerp_mode": "catmullrom"
						},
						"0.5": {
							"post": [-45, 0, 0],
							"lerp_mode": "catmullrom"
						}
					}
				},
				"Leg4B": {
					"rotation": {
						"0.0": {
							"post": [0, 0, 0],
							"lerp_mode": "catmullrom"
						},
						"0.0833": {
							"post": [-1.67, 0, 0],
							"lerp_mode": "catmullrom"
						},
						"0.25": {
							"post": [40, 0, 0],
							"lerp_mode": "catmullrom"
						},
						"0.5": {
							"post": [0, 0, 0],
							"lerp_mode": "catmullrom"
						}
					},
					"position": {
						"0.0": {
							"post": [0, 0, 0],
							"lerp_mode": "catmullrom"
						},
						"0.25": {
							"post": [0, 1, 0],
							"lerp_mode": "catmullrom"
						},
						"0.5": {
							"post": [0, 0, 0],
							"lerp_mode": "catmullrom"
						}
					}
				},
				"leg3": {
					"rotation": {
						"0.0": {
							"post": [-30, 0, 0],
							"lerp_mode": "catmullrom"
						},
						"0.0833": {
							"post": [-45.83, 0, 0],
							"lerp_mode": "catmullrom"
						},
						"0.2917": {
							"post": [30, 0, 0],
							"lerp_mode": "catmullrom"
						},
						"0.5": {
							"post": [-30, 0, 0],
							"lerp_mode": "catmullrom"
						}
					}
				},
				"Leg3B": {
					"rotation": {
						"0.0": {
							"post": [40, 0, 0],
							"lerp_mode": "catmullrom"
						},
						"0.25": {
							"post": [42.5, 0, 0],
							"lerp_mode": "catmullrom"
						},
						"0.3333": {
							"post": [-1.67, 0, 0],
							"lerp_mode": "catmullrom"
						},
						"0.5": {
							"post": [40, 0, 0],
							"lerp_mode": "catmullrom"
						}
					},
					"position": {
						"0.0": {
							"post": [0, 1, -1],
							"lerp_mode": "catmullrom"
						},
						"0.25": {
							"post": [0, 1, -1],
							"lerp_mode": "catmullrom"
						},
						"0.5": {
							"post": [0, 1, -1],
							"lerp_mode": "catmullrom"
						}
					}
				},
				"leg2": {
					"rotation": {
						"0.0": {
							"post": [42.5, 0, 0],
							"lerp_mode": "catmullrom"
						},
						"0.25": {
							"post": [-37.5, 0, 0],
							"lerp_mode": "catmullrom"
						},
						"0.5": {
							"post": [42.5, 0, 0],
							"lerp_mode": "catmullrom"
						}
					},
					"position": {
						"0.0": [0, 0, 0],
						"0.25": [0, -1, 0],
						"0.5": [0, 0, 0]
					}
				},
				"Leg2B": {
					"rotation": {
						"0.0": {
							"post": [12.5, 0, 0],
							"lerp_mode": "catmullrom"
						},
						"0.25": {
							"post": [57.5, 0, 0],
							"lerp_mode": "catmullrom"
						},
						"0.3333": {
							"post": [23.89, 0, 0],
							"lerp_mode": "catmullrom"
						},
						"0.5": {
							"post": [5, 0, 0],
							"lerp_mode": "catmullrom"
						}
					},
					"position": {
						"0.0": {
							"post": [0, 1, 0],
							"lerp_mode": "catmullrom"
						},
						"0.25": {
							"post": [0, 1, 0],
							"lerp_mode": "catmullrom"
						},
						"0.5": {
							"post": [0, 1, 0],
							"lerp_mode": "catmullrom"
						}
					}
				},
				"leg1": {
					"rotation": {
						"0.0": {
							"post": [35, 0, 0],
							"lerp_mode": "catmullrom"
						},
						"0.25": {
							"post": [-40, 0, 0],
							"lerp_mode": "catmullrom"
						},
						"0.5": {
							"post": [35, 0, 0],
							"lerp_mode": "catmullrom"
						}
					},
					"position": {
						"0.0": [0, 0, 0],
						"0.25": [0, -1, 0],
						"0.5": [0, 0, 0]
					}
				},
				"Leg1B": {
					"rotation": {
						"0.0": {
							"post": [12.5, 0, 0],
							"lerp_mode": "catmullrom"
						},
						"0.0833": {
							"post": [-7.67, 0, 0],
							"lerp_mode": "catmullrom"
						},
						"0.25": {
							"post": [45, 0, 0],
							"lerp_mode": "catmullrom"
						},
						"0.5": {
							"post": [0, 0, 0],
							"lerp_mode": "catmullrom"
						}
					},
					"position": {
						"0.0": {
							"post": [0, 0, 0],
							"lerp_mode": "catmullrom"
						},
						"0.25": {
							"post": [0, 1, 0],
							"lerp_mode": "catmullrom"
						},
						"0.5": {
							"post": [0, 0, 0],
							"lerp_mode": "catmullrom"
						}
					}
				},
				"Leg1A": {
					"position": {
						"0.0": [0, 0, 0],
						"0.25": [0, 0, 0],
						"0.5": [0, 0, 0]
					}
				}
			}
		}
	}
}