{
	"format_version": "1.8.0",
	"animations": {
		"animation.kls.dj": {
			"loop": true,
			"animation_length": 4,
			"start_delay": "0",
			"loop_delay": "0",
			"bones": {
				"head": {
					"position": [0, 0, 0]
				},
				"leftarm": {
					"rotation": {
						"0.0": [0, 0, -5],
						"1.0": [0, 0, -7.5],
						"2.0": [0, 0, -5],
						"3.0": [0, 0, -7.5],
						"4.0": [0, 0, -5]
					}
				},
				"rightarm": {
					"rotation": {
						"0.0": [0, 0, 5],
						"1.0": [0, 0, 7.5],
						"2.0": [0, 0, 5],
						"3.0": [0, 0, 7.5],
						"4.0": [0, 0, 5]
					}
				},
				"leftleg": {
					"rotation": [-5, 0, -5]
				},
				"bone10": {
					"rotation": [5, 0, 0],
					"position": [0, 0.2, 0]
				},
				"rightleg": {
					"rotation": [-5, 0, 5]
				},
				"bone9": {
					"rotation": [5, 0, 0],
					"position": [0, 0.2, 0]
				},
				"bone": {
					"position": {
						"0.0": [0, 0, 0],
						"1.0": [0, -5, 0],
						"1.875": [0, 0, 0]
					},
					"scale": {
						"0.0": [1, 1, 1],
						"1.0": [1, 2, 1],
						"1.875": [1, 1, 1]
					}
				},
				"body": {
					"rotation": {
						"0.0": [0, 0, 0],
						"1.0": [2.5, 0, 0],
						"1.875": [0, 0, 0],
						"2.0": [0, 0, 0],
						"3.0": [2.5, 0, 0],
						"4.0": [0, 0, 0]
					},
					"position": {
						"0.0": [0, 0, 0],
						"1.0": [0, 0, -0.5],
						"1.875": [0, 0, 0],
						"3.0": [0, 0, -0.5],
						"4.0": [0, 0, 0]
					}
				},
				"bone2": {
					"position": {
						"0.0": [0, 0, 0],
						"1.0": [0, -6, 0],
						"1.875": [0, 0, 0]
					},
					"scale": {
						"0.0": [1, 1, 1],
						"1.0": [1, 2, 1],
						"1.875": [1, 1, 1]
					}
				},
				"bone8": {
					"rotation": [-5, 0, 0],
					"position": [0, 0.2, 0]
				},
				"bone30": {
					"rotation": [-5, 0, 0],
					"position": [0, 0.2, 0]
				},
				"blue": {
					"position": [0, -0.5, 0]
				},
				"bone7": {
					"position": {
						"2.0": [0, 0, 0],
						"3.0": [1, 2.2, 0],
						"3.75": [0, 0, 0]
					},
					"scale": {
						"2.0": [1, 1, 1],
						"3.0": [0.5, 0.5, 1],
						"3.75": [1, 1, 1]
					}
				},
				"bone11": {
					"position": {
						"2.0": [0, 0, 0],
						"3.0": [1, 2.2, 0],
						"3.75": [0, 0, 0]
					},
					"scale": {
						"2.0": [1, 1, 1],
						"3.0": [0.5, 0.5, 1],
						"3.75": [1, 1, 1]
					}
				},
				"bone3": {
					"position": {
						"2.0": [0, 0, 0],
						"3.0": [0, -2.5, 0],
						"3.75": [0, 0, 0]
					},
					"scale": {
						"2.0": [1, 1, 1],
						"3.0": [1, 1.5, 1],
						"3.75": [1, 1, 1]
					}
				},
				"bone4": {
					"position": {
						"2.0": [0, 0, 0],
						"3.0": [0, -2.5, 0],
						"3.75": [0, 0, 0]
					},
					"scale": {
						"2.0": [1, 1, 1],
						"3.0": [1, 1.5, 1],
						"3.75": [1, 1, 1]
					}
				}
			}
		},
		"animation.kls.attack": {
			"animation_length": 1,
			"bones": {
				"body": {
					"rotation": {
						"0.0": [0, 0, 0],
						"0.25": [7.78295, -19.12566, -7.73439],
						"0.4167": [14.57399, 15.77539, 3.00013],
						"0.5417": [9.228, 3.44608, 0.93576],
						"0.75": [0, 0, 0]
					},
					"position": {
						"0.0": [0, 0, 0],
						"0.25": [-1, 0, -1.2],
						"0.4167": [0, -1, -3],
						"0.5417": [0, 0, -2],
						"0.75": [0, 0, 0]
					}
				},
				"rightarm": {
					"rotation": {
						"0.0": [15, 0, 10],
						"0.25": [-113.74123, -5.16814, 74.18536],
						"0.4167": [-0.38617, -0.55858, 57.81797],
						"0.5833": [34.98581, -6.24898, 41.25677],
						"1.0": [15, 0, 10]
					}
				},
				"leftarm": {
					"rotation": {
						"0.0": [-15, 0, -10],
						"0.25": [-93.49814, 35.56657, -84.38329],
						"0.375": [-45.71571, 30.00239, 46.45683],
						"1.0": [-15, 0, -10]
					}
				},
				"bone30": {
					"rotation": {
						"0.0": [-10, 0, 0],
						"0.5": [-15, 0, 0],
						"1.0": [-10, 0, 0]
					},
					"position": {
						"0.0": [0, 0.35, 0.03],
						"0.5": [0, 0.55, 0.07],
						"1.0": [0, 0.35, 0.03]
					}
				},
				"blue": {
					"rotation": {
						"0.0": [0, -2.5, 0],
						"0.5": [0, 2.5, 0],
						"1.0": [0, -2.5, 0]
					},
					"position": {
						"0.0": [0, -1.5, 0],
						"0.25": [0, -1.5, -2],
						"0.5": [0, -1.5, -1],
						"0.75": [0, -0.5, -2],
						"1.0": [0, -1.5, -2]
					}
				},
				"bone8": {
					"rotation": {
						"0.0": [-15, 0, 0],
						"0.5": [-10, 0, 0],
						"1.0": [-15, 0, 0]
					},
					"position": {
						"0.0": [0, 0.53, 0.07],
						"0.5": [0, 0.35, 0.03],
						"1.0": [0, 0.53, 0.07]
					}
				},
				"rightleg": {
					"rotation": {
						"0.0": [-25, 0, 0],
						"0.25": [25, 0, 0],
						"1.0": [-25, 0, 0]
					}
				},
				"bone9": {
					"rotation": {
						"0.0": [25, 0, 0],
						"0.25": [0, 0, 0],
						"0.5": [25, 0, 0]
					},
					"position": {
						"0.0": [0, 0.85, -0.18],
						"0.25": [0, 0, 0],
						"0.5": [0, 0.85, -0.18]
					}
				},
				"leftleg": {
					"rotation": {
						"0.0": [25, 0, 0],
						"0.25": [-25, 0, 0],
						"1.0": [25, 0, 0]
					}
				},
				"bone10": {
					"rotation": {
						"0.0": [0, 0, 0],
						"0.25": [25, 0, 0],
						"0.5": [0, 0, 0]
					},
					"position": {
						"0.0": [0, 0, 0],
						"0.25": [0, 0.85, -0.18],
						"0.5": [0, 0, 0]
					}
				},
				"bone3": {
					"scale": 1
				}
			}
		},
		"animation.kls.attack2": {
			"animation_length": 1,
			"bones": {
				"body": {
					"rotation": {
						"0.0": [0, 0, 0],
						"0.25": [12.36684, 38.95408, -6.71425],
						"0.4167": [-7.60311, -49.9809, -7.51943],
						"0.5417": [9.228, 3.44608, 0.93576],
						"0.75": [0, 0, 0]
					},
					"position": {
						"0.0": [0, 0, 0],
						"0.25": [-3, -1, -1.2],
						"0.4167": [-3, -1, -1],
						"0.5417": [0, 0, -2],
						"0.75": [0, 0, 0]
					}
				},
				"rightarm": {
					"rotation": {
						"0.0": [15, 0, 10],
						"0.25": [-98.53398, 6.26995, -103.55927],
						"0.4167": [-63.47154, 16.5607, -115.51744],
						"0.5833": [34.98581, -6.24898, 41.25677],
						"1.0": [15, 0, 10]
					}
				},
				"leftarm": {
					"rotation": {
						"0.0": [-15, 0, -10],
						"0.25": [-135.99814, 35.56657, -84.38329],
						"0.375": [-45.71571, 30.00239, 46.45683],
						"1.0": [-15, 0, -10]
					},
					"position": {
						"0.0": [0, 0, 0],
						"0.25": [-2, -1, -2],
						"0.375": [0, 0, 0]
					}
				},
				"bone30": {
					"rotation": {
						"0.0": [-10, 0, 0],
						"0.5": [-15, 0, 0],
						"1.0": [-10, 0, 0]
					},
					"position": {
						"0.0": [0, 0.35, 0.03],
						"0.5": [0, 0.55, 0.07],
						"1.0": [0, 0.35, 0.03]
					}
				},
				"blue": {
					"rotation": {
						"0.0": [0, -2.5, 0],
						"0.5": [0, 2.5, 0],
						"1.0": [0, -2.5, 0]
					},
					"position": {
						"0.0": [0, -1.5, 0],
						"0.25": [0, -1.5, -2],
						"0.5": [0, -1.5, -1],
						"0.75": [0, -0.5, -2],
						"1.0": [0, -1.5, -2]
					}
				},
				"bone8": {
					"rotation": {
						"0.0": [-15, 0, 0],
						"0.5": [-10, 0, 0],
						"1.0": [-15, 0, 0]
					},
					"position": {
						"0.0": [0, 0.53, 0.07],
						"0.5": [0, 0.35, 0.03],
						"1.0": [0, 0.53, 0.07]
					}
				},
				"rightleg": {
					"rotation": {
						"0.0": [-25, 0, 0],
						"0.25": [25, 0, 0],
						"0.4167": [13.89, 0, 0],
						"0.5833": [2.78, 0, 0],
						"1.0": [-25, 0, 0]
					},
					"position": {
						"0.0": [0, 0, 0],
						"0.25": [0, 0, 2],
						"0.4167": [0, 0, -3.44],
						"0.5833": [0, 0, 0.54],
						"1.0": [0, 0, 0]
					}
				},
				"bone9": {
					"rotation": {
						"0.0": [25, 0, 0],
						"0.25": [0, 0, 0],
						"0.5": [25, 0, 0]
					},
					"position": {
						"0.0": [0, 0.85, -0.18],
						"0.25": [0, 0, 0],
						"0.5": [0, 0.85, -0.18]
					}
				},
				"leftleg": {
					"rotation": {
						"0.0": [25, 0, 0],
						"0.25": [-25, 0, 0],
						"1.0": [25, 0, 0]
					}
				},
				"bone10": {
					"rotation": {
						"0.0": [0, 0, 0],
						"0.25": [25, 0, 0],
						"0.5": [0, 0, 0]
					},
					"position": {
						"0.0": [0, 0, 0],
						"0.25": [0, 0.85, -0.18],
						"0.5": [0, 0, 0]
					}
				},
				"bone3": {
					"scale": 1
				},
				"rightitem": {
					"rotation": {
						"0.25": [0, 0, 0],
						"0.4167": [77.5, 0, 0]
					},
					"position": {
						"0.25": [0, 0, 0],
						"0.4167": [0, 0, -2]
					}
				}
			}
		},
		"animation.kls.attack3": {
			"animation_length": 1,
			"override_previous_animation": true,
			"bones": {
				"body": {
					"rotation": {
						"0.0": [0, 0, 0],
						"0.25": [5.76604, 10.12094, 0.58821],
						"0.4167": [20.5122, -5.48139, -10.55477],
						"0.5417": [9.681, 1.79935, 10.80995],
						"0.75": [0, 0, 0]
					},
					"position": {
						"0.0": [0, 0, 0],
						"0.25": [0, 0, -1.2],
						"0.4167": [-2, -1, -4],
						"0.5417": [2, -1, -2],
						"0.75": [0, 0, 0]
					}
				},
				"rightarm": {
					"rotation": {
						"0.0": [15, 0, 10],
						"0.25": [-122.31514, -29.58288, 72.91493],
						"0.4167": [20.81203, 1.53554, 88.33548],
						"0.5833": [44.0549, -3.63622, 87.39888],
						"1.0": [15, 0, 10]
					},
					"position": {
						"0.0": [0, 0, 0],
						"0.25": [0, 0, -2],
						"0.4167": [0, 0, 0],
						"0.5833": [0, 0, 0]
					}
				},
				"leftarm": {
					"rotation": {
						"0.0": [-15, 0, -10],
						"0.25": [-102.8944, 10.6039, -82.87999],
						"0.4167": [-29.2075, -11.78866, 66.8332],
						"0.5833": [-34.29249, 15.60437, 62.89158],
						"1.0": [-15, 0, -10]
					},
					"position": {
						"0.25": [0, 0, 0],
						"0.4167": [0, 1.25, 0],
						"0.5833": [0, 0.83, 0],
						"1.0": [0, 0, 0]
					}
				},
				"bone30": {
					"rotation": {
						"0.0": [-10, 0, 0],
						"0.5": [-15, 0, 0],
						"1.0": [-10, 0, 0]
					},
					"position": {
						"0.0": [0, 0.35, 0.03],
						"0.5": [0, 0.55, 0.07],
						"1.0": [0, 0.35, 0.03]
					}
				},
				"blue": {
					"rotation": {
						"0.0": [0, -2.5, 0],
						"0.25": [0, 5, 0],
						"0.4167": [0, 147.5, 0],
						"0.5833": [0.32652, 362.4786, 7.50706],
						"0.9583": [0.00327, 362.50184, 0.00293]
					},
					"position": {
						"0.0": [0, -1.5, 0],
						"0.25": [0, -1.5, -2],
						"0.4167": [0, 3.5, -1],
						"0.5833": [0, 1.5, -2],
						"0.9583": [0, -1.5, -2]
					}
				},
				"bone8": {
					"rotation": {
						"0.0": [-15, 0, 0],
						"0.5": [-10, 0, 0],
						"1.0": [-15, 0, 0]
					},
					"position": {
						"0.0": [0, 0.53, 0.07],
						"0.5": [0, 0.35, 0.03],
						"1.0": [0, 0.53, 0.07]
					}
				},
				"rightleg": {
					"rotation": {
						"0.0": [-25, 0, 0],
						"0.25": [25, 0, 0],
						"1.0": [-25, 0, 0]
					}
				},
				"bone9": {
					"rotation": {
						"0.0": [25, 0, 0],
						"0.25": [0, 0, 0],
						"0.5": [25, 0, 0]
					},
					"position": {
						"0.0": [0, 0.85, -0.18],
						"0.25": [0, 0, 0],
						"0.5": [0, 0.85, -0.18]
					}
				},
				"leftleg": {
					"rotation": {
						"0.0": [25, 0, 0],
						"0.25": [-25, 0, 0],
						"1.0": [25, 0, 0]
					}
				},
				"bone10": {
					"rotation": {
						"0.0": [0, 0, 0],
						"0.25": [25, 0, 0],
						"0.5": [0, 0, 0]
					},
					"position": {
						"0.0": [0, 0, 0],
						"0.25": [0, 0.85, -0.18],
						"0.5": [0, 0, 0]
					}
				},
				"bone3": {
					"scale": 1
				}
			}
		},
		"animation.kls.move": {
			"loop": true,
			"animation_length": 0.58333,
			"bones": {
				"body": {
					"rotation": {
						"0.0": [10, 0, 0],
						"0.25": [20, 0, 0],
						"0.5": [15, 0, 0],
						"0.5833": [10, 0, 0]
					},
					"position": {
						"0.0": [0, 0, -2],
						"0.25": [0, -1, -4],
						"0.5": [0, 0, -3],
						"0.5833": [0, 0, -2]
					}
				},
				"rightarm": {
					"rotation": {
						"0.0": [54.58682, -8.17773, 5.77509],
						"0.25": [-74.77926, 9.65594, 2.61298],
						"0.5833": [54.58682, -8.17773, 5.77509]
					},
					"position": {
						"0.0": [0, 0, 0],
						"0.25": [0, 0, 0],
						"0.5833": [0, 0, 0]
					}
				},
				"leftarm": {
					"rotation": {
						"0.0": [-70, 0, -10],
						"0.25": [45, 0, -10],
						"0.5833": [-70, 0, -10]
					}
				},
				"bone30": {
					"rotation": {
						"0.0": [-10, 0, 0],
						"0.25": [-45, 0, 0],
						"0.5833": [-10, 0, 0]
					},
					"position": {
						"0.0": [0, 0.35, 0.05],
						"0.25": [0, 1.4, 0.6],
						"0.5833": [0, 0.35, 0.05]
					}
				},
				"blue": {
					"rotation": {
						"0.0": [15, -0.5, 0],
						"0.2917": [10.32223, 0.3445, 0],
						"0.5833": [15, -0.5, 0]
					}
				},
				"bone8": {
					"rotation": {
						"0.0": [-35, 0, 0],
						"0.25": [-15, 0, 0],
						"0.5": [-10, 0, 0],
						"0.5833": [-35, 0, 0]
					},
					"position": {
						"0.0": [0, 1.15, 0.37],
						"0.25": [0, 0.55, 0.07],
						"0.5": [0, 0.35, 0.03],
						"0.5833": [0, 1.15, 0.37]
					}
				},
				"rightleg": {
					"rotation": {
						"0.0": [-60, 0, 0],
						"0.0417": [-45, 0, 0],
						"0.2917": [55, 0, 0],
						"0.5833": [-60, 0, 0]
					}
				},
				"bone9": {
					"rotation": {
						"0.0": [45, 0, 0],
						"0.0833": [0, 0, 0],
						"0.25": [0, 0, 0],
						"0.5": [45, 0, 0]
					},
					"position": {
						"0.0": [0, 1.4, -0.6],
						"0.0833": [0, 0, 0],
						"0.25": [0, 0, 0],
						"0.5": [0, 1.42, -0.6]
					}
				},
				"leftleg": {
					"rotation": {
						"0.0": [60, 0, 0],
						"0.25": [-60, 0, 0],
						"0.2917": [-45, 0, 0],
						"0.5": [25, 0, 0],
						"0.5833": [60, 0, 0]
					}
				},
				"bone10": {
					"rotation": {
						"0.0": [0, 0, 0],
						"0.25": [35, 0, 0],
						"0.3333": [0, 0, 0],
						"0.5": [0, 0, 0]
					},
					"position": {
						"0.0": [0, 0, 0],
						"0.25": [0, 1.15, -0.35],
						"0.3333": [0, 0, 0],
						"0.5": [0, 0, 0]
					}
				},
				"bone6": {
					"rotation": [0, 0, 0],
					"position": [0, 0, 0]
				}
			}
		}
	}
}