{
	"format_version": "1.8.0",
	"animations": {
		"animation.kuilei.dj": {
			"loop": true,
			"animation_length": 4,
			"start_delay": "0",
			"loop_delay": "0",
			"bones": {
				"head": {
					"position": [0, 0, 0]
				},
				"leftarm": {
					"rotation": {
						"0.0": [0, 0, -5],
						"1.0": [0, 0, -7.5],
						"2.0": [0, 0, -5],
						"3.0": [0, 0, -7.5],
						"4.0": [0, 0, -5]
					}
				},
				"rightarm": {
					"rotation": {
						"0.0": [0, 0, 5],
						"1.0": [0, 0, 7.5],
						"2.0": [0, 0, 5],
						"3.0": [0, 0, 7.5],
						"4.0": [0, 0, 5]
					}
				},
				"leftleg": {
					"rotation": [-5, 0, -5]
				},
				"bone10": {
					"rotation": [5, 0, 0],
					"position": [0, 0.2, 0]
				},
				"rightleg": {
					"rotation": [-5, 0, 5]
				},
				"bone9": {
					"rotation": [5, 0, 0],
					"position": [0, 0.2, 0]
				},
				"bone": {
					"position": {
						"0.0": [0, 0, 0],
						"1.0": [0, -5, 0],
						"1.875": [0, 0, 0]
					},
					"scale": {
						"0.0": [1, 1, 1],
						"1.0": [1, 2, 1],
						"1.875": [1, 1, 1]
					}
				},
				"body": {
					"rotation": {
						"0.0": [0, 0, 0],
						"1.0": [2.5, 0, 0],
						"1.875": [0, 0, 0],
						"2.0": [0, 0, 0],
						"3.0": [2.5, 0, 0],
						"4.0": [0, 0, 0]
					},
					"position": {
						"0.0": [0, 0, 0],
						"1.0": [0, 0, -0.5],
						"1.875": [0, 0, 0],
						"3.0": [0, 0, -0.5],
						"4.0": [0, 0, 0]
					}
				},
				"bone2": {
					"position": {
						"0.0": [0, 0, 0],
						"1.0": [0, -6, 0],
						"1.875": [0, 0, 0]
					},
					"scale": {
						"0.0": [1, 1, 1],
						"1.0": [1, 2, 1],
						"1.875": [1, 1, 1]
					}
				},
				"bone8": {
					"rotation": [-5, 0, 0],
					"position": [0, 0.2, 0]
				},
				"bone30": {
					"rotation": [-5, 0, 0],
					"position": [0, 0.2, 0]
				},
				"blue": {
					"position": [0, -0.5, 0]
				},
				"bone7": {
					"position": {
						"2.0": [0, 0, 0],
						"3.0": [1, 2.2, 0]
					},
					"scale": {
						"2.0": [1, 1, 1],
						"3.0": [0.5, 0.5, 1]
					}
				},
				"bone11": {
					"position": {
						"2.0": [0, 0, 0],
						"3.0": [1, 2.2, 0]
					},
					"scale": {
						"2.0": [1, 1, 1],
						"3.0": [0.5, 0.5, 1]
					}
				}
			}
		},
		"animation.kuilei.gd": {
			"animation_length": 1,
			"bones": {
				"body": {
					"rotation": {
						"0.0": [0, 0, 0],
						"0.25": [5.76, -9.78, -1.41],
						"0.4167": [9.32332, -8.89595, -1.07969],
						"0.5417": [9.228, 3.44608, 0.93576],
						"0.75": [0, 0, 0]
					},
					"position": {
						"0.0": [0, 0, 0],
						"0.25": [0, 0, -1.2],
						"0.4167": [0, 0, -2],
						"0.5417": [0, 0, -2],
						"0.75": [0, 0, 0]
					}
				},
				"rightarm": {
					"rotation": {
						"0.0": [15, 0, 10],
						"0.25": [-56.68154, -31.00645, 28.23888],
						"0.75": [-58.07352, -36.37827, 15.0019],
						"1.0": [15, 0, 10]
					}
				},
				"leftarm": {
					"rotation": {
						"0.0": [-15, 0, -10],
						"0.25": [-84.36449, 60.80449, -53.14638],
						"0.75": [-35.2921, 35.40972, 16.22026],
						"1.0": [-15, 0, -10]
					}
				},
				"bone30": {
					"rotation": {
						"0.0": [-10, 0, 0],
						"0.25": [-15, 0, 0],
						"0.75": [-11.67, 0, 0],
						"1.0": [-10, 0, 0]
					},
					"position": {
						"0.0": [0, 0.35, 0.03],
						"0.25": [0, 0.55, 0.07],
						"0.75": [0, 0.42, 0.04],
						"1.0": [0, 0.35, 0.03]
					}
				},
				"blue": {
					"rotation": {
						"0.0": [0, -2.5, 0],
						"0.5": [0, 2.5, 0],
						"1.0": [0, -2.5, 0]
					},
					"position": {
						"0.0": [0, -1.5, 0],
						"0.25": [0, -1.5, -2],
						"0.5": [0, -1.5, -1],
						"0.75": [0, -0.5, -2],
						"1.0": [0, -1.5, -2]
					}
				},
				"bone8": {
					"rotation": {
						"0.0": [-15, 0, 0],
						"0.5": [-10, 0, 0],
						"1.0": [-15, 0, 0]
					},
					"position": {
						"0.0": [0, 0.53, 0.07],
						"0.5": [0, 0.35, 0.03],
						"1.0": [0, 0.53, 0.07]
					}
				},
				"rightleg": {
					"rotation": {
						"0.0": [-25, 0, 0],
						"0.25": [25, 0, 0],
						"1.0": [-25, 0, 0]
					}
				},
				"bone9": {
					"rotation": {
						"0.0": [25, 0, 0],
						"0.25": [0, 0, 0],
						"0.5": [25, 0, 0]
					},
					"position": {
						"0.0": [0, 0.85, -0.18],
						"0.25": [0, 0, 0],
						"0.5": [0, 0.85, -0.18]
					}
				},
				"leftleg": {
					"rotation": {
						"0.0": [25, 0, 0],
						"0.25": [-25, 0, 0],
						"1.0": [25, 0, 0]
					}
				},
				"bone10": {
					"rotation": {
						"0.0": [0, 0, 0],
						"0.25": [25, 0, 0],
						"0.5": [0, 0, 0]
					},
					"position": {
						"0.0": [0, 0, 0],
						"0.25": [0, 0.85, -0.18],
						"0.5": [0, 0, 0]
					}
				},
				"bone3": {
					"scale": 1
				}
			}
		},
		"animation.kuilei.attack": {
			"animation_length": 1,
			"bones": {
				"body": {
					"rotation": {
						"0.0": [0, 0, 0],
						"0.25": [5.76, -9.78, -1.41],
						"0.4167": [9.32332, -8.89595, -1.07969],
						"0.5417": [9.228, 3.44608, 0.93576],
						"0.75": [0, 0, 0]
					},
					"position": {
						"0.0": [0, 0, 0],
						"0.25": [0, 0, -1.2],
						"0.4167": [0, 0, -2],
						"0.5417": [0, 0, -2],
						"0.75": [0, 0, 0]
					}
				},
				"rightarm": {
					"rotation": {
						"0.0": [15, 0, 10],
						"0.25": [-111.2938, -11.91636, 57.84633],
						"0.4167": [-0.38617, -0.55858, 57.81797],
						"0.5833": [34.98581, -6.24898, 41.25677],
						"1.0": [15, 0, 10]
					}
				},
				"leftarm": {
					"rotation": {
						"0.0": [-15, 0, -10],
						"0.25": [-93.49814, 35.56657, -84.38329],
						"0.375": [18.06431, 7.43547, -39.14743],
						"1.0": [-15, 0, -10]
					}
				},
				"bone30": {
					"rotation": {
						"0.0": [-10, 0, 0],
						"0.5": [-15, 0, 0],
						"1.0": [-10, 0, 0]
					},
					"position": {
						"0.0": [0, 0.35, 0.03],
						"0.5": [0, 0.55, 0.07],
						"1.0": [0, 0.35, 0.03]
					}
				},
				"blue": {
					"rotation": {
						"0.0": [0, -2.5, 0],
						"0.5": [0, 2.5, 0],
						"1.0": [0, -2.5, 0]
					},
					"position": {
						"0.0": [0, -1.5, 0],
						"0.25": [0, -1.5, -2],
						"0.5": [0, -1.5, -1],
						"0.75": [0, -0.5, -2],
						"1.0": [0, -1.5, -2]
					}
				},
				"bone8": {
					"rotation": {
						"0.0": [-15, 0, 0],
						"0.5": [-10, 0, 0],
						"1.0": [-15, 0, 0]
					},
					"position": {
						"0.0": [0, 0.53, 0.07],
						"0.5": [0, 0.35, 0.03],
						"1.0": [0, 0.53, 0.07]
					}
				},
				"rightleg": {
					"rotation": {
						"0.0": [-25, 0, 0],
						"0.25": [25, 0, 0],
						"1.0": [-25, 0, 0]
					}
				},
				"bone9": {
					"rotation": {
						"0.0": [25, 0, 0],
						"0.25": [0, 0, 0],
						"0.5": [25, 0, 0]
					},
					"position": {
						"0.0": [0, 0.85, -0.18],
						"0.25": [0, 0, 0],
						"0.5": [0, 0.85, -0.18]
					}
				},
				"leftleg": {
					"rotation": {
						"0.0": [25, 0, 0],
						"0.25": [-25, 0, 0],
						"1.0": [25, 0, 0]
					}
				},
				"bone10": {
					"rotation": {
						"0.0": [0, 0, 0],
						"0.25": [25, 0, 0],
						"0.5": [0, 0, 0]
					},
					"position": {
						"0.0": [0, 0, 0],
						"0.25": [0, 0.85, -0.18],
						"0.5": [0, 0, 0]
					}
				},
				"bone3": {
					"scale": 1
				}
			}
		},
		"animation.kuilei.attack2": {
			"animation_length": 1.29167,
			"bones": {
				"body": {
					"rotation": {
						"0.0": [0, 0, 0],
						"0.25": [5.72693, 7.6335, 0.33488],
						"0.4167": [9.57399, 15.77539, 3.00013]
					},
					"position": {
						"0.0": [0, 0, 0],
						"0.25": [0, 0, -1.2],
						"0.4167": [0, 0, -2]
					}
				},
				"rightarm": {
					"rotation": {
						"0.0": [15, 0, 10],
						"0.25": [-19.03105, -28.09131, 17.45612],
						"0.5833": [19.94866, -3.74922, 30.62246],
						"1.0": [14.87739, -1.93597, 17.24721]
					}
				},
				"leftarm": {
					"rotation": {
						"0.0": [-15, 0, -10],
						"0.25": [-93.49814, 35.56657, -84.38329],
						"0.4167": [-76.75039, -12.04975, -43.6816]
					}
				},
				"bone30": {
					"rotation": {
						"0.0": [-10, 0, 0],
						"0.5": [-15, 0, 0],
						"1.0": [-10, 0, 0]
					},
					"position": {
						"0.0": [0, 0.35, 0.03],
						"0.5": [0, 0.55, 0.07],
						"1.0": [0, 0.35, 0.03]
					}
				},
				"blue": {
					"rotation": {
						"0.0": [0, -2.5, 0],
						"0.5": [0, 2.5, 0],
						"1.0": [0, -2.5, 0]
					},
					"position": {
						"0.0": [0, -1.5, 0],
						"0.25": [0, -1.5, -2],
						"0.5": [0, -1.5, -1]
					}
				},
				"bone8": {
					"rotation": {
						"0.0": [-15, 0, 0],
						"0.5": [-10, 0, 0],
						"1.0": [-15, 0, 0]
					},
					"position": {
						"0.0": [0, 0.53, 0.07],
						"0.5": [0, 0.35, 0.03],
						"1.0": [0, 0.53, 0.07]
					}
				},
				"rightleg": {
					"rotation": {
						"0.0": [-25, 0, 0],
						"0.25": [25, 0, 0],
						"0.4167": [13.89, 0, 0]
					},
					"position": [0, 0, 0]
				},
				"bone9": {
					"rotation": {
						"0.0": [25, 0, 0],
						"0.25": [0, 0, 0],
						"0.4167": [16.67, 0, 0]
					},
					"position": {
						"0.0": [0, 0.85, -0.18],
						"0.25": [0, 0, 0],
						"0.4167": [0, 0.57, -0.12]
					}
				},
				"leftleg": {
					"rotation": {
						"0.0": [25, 0, 0],
						"0.25": [-25, 0, 0],
						"0.4167": [-13.89, 0, 0]
					},
					"position": [0, 0, 0]
				},
				"bone10": {
					"rotation": {
						"0.0": [0, 0, 0],
						"0.25": [25, 0, 0],
						"0.4167": [8.33, 0, 0]
					},
					"position": {
						"0.0": [0, 0, 0],
						"0.25": [0, 0.85, -0.18],
						"0.4167": [0, 0.28, -0.06]
					}
				},
				"bone3": {
					"scale": 1
				},
				"hys": {
					"position": {
						"0.4167": [0, 0, 0],
						"0.7083": [0, -12, 0]
					}
				},
				"hys2": {
					"position": {
						"0.4167": [0, 0, 0],
						"0.7083": [0, -24, 0]
					}
				},
				"hys3": {
					"position": {
						"0.4167": [0, 0, 0],
						"0.7083": [0, -36, 0]
					}
				},
				"hys4": {
					"position": {
						"0.4167": [0, 0, 0],
						"0.7083": [0, -48, 0]
					}
				},
				"hys5": {
					"position": {
						"0.4167": [0, 0, 0],
						"0.7083": [0, -60, 0]
					}
				},
				"hys6": {
					"position": {
						"0.4167": [0, 0, 0],
						"0.7083": [0, -72, 0]
					}
				},
				"hys7": {
					"position": {
						"0.4167": [0, 0, 0],
						"0.7083": [0, -84, 0]
					}
				},
				"hys8": {
					"position": {
						"0.4167": [0, 0, 0],
						"0.7083": [0, -96, 0]
					}
				},
				"hys9": {
					"position": {
						"0.4167": [0, 0, 0],
						"0.7083": [0, -108, 0]
					}
				},
				"hys10": {
					"position": {
						"0.4167": [0, 0, 0],
						"0.7083": [0, -120, 0]
					}
				},
				"hys11": {
					"position": {
						"0.4167": [0, 0, 0],
						"0.7083": [0, -132, 0]
					}
				},
				"hys12": {
					"position": {
						"0.4167": [0, 0, 0],
						"0.7083": [0, 0, 0]
					}
				}
			}
		},
		"animation.kuilei.attack3": {
			"animation_length": 1.29167,
			"bones": {
				"body": {
					"rotation": {
						"0.0": [0, 0, 0],
						"0.25": [5.72693, 7.6335, 0.33488],
						"0.4167": [9.57399, 15.77539, 3.00013],
						"0.5": [9.70204, 18.24011, 3.4378],
						"0.75": [9.23243, -3.96128, -0.26873]
					},
					"position": {
						"0.0": [0, 0, 0],
						"0.25": [0, 0, -1.2],
						"0.4167": [0, 0, -2]
					}
				},
				"rightarm": {
					"rotation": {
						"0.0": [15, 0, 10],
						"0.25": [-19.03105, -28.09131, 17.45612],
						"0.5833": [19.94866, -3.74922, 30.62246],
						"1.0": [14.87739, -1.93597, 17.24721]
					}
				},
				"leftarm": {
					"rotation": {
						"0.0": [-15, 0, -10],
						"0.25": [-188.08726, -7.1645, 41.49304],
						"0.5": [-85.51013, 53.53636, -26.21788],
						"0.75": [24.29424, 8.9518, -110.90493]
					}
				},
				"bone30": {
					"rotation": {
						"0.0": [-10, 0, 0],
						"0.5": [-15, 0, 0],
						"1.0": [-10, 0, 0]
					},
					"position": {
						"0.0": [0, 0.35, 0.03],
						"0.5": [0, 0.55, 0.07],
						"1.0": [0, 0.35, 0.03]
					}
				},
				"blue": {
					"rotation": {
						"0.0": [0, -2.5, 0],
						"0.5": [0, 2.5, 0],
						"1.0": [0, -2.5, 0]
					},
					"position": {
						"0.0": [0, -1.5, 0],
						"0.25": [0, -1.5, -2],
						"0.5": [0, -1.5, -1]
					}
				},
				"bone8": {
					"rotation": {
						"0.0": [-15, 0, 0],
						"0.5": [-10, 0, 0],
						"1.0": [-15, 0, 0]
					},
					"position": {
						"0.0": [0, 0.53, 0.07],
						"0.5": [0, 0.35, 0.03],
						"1.0": [0, 0.53, 0.07]
					}
				},
				"rightleg": {
					"rotation": {
						"0.0": [-25, 0, 0],
						"0.25": [25, 0, 0],
						"0.4167": [13.89, 0, 0]
					},
					"position": [0, 0, 0]
				},
				"bone9": {
					"rotation": {
						"0.0": [25, 0, 0],
						"0.25": [0, 0, 0],
						"0.4167": [16.67, 0, 0]
					},
					"position": {
						"0.0": [0, 0.85, -0.18],
						"0.25": [0, 0, 0],
						"0.4167": [0, 0.57, -0.12]
					}
				},
				"leftleg": {
					"rotation": {
						"0.0": [25, 0, 0],
						"0.25": [-25, 0, 0],
						"0.4167": [-13.89, 0, 0]
					},
					"position": [0, 0, 0]
				},
				"bone10": {
					"rotation": {
						"0.0": [0, 0, 0],
						"0.25": [25, 0, 0],
						"0.4167": [8.33, 0, 0]
					},
					"position": {
						"0.0": [0, 0, 0],
						"0.25": [0, 0.85, -0.18],
						"0.4167": [0, 0.28, -0.06]
					}
				},
				"bone3": {
					"scale": 1
				},
				"hys": {
					"position": {
						"0.25": [0, 0, 0],
						"0.4167": [0, -12, 0]
					}
				},
				"hys2": {
					"position": {
						"0.25": [0, 0, 0],
						"0.4167": [0, -24, 0]
					}
				},
				"hys3": {
					"position": {
						"0.25": [0, 0, 0],
						"0.4167": [0, -36, 0]
					}
				},
				"hys4": {
					"position": {
						"0.25": [0, 0, 0],
						"0.4167": [0, -48, 0]
					}
				},
				"hys5": {
					"position": {
						"0.25": [0, 0, 0],
						"0.4167": [0, -60, 0]
					}
				},
				"hys6": {
					"position": {
						"0.25": [0, 0, 0],
						"0.4167": [0, -72, 0]
					}
				},
				"hys7": {
					"position": {
						"0.25": [0, 0, 0],
						"0.4167": [0, -84, 0]
					}
				},
				"hys8": {
					"position": {
						"0.25": [0, 0, 0],
						"0.4167": [0, -96, 0]
					}
				},
				"hys9": {
					"position": {
						"0.25": [0, 0, 0],
						"0.4167": [0, -108, 0]
					}
				},
				"hys10": {
					"position": {
						"0.25": [0, 0, 0],
						"0.4167": [0, -120, 0]
					}
				},
				"hys11": {
					"position": {
						"0.25": [0, 0, 0],
						"0.4167": [0, -132, 0]
					}
				},
				"hys12": {
					"position": {
						"0.25": [0, 0, 0],
						"0.4167": [0, 0, 0]
					}
				}
			}
		}
	}
}