{
	"format_version": "1.8.0",
	"animations": {
		"animation.lem.tz": {
			"animation_length": 1,
			"bones": {
				"body": {
					"rotation": {
						"0.0": [0, 0, 0],
						"0.5": [0, 12.5, 0],
						"0.75": [21.38069, -21.54355, -5.46111]
					},
					"position": {
						"0.5": [0, 0, 0],
						"0.75": [0, -1, -4]
					}
				},
				"rightarm": {
					"rotation": {
						"0.0": [15, 0, 10],
						"0.5": [62.63074, 12.95254, 130.86748],
						"0.75": [-58.22858, -10.54529, 145.99297]
					},
					"scale": {
						"0.5": [1, 1, 1],
						"0.625": [1, 1, 1]
					}
				},
				"leftarm": {
					"rotation": {
						"0.0": [-15, 0, -10],
						"0.5": [15, 0, -10],
						"1.0": [-15, 0, -10]
					}
				},
				"bone30": {
					"rotation": {
						"0.0": [-10, 0, 0],
						"0.5": [-15, 0, 0],
						"1.0": [-10, 0, 0]
					},
					"position": {
						"0.0": [0, 0.35, 0.03],
						"0.5": [0, 0.55, 0.07],
						"1.0": [0, 0.35, 0.03]
					}
				},
				"blue": {
					"rotation": {
						"0.0": [0, -2.5, 0],
						"0.5": [0, 12.5, 0],
						"1.0": [0, -12.5, 0]
					},
					"position": {
						"0.0": [0, -1.5, 0],
						"0.25": [0, -0.5, 0],
						"0.5": [0, -1.5, 0],
						"0.75": [0, -0.5, 0],
						"1.0": [0, -1.5, 0]
					}
				},
				"bone8": {
					"rotation": {
						"0.0": [-15, 0, 0],
						"0.5": [-10, 0, 0],
						"1.0": [-15, 0, 0]
					},
					"position": {
						"0.0": [0, 0.53, 0.07],
						"0.5": [0, 0.35, 0.03],
						"1.0": [0, 0.53, 0.07]
					}
				},
				"rightleg": {
					"rotation": {
						"0.0": [-25, 0, 0],
						"0.5": [25, 0, 0],
						"0.75": [-25, 0, 0]
					}
				},
				"bone9": {
					"rotation": {
						"0.0": [25, 0, 0],
						"0.5": [0, 0, 0],
						"1.0": [25, 0, 0]
					},
					"position": {
						"0.0": [0, 0.85, -0.18],
						"0.5": [0, 0, 0],
						"1.0": [0, 0.85, -0.18]
					}
				},
				"leftleg": {
					"rotation": {
						"0.0": [25, 0, 0],
						"0.5": [-25, 0, 0],
						"0.75": [25, 0, 0]
					}
				},
				"bone10": {
					"rotation": {
						"0.0": [0, 0, 0],
						"0.5": [25, 0, 0],
						"1.0": [0, 0, 0]
					},
					"position": {
						"0.0": [0, 0, 0],
						"0.5": [0, 0.85, -0.18],
						"1.0": [0, 0, 0]
					}
				},
				"bone6": {
					"rotation": {
						"0.0": [0, 0, 0],
						"0.125": [15, 0, 0],
						"0.2917": [0, 0, 0]
					},
					"position": {
						"0.0": [0, 0, 0],
						"0.125": [0, 0.51, -0.07],
						"0.2917": [0, 0, 0]
					}
				},
				"rightitem": {
					"scale": {
						"0.5": [1, 1, 1],
						"0.625": [0, 0, 0]
					}
				}
			}
		},
		"animation.lem.jump": {
			"loop": "hold_on_last_frame",
			"animation_length": 0.66667,
			"bones": {
				"body": {
					"rotation": {
						"0.0": [0, 0, 0],
						"0.5": [35, 0, 0],
						"0.6667": [20, 0, 0]
					},
					"position": {
						"0.0": [0, 0, 0],
						"0.5": [0, -3, -6],
						"0.6667": [0, -2, -4]
					}
				},
				"rightarm": {
					"rotation": {
						"0.0": [15, 0, 10],
						"0.5": [-25, 0, 10],
						"0.6667": [15, 0, 10]
					}
				},
				"leftarm": {
					"rotation": {
						"0.0": [-15, 0, -10],
						"0.5": [15, 0, -10],
						"0.6667": [-15, 0, -10]
					}
				},
				"bone30": {
					"rotation": {
						"0.0": [-10, 0, 0],
						"0.5": [-15, 0, 0],
						"0.6667": [-10, 0, 0]
					},
					"position": {
						"0.0": [0, 0.35, 0.03],
						"0.5": [0, 0.55, 0.07],
						"0.6667": [0, 0.35, 0.03]
					}
				},
				"blue": {
					"rotation": {
						"0.0": [0, -2.5, 0],
						"0.5": [0, 2.5, 0],
						"0.6667": [15, 2.5, 0]
					},
					"position": {
						"0.0": [0, -1.5, 0],
						"0.25": [0, -0.5, 0],
						"0.5": [0, -2.5, -1],
						"0.625": [0, 4.5, -4]
					}
				},
				"bone8": {
					"rotation": {
						"0.0": [-15, 0, 0],
						"0.5": [-10, 0, 0],
						"0.6667": [-15, 0, 0]
					},
					"position": {
						"0.0": [0, 0.53, 0.07],
						"0.5": [0, 0.35, 0.03],
						"0.6667": [0, 0.53, 0.07]
					}
				},
				"rightleg": {
					"rotation": {
						"0.0": [-25, 0, 0],
						"0.5": [40, 0, 0],
						"0.6667": [-25, 0, 0]
					}
				},
				"bone9": {
					"rotation": {
						"0.0": [25, 0, 0],
						"0.5": [5, 0, 0],
						"0.6667": [25, 0, 0]
					},
					"position": {
						"0.0": [0, 0.85, -0.18],
						"0.5": [0, 0.3, 0],
						"0.6667": [0, 0.85, -0.18]
					}
				},
				"leftleg": {
					"rotation": {
						"0.0": [25, 0, 0],
						"0.5": [-35, 0, 0],
						"0.6667": [25, 0, 0]
					}
				},
				"bone10": {
					"rotation": {
						"0.0": [0, 0, 0],
						"0.5": [35, 0, 0],
						"0.6667": [0, 0, 0]
					},
					"position": {
						"0.0": [0, 0, 0],
						"0.5": [0, 1.15, -0.35],
						"0.6667": [0, 0, 0]
					}
				},
				"bone6": {
					"rotation": {
						"0.0": [0, 0, 0],
						"0.125": [15, 0, 0],
						"0.2917": [0, 0, 0]
					},
					"position": {
						"0.0": [0, 0, 0],
						"0.125": [0, 0.51, -0.07],
						"0.2917": [0, 0, 0]
					}
				}
			}
		},
		"animation.lem.dj": {
			"loop": true,
			"animation_length": 4,
			"start_delay": "0",
			"loop_delay": "0",
			"bones": {
				"head": {
					"position": [0, 0, 0]
				},
				"leftarm": {
					"rotation": {
						"0.0": [0, 0, -5],
						"1.0": [0, 0, -7.5],
						"2.0": [0, 0, -5],
						"3.0": [0, 0, -7.5],
						"4.0": [0, 0, -5]
					}
				},
				"rightarm": {
					"rotation": {
						"0.0": [0, 0, 5],
						"1.0": [0, 0, 7.5],
						"2.0": [0, 0, 5],
						"3.0": [0, 0, 7.5],
						"4.0": [0, 0, 5]
					}
				},
				"leftleg": {
					"rotation": [-5, 0, -5]
				},
				"bone10": {
					"rotation": [5, 0, 0],
					"position": [0, 0.2, 0]
				},
				"rightleg": {
					"rotation": [-5, 0, 5]
				},
				"bone9": {
					"rotation": [5, 0, 0],
					"position": [0, 0.2, 0]
				},
				"bone": {
					"position": {
						"0.0": [0, 0, 0],
						"1.0": [0, -5, 0],
						"1.875": [0, 0, 0]
					},
					"scale": {
						"0.0": [1, 1, 1],
						"1.0": [1, 2, 1],
						"1.875": [1, 1, 1]
					}
				},
				"body": {
					"rotation": {
						"0.0": [0, 0, 0],
						"1.0": [2.5, 0, 0],
						"1.875": [0, 0, 0],
						"2.0": [0, 0, 0],
						"3.0": [2.5, 0, 0],
						"4.0": [0, 0, 0]
					},
					"position": {
						"0.0": [0, 0, 0],
						"1.0": [0, 0, -0.5],
						"1.875": [0, 0, 0],
						"3.0": [0, 0, -0.5],
						"4.0": [0, 0, 0]
					}
				},
				"bone2": {
					"position": {
						"0.0": [0, 0, 0],
						"1.0": [0, -5, 0],
						"1.875": [0, 0, 0]
					},
					"scale": {
						"0.0": [1, 1, 1],
						"1.0": [1, 2, 1],
						"1.875": [1, 1, 1]
					}
				},
				"bone8": {
					"rotation": [-5, 0, 0],
					"position": [0, 0.2, 0]
				},
				"bone30": {
					"rotation": [-5, 0, 0],
					"position": [0, 0.2, 0]
				},
				"blue": {
					"position": [0, -0.5, 0]
				}
			}
		},
		"animation.lem.move": {
			"loop": true,
			"animation_length": 0.58333,
			"bones": {
				"body": {
					"rotation": {
						"0.0": [30, 0, 0],
						"0.25": [35, 0, 0],
						"0.5": [30, 0, 0],
						"0.5833": [30, 0, 0]
					},
					"position": {
						"0.0": [0, -1, -6],
						"0.25": [0, -2, -7],
						"0.5": [0, -2, -6],
						"0.5833": [0, -1, -6]
					}
				},
				"rightarm": {
					"rotation": {
						"0.0": [45, 0, 10],
						"0.25": [42.5, 0, 10],
						"0.5833": [45, 0, 10]
					}
				},
				"leftarm": {
					"rotation": {
						"0.0": [45, 0, -10],
						"0.25": [45, 0, -10],
						"0.5833": [45, 0, -10]
					}
				},
				"bone30": {
					"rotation": {
						"0.0": [-10, 0, 0],
						"0.25": [-15, 0, 0],
						"0.5": [-10, 0, 0]
					},
					"position": {
						"0.0": [0, 0.35, 0.03],
						"0.25": [0, 0.55, 0.07],
						"0.5": [0, 0.35, 0.03]
					}
				},
				"blue": {
					"rotation": {
						"0.0": [15, -0.5, 0],
						"0.2917": [10.32223, 0.3445, 0],
						"0.5833": [15, -0.5, 0]
					}
				},
				"bone8": {
					"rotation": {
						"0.0": [-10, 0, 0],
						"0.25": [-15, 0, 0],
						"0.5": [-10, 0, 0]
					},
					"position": {
						"0.0": [0, 0.35, 0.03],
						"0.25": [0, 0.55, 0.07],
						"0.5": [0, 0.35, 0.03]
					}
				},
				"rightleg": {
					"rotation": {
						"0.0": [-60, 0, 0],
						"0.0417": [-45, 0, 0],
						"0.2917": [55, 0, 0],
						"0.5833": [-60, 0, 0]
					}
				},
				"bone9": {
					"rotation": {
						"0.0": [45, 0, 0],
						"0.0833": [0, 0, 0],
						"0.25": [0, 0, 0],
						"0.5": [45, 0, 0]
					},
					"position": {
						"0.0": [0, 1.4, -0.6],
						"0.0833": [0, 0, 0],
						"0.25": [0, 0, 0],
						"0.5": [0, 1.42, -0.6]
					}
				},
				"leftleg": {
					"rotation": {
						"0.0": [60, 0, 0],
						"0.25": [-60, 0, 0],
						"0.2917": [-45, 0, 0],
						"0.5": [25, 0, 0],
						"0.5833": [60, 0, 0]
					}
				},
				"bone10": {
					"rotation": {
						"0.0": [0, 0, 0],
						"0.25": [35, 0, 0],
						"0.3333": [0, 0, 0],
						"0.5": [0, 0, 0]
					},
					"position": {
						"0.0": [0, 0, 0],
						"0.25": [0, 1.15, -0.35],
						"0.3333": [0, 0, 0],
						"0.5": [0, 0, 0]
					}
				},
				"bone6": {
					"rotation": {
						"0.0": [0, 0, 0],
						"0.125": [15, 0, 0],
						"0.2917": [0, 0, 0]
					},
					"position": {
						"0.0": [0, 0, 0],
						"0.125": [0, 0.51, -0.07],
						"0.2917": [0, 0, 0]
					}
				},
				"leftitem": {
					"rotation": [45, 0, 0]
				},
				"rightitem": {
					"rotation": [45, 0, 0]
				}
			}
		},
		"animation.lem.attack": {
			"animation_length": 1,
			"override_previous_animation": true,
			"bones": {
				"body": {
					"rotation": {
						"0.0": [0, 0, 0],
						"0.25": [0.28535, 3.6301, 2.22701],
						"0.4167": [9.59918, -16.29423, -2.34207],
						"0.5417": [9.6, -16.29, -2.34],
						"0.75": [0, 0, 0]
					},
					"position": {
						"0.0": [0, 0, 0],
						"0.25": [0.5, 0, 0],
						"0.4167": [0, 0, -2],
						"0.5417": [0, 0, -2],
						"0.75": [0, 0, 0]
					}
				},
				"rightarm": {
					"rotation": {
						"0.0": [15, 0, 10],
						"0.25": [61.2062, -11.91636, 57.84633],
						"0.4167": [-86.69586, -7.94424, 41.89756],
						"1.0": [15, 0, 10]
					}
				},
				"leftarm": {
					"rotation": {
						"0.0": [-15, 0, -10],
						"0.375": [18.06431, 7.43547, -39.14743],
						"1.0": [-15, 0, -10]
					}
				},
				"bone30": {
					"rotation": {
						"0.0": [-10, 0, 0],
						"0.5": [-15, 0, 0],
						"1.0": [-10, 0, 0]
					},
					"position": {
						"0.0": [0, 0.35, 0.03],
						"0.5": [0, 0.55, 0.07],
						"1.0": [0, 0.35, 0.03]
					}
				},
				"blue": {
					"rotation": {
						"0.0": [0, -2.5, 0],
						"0.5": [0, 2.5, 0],
						"1.0": [0, -2.5, 0]
					},
					"position": {
						"0.0": [0, -1.5, 0],
						"0.25": [0, -1.5, -2],
						"0.5": [0, -1.5, -1],
						"0.75": [0, -0.5, -2],
						"1.0": [0, -1.5, -2]
					}
				},
				"bone8": {
					"rotation": {
						"0.0": [-15, 0, 0],
						"0.5": [-10, 0, 0],
						"1.0": [-15, 0, 0]
					},
					"position": {
						"0.0": [0, 0.53, 0.07],
						"0.5": [0, 0.35, 0.03],
						"1.0": [0, 0.53, 0.07]
					}
				},
				"rightleg": {
					"rotation": {
						"0.0": [-25, 0, 0],
						"0.25": [25, 0, 0],
						"1.0": [-25, 0, 0]
					}
				},
				"bone9": {
					"rotation": {
						"0.0": [25, 0, 0],
						"0.25": [0, 0, 0],
						"0.5": [25, 0, 0]
					},
					"position": {
						"0.0": [0, 0.85, -0.18],
						"0.25": [0, 0, 0],
						"0.5": [0, 0.85, -0.18]
					}
				},
				"leftleg": {
					"rotation": {
						"0.0": [25, 0, 0],
						"0.25": [-25, 0, 0],
						"1.0": [25, 0, 0]
					}
				},
				"bone10": {
					"rotation": {
						"0.0": [0, 0, 0],
						"0.25": [25, 0, 0],
						"0.5": [0, 0, 0]
					},
					"position": {
						"0.0": [0, 0, 0],
						"0.25": [0, 0.85, -0.18],
						"0.5": [0, 0, 0]
					}
				},
				"bone6": {
					"rotation": {
						"0.0": [0, 0, 0],
						"0.125": [15, 0, 0],
						"0.2917": [0, 0, 0]
					},
					"position": {
						"0.0": [0, 0, 0],
						"0.125": [0, 0.51, -0.07],
						"0.2917": [0, 0, 0]
					}
				}
			}
		},
		"animation.lem.attack2": {
			"animation_length": 1,
			"override_previous_animation": true,
			"bones": {
				"body": {
					"rotation": {
						"0.0": [0, 0, 0],
						"0.25": [0.28535, 3.6301, 2.22701],
						"0.4167": [15, 0, 0],
						"0.5417": [9, -1, -2],
						"0.75": [0, 0, 0]
					},
					"position": {
						"0.0": [0, 0, 0],
						"0.25": [0.5, 0, 0],
						"0.4167": [0, -1, -3],
						"0.5417": [0, 0, -2],
						"0.75": [0, 0, 0]
					}
				},
				"rightarm": {
					"rotation": {
						"0.0": [15, 0, 10],
						"0.25": [-66.2938, -11.91636, 57.84633],
						"0.4167": [44.41584, 13.92649, 62.58815],
						"1.0": [15, 0, 10]
					}
				},
				"leftarm": {
					"rotation": {
						"0.0": [-15, 0, -10],
						"0.25": [-49.43569, 7.43547, -39.14743],
						"0.4167": [35.19727, 4.18087, -65.90365],
						"1.0": [-15, 0, -10]
					}
				},
				"bone30": {
					"rotation": {
						"0.0": [-10, 0, 0],
						"0.5": [-15, 0, 0],
						"1.0": [-10, 0, 0]
					},
					"position": {
						"0.0": [0, 0.35, 0.03],
						"0.5": [0, 0.55, 0.07],
						"1.0": [0, 0.35, 0.03]
					}
				},
				"blue": {
					"rotation": {
						"0.0": [0, -2.5, 0],
						"0.5": [0, 2.5, 0],
						"1.0": [0, -2.5, 0]
					},
					"position": {
						"0.0": [0, -1.5, 0],
						"0.25": [0, -1.5, -2],
						"0.5": [0, -1.5, -1],
						"0.75": [0, -0.5, -2],
						"1.0": [0, -1.5, -2]
					}
				},
				"bone8": {
					"rotation": {
						"0.0": [-15, 0, 0],
						"0.5": [-10, 0, 0],
						"1.0": [-15, 0, 0]
					},
					"position": {
						"0.0": [0, 0.53, 0.07],
						"0.5": [0, 0.35, 0.03],
						"1.0": [0, 0.53, 0.07]
					}
				},
				"rightleg": {
					"rotation": {
						"0.0": [-25, 0, 0],
						"0.25": [25, 0, 0],
						"1.0": [-25, 0, 0]
					}
				},
				"bone9": {
					"rotation": {
						"0.0": [25, 0, 0],
						"0.25": [0, 0, 0],
						"0.5": [25, 0, 0]
					},
					"position": {
						"0.0": [0, 0.85, -0.18],
						"0.25": [0, 0, 0],
						"0.5": [0, 0.85, -0.18]
					}
				},
				"leftleg": {
					"rotation": {
						"0.0": [25, 0, 0],
						"0.25": [-25, 0, 0],
						"1.0": [25, 0, 0]
					}
				},
				"bone10": {
					"rotation": {
						"0.0": [0, 0, 0],
						"0.25": [25, 0, 0],
						"0.5": [0, 0, 0]
					},
					"position": {
						"0.0": [0, 0, 0],
						"0.25": [0, 0.85, -0.18],
						"0.5": [0, 0, 0]
					}
				},
				"bone6": {
					"rotation": {
						"0.0": [0, 0, 0],
						"0.125": [15, 0, 0],
						"0.2917": [0, 0, 0]
					},
					"position": {
						"0.0": [0, 0, 0],
						"0.125": [0, 0.51, -0.07],
						"0.2917": [0, 0, 0]
					}
				}
			}
		},
		"animation.lem.attack3": {
			"animation_length": 1.29167,
			"override_previous_animation": true,
			"bones": {
				"blue": {
					"rotation": {
						"0.5": [0, 0, 0],
						"0.9167": [0, 0, 0]
					},
					"position": {
						"0.0": [0, 0, 0],
						"0.25": [0, -0.5, 0],
						"0.5": [0, -0.5, 0],
						"0.5417": [0, -0.5, 1.25],
						"0.5833": [0, -1.17, 6.5],
						"0.625": [0, 1.17, 8.75],
						"0.6667": [0, 15.5, 17],
						"0.9167": [0, -1.5, -2]
					}
				},
				"body": {
					"rotation": {
						"0.0": [0, 0, 0],
						"0.25": [25, 0, 0],
						"0.4583": [24.8253, -3.64682, -9.95051],
						"0.6667": [1.97613, 10.90131, -1.30544],
						"0.75": [-8.02387, 10.90131, -1.30544],
						"0.9167": [26.97613, 10.90131, -1.30544]
					},
					"position": {
						"0.0": [0, 0, 0],
						"0.25": [0, -1, -5],
						"0.4583": [-1.5, -2, -5],
						"0.6667": [0, -1, 0],
						"0.75": [0, -1, 2],
						"0.9167": [0, -1, -5]
					}
				},
				"leftarm": {
					"rotation": {
						"0.0": [0, 0, 0],
						"0.25": [-64.02173, 6.92663, -48.90056],
						"0.5": [-75.01714, 21.51058, -102.46735],
						"0.75": [-75.46497, -4.55887, -116.32082],
						"0.9583": [33.56138, -13.35379, -56.14861],
						"1.0833": [38.56138, -13.35379, -56.14861]
					}
				},
				"bone8": {
					"rotation": {
						"0.0": [0, 0, 0],
						"0.25": [0, 0, 10]
					},
					"position": {
						"0.0": [0, 0, 0],
						"0.25": [0, 0.4, 0]
					}
				},
				"rightarm": {
					"rotation": {
						"0.0": [0, 0, 0],
						"0.25": [-65, 0, 50],
						"0.5": [-78.85157, -22.52101, 112.77356],
						"0.75": [-82.91401, 0.63379, 126.75366],
						"0.9583": [17.04237, -23.07334, 51.84632],
						"1.0833": [24.54237, -23.07334, 51.84632]
					}
				},
				"bone30": {
					"rotation": [-10, 0, 0],
					"position": [0, 0.4, 0]
				},
				"rightleg": {
					"rotation": {
						"0.0": [0, 0, 0],
						"0.25": [-5, 0, 5],
						"0.5": [-47.5, 0, 5],
						"0.6667": [-40, 0, 5],
						"0.9167": [42.5, 0, 5],
						"0.9583": [32.5, 0, 5]
					},
					"position": {
						"0.25": [0, 0, 0],
						"0.5": [0, -3, -1],
						"0.6667": [0, -1, 0]
					}
				},
				"bone9": {
					"rotation": {
						"0.0": [0, 0, 0],
						"0.25": [5, 0, 0],
						"0.5": [47.5, 0, 0],
						"0.75": [0, 0, 0],
						"1.0": [15, 0, 0]
					},
					"position": {
						"0.0": [0, 0, 0],
						"0.25": [0, 0.2, 0],
						"0.5": [0, 1.5, -0.6],
						"0.75": [0, 0, 0],
						"1.0": [0, 0.5, -0.07]
					}
				},
				"leftleg": {
					"rotation": {
						"0.0": [0, 0, 0],
						"0.25": [-5, 0, -5],
						"0.5": [17.5, 0, -5],
						"0.75": [-15, 0, -5]
					}
				},
				"bone10": {
					"rotation": {
						"0.0": [0, 0, 0],
						"0.25": [5, 0, 0]
					},
					"position": {
						"0.0": [0, 0, 0],
						"0.25": [0, 0.2, 0]
					}
				},
				"bone5": {
					"rotation": [50.46459, 20.85225, 54.60851],
					"position": [25, 16, 11]
				},
				"bone6": {
					"rotation": [0, 0, 122.5],
					"position": [-15, 15, 16]
				}
			},
			"particle_effects": {
				"0.1667": {
					"effect": "dq",
					"locator": "dq"
				},
				"0.6667": {
					"effect": "dr",
					"locator": "dr"
				},
				"0.7083": {
					"effect": "dr",
					"locator": "dr2"
				}
			}
		},
		"animation.lem.attack4": {
			"animation_length": 1,
			"override_previous_animation": true,
			"bones": {
				"body": {
					"rotation": {
						"0.0": [0, 0, 0],
						"0.25": [0.28535, 3.6301, 2.22701],
						"0.4167": [9.59918, -16.29423, -2.34207],
						"0.5417": [9.6, -16.29, -2.34],
						"0.75": [0, 0, 0]
					},
					"position": {
						"0.0": [0, 0, 0],
						"0.25": [0.5, 0, 0],
						"0.4167": [0, 0, -2],
						"0.5417": [0, 0, -2],
						"0.75": [0, 0, 0]
					}
				},
				"rightarm": {
					"rotation": {
						"0.0": [15, 0, 10],
						"0.25": [61.2062, -11.91636, 57.84633],
						"0.4167": [-83.43863, 10.17537, 45.33246],
						"1.0": [15, 0, 10]
					}
				},
				"leftarm": {
					"rotation": {
						"0.0": [-15, 0, -10],
						"0.375": [18.06431, 7.43547, -39.14743],
						"1.0": [-15, 0, -10]
					}
				},
				"bone30": {
					"rotation": {
						"0.0": [-10, 0, 0],
						"0.25": [-57.5, 0, 0],
						"0.4167": [-10, 0, 0],
						"0.5": [-15, 0, 0],
						"1.0": [-10, 0, 0]
					},
					"position": {
						"0.0": [0, 0.35, 0.03],
						"0.25": [0, 1.68, 0.9],
						"0.4167": [0, 0.35, 0.03],
						"0.5": [0, 0.55, 0.07],
						"1.0": [0, 0.35, 0.03]
					}
				},
				"blue": {
					"rotation": {
						"0.0": [0, -2.5, 0],
						"0.5": [0, 2.5, 0],
						"1.0": [0, -2.5, 0]
					},
					"position": {
						"0.0": [0, -1.5, 0],
						"0.25": [0, -1.5, -2],
						"0.5": [0, -1.5, -1],
						"0.75": [0, -0.5, -2],
						"1.0": [0, -1.5, -2]
					}
				},
				"bone8": {
					"rotation": {
						"0.0": [-15, 0, 0],
						"0.5": [-10, 0, 0],
						"1.0": [-15, 0, 0]
					},
					"position": {
						"0.0": [0, 0.53, 0.07],
						"0.5": [0, 0.35, 0.03],
						"1.0": [0, 0.53, 0.07]
					}
				},
				"rightleg": {
					"rotation": {
						"0.0": [-25, 0, 0],
						"0.25": [25, 0, 0],
						"1.0": [-25, 0, 0]
					}
				},
				"bone9": {
					"rotation": {
						"0.0": [25, 0, 0],
						"0.25": [0, 0, 0],
						"0.5": [25, 0, 0]
					},
					"position": {
						"0.0": [0, 0.85, -0.18],
						"0.25": [0, 0, 0],
						"0.5": [0, 0.85, -0.18]
					}
				},
				"leftleg": {
					"rotation": {
						"0.0": [25, 0, 0],
						"0.25": [-25, 0, 0],
						"1.0": [25, 0, 0]
					}
				},
				"bone10": {
					"rotation": {
						"0.0": [0, 0, 0],
						"0.25": [25, 0, 0],
						"0.5": [0, 0, 0]
					},
					"position": {
						"0.0": [0, 0, 0],
						"0.25": [0, 0.85, -0.18],
						"0.5": [0, 0, 0]
					}
				},
				"bone6": {
					"rotation": {
						"0.0": [0, 0, 0],
						"0.125": [15, 0, 0],
						"0.2917": [0, 0, 0]
					},
					"position": {
						"0.0": [0, 0, 0],
						"0.125": [0, 0.51, -0.07],
						"0.2917": [0, 0, 0]
					}
				},
				"rightitem": {
					"rotation": {
						"0.25": [0, 0, 0],
						"0.4167": [90, 0, 0],
						"1.0": [0, 0, 0]
					},
					"position": {
						"0.25": [0, 0, 0],
						"0.2917": [0, -2.75, -3.5],
						"0.3333": [0, -5.5, -6],
						"0.375": [0, -8.25, -5],
						"0.4167": [0, -11, -2],
						"0.5833": [0, -7.86, -5.43],
						"0.7083": [0, -5.5, -6.8],
						"1.0": [0, 0, 0]
					}
				}
			}
		},
		"animation.lem.attack5": {
			"animation_length": 1,
			"override_previous_animation": true,
			"bones": {
				"body": {
					"rotation": {
						"0.0": [0, 0, 0],
						"0.25": [0.28535, 3.6301, 2.22701],
						"0.4167": [9.59918, -16.29423, -2.34207],
						"0.5417": [9.6, -16.29, -2.34],
						"0.75": [0, 0, 0]
					},
					"position": {
						"0.0": [0, 0, 0],
						"0.25": [0.5, 0, 0],
						"0.4167": [0, 0, -2],
						"0.5417": [0, 0, -2],
						"0.75": [0, 0, 0]
					}
				},
				"rightarm": {
					"rotation": {
						"0.0": [15, 0, 10],
						"0.25": [-162.27746, 15.21446, -26.77394],
						"0.4167": [-38.25442, 48.00398, -3.84703],
						"1.0": [15, 0, 10]
					}
				},
				"leftarm": {
					"rotation": {
						"0.0": [-15, 0, -10],
						"0.375": [18.06431, 7.43547, -39.14743],
						"0.5417": [5.24414, -39.86981, -31.39351],
						"1.0": [-15, 0, -10]
					}
				},
				"bone30": {
					"rotation": {
						"0.0": [-10, 0, 0],
						"0.4167": [0, 0, 0],
						"0.5": [-15, 0, 0],
						"1.0": [-10, 0, 0]
					},
					"position": {
						"0.0": [0, 0.35, 0.03],
						"0.4167": [0, 0, 0],
						"0.5": [0, 0.55, 0.07],
						"1.0": [0, 0.35, 0.03]
					}
				},
				"blue": {
					"rotation": {
						"0.0": [0, -2.5, 0],
						"0.5": [0, -42.5, 0],
						"1.0": [0, -2.5, 0]
					},
					"position": {
						"0.0": [0, -1.5, 0],
						"0.25": [0, -1.5, -2],
						"0.5": [0, -1.5, -1],
						"0.75": [0, -0.5, -2],
						"1.0": [0, -1.5, -2]
					}
				},
				"bone8": {
					"rotation": {
						"0.0": [-15, 0, 0],
						"0.5": [-10, 0, 0],
						"1.0": [-15, 0, 0]
					},
					"position": {
						"0.0": [0, 0.53, 0.07],
						"0.5": [0, 0.35, 0.03],
						"1.0": [0, 0.53, 0.07]
					}
				},
				"rightleg": {
					"rotation": {
						"0.0": [-25, 0, 0],
						"0.25": [25, 0, 0],
						"0.5": [10.82509, 39.49425, 6.93382],
						"1.0": [-25, 0, 0]
					}
				},
				"bone9": {
					"rotation": {
						"0.0": [25, 0, 0],
						"0.25": [0, 0, 0],
						"0.5": [25, 0, 0]
					},
					"position": {
						"0.0": [0, 0.85, -0.18],
						"0.25": [0, 0, 0],
						"0.5": [0, 0.85, -0.18]
					}
				},
				"leftleg": {
					"rotation": {
						"0.0": [25, 0, 0],
						"0.25": [-25, 0, 0],
						"1.0": [25, 0, 0]
					}
				},
				"bone10": {
					"rotation": {
						"0.0": [0, 0, 0],
						"0.25": [25, 0, 0],
						"0.5": [0, 0, 0]
					},
					"position": {
						"0.0": [0, 0, 0],
						"0.25": [0, 0.85, -0.18],
						"0.5": [0, 0, 0]
					}
				},
				"bone6": {
					"rotation": {
						"0.0": [0, 0, 0],
						"0.125": [15, 0, 0],
						"0.2917": [0, 0, 0]
					},
					"position": {
						"0.0": [0, 0, 0],
						"0.125": [0, 0.51, -0.07],
						"0.2917": [0, 0, 0]
					}
				},
				"rightitem": {
					"rotation": {
						"0.25": [0, 0, 0],
						"0.4167": [65, 0, 0]
					},
					"position": {
						"0.25": [0, 0, 0],
						"0.4167": [0, 2, 0]
					}
				}
			}
		},
		"animation.lem.attack6": {
			"animation_length": 1,
			"override_previous_animation": true,
			"bones": {
				"body": {
					"rotation": {
						"0.0": {
							"post": [0, 0, 0],
							"lerp_mode": "catmullrom"
						},
						"0.25": {
							"post": [0.28535, 3.6301, 2.22701],
							"lerp_mode": "catmullrom"
						},
						"0.4167": {
							"post": [58.8315, 35.45229, 7.00448],
							"lerp_mode": "catmullrom"
						},
						"0.5417": {
							"post": [15, 20, 5],
							"lerp_mode": "catmullrom"
						},
						"0.75": {
							"post": [0, 0, 0],
							"lerp_mode": "catmullrom"
						}
					},
					"position": {
						"0.0": {
							"post": [0, 0, 0],
							"lerp_mode": "catmullrom"
						},
						"0.25": {
							"post": [0.5, 0, 0],
							"lerp_mode": "catmullrom"
						},
						"0.3333": {
							"post": [-1.53, -1.31, -3.75],
							"lerp_mode": "catmullrom"
						},
						"0.4167": {
							"post": [-5, -6, -7],
							"lerp_mode": "catmullrom"
						},
						"0.5417": {
							"post": [0, -1, -3],
							"lerp_mode": "catmullrom"
						},
						"0.75": {
							"post": [0, 0, 0],
							"lerp_mode": "catmullrom"
						}
					}
				},
				"rightarm": {
					"rotation": {
						"0.1667": {
							"pre": [15, 0, 10],
							"post": [15, 0, 10],
							"lerp_mode": "catmullrom"
						},
						"0.4583": {
							"post": [61.2062, -11.91636, 57.84633],
							"lerp_mode": "catmullrom"
						},
						"0.625": {
							"post": [5.80414, -7.94424, 41.89756],
							"lerp_mode": "catmullrom"
						},
						"1.0": {
							"post": [15, 0, 10],
							"lerp_mode": "catmullrom"
						}
					}
				},
				"leftarm": {
					"rotation": {
						"0.0": {
							"post": [-15, 0, -10],
							"lerp_mode": "catmullrom"
						},
						"0.4167": {
							"post": [-59.43569, 7.43547, -39.14743],
							"lerp_mode": "catmullrom"
						},
						"0.5833": {
							"post": [71.44897, 7.79796, -104.34734],
							"lerp_mode": "catmullrom"
						},
						"1.0": {
							"post": [-15, 0, -10],
							"lerp_mode": "catmullrom"
						}
					}
				},
				"bone30": {
					"rotation": {
						"0.0": [-10, 0, 0],
						"0.5": [-15, 0, 0],
						"1.0": [-10, 0, 0]
					},
					"position": {
						"0.0": [0, 0.35, 0.03],
						"0.5": [0, 0.55, 0.07],
						"1.0": [0, 0.35, 0.03]
					}
				},
				"blue": {
					"rotation": {
						"0.0": {
							"post": [0, -2.5, 0],
							"lerp_mode": "catmullrom"
						},
						"0.5": {
							"post": [0, 17.5, 0],
							"lerp_mode": "catmullrom"
						},
						"1.0": {
							"post": [0, -2.5, 0],
							"lerp_mode": "catmullrom"
						}
					},
					"position": {
						"0.0": {
							"post": [0, -1.5, 0],
							"lerp_mode": "catmullrom"
						},
						"0.25": {
							"post": [0, -1.5, -2],
							"lerp_mode": "catmullrom"
						},
						"0.5": {
							"post": [0, -1.5, -1],
							"lerp_mode": "catmullrom"
						},
						"0.75": {
							"post": [0, -0.5, -2],
							"lerp_mode": "catmullrom"
						},
						"1.0": {
							"post": [0, -1.5, -2],
							"lerp_mode": "catmullrom"
						}
					}
				},
				"bone8": {
					"rotation": {
						"0.0": {
							"post": [-15, 0, 0],
							"lerp_mode": "catmullrom"
						},
						"0.5": {
							"post": [-10, 0, 0],
							"lerp_mode": "catmullrom"
						},
						"1.0": {
							"post": [-15, 0, 0],
							"lerp_mode": "catmullrom"
						}
					},
					"position": {
						"0.0": {
							"post": [0, 0.53, 0.07],
							"lerp_mode": "catmullrom"
						},
						"0.5": {
							"post": [0, 0.35, 0.03],
							"lerp_mode": "catmullrom"
						},
						"1.0": {
							"post": [0, 0.53, 0.07],
							"lerp_mode": "catmullrom"
						}
					}
				},
				"rightleg": {
					"rotation": {
						"0.0": {
							"post": [-25, 0, 0],
							"lerp_mode": "catmullrom"
						},
						"0.25": {
							"post": [25, 0, 0],
							"lerp_mode": "catmullrom"
						},
						"1.0": {
							"post": [-25, 0, 0],
							"lerp_mode": "catmullrom"
						}
					},
					"position": {
						"0.25": {
							"pre": [0, 0, 0],
							"post": [0, 0, 0],
							"lerp_mode": "catmullrom"
						},
						"0.3333": {
							"post": [0, 1, 2.56],
							"lerp_mode": "catmullrom"
						},
						"0.4167": {
							"post": [0, 0, 1],
							"lerp_mode": "catmullrom"
						},
						"1.0": {
							"post": [0, 0, 0],
							"lerp_mode": "catmullrom"
						}
					}
				},
				"bone9": {
					"rotation": {
						"0.0": {
							"post": [25, 0, 0],
							"lerp_mode": "catmullrom"
						},
						"0.25": {
							"post": [0, 0, 0],
							"lerp_mode": "catmullrom"
						},
						"0.5": [25, 0, 0]
					},
					"position": {
						"0.0": {
							"post": [0, 0.85, -0.18],
							"lerp_mode": "catmullrom"
						},
						"0.25": {
							"post": [0, 0, 0],
							"lerp_mode": "catmullrom"
						},
						"0.5": [0, 0.85, -0.18]
					}
				},
				"leftleg": {
					"rotation": {
						"0.0": {
							"post": [25, 0, 0],
							"lerp_mode": "catmullrom"
						},
						"0.25": {
							"post": [-25, 0, 0],
							"lerp_mode": "catmullrom"
						},
						"1.0": {
							"post": [25, 0, 0],
							"lerp_mode": "catmullrom"
						}
					}
				},
				"bone10": {
					"rotation": {
						"0.0": {
							"post": [0, 0, 0],
							"lerp_mode": "catmullrom"
						},
						"0.25": {
							"post": [25, 0, 0],
							"lerp_mode": "catmullrom"
						},
						"0.5": {
							"post": [0, 0, 0],
							"lerp_mode": "catmullrom"
						}
					},
					"position": {
						"0.0": {
							"post": [0, 0, 0],
							"lerp_mode": "catmullrom"
						},
						"0.25": {
							"post": [0, 0.85, -0.18],
							"lerp_mode": "catmullrom"
						},
						"0.5": {
							"post": [0, 0, 0],
							"lerp_mode": "catmullrom"
						}
					}
				},
				"bone6": {
					"rotation": {
						"0.0": [0, 0, 0],
						"0.125": [15, 0, 0],
						"0.2917": [0, 0, 0]
					},
					"position": {
						"0.0": [0, 0, 0],
						"0.125": [0, 0.51, -0.07],
						"0.2917": [0, 0, 0]
					}
				},
				"bone": {
					"rotation": [0, 0, 7.5],
					"position": [-0.55, -0.5, 0]
				},
				"bone2": {
					"rotation": [0, 0, -7.5],
					"position": [0.55, -0.5, 0]
				}
			}
		},
		"animation.lem.td": {
			"animation_length": 2.5,
			"override_previous_animation": true,
			"bones": {
				"body": {
					"rotation": {
						"0.0": [0, 0, 0],
						"0.5": [35, 0, 0],
						"0.6667": [-15, 0, 0],
						"0.75": [-25, 0, 0],
						"0.9167": [32.5, 0, 0]
					},
					"position": {
						"0.0": [0, 0, 0],
						"0.5": [0, -3, -6],
						"0.6667": [0, -1, 3],
						"0.75": [0, -2, 5],
						"0.9167": [0, -3, -6]
					}
				},
				"rightarm": {
					"rotation": {
						"0.0": [15, 0, 10],
						"0.5": [-6.61051, -47.93659, 41.11356],
						"0.6667": [20.73567, -11.84911, 138.46347],
						"0.9167": [-27.85757, -28.5752, 154.91405]
					}
				},
				"leftarm": {
					"rotation": {
						"0.0": [-15, 0, -10],
						"0.5": [-27.47581, 47.51255, -45.59135],
						"0.6667": [21.73909, -45.79482, -104.12076],
						"0.9167": [-26.93502, 25.00612, -154.21163]
					}
				},
				"bone30": {
					"rotation": {
						"0.0": [-10, 0, 0],
						"0.5": [-15, 0, 0],
						"0.6667": [-10, 0, 0]
					},
					"position": {
						"0.0": [0, 0.35, 0.03],
						"0.5": [0, 0.55, 0.07],
						"0.6667": [0, 0.35, 0.03]
					}
				},
				"blue": {
					"rotation": {
						"0.0": [0, -2.5, 0],
						"0.5": [0, 2.5, 0],
						"0.6667": [15, 2.5, 0]
					},
					"position": {
						"0.0": [0, -1.5, 0],
						"0.25": [0, -0.5, 0],
						"0.5": [0, -2.5, -1],
						"0.625": [0, 10.5, -1],
						"0.9167": [0, -0.5, -1],
						"1.0417": [0, -1.5, -1]
					}
				},
				"bone8": {
					"rotation": {
						"0.0": [-15, 0, 0],
						"0.5": [-10, 0, 0],
						"0.6667": [-15, 0, 0]
					},
					"position": {
						"0.0": [0, 0.53, 0.07],
						"0.5": [0, 0.35, 0.03],
						"0.6667": [0, 0.53, 0.07]
					}
				},
				"rightleg": {
					"rotation": {
						"0.0": [-25, 0, 0],
						"0.5": [40, 0, 0],
						"0.6667": [-25, 0, 0],
						"0.9167": [-40, 0, 0]
					}
				},
				"bone9": {
					"rotation": {
						"0.0": [25, 0, 0],
						"0.5": [5, 0, 0],
						"0.6667": [25, 0, 0]
					},
					"position": {
						"0.0": [0, 0.85, -0.18],
						"0.5": [0, 0.3, 0],
						"0.6667": [0, 0.85, -0.18]
					}
				},
				"leftleg": {
					"rotation": {
						"0.0": [25, 0, 0],
						"0.5": [-35, 0, 0],
						"0.6667": [25, 0, 0]
					}
				},
				"bone10": {
					"rotation": {
						"0.0": [0, 0, 0],
						"0.5": [35, 0, 0],
						"0.6667": [0, 0, 0]
					},
					"position": {
						"0.0": [0, 0, 0],
						"0.5": [0, 1.15, -0.35],
						"0.6667": [0, 0, 0]
					}
				},
				"bone6": {
					"rotation": {
						"0.0": [0, 0, 0],
						"0.125": [15, 0, 0],
						"0.2917": [0, 0, 0]
					},
					"position": {
						"0.0": [0, 0, 0],
						"0.125": [0, 0.51, -0.07],
						"0.2917": [0, 0, 0]
					}
				}
			}
		}
	}
}