{
	"format_version": "1.8.0",
	"animations": {
		"animation.steve.黑化": {
			"animation_length": 5,
			"override_previous_animation": true,
			"bones": {
				"leftArm": {
					"rotation": {
						"0.0": [0, 0, 0],
						"0.25": [-102.5, 0, -27.5],
						"3.25": [-102.5, 0, -27.5],
						"3.625": [40.42575, -1.83116, -39.68106]
					}
				},
				"bone3": {
					"rotation": {
						"0.0": [0, 0, 0],
						"0.25": [-42.5, 0, 0]
					},
					"position": {
						"0.0": [0, 0, 0],
						"0.25": [0, 0.68, 0.26]
					}
				},
				"body": {
					"rotation": {
						"0.0": [15, 0, 0],
						"0.3333": [15, 0, 0],
						"0.4583": [17.5, 0, 0],
						"0.625": [12.5, 0, 0],
						"0.75": [12.5, 0, 0],
						"0.8333": [12.48848, 0.54094, -2.44081],
						"0.9583": [12.48848, -0.54094, 2.44081],
						"1.0833": [12.48991, 0.542, -2.4416],
						"1.25": [12.39798, -1.61808, 7.32333],
						"1.4167": [12.48991, 0.542, -2.4416],
						"1.5417": [12.39798, -1.61808, 7.32333],
						"1.6667": [12.48991, 0.542, -2.4416],
						"1.7917": [12.39798, -1.61808, 7.32333],
						"2.25": [37.49, -0.54, 2.44],
						"2.875": [37.49, -0.54, 2.44],
						"3.25": [37.49, -0.54, 2.44],
						"3.625": [-27.51, -0.54, 2.44],
						"3.7083": [-27.51, -0.54, 2.44],
						"3.9167": [22.49, -0.54, 2.44]
					},
					"position": {
						"0.0": [0, -2, -3],
						"0.3333": [0, -2, -3],
						"0.4583": [0, -2, -3.3],
						"0.625": [0, -2, -2.3],
						"0.75": [0, -2, -2.3],
						"0.8333": [-0.5, -2, -2.3],
						"0.9583": [0.5, -2, -2.3],
						"1.0833": [-0.5, -2, -2.3],
						"1.25": [1.5, -2, -2.3],
						"1.4167": [-0.5, -2, -2.3],
						"1.5417": [1.5, -2, -2.3],
						"1.6667": [-0.5, -2, -2.3],
						"1.7917": [1.5, -2, -2.3],
						"2.25": [0.5, -6, -7.3],
						"2.875": [0.5, -6, -7.3],
						"3.25": [0.5, -6, -7.3],
						"3.625": [0.5, -3, 5.7],
						"3.7083": [0.5, -3, 5.7],
						"3.9167": [0.5, -3, -4.3],
						"4.0417": [0.5, -3.5, -4.3],
						"4.1667": [0.5, -3, -4.3],
						"4.2917": [0.5, -3.5, -4.3],
						"4.4583": [0.5, -3, -4.3],
						"4.625": [0.5, -3.5, -4.3],
						"4.7917": [0.5, -3, -4.3]
					}
				},
				"head": {
					"rotation": {
						"0.0": [0, 0, 0],
						"0.3333": [47.5, 0, 0],
						"3.25": [47.5, 0, 0],
						"3.625": [-17.5, 0, 0],
						"3.8333": [22.5, 0, 0]
					}
				},
				"rightArm": {
					"rotation": {
						"0.125": [0, 0, 0],
						"0.4167": [-62.5, 0, 142.5],
						"3.25": [-62.5, 0, 142.5],
						"3.625": [54.77535, -36.81662, -14.56607]
					}
				},
				"bone5": {
					"rotation": {
						"0.0": [0, 0, 0],
						"0.4167": [0, 0, 20]
					},
					"position": {
						"0.0": [0, 0, 0],
						"0.4167": [-0.55, 0.8, 0]
					}
				},
				"rightLeg": {
					"rotation": {
						"0.0": [-15, 15.13247, -1],
						"1.625": [-15, 15.13, -1],
						"2.0": [-35, 15.13, -1],
						"3.25": [-35, 15.13, -1],
						"3.625": [-20, 15.13, -1]
					},
					"position": {
						"0.0": [0, -1, 0],
						"1.625": [0, -1, 0],
						"2.0": [0, -2.5, 0],
						"3.25": [0, -2.5, 0],
						"3.625": [0, -1.2, 0]
					},
					"scale": 1
				},
				"bone4": {
					"rotation": {
						"0.0": [15, 0, 0],
						"1.625": [15, 0, 0],
						"2.0": [35, 0, 0],
						"3.25": [35, 0, 0],
						"3.625": [20, 0, 0]
					},
					"position": {
						"0.0": [0, 0.55, -0.07],
						"1.625": [0, 0.55, -0.07],
						"2.0": [0, 1.15, -0.35],
						"3.25": [0, 1.15, -0.35],
						"3.625": [0, 0.68, -0.11]
					}
				},
				"leftLeg": {
					"rotation": {
						"0.0": [-10, -20, 0],
						"1.625": [-10, -20, 0],
						"2.0": [-9.56707, -19.838, -2.60882]
					},
					"position": {
						"0.0": [0, -1, 0],
						"1.625": [0, -1, 0]
					},
					"scale": 1
				},
				"bone6": {
					"rotation": {
						"0.0": [10, 0, 0],
						"1.625": [10, 0, 0]
					},
					"position": {
						"0.0": [0, 0.4, -0.05],
						"1.625": [0, 0.4, -0.05]
					}
				},
				"bone8": {
					"position": {
						"0.0": [-0.3, -0.7, 0.68],
						"0.25": [-0.3, -0.7, 0.68],
						"0.625": [0, 0, -0.1]
					},
					"scale": {
						"0.0": [1.2, 1.2, 1.2],
						"0.25": [1.2, 1.2, 1.2],
						"0.625": [1, 1, 1],
						"2.75": [1, 1, 1],
						"3.0": [0.9, 0.9, 0.9]
					}
				},
				"bone12": {
					"scale": {
						"0.0": [0.9, 0.9, 0.9],
						"2.75": [1, 1, 1]
					}
				},
				"bone13": {
					"scale": {
						"0.0": [0.9, 0.9, 0.9],
						"2.75": [1, 1, 1]
					}
				},
				"bone9": {
					"position": {
						"0.0": [0.3, -0.7, 0.68],
						"0.25": [0.3, -0.7, 0.68],
						"0.625": [0, 0, -0.1]
					},
					"scale": {
						"0.0": [1.2, 1.2, 1.2],
						"0.25": [1.2, 1.2, 1.2],
						"0.625": [1, 1, 1],
						"2.75": [1, 1, 1],
						"2.7917": [0.9, 0.9, 0.9]
					}
				},
				"bone14": {
					"position": {
						"3.25": [0, 0, 0],
						"3.5": [0, 0, -0.101]
					}
				}
			},
			"sound_effects": {},
			"particle_effects": {
				"0.0": {
					"effect": "icelizi"
				}
			}
		},
		"animation.frog.jump": {
			"loop": "hold_on_last_frame",
			"animation_length": 0.58333,
			"bones": {
				"body": {
					"rotation": {
						"0.0833": [-15.09995, -16.13443, 15.85927],
						"0.25": [0, 0, 0],
						"0.5": [30, 0, 0]
					},
					"position": {
						"0.0833": [2, -1, 2],
						"0.25": [0, 0, 0],
						"0.5": [0, -2, -6]
					}
				},
				"left_arm": {
					"rotation": {
						"0.0": [0, 0, 0],
						"0.25": [-56.14, 0, 0]
					},
					"position": {
						"0.0": [0, 0, 0],
						"0.25": [0, 1, 0]
					}
				},
				"right_arm": {
					"rotation": {
						"0.0": [0, 0, 0],
						"0.25": [-56.14, 0, 0]
					},
					"position": {
						"0.0": [0, 0, 0],
						"0.25": [0, 1, 0]
					}
				},
				"left_leg": {
					"rotation": {
						"0.0": [0, 0, 0],
						"0.25": [45, 0, 0]
					},
					"position": {
						"0.0": [0, 0, 0],
						"0.25": [0, 0, 0]
					}
				},
				"right_leg": {
					"rotation": {
						"0.0": [0, 0, 0],
						"0.25": [45, 0, 0]
					},
					"position": {
						"0.0": [0, 0, 0],
						"0.25": [0, 0, 0]
					}
				},
				"bodyArmor": {
					"rotation": {
						"0.0833": [0, 0, 0],
						"0.25": [0, 0, 0]
					}
				},
				"rightArm": {
					"rotation": {
						"0.0": [0, 0, 0],
						"0.0833": [0, 0, 20],
						"0.25": [0, 0, 0],
						"0.5": [-32.68963, 11.85864, 33.91413]
					}
				},
				"leftArm": {
					"rotation": {
						"0.0": [0, 0, 0],
						"0.25": [-145, -30, 35],
						"0.5": [-42.51005, -16.12207, 46.86594]
					},
					"position": {
						"0.25": [0, 0, 0],
						"0.5": [0, 0, -1]
					}
				},
				"leftitem": {
					"scale": 0
				},
				"rightLeg": {
					"rotation": {
						"0.0833": [0, 0, 0],
						"0.25": [-15, 20, 0],
						"0.5": [-42.5, 20, 0]
					}
				},
				"bone4": {
					"rotation": {
						"0.0833": [0, 0, 0],
						"0.25": [15, 0, 0]
					},
					"position": {
						"0.0833": [0, 0, 0],
						"0.25": [0, 0.5, 0]
					}
				},
				"leftLeg": {
					"rotation": {
						"0.0833": [0, 0, 0],
						"0.25": [-15, -37.5, 0],
						"0.5": [30.38034, -51.94545, -41.89198]
					}
				},
				"bone6": {
					"rotation": {
						"0.0833": [0, 0, 0],
						"0.25": [15, 0, 0]
					},
					"position": {
						"0.0833": [0, 0, 0],
						"0.25": [0, 0.5, 0]
					}
				},
				"bone15": {
					"rotation": {
						"0.0": [0, 0, 0],
						"0.25": [0, 0, 0],
						"0.3333": [37.5, 0, 0],
						"0.4167": [64.88565, -9.91358, 1.31845]
					},
					"position": {
						"0.25": [0, 0, 0],
						"0.3333": [-1, 4, 4],
						"0.4167": [-3, 9, 6],
						"0.5": [-5, 13, 6]
					}
				},
				"bone16": {
					"rotation": {
						"0.0": [0, 90, -45],
						"0.25": [-147.7439, 60.72188, -14.82042]
					},
					"position": {
						"0.0": [12, -13, 0],
						"0.0833": [11.33, -10.67, -9.33],
						"0.1667": [15.17, -5.34, -12.66],
						"0.25": [19, 0, -10]
					}
				},
				"bone17": {
					"rotation": {
						"0.0": [0, 0, 0],
						"0.0833": [72.5, 0, 0],
						"0.1667": [117.5, 0, 0],
						"0.25": [167.5, 0, 0],
						"0.3333": [185, 0, 0]
					},
					"position": {
						"0.0": [0, 0, 0],
						"0.0833": [-11.67, -7.33, -10.67],
						"0.1667": [-23.33, -38.66, 8.16],
						"0.25": [-52.16, -40.33, 67.58],
						"0.3333": [-61, -47, 74],
						"0.5": [-69, -58, 61]
					}
				},
				"bone18": {
					"rotation": {
						"0.0833": [28.31914, 38.44868, 30.38564],
						"0.1667": [55.81914, 38.44868, 30.38564],
						"0.25": [101.19874, -28.29611, 38.99417]
					},
					"position": {
						"0.25": [0, 0, 0],
						"0.3333": [-1, -7, 7],
						"0.4167": [-2, -7, 16],
						"0.5": [-4, -3, 16]
					},
					"scale": {
						"0.0": [1, 1, 1],
						"0.0833": [1, 1, 16],
						"0.25": [1, 1, 40.5]
					}
				},
				"bone19": {
					"rotation": {
						"0.0": [0, 0, 0],
						"0.0833": [80, 50, 0],
						"0.1667": [116.6335, 44.91428, 48.34802],
						"0.25": [135.40817, 42.43811, 106.25696],
						"0.3333": [154.39929, 44.70226, 104.79353],
						"0.4167": [94.45172, 71.06157, 48.61175]
					},
					"position": {
						"0.0": [0, 0, 0],
						"0.0833": [-10.2, -1, -10],
						"0.1667": [-11.2, -8, -7],
						"0.25": [-27.2, -29, 7],
						"0.3333": [-28.2, -36, 14],
						"0.4167": [-29.2, -36, 23],
						"0.5": [-31.2, -32, 23]
					},
					"scale": {
						"0.0": [1, 1, 1],
						"0.0833": [1, 1, 6.9],
						"0.1667": [1, 1, 20.3],
						"0.25": [1, 1, 26.5]
					}
				},
				"bone20": {
					"rotation": {
						"0.0": [0, 0, 0],
						"0.1667": [33.20683, 18.31317, 23.64374],
						"0.25": [69.77011, 4.3924, 45.12185],
						"0.3333": [74.15193, -14.35986, 52.13404],
						"0.4167": [74.15, -14.36, 52.13],
						"0.5": [61.99568, 4.91031, 46.30302]
					},
					"position": {
						"0.0": [0, 0, 0],
						"0.0833": [-10, 0, -11.5],
						"0.1667": [-20, -24, -1],
						"0.25": [-48, -35, 50],
						"0.3333": [-54, -47, 57],
						"0.4167": [-58, -53, 51],
						"0.5": [-65, -53, 50]
					},
					"scale": {
						"0.0": [1, 1, 1],
						"0.1667": [1, -17.9, 1],
						"0.25": [1, -19.1, 1],
						"0.5": [1, -14.9, 1]
					}
				},
				"bone21": {
					"rotation": {
						"0.1667": [0, 0, 0],
						"0.25": [0, 0, 0],
						"0.3333": [0, -22.5, 0],
						"0.5": [-2.79156, -30.6729, -4.82585]
					},
					"position": {
						"0.1667": [0, 0, 0],
						"0.25": [-48, -36, 51],
						"0.3333": [-55, -48, 58],
						"0.4167": [-59, -54, 52],
						"0.5": [-66, -54, 51]
					},
					"scale": {
						"0.1667": [1, 1, 1],
						"0.25": [1, 1, 32.1]
					}
				}
			}
		},
		"animation.steve.attack": {
			"animation_length": 0.75,
			"bones": {
				"body": {
					"rotation": {
						"0.0": [0, 0, 0],
						"0.5": [34.34584, 10.88702, 7.082],
						"0.625": [33.6456, 0.51049, 0.06769]
					},
					"position": {
						"0.0": [0, 0, 0],
						"0.5": [0, -6, -6]
					}
				},
				"bone12": {
					"position": [1, 1.25, -1.6],
					"scale": 0.6
				},
				"bone13": {
					"position": [-1, 1.25, -1.6],
					"scale": 0.6
				},
				"bone10": {
					"rotation": {
						"0.0": [0, 0, 0],
						"0.5": [0, 0, 10]
					},
					"position": {
						"0.0": [0, 0, 0],
						"0.5": [-1, 0, 0]
					}
				},
				"bone11": {
					"position": [0, 0, 0]
				},
				"bone14": {
					"position": [0, 0, -0.11]
				},
				"rightArm": {
					"rotation": {
						"0.0": [0, 0, 0],
						"0.25": [-118.95998, -3.53329, 79.89078],
						"0.5": [43.54002, -3.53329, 79.89078],
						"0.625": [-66.45998, -3.53329, 79.89078]
					},
					"position": {
						"0.0": [0, 0, 0],
						"0.25": [0, -1, 0]
					}
				},
				"leftArm": {
					"rotation": {
						"0.0": [0, 0, 0],
						"0.25": [-129.54704, 42.1752, -107.8368],
						"0.5": [34.65, 19.95, -83.17],
						"0.625": [74.88692, 16.77125, -79.64878]
					}
				},
				"bone3": {
					"rotation": [0, 0, 0]
				},
				"leftitem": {
					"rotation": {
						"0.25": [0, 0, 0],
						"0.5": [152.5, 0, 0]
					}
				},
				"rightLeg": {
					"rotation": {
						"0.0": [0, 0, 0],
						"0.25": [23.10929, 17.45629, 12.81765],
						"0.5": [-18.02134, 23.29098, 8.80934],
						"0.625": [-16.30447, 22.78018, 9.76724]
					},
					"position": {
						"0.0": [0, 0, 0],
						"0.5": [0, -2, 0]
					}
				},
				"bone4": {
					"rotation": {
						"0.25": [0, 0, 0],
						"0.5": [22.28714, -1.12625, -8.8326]
					},
					"position": {
						"0.25": [0, 0, 0],
						"0.5": [-0.1, 1, -0.15]
					}
				},
				"leftLeg": {
					"rotation": {
						"0.0": [0, 0, 0],
						"0.25": [-37.5, 0, 0],
						"0.5": [-35, 0, 0]
					},
					"position": {
						"0.0": [0, 0, 0],
						"0.5": [0, -2.5, 0]
					}
				},
				"bone6": {
					"rotation": {
						"0.125": [0, 0, 0],
						"0.5": [35, 0, 0]
					},
					"position": {
						"0.0": [0, 0, 0],
						"0.125": [0, 0, 0],
						"0.5": [0, 1.15, -0.35]
					}
				},
				"rightitme": {
					"rotation": {
						"0.0": [0, 0, 0],
						"0.5": [0, 0, 0]
					}
				}
			}
		},
		"animation.steve.attack2": {
			"animation_length": 0.41667,
			"bones": {
				"rightArm": {
					"rotation": {
						"0.0": [0, 0, 0],
						"0.1667": [-90.03049, -26.29945, 54.56073],
						"0.375": [37.46951, -26.29945, 54.56073]
					}
				},
				"body": {
					"rotation": {
						"0.0": [0, 0, 0],
						"0.25": [25, 0, 0]
					},
					"position": {
						"0.0": [0, 0, 0],
						"0.25": [0, -1, -5]
					}
				},
				"bone11": {
					"rotation": [0, 0, 0]
				},
				"leftArm": {
					"rotation": {
						"0.0": [0, 0, 0],
						"0.25": [15, 0, -40]
					}
				},
				"rightLeg": {
					"rotation": {
						"0.0": [0, 0, 0],
						"0.3333": [25, 0, 0]
					}
				},
				"leftLeg": {
					"rotation": {
						"0.0": [0, 0, 0],
						"0.3333": [-7.83523, 0.37558, -4.48459]
					}
				}
			}
		}
	}
}