{
	"format_version": "1.8.0",
	"animations": {
		"animation.tklzs.move": {
			"loop": true,
			"animation_length": 0.5,
			"bones": {
				"leg0": {
					"rotation": {
						"0.0": [112.5, 0, 0],
						"0.0417": [110, 0, 0],
						"0.2083": [-20, 0, 0],
						"0.4583": [85, 0, 0]
					}
				},
				"leg1": {
					"rotation": {
						"0.0": [-27.5, 0, 0],
						"0.1667": [100, 0, 0],
						"0.5": [-12.5, 0, 0]
					}
				},
				"body": {
					"rotation": {
						"0.0": [45, 0, 0],
						"0.2083": [25, 0, 0],
						"0.5": [45, 0, 0]
					}
				},
				"bone5": {
					"rotation": [-30, 0, 0],
					"position": [0, 4, -11]
				},
				"head": {
					"position": {
						"0.0": [0, 0, 0],
						"0.25": [0, 1, 0],
						"0.4167": [0, 0, 0]
					}
				},
				"arm0": {
					"rotation": {
						"0.0": [-65, 10, 10],
						"0.0833": [-89.58333, 8.33333, 8.33333],
						"0.25": [-197.5, 0, 0],
						"0.4167": [-97.91667, 8.33333, 0],
						"0.5": [-75, 10, 0]
					}
				},
				"arm1": {
					"rotation": {
						"0.0": [0, 0, 0],
						"0.25": [25, 0, 0],
						"0.5": [0, 0, 0]
					}
				},
				"arm2": {
					"rotation": {
						"0.0": [0, 0, 0],
						"0.25": [32.5, 0, 0],
						"0.5": [10, 0, 0]
					}
				},
				"arm3": {
					"rotation": {
						"0.0": [-35, 0, 0],
						"0.25": [17.5, 0, 0],
						"0.5": [-32.5, 0, 0]
					},
					"position": {
						"0.0": [0, -1, -1],
						"0.25": [0, 0, 0],
						"0.5": [0, -1, -1]
					}
				},
				"arm4": {
					"rotation": {
						"0.0": [-25, 0, 0],
						"0.25": [27.5, 0, 0],
						"0.5": [-25, 0, 0]
					}
				},
				"arm5": {
					"rotation": {
						"0.0": [40, 0, 0],
						"0.0417": [10, 0, 0],
						"0.25": [30, 0, 0],
						"0.5": [35, 0, 0]
					}
				},
				"arm6": {
					"rotation": {
						"0.0": [46.67, 0, 0],
						"0.0833": [-2.5, 0, 0],
						"0.25": [40, 0, 0],
						"0.4167": [25, 0, 0],
						"0.5": [46.67, 0, 0]
					}
				},
				"arm7": {
					"rotation": {
						"0.0": [-65, -10, -10],
						"0.0417": [-89.5833, -8.333, -8.333],
						"0.25": [-197.5, 0, 0],
						"0.5": [-75, -10, 0]
					}
				},
				"arm9": {
					"rotation": {
						"0.0": [0, 0, 0],
						"0.25": [32.5, 0, 0],
						"0.5": [10, 0, 0]
					}
				},
				"arm11": {
					"rotation": {
						"0.0": [0, 0, 0],
						"0.25": [27.5, 0, 0],
						"0.5": [0, 0, 0]
					},
					"position": [0, 0, 0]
				},
				"arm12": {
					"rotation": {
						"0.0": [35, 0, 0],
						"0.0417": [-12.5, 0, 0],
						"0.25": [27.5, 0, 0],
						"0.5": [35, 0, 0]
					},
					"position": {
						"0.0": [0, 1, -2],
						"0.0417": [0, 1, 1],
						"0.5": [0, 1, -2]
					}
				},
				"arm13": {
					"rotation": {
						"0.0": [46.67, 0, 0],
						"0.0417": [-2.5, 0, 0],
						"0.25": [40, 0, 0],
						"0.4583": [25, 0, 0],
						"0.5": [46.67, 0, 0]
					},
					"position": [0, 0, 0]
				},
				"t": {
					"rotation": {
						"0.0": [65, 0, 0],
						"0.2083": [45, 0, 0],
						"0.5": [65, 0, 0]
					}
				},
				"t2": {
					"rotation": {
						"0.0": [65, 0, 0],
						"0.2083": [45, 0, 0],
						"0.5": [65, 0, 0]
					}
				},
				"t3": {
					"rotation": {
						"0.0": [65, 0, 0],
						"0.2083": [45, 0, 0],
						"0.5": [65, 0, 0]
					}
				},
				"t4": {
					"rotation": {
						"0.0": [65, 0, 0],
						"0.2083": [45, 0, 0],
						"0.5": [65, 0, 0]
					}
				},
				"t5": {
					"rotation": {
						"0.0": [65, 0, 0],
						"0.2083": [45, 0, 0],
						"0.5": [65, 0, 0]
					}
				}
			}
		},
		"animation.tklzs.ccdh": {
			"animation_length": 2,
			"bones": {
				"leg0": {
					"scale": {
						"0.0": [0, 0, 0],
						"0.5": [0, 0, 0],
						"0.5417": [1, 1, 1]
					}
				},
				"leg1": {
					"scale": {
						"0.0": [0, 0, 0],
						"0.5": [0, 0, 0],
						"0.5417": [1, 1, 1]
					}
				},
				"body": {
					"rotation": {
						"0.5417": [0, 0, 0],
						"0.625": [-0.42905, 1.67865, -4.71046],
						"0.7083": [-0.33746, -1.91473, 5.33424],
						"0.7917": [-1.03478, 1.48524, -4.42459],
						"0.875": [0, 0, 0]
					},
					"scale": {
						"0.0": [0, 0, 0],
						"0.5": [0, 0, 0],
						"0.5417": [1, 1, 1]
					}
				},
				"bone5": {
					"position": {
						"0.9167": [0, 0, 0],
						"1.1667": [0, 0, -2],
						"1.4167": [0, 0, 0]
					}
				},
				"head": {
					"position": {
						"0.6667": [0, 0, 0],
						"1.0417": [0, 4, 0],
						"1.4167": [0, 0, 0]
					}
				},
				"arm0": {
					"rotation": {
						"0.625": [0, 0, 0],
						"0.8333": [-46.52469, 6.9318, 25.77437],
						"0.9167": [10.02069, 46.08476, 123.02845],
						"1.0": [15, 45, 130],
						"1.2083": [15, 45, 130],
						"1.4167": [-50.07813, 12.19302, 43.10367],
						"1.75": [0, 10, 0]
					}
				},
				"arm2": {
					"position": {
						"0.75": [0, 0, 0],
						"0.9583": [0, -4, 0],
						"1.0": [0, -5, 0],
						"1.25": [0, -1, 0]
					}
				},
				"arm3": {
					"rotation": {
						"0.75": [-10, 0, 0],
						"0.8333": [-30, 0, 0]
					},
					"position": {
						"0.75": [0, 0, 0],
						"0.8333": [0, 1, 0]
					}
				},
				"arm4": {
					"rotation": {
						"0.75": [-10, 0, 0],
						"0.8333": [-52.5, 0, 0],
						"1.625": [-52.5, 0, 0],
						"1.75": [-10, 0, 0]
					},
					"position": {
						"0.75": [0, 0, 0],
						"0.8333": [0, -2.8, -2],
						"0.9583": [0, -3, -2],
						"1.0": [0, -3, -2],
						"1.25": [0, -1, 0]
					}
				},
				"arm6": {
					"position": {
						"0.75": [0, 0, 0],
						"0.9583": [0, -7, 0],
						"1.0": [0, -7, 0],
						"1.25": [0, 0, 0]
					}
				},
				"arm7": {
					"rotation": {
						"0.625": [0, 0, 0],
						"0.8333": [-82.35207, -4.72229, -32.30515],
						"1.0417": [17.49799, -83.00201, -136.94455],
						"1.2083": [-84.59943, -75.3158, -45.18042],
						"1.5": [-38.46981, -29.26436, -50.84713],
						"1.75": [0, -10, 0]
					}
				},
				"arm9": {
					"position": {
						"0.8333": [0, 0, 0],
						"1.125": [0, -3, 0],
						"1.4167": [0, -3, 0],
						"1.625": [0, -1, 0]
					}
				},
				"arm10": {
					"rotation": {
						"0.8333": [0, 0, 0],
						"1.0417": [-27.5, 0, 0]
					}
				},
				"arm11": {
					"rotation": {
						"0.8333": [-10, 0, 0],
						"0.9583": [-47.5, 0, 0],
						"1.75": [-10, 0, 0]
					},
					"position": {
						"0.8333": [0, 0, 0],
						"1.0417": [0, -3, -2],
						"1.125": [0, -7, 0],
						"1.4167": [0, -3, -2],
						"1.625": [0, -1, 0]
					}
				},
				"arm13": {
					"position": {
						"0.875": [0, 0, 0],
						"1.1667": [0, -7, 0],
						"1.4167": [0, -7, 0],
						"1.625": [0, -1, 0]
					}
				},
				"t": {
					"rotation": {
						"0.0": [0, 0, 0],
						"0.3333": [0, -360, 0]
					},
					"position": {
						"0.0417": [0, -17, 0],
						"0.3333": [0, -25, 0]
					},
					"scale": {
						"0.0": [0, 0, 0],
						"0.2083": [2, 2, 2],
						"0.3333": [2, 2, 2],
						"0.4583": [2, 2, 2],
						"0.5": [0, 0, 0]
					}
				},
				"t2": {
					"rotation": {
						"0.0": [0, 0, 0],
						"0.3333": [0, -360, 0]
					},
					"position": [0, -13, 0],
					"scale": {
						"0.0": [0, 0, 0],
						"0.2083": [2, 2, 2],
						"0.3333": [2, 2, 2],
						"0.4583": [2, 2, 2],
						"0.5": [0, 0, 0]
					}
				},
				"t3": {
					"rotation": {
						"0.0": [0, 0, 0],
						"0.3333": [0, -360, 0]
					},
					"position": {
						"0.0": [-12, -14, 0],
						"0.3333": [-12, -13, 0]
					},
					"scale": {
						"0.0": [0, 0, 0],
						"0.2083": [2, 2, 2],
						"0.3333": [2, 2, 2],
						"0.4583": [2, 2, 2],
						"0.5": [0, 0, 0]
					}
				},
				"t4": {
					"rotation": {
						"0.0": [0, 0, 0],
						"0.3333": [0, -360, 0]
					},
					"position": [12, -13, 0],
					"scale": {
						"0.0": [0, 0, 0],
						"0.2083": [2, 2, 2],
						"0.3333": [2, 2, 2],
						"0.4583": [2, 2, 2],
						"0.5": [0, 0, 0]
					}
				},
				"t5": {
					"rotation": {
						"0.0": [0, 0, 0],
						"0.3333": [0, -360, 0]
					},
					"position": [0, -1, 0],
					"scale": {
						"0.0": [0, 0, 0],
						"0.25": [2, 2, 2],
						"0.3333": [2, 2, 2],
						"0.4583": [2, 2, 2],
						"0.5": [0, 0, 0]
					}
				}
			}
		},
		"animation.tklzs.attack": {
			"animation_length": 1.625,
			"bones": {
				"leg0": {
					"rotation": {
						"0.25": [0, 0, 0],
						"0.4167": [14.68434, -4.09151, 7.60342],
						"0.625": [14.64477, -6.54617, 8.05303],
						"0.7917": [0, 0, 0]
					},
					"scale": [1, 1, 1]
				},
				"leg1": {
					"rotation": {
						"0.0": [0, 0, 0],
						"0.125": [0, 0, 0],
						"0.25": [0, -6, 0],
						"0.375": [7.5, -20, 0],
						"0.5417": [0, 0, 0]
					},
					"scale": [1, 1, 1]
				},
				"body": {
					"rotation": {
						"0.0": [0, 0, 0],
						"0.1667": [-0.04243, 9.85093, 9.57326],
						"0.375": [3.49947, -13.62738, -4.34449],
						"0.6667": [3.5, -13.63, -4.34],
						"0.8333": [2.87256, -4.43395, -0.35761]
					},
					"scale": [1, 1, 1]
				},
				"bone5": {
					"position": {
						"0.0417": [0, 0, 0],
						"0.2917": [0, 0, -2],
						"0.5417": [0, 0, 0]
					}
				},
				"head": {
					"position": {
						"0.0": [0, 0, 0],
						"0.4167": [0, 4, 0],
						"0.75": [0, 0, 0]
					}
				},
				"arm0": {
					"rotation": {
						"0.0": [0, 0, 0],
						"0.2083": [15, 45, 130],
						"0.375": [-60.5, 4, 121],
						"0.4167": [-60.23242, 8.3467, 123.4861],
						"0.5": [-65.20835, 8.34474, 123.49212],
						"0.5833": [-60.5, 4, 121],
						"0.7917": [-23.38412, 58.6367, 46.08318],
						"1.0": [0, 10, 0]
					}
				},
				"arm2": {
					"position": {
						"0.0": [0, 0, 0],
						"0.2083": [0, -8, 0],
						"0.5": [0, -8, 0],
						"0.5833": [0, -8, 0],
						"0.75": [0, -1, 0]
					}
				},
				"arm4": {
					"position": {
						"0.0": [0, 0, 0],
						"0.25": [0, -7, 0],
						"0.5": [0, -7, 0],
						"0.7917": [0, -1, 0]
					}
				},
				"arm6": {
					"position": {
						"0.0": [0, 0, 0],
						"0.25": [0, -7, 0],
						"0.5": [0, -7, 0],
						"0.75": [0, 0, 0]
					}
				},
				"arm7": {
					"rotation": {
						"0.0": [0, 0, 0],
						"0.1667": [-82.35207, -4.72229, -32.30515],
						"0.5": [36.82321, -12.03038, -30.75195],
						"0.75": [0, -10, 0]
					}
				},
				"arm9": {
					"position": {
						"0.0": [0, 0, 0],
						"0.1667": [0, -3, 0],
						"0.2917": [0, -3, 0],
						"0.375": [0, -1, 0]
					}
				},
				"arm10": {
					"rotation": {
						"0.8333": [0, 0, 0],
						"1.0417": [-27.5, 0, 0]
					}
				},
				"arm11": {
					"rotation": [-10, 0, 0]
				},
				"arm13": {
					"position": [0, -1, 0]
				},
				"t": {
					"position": [0, -25, 0],
					"scale": [0, 0, 0]
				},
				"t2": {
					"rotation": [0, 0, 0],
					"position": [0, -13, 0],
					"scale": [0, 0, 0]
				},
				"t3": {
					"rotation": [0, -360, 0],
					"position": [-12, -13, 0],
					"scale": [0, 0, 0]
				},
				"t4": {
					"rotation": [0, -360, 0],
					"position": [12, -13, 0],
					"scale": [0, 0, 0]
				},
				"t5": {
					"rotation": [0, -360, 0],
					"position": [0, -1, 0],
					"scale": [0, 0, 0]
				},
				"bone2": {
					"rotation": [0, 0, 0]
				}
			}
		}
	}
}