{
	"format_version": "1.8.0",
	"animations": {
		"animation.villagerfl.zm": {
			"animation_length": 1.91667,
			"bones": {
				"nose": {
					"rotation": {
						"1.1667": [0, 0, 0],
						"1.2917": [-10, 0, 0],
						"1.375": [0, 0, 0]
					},
					"position": [0, 0, 0]
				},
				"bone": {
					"rotation": [0, 0, 0],
					"position": {
						"0.0": [0, 0, 0],
						"0.25": [0, 1, 0],
						"0.8333": [0, 1, 0],
						"0.9583": [0, 0, 0]
					},
					"scale": [1, 1, 1]
				},
				"bone4": {
					"rotation": [0, 0, 0],
					"position": [0, 0, 0],
					"scale": [1, 1, 1]
				},
				"bone6": {
					"rotation": [0, 0, 0],
					"position": [0, 0, 0],
					"scale": [1, 1, 1]
				},
				"bone7": {
					"rotation": [0, 0, 0],
					"position": [0, 0, 0],
					"scale": [1, 1, 1]
				}
			}
		},
		"animation.villagerfl.jy": {
			"animation_length": 1,
			"bones": {
				"bone": {
					"rotation": [0, 0, 0],
					"position": {
						"0.0": [0, 0, 0],
						"0.2083": [0, 1, 0]
					},
					"scale": [1, 1, 1]
				},
				"bone4": {
					"rotation": [0, 0, 0],
					"position": {
						"0.0": [0, 0, 0],
						"0.2083": [0, 1, 0]
					},
					"scale": [1, 1, 1]
				},
				"bone6": {
					"rotation": [0, 0, 0],
					"position": [0, 0, 0],
					"scale": [1, 1, 1]
				},
				"bone7": {
					"rotation": [0, 0, 0],
					"position": [0, 0, 0],
					"scale": [1, 1, 1]
				},
				"bone5": {
					"rotation": [0, 0, 0],
					"position": {
						"0.0": [0, 0, 0],
						"0.2083": [0, -2.5, 0]
					},
					"scale": {
						"0.0": [1, 1, 1],
						"0.2083": [1, 1.6, 1]
					}
				}
			}
		},
		"animation.villagerfl.sq": {
			"animation_length": 1,
			"bones": {
				"bone": {
					"rotation": {
						"0.0": [0, 0, 0],
						"0.25": [0, 0, -15]
					},
					"position": {
						"0.0": [0, 0, 0],
						"0.25": [1, 0, 0]
					},
					"scale": [1, 1, 1]
				},
				"bone4": {
					"rotation": {
						"0.0": [0, 0, 0],
						"0.25": [0, 0, 15]
					},
					"position": {
						"0.0": [0, 0, 0],
						"0.25": [-1, 0, 0]
					},
					"scale": [1, 1, 1]
				}
			}
		},
		"animation.villagerfl.sz": {
			"animation_length": 1,
			"bones": {
				"bone": {
					"scale": [0, 0, 0]
				},
				"bone4": {
					"rotation": {
						"0.0": [0, 0, 0],
						"0.625": [0, 0, 0],
						"0.7083": [0, 0, 20],
						"0.7917": [0, 0, 0],
						"0.875": [0, 0, 0]
					},
					"position": {
						"0.0": [3, 0, 0],
						"0.125": [2, 1, 0],
						"0.25": [3, 1, 0],
						"0.375": [3, 2, 0],
						"0.4583": [3, 0, 0],
						"0.5417": [3, -1, 0],
						"0.625": [3, 2, 0],
						"0.7083": [2, 0, 0],
						"0.7917": [3, 0, 0],
						"0.875": [3, -1, 0],
						"0.9583": [3, 2, 0]
					},
					"scale": {
						"0.0": [2, 1, 1],
						"0.625": [2, 1, 1],
						"0.7083": [2, 1, 1]
					}
				},
				"bone5": {
					"position": {
						"0.8333": [0, 0, 0],
						"0.875": [0, -2, 0],
						"0.9583": [0, -4, 0]
					},
					"scale": {
						"0.8333": [1, 1, 1],
						"0.875": [1, 1.3333, 1],
						"0.9583": [1, 2, 1]
					}
				},
				"nose": {
					"rotation": {
						"0.0": [0, 0, 0],
						"0.1667": [0, 0, -2.5],
						"0.2917": [-90, 0, -45],
						"0.375": [-90, 0, 0],
						"0.4583": [-77.5, 0, 0],
						"0.5417": [-112.5, 0, 0],
						"0.625": [-69.92727, -26.11218, 50.29958],
						"0.7083": [-108.89595, -26.94622, 127.0662],
						"0.7917": [0, 0, 0]
					},
					"position": {
						"0.0": [0, 0, 0],
						"0.1667": [0, 0, 0],
						"0.2917": [4, -3, -4],
						"0.375": [0, -4, -4],
						"0.4583": [0, -4, -4],
						"0.5417": [0, -4, -7],
						"0.625": [-4, -2, -3],
						"0.7083": [-4, 2, -6],
						"0.7917": [0, 0, 0]
					},
					"scale": [1, 1, 1]
				}
			}
		}
	}
}