{
	"format_version": "1.8.0",
	"animations": {
		"animation.zl.attack": {
			"animation_length": 1.25,
			"bones": {
				"body": {
					"rotation": {
						"0.0": {
							"post": [0, 0, 0],
							"lerp_mode": "catmullrom"
						},
						"0.2083": {
							"post": [15, -15, 0],
							"lerp_mode": "catmullrom"
						},
						"0.4167": {
							"post": [0, 37.5, 15],
							"lerp_mode": "catmullrom"
						},
						"1.25": {
							"post": [0, 0, 0],
							"lerp_mode": "catmullrom"
						}
					},
					"position": {
						"0.0": {
							"post": [0, 0, 0],
							"lerp_mode": "catmullrom"
						},
						"0.2083": {
							"post": [0, -1, -3],
							"lerp_mode": "catmullrom"
						},
						"0.4167": {
							"post": [3, -2, 0],
							"lerp_mode": "catmullrom"
						},
						"1.25": {
							"post": [0, 0, 0],
							"lerp_mode": "catmullrom"
						}
					}
				},
				"rightarm": {
					"rotation": {
						"0.0": {
							"post": [0, 0, 0],
							"lerp_mode": "catmullrom"
						},
						"0.2083": {
							"post": [-43.47527, -41.80086, -43.69105],
							"lerp_mode": "catmullrom"
						},
						"0.4167": {
							"post": [-65.37906, 41.88274, 29.65584],
							"lerp_mode": "catmullrom"
						},
						"0.5417": {
							"post": [-52.17083, 49.99446, 42.71711],
							"lerp_mode": "catmullrom"
						},
						"1.25": {
							"post": [0, 0, 0],
							"lerp_mode": "catmullrom"
						}
					},
					"position": {
						"0.0": {
							"post": [0, 0, 0],
							"lerp_mode": "catmullrom"
						},
						"0.2083": {
							"post": [0, 0, 0],
							"lerp_mode": "catmullrom"
						},
						"1.25": {
							"post": [0, 0, 0],
							"lerp_mode": "catmullrom"
						}
					}
				},
				"leftarm": {
					"rotation": {
						"0.0": {
							"post": [0, 0, 0],
							"lerp_mode": "catmullrom"
						},
						"0.2083": {
							"post": [-57.10125, 8.42145, 5.41207],
							"lerp_mode": "catmullrom"
						},
						"0.4167": {
							"post": [-35, 0, 82.5],
							"lerp_mode": "catmullrom"
						},
						"1.25": {
							"post": [0, 0, 0],
							"lerp_mode": "catmullrom"
						}
					},
					"position": {
						"0.0": {
							"post": [0, 0, 0],
							"lerp_mode": "catmullrom"
						},
						"0.2083": {
							"post": [0, 1, 4],
							"lerp_mode": "catmullrom"
						},
						"0.4167": {
							"post": [-2, 0, -2],
							"lerp_mode": "catmullrom"
						},
						"1.25": {
							"post": [0, 0, 0],
							"lerp_mode": "catmullrom"
						}
					}
				},
				"rightItem": {
					"rotation": {
						"0.0": {
							"post": [0, 0, 0],
							"lerp_mode": "catmullrom"
						},
						"0.3333": {
							"post": [5.81937, -69.18297, 42.88391],
							"lerp_mode": "catmullrom"
						},
						"0.5": [80.81937, -69.18297, 42.88391]
					},
					"position": {
						"0.0": {
							"post": [0, 0, 0],
							"lerp_mode": "catmullrom"
						},
						"0.3333": {
							"post": [-1, -3, -2],
							"lerp_mode": "catmullrom"
						},
						"0.5": [0, -2, -1]
					}
				},
				"rightleg": {
					"rotation": {
						"0.0": {
							"post": [0, 0, 0],
							"lerp_mode": "catmullrom"
						},
						"0.3333": {
							"post": [-25, -22.5, 0],
							"lerp_mode": "catmullrom"
						},
						"0.5": {
							"post": [-15.43646, 46.74382, 3.81329],
							"lerp_mode": "catmullrom"
						},
						"0.75": {
							"post": [-20.43646, 46.74382, 3.81329],
							"lerp_mode": "catmullrom"
						},
						"1.25": {
							"post": [0, 0, 0],
							"lerp_mode": "catmullrom"
						}
					},
					"position": {
						"0.0": {
							"post": [0, 0, 0],
							"lerp_mode": "catmullrom"
						},
						"0.3333": {
							"post": [-1, 0, 0],
							"lerp_mode": "catmullrom"
						},
						"0.5": {
							"post": [0, -1, 1],
							"lerp_mode": "catmullrom"
						},
						"0.75": {
							"post": [0, -1.5, 1],
							"lerp_mode": "catmullrom"
						},
						"1.25": {
							"post": [0, 0, 0],
							"lerp_mode": "catmullrom"
						}
					}
				},
				"bone4": {
					"rotation": {
						"0.0": {
							"post": [0, 0, 0],
							"lerp_mode": "catmullrom"
						},
						"0.3333": {
							"post": [25, 0, 0],
							"lerp_mode": "catmullrom"
						},
						"0.75": {
							"post": [25, 0, 0],
							"lerp_mode": "catmullrom"
						},
						"1.25": {
							"post": [0, 0, 0],
							"lerp_mode": "catmullrom"
						}
					},
					"position": {
						"0.0": {
							"post": [0, 0, 0],
							"lerp_mode": "catmullrom"
						},
						"0.3333": {
							"post": [0, 0.85, -0.2],
							"lerp_mode": "catmullrom"
						},
						"0.75": {
							"post": [0, 0.85, -0.2],
							"lerp_mode": "catmullrom"
						},
						"1.25": {
							"post": [0, 0, 0],
							"lerp_mode": "catmullrom"
						}
					}
				},
				"leftleg": {
					"relative_to": {
						"rotation": "entity"
					},
					"rotation": {
						"0.0": {
							"post": [0, 0, 0.01],
							"lerp_mode": "catmullrom"
						},
						"0.3333": {
							"post": [21.17283, -18.74724, -7.09597],
							"lerp_mode": "catmullrom"
						},
						"0.5": {
							"post": [14.8424, 30.88111, -7.83383],
							"lerp_mode": "catmullrom"
						},
						"1.25": {
							"post": [0, 0, 0.01],
							"lerp_mode": "catmullrom"
						}
					},
					"position": {
						"0.0": {
							"post": [0, 0, 0],
							"lerp_mode": "catmullrom"
						},
						"0.3333": {
							"post": [0, 0, 0],
							"lerp_mode": "catmullrom"
						},
						"0.5": {
							"post": [0, 0, -2],
							"lerp_mode": "catmullrom"
						},
						"1.25": {
							"post": [0, 0, 0],
							"lerp_mode": "catmullrom"
						}
					}
				}
			}
		},
		"animation.zl.attack2": {
			"animation_length": 1.25,
			"bones": {
				"body": {
					"rotation": {
						"0.0": {
							"post": [0, 0, 0],
							"lerp_mode": "catmullrom"
						},
						"0.3333": {
							"post": [15, -15, 0],
							"lerp_mode": "catmullrom"
						},
						"0.5": {
							"post": [35, -2.5, 15],
							"lerp_mode": "catmullrom"
						},
						"1.25": {
							"post": [0, 0, 0],
							"lerp_mode": "catmullrom"
						}
					},
					"position": {
						"0.0": {
							"post": [0, 0, 0],
							"lerp_mode": "catmullrom"
						},
						"0.3333": {
							"post": [0, -1, -3],
							"lerp_mode": "catmullrom"
						},
						"0.5": {
							"post": [2, -3, -7],
							"lerp_mode": "catmullrom"
						},
						"1.25": {
							"post": [0, 0, 0],
							"lerp_mode": "catmullrom"
						}
					}
				},
				"rightarm": {
					"rotation": {
						"0.0": {
							"post": [0, 0, 0],
							"lerp_mode": "catmullrom"
						},
						"0.3333": {
							"post": [-147.15529, -59.71517, -58.09974],
							"lerp_mode": "catmullrom"
						},
						"0.5": {
							"post": [-62.57556, -2.7303, -16.76282],
							"lerp_mode": "catmullrom"
						},
						"0.75": {
							"post": [-41.04167, -8.44019, -18.70475],
							"lerp_mode": "catmullrom"
						},
						"1.25": {
							"post": [0, 0, 0],
							"lerp_mode": "catmullrom"
						}
					},
					"position": {
						"0.0": {
							"post": [0, 0, 0],
							"lerp_mode": "catmullrom"
						},
						"0.3333": {
							"post": [0, 0, 0],
							"lerp_mode": "catmullrom"
						},
						"1.25": {
							"post": [0, 0, 0],
							"lerp_mode": "catmullrom"
						}
					}
				},
				"leftarm": {
					"rotation": {
						"0.0": {
							"post": [0, 0, 0],
							"lerp_mode": "catmullrom"
						},
						"0.3333": {
							"post": [-82.10125, 8.42145, 5.41207],
							"lerp_mode": "catmullrom"
						},
						"0.4167": {
							"post": [-35, 0, 82.5],
							"lerp_mode": "catmullrom"
						},
						"1.25": {
							"post": [0, 0, 0],
							"lerp_mode": "catmullrom"
						}
					},
					"position": {
						"0.0": {
							"post": [0, 0, 0],
							"lerp_mode": "catmullrom"
						},
						"0.3333": {
							"post": [0, 1, 4],
							"lerp_mode": "catmullrom"
						},
						"0.4167": {
							"post": [-2, 0, -2],
							"lerp_mode": "catmullrom"
						},
						"1.25": {
							"post": [0, 0, 0],
							"lerp_mode": "catmullrom"
						}
					}
				},
				"rightItem": {
					"rotation": {
						"0.0": {
							"post": [0, 0, 0],
							"lerp_mode": "catmullrom"
						},
						"0.25": {
							"post": [108.35243, -53.85036, -39.09806],
							"lerp_mode": "catmullrom"
						},
						"0.3333": {
							"post": [142.65176, -44.17664, -64.54114],
							"lerp_mode": "catmullrom"
						},
						"0.4167": [166.03447, -40.85705, -53.68653],
						"0.5": [43.00261, -55.7504, 113.11345]
					},
					"position": {
						"0.0": {
							"post": [0, 0, 0],
							"lerp_mode": "catmullrom"
						},
						"0.25": {
							"post": [0, -1.33, -0.67],
							"lerp_mode": "catmullrom"
						},
						"0.3333": {
							"post": [1, -1.5, -0.75],
							"lerp_mode": "catmullrom"
						},
						"0.4167": {
							"post": [2, -1.67, -0.84],
							"lerp_mode": "catmullrom"
						},
						"0.5": [0, -2, -1]
					}
				},
				"rightleg": {
					"rotation": {
						"0.0": {
							"post": [0, 0, 0],
							"lerp_mode": "catmullrom"
						},
						"0.3333": {
							"post": [-25, -22.5, 0],
							"lerp_mode": "catmullrom"
						},
						"0.5": {
							"post": [-15.43646, 46.74382, 3.81329],
							"lerp_mode": "catmullrom"
						},
						"0.75": {
							"post": [-20.43646, 46.74382, 3.81329],
							"lerp_mode": "catmullrom"
						},
						"1.25": {
							"post": [0, 0, 0],
							"lerp_mode": "catmullrom"
						}
					},
					"position": {
						"0.0": {
							"post": [0, 0, 0],
							"lerp_mode": "catmullrom"
						},
						"0.3333": {
							"post": [-1, 0, 0],
							"lerp_mode": "catmullrom"
						},
						"0.5": {
							"post": [0, -1, 1],
							"lerp_mode": "catmullrom"
						},
						"0.75": {
							"post": [0, -1.5, 1],
							"lerp_mode": "catmullrom"
						},
						"1.25": {
							"post": [0, 0, 0],
							"lerp_mode": "catmullrom"
						}
					}
				},
				"bone4": {
					"rotation": {
						"0.0": {
							"post": [0, 0, 0],
							"lerp_mode": "catmullrom"
						},
						"0.3333": {
							"post": [25, 0, 0],
							"lerp_mode": "catmullrom"
						},
						"0.75": {
							"post": [25, 0, 0],
							"lerp_mode": "catmullrom"
						},
						"1.25": {
							"post": [0, 0, 0],
							"lerp_mode": "catmullrom"
						}
					},
					"position": {
						"0.0": {
							"post": [0, 0, 0],
							"lerp_mode": "catmullrom"
						},
						"0.3333": {
							"post": [0, 0.85, -0.2],
							"lerp_mode": "catmullrom"
						},
						"0.75": {
							"post": [0, 0.85, -0.2],
							"lerp_mode": "catmullrom"
						},
						"1.25": {
							"post": [0, 0, 0],
							"lerp_mode": "catmullrom"
						}
					}
				},
				"leftleg": {
					"relative_to": {
						"rotation": "entity"
					},
					"rotation": {
						"0.0": {
							"post": [0, 0, 0.01],
							"lerp_mode": "catmullrom"
						},
						"0.3333": {
							"post": [21.17283, -18.74724, -7.09597],
							"lerp_mode": "catmullrom"
						},
						"0.5": {
							"post": [14.8424, 30.88111, -7.83383],
							"lerp_mode": "catmullrom"
						},
						"1.25": {
							"post": [0, 0, 0.01],
							"lerp_mode": "catmullrom"
						}
					},
					"position": {
						"0.0": {
							"post": [0, 0, 0],
							"lerp_mode": "catmullrom"
						},
						"0.3333": {
							"post": [0, 0, 0],
							"lerp_mode": "catmullrom"
						},
						"0.5": {
							"post": [0, 0, -2],
							"lerp_mode": "catmullrom"
						},
						"1.25": {
							"post": [0, 0, 0],
							"lerp_mode": "catmullrom"
						}
					}
				}
			}
		},
		"animation.jszl.move": {
			"loop": true,
			"animation_length": 1,
			"bones": {
				"body": {
					"rotation": {
						"0.0": [39.97314, -1.60667, 1.91561],
						"0.5": [39.97052, 1.60796, -1.92007],
						"1.0": [39.97062, -1.60521, 1.9113]
					},
					"position": {
						"0.0": [0.5, -4, -7],
						"0.5": [-0.5, -4, -7],
						"1.0": [0.5, -4, -7]
					}
				},
				"rightarm": {
					"rotation": [-217.21538, 46.06494, -84.14387]
				},
				"bone": {
					"rotation": [-57.5, 0, 0],
					"position": [0, 1.7, 0.93]
				},
				"leftarm": {
					"rotation": {
						"0.0": [-37.48635, -7.09665, 2.33627],
						"0.25": [-40.80085, -17.04843, 6.12901],
						"0.5": [-33.42193, -20.59023, -0.73593],
						"0.75": [-47.68814, -18.67204, 4.13163],
						"1.0": [-37.48635, -7.09665, 2.33627]
					}
				},
				"rightleg": {
					"rotation": {
						"0.0": [30, 0, 0],
						"0.5": [-30, 0, 0],
						"1.0": [30, 0, 0]
					},
					"position": {
						"0.0": [0, 0, 0],
						"0.5": [0, -2, 0],
						"1.0": [0, 0, 0]
					}
				},
				"leftleg": {
					"rotation": {
						"0.0": [-30, 0, 0],
						"0.5": [30, 0, 0],
						"1.0": [-30, 0, 0]
					},
					"position": {
						"0.0": [0, -2, 0],
						"0.5": [0, -1, -1],
						"1.0": [0, -2, 0]
					}
				},
				"bone4": {
					"rotation": {
						"0.0": [0, 0, 0],
						"0.5": [30, 0, 0],
						"1.0": [0, 0, 0]
					},
					"position": {
						"0.0": [0, 0, 0],
						"0.5": [0, 1, -0.25],
						"1.0": [0, 0, 0]
					}
				},
				"bone5": {
					"rotation": {
						"0.0": [30, 0, 0],
						"0.5": [0, 0, 0],
						"1.0": [30, 0, 0]
					},
					"position": {
						"0.0": [0, 1, -0.25],
						"0.5": [0, 0, 0],
						"1.0": [0, 1, -0.25]
					}
				}
			}
		},
		"animation.jszl.attack3": {
			"animation_length": 2.25,
			"bones": {
				"body": {
					"rotation": {
						"0.0": [14.97314, -1.60667, 1.91561],
						"0.5": [17.02154, -28.084, -5.85581],
						"0.625": [17.02, -28.08, -5.86],
						"0.7917": [20.9929, 43.87405, 17.23219],
						"0.9583": [21.9085, 46.20101, 18.52591]
					},
					"position": [0.5, -1, -3]
				},
				"rightarm": {
					"rotation": {
						"0.0": [-217.21538, 46.06494, -84.14387],
						"0.5": [-77.5146, 0.40084, 85.89087],
						"0.625": [-80.0146, 0.40084, 85.89087],
						"0.7917": [47.4854, 0.40084, 85.89087],
						"1.0": [52.4854, 0.40084, 85.89087]
					}
				},
				"bone": {
					"rotation": {
						"0.0": [-57.5, 0, 0],
						"0.5": [-22.5, 0, 0]
					},
					"position": {
						"0.0": [0, 1.7, 0.93],
						"0.5": [0, 0.75, 0.15]
					}
				},
				"leftarm": {
					"rotation": {
						"0.0": [-37.48635, -7.09665, 2.33627],
						"0.5": [-38.2551, 34.27061, 71.7321]
					}
				},
				"rightleg": {
					"rotation": {
						"0.0": [30, 0, 0],
						"0.5": [-30, 0, 0],
						"1.0": [30, 0, 0]
					},
					"position": {
						"0.0": [0, 0, 0],
						"0.5": [0, -2, 0],
						"1.0": [0, 0, 0]
					}
				},
				"leftleg": {
					"rotation": {
						"0.0": [-30, 0, 0],
						"0.5": [30, 0, 0],
						"1.0": [-30, 0, 0]
					},
					"position": {
						"0.0": [0, -2, 0],
						"0.5": [0, -1, -1],
						"1.0": [0, -2, 0]
					}
				},
				"bone4": {
					"rotation": {
						"0.0": [0, 0, 0],
						"0.5": [30, 0, 0],
						"1.0": [0, 0, 0]
					},
					"position": {
						"0.0": [0, 0, 0],
						"0.5": [0, 1, -0.25],
						"1.0": [0, 0, 0]
					}
				},
				"bone5": {
					"rotation": {
						"0.0": [30, 0, 0],
						"0.5": [0, 0, 0],
						"1.0": [30, 0, 0]
					},
					"position": {
						"0.0": [0, 1, -0.25],
						"0.5": [0, 0, 0],
						"1.0": [0, 1, -0.25]
					}
				},
				"rightItem": {
					"rotation": {
						"0.0": [0, 0, 0],
						"0.125": [-66.40801, 76.66686, -67.29535],
						"0.25": [-69.67027, 68.74469, -80.79861],
						"0.375": [-19.63682, 61.86933, -108.53766],
						"0.4167": [11.90878, 41.24622, -72.35844],
						"0.5": [0, 0, 0]
					}
				},
				"blue": {
					"rotation": {
						"0.625": [0, 0, 0],
						"0.7083": [0, 102.5, 0],
						"0.7917": [0, 215, 0],
						"0.875": [0, 325, 0],
						"0.9583": [0, 440, 0],
						"1.0417": [0, 562.5, 0],
						"1.125": [0, 672.5, 0],
						"1.2083": [0, 750, 0],
						"1.2917": [0, 817.5, 0],
						"1.375": [0, 917.5, 0],
						"1.4583": [0, 1005, 0],
						"1.5833": [0, 1100, 0],
						"1.75": [0, 1167.5, 0],
						"1.9583": [0, 1400, 0],
						"2.2083": [0, 1402.5, 0]
					},
					"position": {
						"0.625": [0, 0, 0],
						"1.25": [0, 4, 0],
						"1.5833": [0, 0, 0]
					}
				},
				"head": {
					"rotation": {
						"0.625": [0, 0, 0],
						"0.7083": [0, -32.5, 0],
						"0.7917": [0, 10, 0],
						"0.875": [0, 65, 0],
						"0.9167": [0, 92.5, 0],
						"1.75": [0, 92.5, 0],
						"2.0": [0, -15, 0]
					}
				}
			}
		}
	}
}