{
  "format_version": "1.16.100",
  "minecraft:recipe_shaped": {
    "description": {
      "identifier": "xc:303zr"
    },
    "tags": [
      "crafting_table"
    ],
    "pattern": [
      "BCB",
      "CAC",
      "BCB"
    ],
    "key": {
      "A": {
        "item": "xc:sjj",
        "data": 0
      },
      "B": {
        "item": "xc:fmmyzz",
        "data": 0
      },
      "C": {
        "item": "xc:hsmyzz",
        "data": 0
      }
    },
    "result": {
      "item": "xc:303zr",
      "count": 1
    }
  }
}
