{
  "format_version": "1.16.100",
  "minecraft:recipe_shaped": {
    "description": {
      "identifier": "xc:booptt"
    },
    "tags": [
      "crafting_table"
    ],
    "pattern": [
      "A B",
      "DCE",
      " F "
    ],
    "key": {
      "A": {
        "item": "xc:fysnl"
      },
      "B": {
        "item": "xc:bysnl"
      },
      "C": {
        "item": "minecraft:totem_of_undying"
      },
      "D": {
        "item": "xc:hysnl"
      },
      "E": {
        "item": "xc:lysnl"
      },
      "F": {
        "item": "xc:tysnl"
      }
    },
    "result": {
      "item": "xc:booptt",
      "count": 1
    }
  }
}

