{
  "format_version": "1.16.100",
  "minecraft:recipe_shaped": {
    "description": {
      "identifier": "xc:lbsn"
    },
    "tags": [
      "crafting_table"
    ],
    "pattern": [
      "ABA",
      "DCD",
      " A "
    ],
    "key": {
      "A": {
        "item": "minecraft:emerald"
      },
      "B": {
        "item": "xc:jt"
      },
      "C": {
        "item": "minecraft:tripwire_hook"
      },
      "D": {
        "item": "minecraft:string"
      }
    },
    "result": {
      "item": "xc:lbsn",
      "count": 1
    }
  }
}

