{
  "format_version": "1.16.100",
  "minecraft:recipe_shaped": {
    "description": {
      "identifier": "av:red_steel_axe_forked"
    },
    "tags": [
      "crafting_table"
    ],
    "pattern": [
      "ABA",
      "BCB",
      "ABA"
    ],
    "key": {
      "A": {
        "item": "xc:jt",
        "data": 0
      },
      "B": {
        "item": "xc:hbs",
        "data": 0
      },
      "C": {
        "item": "minecraft:netherite_axe",
        "data": 0
      }
    },
    "result": {
      "item": "av:red_steel_axe_forked",
      "count": 1
    }
  }
}
