{
  "format_version": "1.16.100",
  "minecraft:recipe_shaped": {
    "description": {
      "identifier": "xc:cmwht"
    },
    "tags": [
      "crafting_table"
    ],
    "pattern": [
      "ABA",
      "BCB",
      "ABA"
    ],
    "key": {
      "A": {
        "item": "xc:fmlbs",
        "data": 0
      },
      "B": {
        "item": "xc:dcdmfzs",
        "data": 0
      },
      "C": {
        "item": "xc:fgzsht",
        "data": 0
      }
    },
    "result": {
      "item": "xc:cmwht",
      "count": 1
    }
  }
}
