{
  "format_version": "1.16.100",
  "minecraft:recipe_shaped": {
    "description": {
      "identifier": "av:prismarine_chestplate"
    },
    "tags": [
      "crafting_table"
    ],
    "pattern": [
      "ABA",
      "ACA",
      "AAA"
    ],
    "key": {
      "A": {
        "item": "minecraft:prismarine"
      },
      "B": {
        "item": "xc:lysnl"
      },
      "C": {
        "item": "xc:fgzsxj"
      }
    },
    "result": {
      "item": "av:prismarine_chestplate",
      "count": 1
    }
  }
}

