{
  "format_version": "1.16.100",
  "minecraft:recipe_shaped": {
    "description": {
      "identifier": "xc:tysnl"
    },
    "tags": [
      "crafting_table"
    ],
    "pattern": [
      "ABA",
      "DCE",
      "AFA"
    ],
    "key": {
      "A": {
        "item": "minecraft:end_crystal"
      },
      "B": {
        "item": "xc:lszs"
      },
      "C": {
        "item": "xc:jt"
      },
      "D": {
        "item": "xc:fhzs"
      },
      "E": {
        "item": "xc:dcdmfzs"
      },
      "F": {
        "item": "xc:hszs"
      }
    },
    "result": {
      "item": "xc:tysnl",
      "count": 1
    }
  }
}

