{
  "format_version": "1.16.100",
  "minecraft:recipe_shaped": {
    "description": {
      "identifier": "av:tony_fishing_rod_evolved"
    },
    "tags": [
      "crafting_table"
    ],
    "pattern": [
      "__B",
      "_BA",
      "B_C"
    ],
    "key": {
      "A": {
        "item": "minecraft:string",
        "data": 0
      },
      "B": {
        "item": "xc:mfmg",
        "data": 0
      },
      "C": {
        "item": "xc:jt",
        "data": 0
      }
    },
    "result": {
      "item": "av:tony_fishing_rod_evolved",
      "count": 1
    }
  }
}
