{
  "format_version": "1.16.100",
  "minecraft:recipe_shaped": {
    "description": {
      "identifier": "xc:ymj"
    },
    "tags": [
      "crafting_table"
    ],
    "pattern": [
      "DBE",
      "ACA",
      "AAA"
    ],
    "key": {
      "A": {
        "item": "minecraft:bread"
      },
      "B": {
        "item": "minecraft:kelp"
      },
      "C": {
        "item": "minecraft:cooked_beef"
      },
      "D": {
        "item": "minecraft:cooked_porkchop"
      },
      "E": {
        "item": "minecraft:cooked_mutton"
      }
    },
    "result": {
      "item": "xc:ymj",
      "count": 1
    }
  }
}
