{
  "format_version": "1.16.100",
  "minecraft:recipe_shaped": {
    "description": {
      "identifier": "xc:zszr"
    },
    "tags": [
      "crafting_table"
    ],
    "pattern": [
      "BBB",
      "BCB",
      "ABB"
    ],
    "key": {
      "A": {
        "item": "xc:mfmg",
        "data": 0
      },
      "B": {
        "item": "xc:dcdmfzs",
        "data": 0
      },
      "C": {
        "item": "minecraft:nether_star",
        "data": 0
      }
    },
    "result": {
      "item": "xc:zszr",
      "count": 1
    }
  }
}
