{
  "format_version": "1.16",
  "minecraft:recipe_shaped": {
    "description": {
      "identifier": "xc:ahjdrf"
    },
    "tags": [
      "crafting_table"
    ],
    "pattern": [
      " AC",
      "CB",
      "C"
    ],
    "key": {
      "A": {
        "item": "xc:ahjd",
        "data": 0
      },
      "B": {
        "item": "xc:mzdrf",
        "data": 0
      },
      "C": {
        "item": "minecraft:diamond_block",
        "data": 0
      }
    },
    "result": {
      "item": "xc:ahjdrf",
      "count": 1
    }
  }
}