{
  "format_version": "1.16",
  "minecraft:recipe_shaped": {
    "description": {
      "identifier": "xc:ahjskf"
    },
    "tags": [
      "crafting_table"
    ],
    "pattern": [
      " B",
      " A",
      " C"
    ],
    "key": {
      "A": {
        "item": "xc:zsskf",
        "data": 0
      },
      "B": {
        "item": "iron_block",
        "data": 0
      },
      "C": {
        "item": "xc:ahjd",
        "data": 0
      }
    },
    "result": {
      "item": "xc:ahjskf",
      "count": 1
    }
  }
}