{
  "format_version": "1.16",
  "minecraft:recipe_shaped": {
    "description": {
      "identifier": "xc:zsskf"
    },
    "tags": [
      "crafting_table"
    ],
    "pattern": [
      "BB",
      "BA",
      " C"
    ],
    "key": {
      "A": {
        "item": "minecraft:diamond_axe",
        "data": 0
      },
      "B": {
        "item": "minecraft:diamond",
        "data": 0
      },
      "C": {
        "item": "minecraft:stick",
        "data": 0
      }
    },
    "result": {
      "item": "xc:zsskf",
      "count": 1
    }
  }
}