{
  "format_version": "1.16.100",
  "minecraft:recipe_shaped": {
    "description": {
      "identifier": "xc:zjfms"
    },
    "tags": [
      "crafting_table"
    ],
    "pattern": [
      "BBB",
      "BAB",
      "BCB"
    ],
    "key": {
      "A": {
        "item": "minecraft:book",
        "data": 0
      },
      "B": {
        "item": "minecraft:enchanted_golden_apple",
        "data": 0
      },
      "C": {
        "item": "minecraft:nether_star",
        "data": 0
      }
    },
    "result": {
      "item": "xc:zjfms",
      "count": 1
    }
  }
}
