{
  "format_version": "1.16",
  "minecraft:recipe_shaped": {
    "description": {
      "identifier": "xc:hhjj"
    },
    "tags": [
      "crafting_table"
    ],
    "pattern": [
      " A ",
      "CBC",
      " C "
    ],
    "key": {
      "A": {
        "item": "minecraft:diamond_sword",
        "data": 0
      },
      "B": {
        "item": "minecraft:diamond",
        "data": 0
      },
      "C": {
        "item": "xc:ahjl",
        "data": 0
      }
    },
    "result": {
      "item": "xc:hhjj",
      "count": 1
    }
  }
}