{
  "format_version": "1.16.100",
  "minecraft:recipe_shaped": {
    "description": {
      "identifier": "xc:dzk"
    },
    "tags": [
      "crafting_table"
    ],
    "pattern": [
      "DBD",
      "ACA",
      "DBD"
    ],
    "key": {
      "A": {
        "item": "xc:zjxkqdhys"
      },
      "B": {
        "item": "xc:qtxkqdhys"
      },
      "C": {
        "item": "xc:d"
      },
      "D": {
        "item": "minecraft:crying_obsidian"
      }
    },
    "result": {
      "item": "xc:dzk",
      "count": 1
    }
  }
}
