{
  "format_version": "1.16.100",
  "minecraft:recipe_shaped": {
    "description": {
      "identifier": "xc:myzm"
    },
    "tags": [
      "crafting_table"
    ],
    "pattern": [
      "DBD",
      "ACA",
      "DBD"
    ],
    "key": {
      "A": {
        "item": "xc:lhdrq"
      },
      "B": {
        "item": "xc:hszs"
      },
      "C": {
        "item": "xc:jbm"
      },
      "D": {
        "item": "xc:zhsjt"
      }
    },
    "result": {
      "item": "xc:myzm",
      "count": 1
    }
  }
}
