{
  "format_version": "1.16",
  "minecraft:recipe_shaped": {
    "description": {
      "identifier": "xc:hjskf"
    },
    "tags": [
      "crafting_table"
    ],
    "pattern": [
      "BB",
      "BA",
      " C"
    ],
    "key": {
      "A": {
        "item": "xc:zsskf",
        "data": 0
      },
      "B": {
        "item": "iron_block",
        "data": 0
      },
      "C": {
        "item": "netherite_block",
        "data": 0
      }
    },
    "result": {
      "item": "xc:hjskf",
      "count": 1
    }
  }
}