{
  "format_version": "1.16",
  "minecraft:recipe_shaped": {
    "description": {
      "identifier": "xc:blaze_rod"
    },
    "tags": [
      "crafting_table"
    ],
    "pattern": [
      " B",
      "ACA",
      " B"
    ],
    "key": {
      "A": {
        "item": "xc:ahjd",
        "data": 0
      },
      "B": {
        "item": "xc:mfmg",
        "data": 0
      },
      "C": {
        "item": "xc:lhdrq",
        "data": 0
      }
    },
    "result": {
      "item": "xc:blaze_rod",
      "count": 1
    }
  }
}