{
  "format_version": "1.16",
  "minecraft:recipe_shaped": {
    "description": {
      "identifier": "xc:zbscj"
    },
    "tags": [
      "crafting_table"
    ],
    "pattern": [
      "  A",
      " B",
      "C"
    ],
    "key": {
      "A": {
        "item": "xc:zscj",
        "data": 0
      },
      "B": {
        "item": "xc:zszs",
        "data": 0
      },
      "C": {
        "item": "minecraft:stick",
        "data": 0
      }
    },
    "result": {
      "item": "xc:zbscj",
      "count": 1
    }
  }
}