{
  "format_version": "1.16",
  "minecraft:recipe_shaped": {
    "description": {
      "identifier": "xc:lbscj"
    },
    "tags": [
      "crafting_table"
    ],
    "pattern": [
      "A",
      "B",
      "C"
    ],
    "key": {
      "A": {
        "item": "xc:zscj",
        "data": 0
      },
      "B": {
        "item": "minecraft:emerald",
        "data": 0
      },
      "C": {
        "item": "minecraft:stick",
        "data": 0
      }
    },
    "result": {
      "item": "xc:lbscj",
      "count": 1
    }
  }
}