{
  "format_version": "1.13.0",
  "minecraft:entity": {
    "description": {
      "identifier": "xc:grave",
      "is_spawnable": true,
      "is_summonable": true,
      "is_experimental": false,
      "scripts": {
        "animate": [
		  "pc",
		  "wjy",
		  "jpg",
		  "cz",
		  "gravejp",
		  "gravehys"
        ]
      },
      "animations": {
        "pc": "animation.pc",
        "wjy": "controller.animation.wjy",
        "jpg": "controller.animation.jpg",
        "gravejp": "animation.gravejp",
        "cz": "animation.cz",
        "gravehys": "animation.gravehys"
      }
    },

    "component_groups": {
      "grave": {
        "minecraft:transformation": {
          "into": "xc:grave2"
        }
      },
      "up": {
      "minecraft:pushable": {
        "is_pushable": true,
        "is_pushable_by_piston": true
        }
      },
    "melee":{
        "minecraft:attack": {
          "damage": {
			"range_min": 1,
			"range_max": 3
		  }
		},
      "minecraft:behavior.delayed_attack": {
        "priority": 1,
        "delay_the_blow": 0.0,
        "reach_multiplier": 3.5,
        "speed_multiplier": 1.4,
        "attack_duration": 0.0,
        "hit_delay_pct": 0.0
      },
        "minecraft:behavior.melee_attack": {
         "priority": 1,
        "track_target": true,
        "speed_multiplier": 1.30,
        "delay_the_blow": 0.0,
        "punch_speed": 3.0,
        "target_dist": 3.0,
        "max_dist": 3,
        "reach_multiplier": 3.5
      },
        "minecraft:behavior.jump_to_block": {
			"priority": 1,
			"search_width": 8,
			"search_height": 4,
			"minimum_path_length": 2,
			"minimum_distance": 1,
			"scale_factor": 0.6,
			"max_velocity": 1,
			"cooldown_range": [ 5, 7 ],
			"preferred_blocks": [
				"minecraft:grass"
			],
			"preferred_blocks_chance": 0.5,
				"forbidden_blocks": [
					"minecraft:water"
				]
			},
        "minecraft:equipment": {
          "table": "loot_tables/items/grave.json"
        }
      },
      	  "minecraft:bow": {
        "minecraft:shooter": {
          "type": "arrow",
          "def": "minecraft:arrow"
        },
        "minecraft:equipment": {
          "table": "loot_tables/items/gravebow.json"
        },
		"minecraft:is_charged": {
        },
        "minecraft:behavior.ranged_attack": {
          "priority": 1,
          "attack_interval_min": 1.3,
          "attack_interval_max": 1.5,
          "attack_radius_min": 8,
          "burst_shots": 1,
          "burst_interval": 0.8,
          "attack_radius": 15
        }
      },
      	  "minecraft:end": {
        "minecraft:shooter": {
            "type": "arrow",
          "def": "minecraft:ender_pearl"
        },
        "minecraft:equipment": {
          "table": "loot_tables/items/gravem.json"
        },
		"minecraft:is_charged": {
        },
        "minecraft:behavior.ranged_attack": {
          "priority": 1,
          "attack_interval_min": 1,
          "attack_interval_max": 3,
          "attack_speed": 1,
          "attack_radius": 32
        }
      },
      "spin_attack":{
    "minecraft:behavior.melee_attack": {
        "priority": 1,
        "speed_multiplier": 0.1,
        "track_target": true,
        "reach_multiplier":  1.5
      },
      "minecraft:equipment": {
        "table": "loot_tables/items/grave.json"
        },
      "minecraft:area_attack" : {
          "damage_range": 7,
          "damage_per_tick": 17,
          "cause": "contact",
          "entity_filter": {
            "test": "is_family",
            "subject": "other",
            "operator": "!=",
            "value": "grave"
            }
        },
      "minecraft:timer": {
          "looping": false,
            "time": 2,
          "time_down_event": {
            "event": "remove_spin_attack"
          }
        },
    "minecraft:is_charged": {
      }
    },
      "rest":{
      "minecraft:damage_sensor": {
          "triggers": {
   "on_damage": { 
    "event": "call"
   },
    "deals_damage": true
        }
      }
    },
    "roaring": {
        "minecraft:behavior.knockback_roar": {
          "priority": 1,
          "duration": 1.6,
          "attack_time": 0.6,
          "knockback_damage": 21,
          "knockback_strength": 5,
          "knockback_range": 4,
          "knockback_filters": {
            "any_of": [
                { "test" :  "is_family", "subject" : "other", "value" :  "monster"},
                { "test" :  "is_family", "subject" : "other", "value" :  "player"},
                { "test" :  "is_family", "subject" : "other", "value" :  "villager"}
              ] 
            },
          "damage_filters": {
            "any_of": [
                { "test" :  "is_family", "subject" : "other", "value" :  "monster"},
                { "test" :  "is_family", "subject" : "other", "value" :  "player"},
                { "test" :  "is_family", "subject" : "other", "value" :  "villager"}
              ] 
            },
          "on_roar_end": {
            "event": "minecraft:end_roar"
          },
          "cooldown_time": 0.1
        }
      },
      "start_roar":{
    "minecraft:timer": {
          "looping": false,
            "time": 5.0,
          "time_down_event": {
            "event": "start_look_roar"
          }
        }
      },
      "start_look_roar": {
        "minecraft:target_nearby_sensor": {
          "inside_range": 3.0,
          "outside_range": 3.0,
          "on_inside_range": {
            "event": "roaring",
            "target": "self"
          },
          "on_outside_range": {
            "event": "xroaring",
            "target": "self"
          }
        }
      },
	    "minecraft:target_nearby_sensor": {
          "inside_range": 4.0,
          "outside_range": 6.5,
          "on_inside_range": {
            "event": "minecraft:end_roar",
            "target": "self"
          },
          "on_outside_range": {
            "event": "minecraft:switch_to_ranged",
            "target": "self"
          }
        },
      "minecraft:player_created": {
        "minecraft:behavior.hurt_by_target": {
          "priority": 2,
          "entity_types": {
            "filters": { 
                "all_of": [
                  { "test" :  "is_family", "subject" : "other", "operator": "!=", "value" :  "villagerfl"},
                  { "test" :  "is_family", "subject" : "other", "operator": "!=", "value" :  "creeper"}
                ] 
            }
          }
        }
      }
    },

    "components": {
      "minecraft:type_family": {
        "family": [ "player", "mob", "grave" ]
      },
      "minecraft:nameable": {
      },
      
      "minecraft:collision_box": {
        "width": 0.6,
        "height": 1.9
      },
        "minecraft:equipment": {
        "table": "loot_tables/items/grave.json"
        },
      "minecraft:health": {
        "value": 650,
        "max": 650
      },
      "minecraft:hurt_on_condition": {
        "damage_conditions": [
          {
            "filters": { "test": "in_lava", "subject": "self", "operator": "==", "value": true },
            "cause": "lava",
            "damage_per_tick": 2
          }
        ]
      },
      
      "minecraft:navigation.walk": {
        "can_path_over_water": true,
        "avoid_water": true,
        "can_pass_doors": true,
        "can_jump": true,
        "can_open_iron_doors": true,
        "can_open_doors": true,
        "avoid_damage_blocks": true
      },
      "minecraft:movement.basic": {
        
      },
      "minecraft:become_charged": {
      },
      "minecraft:jump.static": {
      },
      "minecraft:behavior.jump_to_block":{
        "priority": 1,
        "search_width": 2,
        "search_height": 6,
        "scale_factor": 2.0,
        "max_velocity": 10.0,
        "minimum_path_length": 4,
        "minimum_distance": 6,
        "cooldown_range": [5, 10]
      },
      "minecraft:can_climb": {
      },
      "minecraft:movement": {
        "value": 0.35
      },
      "minecraft:knockback_resistance": {
        "value": 0.0
      },
      "minecraft:leashable": {
        "soft_distance": 4.0,
        "hard_distance": 6.0,
        "max_distance": 10.0
      },
      "minecraft:balloonable": {
		"mass": 2.0
      },
      "minecraft:behavior.move_towards_target": {
        "priority": 2,
        "speed_multiplier": 0.5,
        "within_radius": 32
      },
      "minecraft:behavior.move_towards_dwelling_restriction": {
        "priority": 4,
        "speed_multiplier": 1
      },
      "minecraft:behavior.offer_flower": {
        "priority": 5
      },
      "minecraft:behavior.random_stroll": {
        "priority": 6,
        "speed_multiplier": 0.5,
        "xz_dist": 16
      },
      "minecraft:behavior.look_at_player": {
        "priority": 7,
        "look_distance": 6.0,
        "probability": 0.02
      },
      "minecraft:behavior.random_look_around": {
        "priority": 8
      },
		"minecraft:damage_sensor": {
          "triggers": [
            {
            "on_damage": {
              "filters": {
                "all_of": [
                  {"test": "has_damage", "value": "fatal"}
                ]
              },
              "event": "xc:grave"
              }
            }
          ]
        },
      "minecraft:behavior.nearest_attackable_target": {
        "priority": 1,
        "percent_chance": 45.0,
        "must_reach": true,
        "must_see": true,

        "entity_types": [
          {
            "filters": {
              "all_of": [
                {
                  "test": "is_family",
                  "subject": "other",
                  "value": "monster"
                },
                {
                  
                  "test": "is_family",
                  "subject": "other",
                  "operator": "!=",
                  "value": "grave"
                }
              ]
            },
            "max_dist": 85
          },
          {
          "filters": {
              "test": "is_family",
              "subject": "other",
              "value": "player"
            },
            "max_dist": 85
          },
          {
          "filters": {
              "test": "is_family",
              "subject": "other",
              "value": "steve"
            },
            "max_dist": 85
          },
          {
          "filters": {
              "test": "is_family",
              "subject": "other",
              "value": "villager"
            },
            "max_dist": 85
          },
          {
            "filters": {
              "all_of": [
                {
                  "test": "is_family",
                  "subject": "other",
                  "value": "hoglin"
                },
                {
                  "test": "is_difficulty",
                  "operator": "!=",
                  "value": "peaceful"
                }
              ]
            },
            "max_dist": 85
          },
          {
            "filters": {
              "all_of": [
                {
                  "test": "is_family",
                  "subject": "other",
                  "value": "zoglin"
                },
                {
                  "test": "is_difficulty",
                  "operator": "!=",
                  "value": "peaceful"
                }
              ]
            },
            "max_dist": 85
          }
        ]
      },
      "minecraft:behavior.hurt_by_target": {
          "priority": 2,
          "entity_types": {
            "filters": { 
                "all_of": [
                  { "test" :  "is_family", "subject" : "other", "operator": "!=", "value" :  "grave"},
                  { "test" :  "is_family", "subject" : "other", "operator": "!=", "value" :  "villagerfl"}
                  ]
            }
        }
      },
      "minecraft:persistent": {
      },
      "minecraft:physics": {
      },
      
      "minecraft:follow_range": {
        "value": 64
      },
      "minecraft:conditional_bandwidth_optimization": {
      }
    },

    "events": {
      "xc:grave": {
        "sequence": [
          {
            "filters": {"test": "is_difficulty", "value": "normal"},
            "randomize": [
              {
                "weight": 100,
                "add": { "component_groups": [ "grave" ] }
              },
              {
                "weight": 100
              }
            ]
          },
          {
            "filters": {"test": "is_difficulty", "value": "hard"},
            "add": {
              "component_groups": [
                "grave"
              ]
            }
          }
        ]
      },
      "minecraft:entity_spawned": {
        "add": {
          "component_groups": [
            "start_roar",
            "melee"
          ]
        }
      },
      "low_health": {
        "remove": {
          "component_groups": [
            "high_health"
          ]
        },
        "add": {
          "component_groups": [
            "low_health"
          ]
        }
      }, 
      "high_health": {
        "remove": {
          "component_groups": [
            "low_health"
          ]
        },
        "add": {
          "component_groups": [
            "high_health"
          ]
        }
      }, 
      "minecraft:from_player": {
        "add": {
          "component_groups": [
            "minecraft:player_created"
          ]
        }
      },
      "roaring": {
      "randomize": [
          {
            "weight": 50,
        "add": {
          "component_groups": [
            "roaring"
          ]
        },
        "remove": {
          "component_groups": [
            "start_look_roar",
            "minecraft:end",
            "minecraft:bow",
            "melee"
          ]
        }
      },
      {
      "weight": 50,
        "add": {
          "component_groups": [
            "melee"
          ]
        },
        "remove": {
          "component_groups": [
            "start_look_roar",
            "minecraft:end",
            "minecraft:bow"
          ]
        }
      }
      ]
      },
      "roaring_stunned": {
        "add": {
          "component_groups": [
            "roaring"
          ]
        }
      },
      "start_look_roar": {
        "add": {
          "component_groups": [
            "start_look_roar"
          ]
        },
        "remove": {
          "component_groups": [
            "start_roar"
          ]
        }
      },
      "minecraft:end_roar": {
        "remove": {
          "component_groups": [
            "roaring",
            "minecraft:end",
            "minecraft:bow"
          ]
        },
        "add": {
          "component_groups": [
            "start_roar",
            "melee"
          ]
        }
      },
      "minecraft:switch_to_ranged": {
        "remove": {
          "component_groups": [
            "melee",
            "start_roar"
          ]
        },     
        "randomize": [
          {
            "weight": 50,
            "add": {
              "component_groups": [
                "minecraft:bow"
              ]
            }
          },
          {
            "weight": 50,
            "add": {
              "component_groups": [
                "minecraft:end"
              ]
            }
          }
        ]
      },
      "rest": {
        "add": {
          "component_groups": [
            "rest"
          ]
        },
        "remove": {
          "component_groups": [
            "up"
          ]
        }
      },
      "up": {
        "add": {
          "component_groups": [
            "up"
          ]
        },
        "remove": {
          "component_groups": [
            "rest"
          ]
        }
      }
    }
  }
}