{
  "format_version": "1.13.0",
  "minecraft:entity": {
    "description": {
      "identifier": "xc:hysq",
      "is_spawnable": false,
      "is_summonable": true,
      "is_experimental": false,
      "scripts": {
        "animate": [
          "hysa"
        ]
      },
      "animations": {
        "hysa": "animation.hysa"
      }
    },
    "components": {
      "minecraft:type_family": {
        "family": [ "armor_stand", "inanimate" ]
      },
      "minecraft:health": {
        "value": 90,
        "max": 90
      },
      "minecraft:hurt_on_condition": {
        "damage_conditions": [
          {
            "filters": { "test": "in_lava", "subject": "self", "operator": "==", "value": true },
            "cause": "lava",
            "damage_per_tick": 4
          }
        ]
      },
      "minecraft:knockback_resistance": {
        "value": 10.0
      },
      "minecraft:collision_box": {
        "width": 1.6,
        "height": 0.8
      },
      "minecraft:scale": {
          "value": 1.0
      },
      "minecraft:nameable": {
      },
      "minecraft:persistent": {
      },
      "minecraft:physics": {
      },
      "minecraft:pushable": {
        "is_pushable": false,
        "is_pushable_by_piston": true
      }
    },

    "events": {
    }
  }
}