{
  "format_version": "1.13.0",
  "minecraft:entity": {
    "description": {
      "identifier": "xc:kls",
      "runtime_identifier": "minecraft:drowned",
      "is_spawnable": true,
      "is_summonable": true,
      "is_experimental": false,
      "scripts": {
        "animate": [
          { "rest": "query.has_target" },
          { "upz": "!query.has_target" },
          "kdjdh"
        ]
      },
      "animations": {
        "rest": "controller.animation.rest",
        "upz": "controller.animation.upz",
        "kdjdh": "animation.kdjdh"
      }
    },
"component_groups": {
"Test":{
"minecraft:behavior.hurt_by_target": {
        "priority": 1,
        "entity_types": {
          "filters": {
            "test": "is_family",
            "subject": "other",
            "operator": "!=",
            "value": "kls"
          },
          "max_dist": 64
        }
      }
    },  
    "melee":{
      "minecraft:behavior.delayed_attack": {
          "priority": 3,
          "reach_multiplier": 3.0,
          "speed_multiplier": 1.7,
          "attack_duration": 1,
          "hit_delay_pct": 0.3,
          "track_target": true,
          "sound_event": "attack.strong"
        },
      "minecraft:equipment": {
          "table": "loot_tables/entities/kls.json"
        }
      },
      "spin_attack":{
    "minecraft:behavior.melee_attack": {
        "priority": 1,
        "speed_multiplier": 0.1,
        "track_target": true,
        "reach_multiplier":  3.5
      },
      "minecraft:area_attack" : {
          "damage_range": 5,
          "damage_per_tick": 24,
          "cause": "contact",
          "entity_filter": {
            "test": "is_family",
            "subject": "other",
            "operator": "!=",
            "value": "kls"
            }
        },
      "minecraft:timer": {
          "looping": false,
            "time": 2,
          "time_down_event": {
            "event": "remove_spin_attack"
          }
        },
    "minecraft:is_charged": {
    }
  },
      "rest":{
      "minecraft:damage_sensor": {
          "triggers": {
   "on_damage": { 
    "event": "call"
   },
    "deals_damage": true
    }
  }
 },
      "roaring": {
        "minecraft:behavior.knockback_roar": {
          "priority": 1,
          "duration": 0.6,
          "attack_time": 0.3,
          "knockback_damage": 25,
          "knockback_strength": 1,
          "knockback_range": 4,
          "knockback_filters": {
            "test": "is_family",
            "subject": "other",
            "operator": "!=",
            "value": "kls"
          },
          "damage_filters": {
            "test": "is_family",
            "subject": "other",
            "operator": "!=",
            "value": "kls"
          },
          "on_roar_end": {
            "event": "minecraft:end_roar"
          },
          "cooldown_time": 0.1
        }
      },
      	  "minecraft:bow": {
        "minecraft:shooter": {
            "type": "arrow",
          "def": "minecraft:arrow"
        },
        "minecraft:equipment": {
          "table": "loot_tables/entities/klsy.json"
        },
		"minecraft:is_charged": {
        },
        "minecraft:behavior.ranged_attack": {
          "priority": 3,
          "attack_interval_min": 1.3,
          "attack_interval_max": 1.5,
          "burst_shots": 1,
          "burst_interval": 0.8,
          "attack_radius": 18
        }
      },
      "start_roar":{
    "minecraft:timer": {
          "looping": false,
            "time": 2.5,
          "time_down_event": {
            "event": "start_look_roar"
          }
        }
      },
      "start_look_roar": {
        "minecraft:target_nearby_sensor": {
          "inside_range": 4.0,
          "outside_range": 5.0,
          "on_inside_range": {
            "event": "remove_spin_attack",
            "target": "self"
          },
          "on_outside_range": {
            "event": "roaring",
            "target": "self"
          }
        }
      }
    },
    "components": {
      "minecraft:experience_reward": {
        "on_death": "query.last_hit_by_player ? 300 + (query.equipment_count * Math.Random(1,3)) : 0"
      },
    "minecraft:behavior.float":{
    "priority": 0
        },
        "minecraft:navigation.walk": {
        "is_amphibious": true,
        "can_pass_doors": true,
        "can_open_doors": true,
        "avoid_water": true,
        "avoid_portals": true,
        "can_path_over_water": true
      },
      "minecraft:annotation.open_door": {
      },
      "minecraft:jump.static": {
      },
      "minecraft:can_climb": {
      },
      "minecraft:able": {
        "total_supply": 15,
        "suffocate_time": 0,
        "breathes_air": true,
        "breathes_water": false
      },
      "minecraft:knockback_resistance": {
        "value": 0.0
      },
      "minecraft:health": {
        "value": 1350,
        "max": 1350
      },
      "minecraft:equip_item": {
      },
      "minecraft:scale": {
        "value": 1.0
      },
        "minecraft:angry": {
          "duration": 60,
          "broadcast_anger": true,
          "broadcast_anger_on_attack": true,
          "broadcast_anger_on_being_attacked": true,
          "broadcast_range": 64,
          "broadcast_targets": [
            "kls" 
          ],
          "filters": {
            "all_of": [
              {
                "test": "is_family",
                "subject": "other",
                "operator": "!=",
                "value": "kls"
              }
            ]
          }
        },
      "minecraft:collision_box": {
        "width": 0.6,
        "height": 1.5
      },
      "minecraft:attack": {
        "damage": 6
      },
      "minecraft:equipment": {
        "table": "loot_tables/entities/kls.json"
      },
      
      "minecraft:movement": {
        "value": 0.3
      },
      "minecraft:movement.basic": {
      },
      "minecraft:behavior.hurt_by_target": {
        "priority": 1
      },
      "minecraft:damage_sensor": {
        "triggers": {
          "on_damage": {
            "filters": { "test" :  "is_family", "subject" : "other", "value" :  "kls"}
          },
          "deals_damage": false
        }
      },
      "minecraft:behavior.nearest_attackable_target": {
        "priority": 2,
        "reselect_targets": true,
        "must_see": true,
        "entity_types": [
          {
            "filters": {
              "any_of": [
                { "test": "is_family", "subject": "other", "value": "illager" },
                { "test": "is_family", "subject": "other", "value": "knight" },
                { "test": "is_family", "subject": "other", "value": "irongolem" }
              ]
            },
            "max_dist": 64
          },
          {
            "filters": {
              "any_of": [
                { "test": "is_family", "subject": "other", "value": "knight" },
                { "test": "is_family", "subject": "other", "value": "wandering_trader" }
              ]
            },
            "max_dist": 64,
            "must_see": false
          },
          {
            "filters": {
              "all_of": [
                {
                  "test": "is_family",
                  "subject": "other",
                  "value": "piglin"
                },
                {
                  "test": "is_difficulty",
                  "operator": "!=",
                  "value": "peaceful"
                }
              ]
            },
            "max_dist": 64
          },
          {
            "filters": {
              "all_of": [
                {
                  "test": "is_family",
                  "subject": "other",
                  "value": "baby_turtle"
                },
                {
                  "test": "in_water",
                  "subject": "other",
                  "operator": "!=",
                  "value": true
                }
              ]
            },
            "max_dist": 64
          }
        ]
      },
      "minecraft:behavior.random_stroll": {
        "priority": 6,
        "speed_multiplier": 1
      },
      "minecraft:behavior.look_at_player": {
        "priority": 7,
        "look_distance": 8
      },
      "minecraft:behavior.random_look_around": {
        "priority": 8
      },
      "minecraft:type_family": {
        "family": [ "steve", "kls", "mob", "player", "zl" ]
      },
      "minecraft:physics": {
      },
      "minecraft:follow_range": {
        "value": 24
      },
      
      "minecraft:pushable": {
        "is_pushable": true,
        "is_pushable_by_piston": true
      },
      "minecraft:conditional_bandwidth_optimization": {
      }
    },

    "events": {
      "minecraft:entity_spawned": {
        "add": {
          "component_groups": [
            "start_roar",
            "call",
            "melee"
          ]
        }
      },
      "minecraft:test": {
        "add": {
          "component_groups": [
            "start_roar",
            "melee"
          ]
        }
      },
      "clone": {
        "add": {
          "component_groups": [
            "call"
          ]
        }
      },
      "rest": {
        "add": {
          "component_groups": [
            "rest"
          ]
        }
      },
      "up": {
        "remove": {
          "component_groups": [
            "rest"
          ]
        }
      },
      "roaring": {
      "randomize": [
          {
            "weight": 30,
        "add": {
          "component_groups": [
            "roaring"
          ]
        },
        "remove": {
          "component_groups": [
            "start_look_roar",
            "minecraft:bow",
            "melee"
          ]
        }
      },
      {
      "weight": 30,
        "add": {
          "component_groups": [
            "minecraft:bow"
          ]
        },
        "remove": {
          "component_groups": [
            "start_look_roar",
            "roaring",
            "melee"
          ]
        }
      },
      {
      "weight": 40,
        "add": {
          "component_groups": [
            "spin_attack"
          ]
        },
        "remove": {
          "component_groups": [
            "start_look_roar",
            "minecraft:bow",
            "melee"
          ]
        }
      }
      ],
        "run_command": {
					"command": [
					"event entity @s remove_spin_attack"
		  ]
		}
      },
      "remove_spin_attack": {
        "add": {
          "component_groups": [
            "melee",
            "start_roar"
          ]
        },
        "remove": {
          "component_groups": [
            "spin_nodamage",
            "minecraft:bow",
            "spin_attack"
          ]
        }
      },
      "start_look_roar": {
        "add": {
          "component_groups": [
            "start_look_roar"
          ]
        },
        "remove": {
          "component_groups": [
            "start_roar"
          ]
        }
      },
      "minecraft:end_roar": {
        "remove": {
          "component_groups": [
            "roaring",
            "minecraft:bow"
          ]
        },
        "add": {
          "component_groups": [
            "start_roar",
            "melee"
          ]
        }
      }
    }
  }
}