{
  "format_version": "1.13.0",
  "minecraft:entity": {
    "description": {
      "identifier": "xc:steve",
      "is_spawnable": true,
      "is_summonable": true,
      "is_experimental": false,
	  "scripts": {
		"animate": [
		  "pc",
		  "wjy",
		  "jpg",
		  "stevejp",
		  "stevehys"
        ]
      },
      "animations": {
        "pc": "animation.pc",
        "wjy": "controller.animation.wjy",
        "jpg": "controller.animation.jpg",
        "stevejp": "animation.stevejp",
        "stevehys": "animation.stevehys"
	  }
    },
         "component_groups": {
      "steve": {
        "minecraft:transformation": {
          "into": "xc:steve2"
        }
      },
         	   "q": {
	   
	   
	  "minecraft:mark_variant":{
		"value":9
		}
	   
	   },
      "minecraft:melee_mode": {
        "minecraft:attack": {
          "damage": {
			"range_min": 1,
			"range_max": 3
		  }
		},
      "minecraft:behavior.delayed_attack": {
        "priority": 1,
        "delay_the_blow": 0.0,
        "reach_multiplier": 3.5,
        "speed_multiplier": 1.4,
        "attack_duration": 0.0,
        "hit_delay_pct": 0.0
      },
        "minecraft:behavior.melee_attack": {
         "priority": 1,
        "track_target": true,
        "speed_multiplier": 1.30,
        "delay_the_blow": 0.0,
        "punch_speed": 3.0,
        "target_dist": 3.0,
        "max_dist": 3,
        "reach_multiplier": 3.5
      },
        "minecraft:behavior.jump_to_block": {
			"priority": 1,
			"search_width": 8,
			"search_height": 4,
			"minimum_path_length": 2,
			"minimum_distance": 1,
			"scale_factor": 0.6,
			"max_velocity": 1,
			"cooldown_range": [ 5, 7 ],
			"preferred_blocks": [
				"minecraft:grass"
			],
			"preferred_blocks_chance": 0.5,
				"forbidden_blocks": [
					"minecraft:water"
				]
			},
        "minecraft:equipment": {
          "table": "loot_tables/items/steve.json"
        }
      },
      	  "minecraft:bow": {
        "minecraft:shooter": {
          "type": "arrow",
          "def": "minecraft:arrow"
        },
        "minecraft:equipment": {
          "table": "loot_tables/items/stevebow.json"
        },
		"minecraft:is_charged": {
        },
        "minecraft:behavior.ranged_attack": {
          "priority": 1.5,
          "attack_interval_min": 1.3,
          "attack_interval_max": 1.5,
          "attack_radius_min": 8,
          "burst_shots": 1,
          "burst_interval": 0.8,
          "attack_radius": 15
        }
      },
      	  "minecraft:end": {
        "minecraft:shooter": {
            "type": "arrow",
          "def": "minecraft:ender_pearl"
        },
        "minecraft:equipment": {
          "table": "loot_tables/items/steve.json"
        },
		"minecraft:is_charged": {
        },
        "minecraft:behavior.ranged_attack": {
          "priority": 1.5,
          "attack_interval_min": 1,
          "attack_interval_max": 3,
          "attack_speed": 1,
          "attack_radius": 32
        }
      },
        "minecraft:phfk": {
			"minecraft:break_blocks": {
				"breakable_blocks": [
				"minecraft:monster_egg",
				"minecraft:infested_deepslate",
				"minecraft:lit_redstone_ore",
				"minecraft:lit_deepslate_redstone_ore",
				"minecraft:stone_button",
				"minecraft:piston",
				"minecraft:sticky_piston",
				"minecraft:tuff",
				"minecraft:dripstone_block",
				"minecraft:pointed_dripstone",
				"minecraft:smooth_basalt",
				"minecraft:calcite",
				"minecraft:tinted_glass",
				"minecraft:amethyst_block",
				"minecraft:budding_amethyst",
				"minecraft:amethyst_cluster",
				"minecraft:large_amethyst_bud",
				"minecraft:medium_amethyst_bud",
				"minecraft:small_amethyst_bud",
				"minecraft:waxed_oxidized_cut_copper",
				"minecraft:waxed_weathered_cut_copper",
				"minecraft:waxed_exposed_cut_copper",
				"minecraft:waxed_cut_copper",
				"minecraft:oxidized_cut_copper",
				"minecraft:weathered_cut_copper",
				"minecraft:exposed_cut_copper",
				"minecraft:cut_copper",
				"minecraft:waxed_oxidized_copper",
				"minecraft:waxed_weathered_copper",
				"minecraft:waxed_exposed_copper",
				"minecraft:waxed_copper",
				"minecraft:oxidized_copper",
				"minecraft:weathered_copper",
				"minecraft:exposed_copper",
				"minecraft:copper_block",
				"minecraft:raw_iron_block",
				"minecraft:raw_gold_block",
				"minecraft:raw_copper_block",
				"minecraft:lightning_rod",
				"minecraft:deepslate_tile_wall",
				"minecraft:deepslate_brick_wall",
				"minecraft:polished_deepslate_wall",
				"minecraft:cobbled_deepslate_wall",
				"minecraft:deepslate_tile_stairs",
				"minecraft:deepslate_brick_stairs",
				"minecraft:polished_deepslate_stairs",
				"minecraft:cobbled_deepslate_stairs",
				"minecraft:waxed_oxidized_cut_copper_stairs",
				"minecraft:waxed_weathered_cut_copper_stairs",
				"minecraft:waxed_exposed_cut_copper_stairs",
				"minecraft:waxed_cut_copper_stairs",
				"minecraft:oxidized_cut_copper_stairs",
				"minecraft:weathered_cut_copper_stairs",
				"minecraft:exposed_cut_copper_stairs",
				"minecraft:cut_copper_stairs",
				"minecraft:chiseled_deepslate",
				"minecraft:cracked_deepslate_tiles",
				"minecraft:deepslate_tiles",
				"minecraft:cracked_deepslate_bricks",
				"minecraft:deepslate_bricks",
				"minecraft:deepslate_tile_slab",
				"minecraft:deepslate_tile_double_slab",
				"minecraft:polished_deepslate",
				"minecraft:deepslate_brick_slab",
				"minecraft:deepslate_brick_double_slab",
				"minecraft:polished_deepslate_slab",
				"minecraft:polished_deepslate_double_slab",
				"minecraft:cobbled_deepslate_double_slab",
				"minecraft:cobbled_deepslate_slab",
				"minecraft:waxed_oxidized_cut_copper_slab",
				"minecraft:oxidized_cut_copper_slab",
				"minecraft:waxed_cut_copper_slab",
				"minecraft:cut_copper_slab",
				"minecraft:deepslate",
				"minecraft:cobbled_deepslate",
				"minecraft:deepslate_gold_ore",
				"minecraft:deepslate_coal_ore",
				"minecraft:deepslate_diamond_ore",
				"minecraft:deepslate_redstone_ore",
				"minecraft:deepslate_lapis_ore",
				"minecraft:deepslate_emerald_ore",
				"minecraft:deepslate_copper_ore",
				"minecraft:copper_ore",
				"minecraft:waxed_exposed_double_cut_copper_slab",
				"minecraft:exposed_double_cut_copper_slab",
				"minecraft:waxed_weathered_double_cut_copper_slab",
				"minecraft:weathered_double_cut_copper_slab",
				"minecraft:waxed_oxidized_double_cut_copper_slab",
				"minecraft:oxidized_double_cut_copper_slab",
				"minecraft:waxed_double_cut_copper_slab",
				"minecraft:double_cut_copper_slab",
				"minecraft:exposed_cut_copper_slab",
				"minecraft:waxed_exposed_cut_copper_slab",
				"minecraft:waxed_weathered_cut_copper_slab",
				"minecraft:weathered_cut_copper_slab",
				"minecraft:stained_glass",
				"minecraft:stained_glass_pane",
				"minecraft:glass",
				"minecraft:glowstone",
				"minecraft:glass_pane",
				"minecraft:coral_block",
				"minecraft:stone",
				"minecraft:sandstone",
				"minecraft:chain",
				"minecraft:ice",
				"minecraft:blue_ice",
				"minecraft:packed_ice",
				"minecraft:obsidian",
				"minecraft:ancient_debris",
				"minecraft:crying_obsidian",
				"minecraft:respawn_anchor",
				"minecraft:ender_chest",
				"minecraft:anvil",
				"minecraft:coal_block",
				"minecraft:diamond_block",
				"minecraft:netherite_block",
				"minecraft:emerald_block",
				"minecraft:iron_block",
				"minecraft:redstone_block",
				"minecraft:redstone_lamp",
				"minecraft:lit_redstone_lamp",
				"minecraft:enchanting_table",
				"minecraft:iron_bars",
				"minecraft:iron_door",
				"minecraft:iron_trapdoor",
				"minecraft:mob_spawner",
				"minecraft:bell",
				"minecraft:dispenser",
				"minecraft:dropper",
				"minecraft:observer",
				"minecraft:furnace",
				"minecraft:blast_furnace",
				"minecraft:smoker",
				"minecraft:stonecutter_block",
				"minecraft:lodestone",
				"minecraft:lantern",
				"minecraft:sealantern",
				"minecraft:soul_lantern",
				"minecraft:conduit",
				"minecraft:gold_block",
				"minecraft:coal_ore",
				"minecraft:diamond_ore",
				"minecraft:emerald_ore",
				"minecraft:end_stone",
				"minecraft:end_bricks",
				"minecraft:end_brick_stairs",
				"minecraft:gold_ore",
				"minecraft:hopper",
				"minecraft:iron_ore",
				"minecraft:lapis_ore",
				"minecraft:lapis_block",
				"minecraft:quartz_ore",
				"minecraft:quartz_bricks",
				"minecraft:nether_gold_ore",
				"minecraft:redstone_ore",
				"minecraft:grindstone",
				"minecraft:bone_block",
				"minecraft:brick_stairs",
				"minecraft:brick_block",
				"minecraft:cauldron",
				"minecraft:cobblestone",
				"minecraft:stone_stairs",
				"minecraft:cobblestone_wall",
				"minecraft:mossy_cobblestone",
				"minecraft:mossy_cobblestone_stairs",
				"minecraft:nether_brick",
				"minecraft:cracked_nether_bricks",
				"minecraft:chiseled_nether_bricks",
				"minecraft:red_nether_brick",
				"minecraft:red_nether_brick_stairs",
				"minecraft:nether_brick_fence",
				"minecraft:nether_brick_stairs",
				"minecraft:double_stone_slab",
				"minecraft:double_stone_slab2",
				"minecraft:double_stone_slab3",
				"minecraft:double_stone_slab4",
				"minecraft:stone_slab",
				"minecraft:stone_slab2",
				"minecraft:stone_slab3",
				"minecraft:stone_slab4",
				"minecraft:polished_blackstone",
				"minecraft:polished_blackstone_stairs",
		    	"minecraft:polished_blackstone_button",
				"minecraft:polished_blackstone_brick_stairs",
				"minecraft:concrete",
				"minecraft:shulker_box",
				"minecraft:undyed_shulker_box",
				"minecraft:prismarine",
				"minecraft:prismarine_stairs",
				"minecraft:dark_prismarine_stairs",
				"minecraft:prismarine_bricks_stairs",
				"minecraft:smooth_stone",
				"minecraft:purpur_block",
				"minecraft:purpur_stairs",
				"minecraft:stonebrick",
				"minecraft:mossy_stone_brick_stairs",
				"minecraft:stone_brick_stairs",
				"minecraft:blackstone_stairs",
				"minecraft:blackstone",
				"minecraft:blackstone",
				"minecraft:blackstone_wall",
				"minecraft:polished_blackstone_wall",
				"minecraft:polished_blackstone_brick_wall",
				"minecraft:polished_blackstone_brick_slab",
				"minecraft:polished_blackstone_slab",
				"minecraft:blackstone_slab",
				"minecraft:polished_blackstone_brick_double_slab",
				"minecraft:polished_blackstone_double_slab",
				"minecraft:blackstone_double_slab",
				"minecraft:chiseled_polished_blackstone",
				"minecraft:polished_blackstone_bricks",
				"minecraft:cracked_polished_blackstone_bricks",
				"minecraft:gilded_blackstone",
				"minecraft:black_glazed_terracotta",
				"minecraft:blue_glazed_terracotta",
				"minecraft:brown_glazed_terracotta",
				"minecraft:cyan_glazed_terracotta",
				"minecraft:gray_glazed_terracotta",
				"minecraft:green_glazed_terracotta",
				"minecraft:light_blue_glazed_terracotta",
				"minecraft:lime_glazed_terracotta",
				"minecraft:magenta_glazed_terracotta",
				"minecraft:orange_glazed_terracotta",
				"minecraft:pink_glazed_terracotta",
				"minecraft:purple_glazed_terracotta",
				"minecraft:red_glazed_terracotta",
				"minecraft:silver_glazed_terracotta",
				"minecraft:white_glazed_terracotta",
				"minecraft:yellow_glazed_terracotta",
				"minecraft:hardened_clay",
				"minecraft:stained_hardened_clay",
				"minecraft:basalt",
				"minecraft:polished_basalt",
				"minecraft:quartz_block",
				"minecraft:quartz_stairs",
				"minecraft:smooth_quartz_stairs",
				"minecraft:red_sandstone",
				"minecraft:smooth_red_sandstone_stairs",
				"minecraft:red_sandstone_stairs",
				"minecraft:smooth_sandstone_stairs",
				"minecraft:sandstone_stairs",
				"minecraft:crimson_nylium",
				"minecraft:warped_nylium",
				"minecraft:rail",
				"minecraft:detector_rail",
				"minecraft:activator_rail",
				"minecraft:golden_rail",
				"minecraft:brewing_stand",
				"minecraft:magma",
				"minecraft:stone_pressure_plate",
				"minecraft:light_weighted_pressure_plate",
				"minecraft:heavy_weighted_pressure_plate",
				"minecraft:polished_blackstone_pressure_plate",
				"minecraft:end_rod",
				"minecraft:warped_wart_block",
				"minecraft:concretepowder",
				"minecraft:netherrack",
				"minecraft:normal_stone_stairs",
				"minecraft:polished_andesite_stairs",
				"minecraft:andesite_stairs",
				"minecraft:diorite_stairs",
				"minecraft:polished_diorite_stairs",
				"minecraft:granite_stairs",
				"minecraft:polished_granite_stairs",
				"minecraft:daylight_detector_inverted",
				"minecraft:daylight_detector",
				"minecraft:beacon"
		  ]
		}
	  },
	  
	  "minecraft:full_health": {
        "minecraft:variant": {
          "value": 0
        },
      "minecraft:health": {
        "value": {
        "range_min": 3000,
        "range_max": 3000
      }
    },
        "minecraft:movement": {
          "value": 0.3
        },
        "minecraft:follow_range": {
          "value": 64
        },
        "minecraft:equipment": {
        "table": "loot_tables/items/steve.json"
        },
        "minecraft:behavior.hurt_by_target": {
          "priority": 2,
          "entity_types": {
            "filters": { "test": "is_family", "subject": "other", "operator": "!=", "value": "creeper" }
          }
        },
      
	    "minecraft:target_nearby_sensor": {
          "inside_range": 4.0,
          "outside_range": 6.5,
          "on_inside_range": {
            "event": "minecraft:switch_to_melee",
            "target": "self"
          },
          "on_outside_range": {
            "event": "minecraft:switch_to_ranged",
            "target": "self"
          }
        },
        "minecraft:movement.basic": {
        },
        "minecraft:can_climb": {
        },
		"minecraft:damage_sensor": {
          "triggers": [
            {
            "on_damage": {
              "filters": {
                "all_of": [
                  {"test": "has_damage", "value": "fatal"}
                ]
              },
              "event": "xc:steve"
              }
            }
          ]
        },
		"minecraft:behavior.move_towards_target": {
          "priority": 2,
          "speed_multiplier": 0.9,
          "within_radius": 32
        },
        "minecraft:behavior.random_stroll": {
          "priority": 6,
          "speed_multiplier": 0.6,
          "xz_dist": 16
        }
      }
    },
        "components": {
	  "minecraft:environment_sensor":{
	  "triggers": [
	  {
        "filters": {
          "all_of": [
		  { "test": "has_damage", "subject": "self", "operator": "equals", "value": "fatal" }
          ]
        },
        "event": "q"
      }
	  ]
	  },
      "minecraft:nameable": {
        "always_show": true,
        "allow_name_tag_renaming": true
      },
      "minecraft:behavior.nearest_attackable_target": {
        "priority": 2,
        "within_radius": 64,
        "reselect_targets": true,
        "entity_types": [
          {
            "filters": {
              "any_of": [
                { "test": "is_family", "subject": "other", "value": "monster" },
            
                    {
                        "test": "is_family",
                        "subject": "other",
                        "value": "villager"
                    },
                    {
                        "test": "is_family",
                        "subject": "other",
                        "value": "grave"
                    }
              ]
            },
            "max_dist": 64
          }
        ],
        "must_see": true,
        "must_see_forget_duration": 17.0
      },
      "minecraft:behavior.stay_while_sitting": {
        "priority": 3
      },
            
	  "minecraft:behavior.move_to_land":{
	  "speed_multiplier": 1.2,
	  "search_range":64,
	  "search_height":16,
	  "search_count":10,
	  "goal_radius":0.5
	  },
      "minecraft:type_family": {
        "family": [ "player", "peasant", "farmer", "mob", "steve" ]
      },
        "minecraft:scale": {
          "value":1.0
        },
        "minecraft:loot": {
        "table": "loot_tables/items/goldenapple.json"
      },
        "minecraft:movement": {
          "value": 0.3
        },
        "minecraft:behavior.jump_to_block": {
          "priority": 0,
          "search_width": 10,
          "search_height": 10,
          "minimum_path_length": 8,
          "minimum_distance": 1,
          "scale_factor": 0.6,
          "cooldown_range": [
              10,
              20
            ]
        },
        "minecraft:behavior.float":{
    "priority": 0
        },
      "minecraft:collision_box": {
        "width": 0.6,
        "height": 1.9
      },
      "minecraft:movement.basic": {
      },
      "minecraft:navigation.walk": {
        "is_amphibious": true,
        "can_pass_doors": true,
        "can_open_doors": true,
        "avoid_water": true,
        "avoid_portals": true,
        "can_path_over_water": true
      },
      "minecraft:annotation.open_door": {
      },
      "minecraft:jump.static": {
      },
      "minecraft:behavior.charge_held_item": {
        "priority": 3,
        "items": [
          "minecraft:arrow"
        ]
      },
      "minecraft:can_climb": {
      },
      "minecraft:able": {
        "total_supply": 15,
        "suffocate_time": 0,
        "breathes_air": true,
        "breathes_water": false
      },
      "minecraft:behavior.random_stroll": {
        "priority": 8,
        "speed_multiplier": 1
      },
      "minecraft:behavior.look_at_player": {
        "priority": 7,
        "look_distance": 6,
        "probability": 0.02
      },
      "minecraft:behavior.random_look_around": {
        "priority": 7
      },
      "minecraft:behavior.hurt_by_target": {
        "priority": 1
      },
      "minecraft:physics": {
      },
      "minecraft:pushable": {
        "is_pushable": true,
        "is_pushable_by_piston": true
      }
    },
        "events": {
      "xc:steve": {
        "sequence": [
          {
            "filters": {"test": "is_difficulty", "value": "normal"},
            "randomize": [
              {
                "weight": 100,
                "add": { "component_groups": [ "steve" ] }
              },
              {
                "weight": 100
              }
            ]
          },
          {
            "filters": {"test": "is_difficulty", "value": "hard"},
            "add": {
              "component_groups": [
                "steve"
              ]
            }
          }
        ]
      },
                    "q": {
        "remove": {
          "component_groups": [
            "a","b"
          ]
        },
        "add": {
          "component_groups": [
            "q"
          ]
        }
      },
	  "minecraft:entity_spawned": {
        "add": {
          "component_groups": [
            "minecraft:full_health"
          ]
        }
      },
      "minecraft:ph": {
        "add": {
          "component_groups": [
            "minecraft:phfk"
          ]
        }
      },
      "minecraft:switch_to_melee": {
        "remove": {
          "component_groups": [
            "minecraft:ranged_mode",
            "minecraft:phfk"
          ]
        },
        "add": {
          "component_groups": [
            "minecraft:melee_mode"
          ]
        }
      },
      "minecraft:switch_to_ranged": {
        "remove": {
          "component_groups": [
            "minecraft:melee_mode"
          ]
        },     
        "randomize": [
          {
            "weight": 50,
            "add": {
              "component_groups": [
                "minecraft:bow"
              ]
            }
          },
          {
            "weight": 50,
            "add": {
              "component_groups": [
                "minecraft:end"
              ]
            }
          }
        ]
      }
    }
  }
}