{
    "format_version": "1.13.0",
    "minecraft:entity": {
        "description": {
            "identifier": "xc:green_villager",
            "runtime_identifier": "minecraft:pillager",
            "is_spawnable": true,
            "is_summonable": true,
            "is_experimental": false,
            "scripts": {
                "animate": [
                    "yaoshui",
                    "yaoshuir",
                    "zh",
                    "yunshi",
                    "pc",
                    "jpg",
                    "jp",
                    "dyg",
                    "redbma",
                    "hyanhua"
                ]
            },
            "animations": {
                "yaoshui": "controller.animation.yaoshui",
                "yaoshuir": "controller.animation.yaoshuir",
                "yunshi": "controller.animation.yunshi",
                "jpg": "controller.animation.jpg",
                "jp": "animation.jp",
                "pc": "animation.pc",
                "dyg": "animation.dyg",
                "zh": "controller.animation.zh",
                "redbma": "controller.animation.redbma",
                "hyanhua": "controller.animation.hyanhua"
            }
        },
        "component_groups": {
            "xc:death": {
                "minecraft:transformation": {
                    "into": "xc:green_villagerfl"
                }
            },
            "xc:q": {
                "minecraft:mark_variant": {
                    "value": 9
                }
            },
            "xc:melee_mode": {
                "minecraft:attack": {
                    "damage": {
                        "range_min": 1,
                        "range_max": 1
                    },
                    "effect_duration": 1.0,
                    "effect_name": "poison"
                },
                "minecraft:behavior.melee_attack": {
                    "priority": 1,
                    "track_target": true,
                    "speed_multiplier": 1.3,
                    "reach_multiplier": 3.5
                },
                "minecraft:equipment": {
                    "table": "loot_tables/items/gt.json"
                }
            },
            "xc:ranged_mode": {
                "minecraft:shooter": {
                    "type": "arrow",
                    "def": "minecraft:arrow"
                },
                "minecraft:equipment": {
                    "table": "loot_tables/items/bows.json"
                },
                "minecraft:is_charged": {},
                "minecraft:behavior.ranged_attack": {
                    "priority": 2,
                    "attack_interval_min": 1.3,
                    "attack_interval_max": 1.5,
                    "burst_shots": 1,
                    "burst_interval": 0.8,
                    "attack_radius": 18
                }
            },
            "xc:full_health": {
                "minecraft:variant": {
                    "value": 0
                },
                "minecraft:health": {
                    "value": {
                        "range_min": 120,
                        "range_max": 155
                    }
                },
                "minecraft:movement": {
                    "value": 0.3
                },
                "minecraft:follow_range": {
                    "value": 64
                },
                "minecraft:equipment": {
                    "table": "loot_tables/items/gt.json"
                },
                "minecraft:behavior.hurt_by_target": {
                    "priority": 1,
                    "call_for_help": true,
                    "alert_allies": true,
                    "alert_allies_radius": 16
                },
                "minecraft:target_nearby_sensor": {
                    "inside_range": 10.0,
                    "outside_range": 11.0,
                    "on_inside_range": {
                        "event": "minecraft:switch_to_melee",
                        "target": "self"
                    },
                    "on_outside_range": {
                        "event": "minecraft:switch_to_ranged",
                        "target": "self"
                    }
                },
                "minecraft:movement.basic": {},
                "minecraft:can_climb": {},
                "minecraft:damage_sensor": {
                    "triggers": [
                        {
                            "on_damage": {
                                "filters": {
                                    "all_of": [
                                        {
                                            "test": "has_damage",
                                            "value": "any"
                                        }
                                    ]
                                },
                                "event": "minecraft:trigger_hurt_by"
                            }
                        }
                    ]
                },
                "minecraft:behavior.move_towards_target": {
                    "priority": 2,
                    "speed_multiplier": 0.9,
                    "within_radius": 32
                },
                "minecraft:behavior.random_stroll": {
                    "priority": 6,
                    "speed_multiplier": 0.6,
                    "xz_dist": 16
                }
            },
            "xc:targeting": {
                "minecraft:behavior.nearest_attackable_target": {
                    "priority": 2,
                    "target_conditions": {
                        "filters": [
                            {
                                "test": "has_damage",
                                "subject": "target",
                                "operator": "<=",
                                "value": 5
                            },
                            {
                                "test": "is_family",
                                "subject": "target",
                                "value": "player"
                            }
                        ],
                        "within_radius": 16,
                        "must_see": true,
                        "must_see_forget_duration": 5,
                        "must_reach": true
                    }
                }
            },
            "xc:defensive": {
                "minecraft:behavior.avoid_mob_type": {
                    "priority": 10,
                    "entity_types": [
                        {
                            "filters": {
                                "test": "has_damage",
                                "subject": "self",
                                "operator": "<=",
                                "value": 5
                            }
                        }
                    ],
                    "max_dist": 32,
                    "walk_speed_multiplier": 2.2,
                    "sprint_speed_multiplier": 1.8
                }
            },
            "xc:group_tactics": {
                "minecraft:behavior.hurt_by_target": {
                    "priority": 3,
                    "call_for_help": true,
                    "alert_allies": true,
                    "alert_allies_radius": 16
                }
            },
            "xc:advanced_navigation": {
                "minecraft:navigation.walk": {
                    "is_amphibious": true,
                    "can_pass_doors": true,
                    "can_open_doors": true,
                    "avoid_water": true,
                    "avoid_portals": true,
                    "can_path_over_water": true,
                    "can_jump": true,
                    "can_climb": true,
                    "can_bypass_obsidian": true
                }
            },
            "xc:environment_interaction": {
                "minecraft:behavior.take_cover": {
                    "priority": 7,
                    "avoid_mob_type": {
                        "filters": [
                            {
                                "test": "is_family",
                                "subject": "self",
                                "value": "player"
                            }
                        ],
                        "max_dist": 20,
                        "speed_multiplier": 1.5
                    }
                }
            }
        },
        "components": {
            "minecraft:environment_sensor": {
                "triggers": [
                    {
                        "filters": {
                            "all_of": [
                                {
                                    "test": "has_damage",
                                    "subject": "self",
                                    "operator": "equals",
                                    "value": "fatal"
                                }
                            ]
                        },
                        "event": "xc:q"
                    }
                ]
            },
            "minecraft:behavior.defend_village_target": {
                "priority": 1
            },
            "minecraft:dweller": {
                "dwelling_type": "village",
                "dweller_role": "defender",
                "update_interval_base": 60,
                "update_interval_variant": 40,
                "can_find_poi": false,
                "can_migrate": true,
                "first_founding_reward": 0
            },
            "minecraft:nameable": {
                "always_show": true,
                "allow_name_tag_renaming": true
            },
            "minecraft:behavior.nearest_attackable_target": {
                "priority": 2,
                "within_radius": 64,
                "reselect_targets": true,
                "entity_types": [
                    {
                        "filters": {
                            "any_of": [
                                {
                                    "test": "is_family",
                                    "subject": "other",
                                    "value": "monster"
                                },
                                {
                                    "test": "is_family",
                                    "subject": "other",
                                    "value": "player"
                                }
                            ]
                        },
                        "max_dist": 64
                    }
                ],
                "must_see": true,
                "must_see_forget_duration": 17.0
            },
            "minecraft:behavior.stay_while_sitting": {
                "priority": 3
            },
            "minecraft:behavior.move_to_land": {
                "speed_multiplier": 1.2,
                "search_range": 64,
                "search_height": 16,
                "search_count": 10,
                "goal_radius": 0.5
            },
            "minecraft:damage_sensor": {
                "triggers": {
                    "on_damage": {
                        "filters": {
                            "all_of": [
                                {
                                    "test": "has_damage",
                                    "value": "any"
                                }
                            ]
                        },
                        "event": "minecraft:trigger_hurt_by"
                    }
                }
            },
            "minecraft:type_family": {
                "family": [
                    "villager",
                    "peasant",
                    "farmer",
                    "mob",
                    "fn",
                    "knight"
                ]
            },
            "minecraft:scale": {
                "value": 1.0
            },
            "minecraft:loot": {
                "table": "loot_tables/diamond.json"
            },
            "minecraft:movement": {
                "value": 0.3
            },
            "minecraft:behavior.float": {
                "priority": 0
            },
            "minecraft:collision_box": {
                "width": 0.6,
                "height": 1.9
            },
            "minecraft:movement.basic": {},
            "minecraft:navigation.walk": {
                "is_amphibious": true,
                "can_pass_doors": true,
                "can_open_doors": true,
                "avoid_water": true,
                "avoid_portals": true,
                "can_path_over_water": true
            },
            "minecraft:annotation.open_door": {},
            "minecraft:jump.static": {},
            "minecraft:behavior.charge_held_item": {
                "priority": 3,
                "items": [
                    "minecraft:arrow"
                ]
            },
            "minecraft:can_climb": {},
            "minecraft:able": {
                "total_supply": 15,
                "suffocate_time": 0,
                "breathes_air": true,
                "breathes_water": false
            },
            "minecraft:behavior.random_stroll": {
                "priority": 8,
                "speed_multiplier": 1
            },
            "minecraft:behavior.look_at_player": {
                "priority": 7,
                "look_distance": 6,
                "probability": 0.02
            },
            "minecraft:behavior.random_look_around": {
                "priority": 7
            },
            "minecraft:behavior.hurt_by_target": {
                "priority": 1
            },
            "minecraft:physics": {},
            "minecraft:pushable": {
                "is_pushable": true,
                "is_pushable_by_piston": true
            }
        },
        "events": {
            "xc:villagerfl": {
                "sequence": [
                    {
                        "filters": {
                            "test": "is_difficulty",
                            "value": "normal"
                        },
                        "randomize": [
                            {
                                "weight": 100,
                                "add": {
                                    "component_groups": [
                                        "xc:villagerfl"
                                    ]
                                }
                            },
                            {
                                "weight": 100
                            }
                        ]
                    },
                    {
                        "filters": {
                            "test": "is_difficulty",
                            "value": "hard"
                        },
                        "add": {
                            "component_groups": [
                                "xc:villagerfl"
                            ]
                        }
                    }
                ]
            },
            "xc:q": {
                "remove": {
                    "component_groups": [
                        "a",
                        "b"
                    ]
                },
                "add": {
                    "component_groups": [
                        "xc:q"
                    ]
                }
            },
            "minecraft:entity_spawned": {
                "add": {
                    "component_groups": [
                        "xc:full_health",
                        "xc:targeting",
                        "xc:defensive",
                        "xc:group_tactics",
                        "xc:advanced_navigation",
                        "xc:environment_interaction"
                    ]
                }
            },
            "minecraft:switch_to_melee": {
                "remove": {
                    "component_groups": [
                        "xc:ranged_mode"
                    ]
                },
                "add": {
                    "component_groups": [
                        "xc:melee_mode"
                    ]
                }
            },
            "minecraft:switch_to_ranged": {
                "remove": {
                    "component_groups": [
                        "xc:melee_mode"
                    ]
                },
                "add": {
                    "component_groups": [
                        "xc:ranged_mode"
                    ]
                }
            }
        }
    }
}
