{
  "format_version": "1.13.0",
  "minecraft:entity": {
    "description": {
      "identifier": "xc:lbx",
      "is_spawnable": true,
      "is_summonable": true,
      "is_experimental": false,
      "scripts": {
        "animate": [
          { "effect": "query.is_roaring" },
          { "up": "!query.is_stunned" },
          { "effect_clear": "!query.is_roaring" },
					"health",
					"spawn",
					"spear",
					"climb"
        ]
      },
      "animations": {
        "effect": "controller.animation.effect_slowness",
        "up": "controller.animation.up",
        "effect_clear": "controller.animation.effect_clear",
		"health": "controller.animation.seenoevil.health",
		"spawn": "controller.animation.seenoevil.spawn",
		"climb": "controller.animation.climb"
      }
    },

    "component_groups": {
      "minecraft:rideable_sheared": {
        "minecraft:addrider": {
          "entity_type": "xc:blue_villager"
        },
        "minecraft:rideable": {
          "seat_count": 1,
          "family_types": [
            "villager"
          ],
          "seats": {
            "position": [ 0.0, 1.5, -0.8 ]
          }
        }
      },
      "minecraft:rideable_wooly": {
        "minecraft:addrider": {
          "entity_type": "xc:blue_villager"
        },
        "minecraft:rideable": {
          "seat_count": 1,
          "family_types": [
            "villager"
          ],
          "seats": {
            "position": [ 0.0, 1.5, -0.8 ]
          }
        }
      },
    "stunned": {
        "minecraft:is_stunned": {
        },
        
        "minecraft:timer": {
          "looping": false,
          "time": 5,
          "time_down_event": {
            "event": "roaring_stunned"
          }
        }
      },
      "rest": {
      "minecraft:movement": {
        "value": 0.0
      },
      "minecraft:damage_sensor": {
        "triggers": {
          "cause": "all",
          "deals_damage": false
        }
      },
      "minecraft:attack": {
        "damage": {
          "range_min": 0,
          "range_max": 0
        }
      },
      "minecraft:pushable": {
        "is_pushable": false,
        "is_pushable_by_piston": false
        }
      },
      "up": {
      "minecraft:movement": {
        "value": 0.35
      },
      "minecraft:damage_sensor": {
        "triggers": {
          "cause": "fall",
          "deals_damage": false
        }
      },
      "minecraft:attack": {
        "damage": {
          "range_min": 17,
          "range_max": 20
        }
      },
      "minecraft:pushable": {
        "is_pushable": true,
        "is_pushable_by_piston": true
        }
      },
    "melee":{
    "minecraft:behavior.delayed_attack": {
          "priority": 1,
          "reach_multiplier": 3.0,
          "speed_multiplier": 1.4,
          "attack_duration": 1.0,
          "hit_delay_pct": 0.4,
          "track_target": true,
          "sound_event": "attack.strong"
        }
      },
      "minecraft:player_created": {
        "minecraft:behavior.hurt_by_target": {
          "priority": 2,
          "entity_types": {
            "filters": { 
                "all_of": [
                  { "test" :  "is_family", "subject" : "other", "operator": "!=", "value" :  "player"},
                  { "test" :  "is_family", "subject" : "other", "operator": "!=", "value" :  "creeper"}
                ] 
            }
          }
        }
      },
      "minecraft:village_created": {
        "minecraft:behavior.defend_village_target": {
          "priority": 1,
          "must_reach": true,
          "attack_chance": 0.05,
          "entity_types": {
            "filters": {
              "any_of": [
                { "test": "is_family", "subject": "other", "value": "mob" },
                { "test": "is_family", "subject": "other", "value": "player" }
              ] 
            }
          }
        },
        "minecraft:dweller": {
          "dwelling_type": "village",
          "dweller_role": "defender",
          "update_interval_base": 60,
          "update_interval_variant": 40,
          "can_find_poi": false,
          "can_migrate": true,
          "first_founding_reward": 0
        }
      }
    },

    "components": {
      "minecraft:type_family": {
        "family": [ "knight", "mob" ]
      },
      "minecraft:nameable": {
      },
      
      "minecraft:collision_box": {
        "width": 1.4,
        "height": 1.3
      },
      "minecraft:loot": {
        "table": "loot_tables/entities/bjx.json"
      },
      "minecraft:equipment": {
        "table": "loot_tables/items/aa.json"
      },
      "minecraft:health": {
        "value": 150,
        "max": 150
      },
      "minecraft:hurt_on_condition": {
        "damage_conditions": [
          {
            "filters": { "test": "in_lava", "subject": "self", "operator": "==", "value": true },
            "cause": "lava",
            "damage_per_tick": 2
          }
        ]
      },
      
      "minecraft:navigation.walk": {
        "can_path_over_water": false,
        "avoid_water": true,
        "avoid_damage_blocks": true
      },
      "minecraft:movement":{
       "value": 0.4
      },
      "minecraft:movement.basic": {
      },
      "minecraft:become_charged": {
      },
      "minecraft:jump.static": {
      },
      "minecraft:can_climb": {
      },
      
      
      "minecraft:knockback_resistance": {
        "value": 0.1
      },
      "minecraft:leashable": {
        "soft_distance": 4.0,
        "hard_distance": 6.0,
        "max_distance": 10.0
      },
      "minecraft:balloonable": {
		"mass": 2.0
      },
      "minecraft:behavior.target_when_pushed": {
        "priority": 1,
        "percent_chance": 64.0,
        "entity_types": [
          {
            "filters": { 
              "all_of": [
                { "test" :  "is_family", "subject" : "other", "value" :  "monster" },
                { "test" :  "is_family", "subject" : "other", "operator": "!=", "value" :  "creeper" }
              ] 
            }
          }
        ]
      },
      
      "minecraft:behavior.move_towards_target": {
        "priority": 2,
        "speed_multiplier": 0.5,
        "within_radius": 64
      },
      "minecraft:behavior.move_through_village": {
        "priority": 3,
        "speed_multiplier": 0.6,
        "only_at_night": true
      },
      "minecraft:behavior.move_towards_dwelling_restriction": {
        "priority": 4,
        "speed_multiplier": 1.0
      },
      "minecraft:behavior.offer_flower": {
        "priority": 5
      },
      "minecraft:behavior.random_stroll": {
        "priority": 6,
        "speed_multiplier": 0.5,
        "xz_dist": 16
      },
      "minecraft:behavior.look_at_player": {
        "priority": 7,
        "look_distance": 6.0,
        "probability": 0.02
      },
      "minecraft:behavior.random_look_around": {
        "priority": 8
      },
      "minecraft:behavior.nearest_attackable_target": {
        "priority": 2,
        "percent_chance": 65.0,
        "reselect_targets": true,
        "entity_types": [
          {
            "filters": {
              "all_of": [
                {
                  "test": "is_family",
                  "subject": "other",
                  "value": "monster"
                },
                {
                  
                  "test": "is_family",
                  "subject": "other",
                  "operator": "!=",
                  "value": "creeper"
                }
              ]
            },
            "within_default": 64
          },
          {
          "filters": {
              "test": "is_family",
              "subject": "other",
              "value": "player"
            },
            "max_dist": 64
          },
          {
            "filters": {
              "all_of": [
                {
                  "test": "is_family",
                  "subject": "other",
                  "value": "hoglin"
                },
                {
                  "test": "is_difficulty",
                  "operator": "!=",
                  "value": "peaceful"
                }
              ]
            },
            "max_dist": 64
          },
          {
            "filters": {
              "all_of": [
                {
                  "test": "is_family",
                  "subject": "other",
                  "value": "zoglin"
                },
                {
                  "test": "is_difficulty",
                  "operator": "!=",
                  "value": "peaceful"
                }
              ]
            },
            "max_dist": 64
          }
        ]
      },
      "minecraft:behavior.hurt_by_target": {
          "priority": 2,
          "entity_types": {
            "filters": { 
                "all_of": [
                  { "test" :  "is_family", "subject" : "other", "operator": "!=", "value" :  "villager"},
                  { "test" :  "is_family", "subject" : "other", "operator": "!=", "value" :  "creeper"}
                  ]
            }
        }
      },
      "minecraft:persistent": {
      },
      "minecraft:physics": {
      },
      
      "minecraft:follow_range": {
        "value": 64
      },
      "minecraft:conditional_bandwidth_optimization": {
      }
    },

    "events": {
      "minecraft:entity_spawned": {
        "add": {
          "component_groups": [
            "minecraft:rideable_wooly",
            "minecraft:loot_wooly",
            "melee"
          ]
        }
      },
      "low_health": {
        "remove": {
          "component_groups": [
            "high_health"
          ]
        },
        "add": {
          "component_groups": [
            "low_health"
          ]
        }
      }, 
      "high_health": {
        "remove": {
          "component_groups": [
            "low_health"
          ]
        },
        "add": {
          "component_groups": [
            "high_health"
          ]
        }
      }, 
      "minecraft:from_player": {
        "add": {
          "component_groups": [
            "minecraft:player_created"
          ]
        }
      },
      "roaring": {
      "randomize": [
          {
            "weight": 90,
        "add": {
          "component_groups": [
            "roaring"
          ]
        },
        "remove": {
          "component_groups": [
            "start_look_roar",
            "melee"
          ]
        }
      },
      {
      "weight": 20,
        "add": {
          "component_groups": [
            "melee"
          ]
        },
        "remove": {
          "component_groups": [
            "start_look_roar"
          ]
        }
      }
      ]
      },
      "roaring_stunned": {
        "add": {
          "component_groups": [
            "roaring"
          ]
        }
      },
      "start_look_roar": {
        "add": {
          "component_groups": [
            "start_look_roar"
          ]
        },
        "remove": {
          "component_groups": [
            "start_roar"
          ]
        }
      },
      "minecraft:end_roar": {
        "remove": {
          "component_groups": [
            "roaring"
          ]
        },
        "add": {
          "component_groups": [
            "start_roar",
            "melee"
          ]
        }
      },
      "rest": {
        "add": {
          "component_groups": [
            "rest"
          ]
        },
        "remove": {
          "component_groups": [
            "up"
          ]
        }
      },
      "up": {
        "add": {
          "component_groups": [
            "up"
          ]
        },
        "remove": {
          "component_groups": [
            "rest"
          ]
        }
      },
      "minecraft:from_village": {
        "add": {
          "component_groups": [
            "minecraft:village_created"
          ]
        }
      }
    }
  }
}