{
    "pools": [
    {
      "rolls": 100,
      "entries": [
        {
          "type": "item",
          "name": "xc:aa",
          "weight": 1,
          "functions": [
            {
              "function": "looting_enchant",
              "count": {
                "min": 0,
                "max": 1
              }
            },
            {
              "function": "enchant_random_gear",
              "chance": 0.3
            }
          ]
        },
        {
          "type": "item",
          "name": "pa:zszj",
          "weight": 1,
          "functions": [
            {
              "function": "looting_enchant",
              "count": {
                "min": 0,
                "max": 1
              }
            },
            {
              "function": "enchant_random_gear",
              "chance": 0.8
            }
          ]
        }
      ]
    }
  ]
}