{
  "pools": [
    {
      "rolls": 1,
      "entries": [
        {
          "type": "item",
          "name": "minecraft:enchanted_golden_apple",
          "weight": 1,
          "functions": [
            {
              "function": "set_count",
              "count": 1
            },
            {
              "function": "random_chance",
              "chance": 0.05
            }
          ]
        },
        {
          "type": "item",
          "name": "xc:cdzs",
          "weight": 1,
          "functions": [
            {
              "function": "set_count",
              "count": 1
            },
            {
              "function": "random_chance",
              "chance": 0.1
            }
          ]
        },
        {
          "type": "item",
          "name": "minecraft:diamond",
          "weight": 1,
          "functions": [
            {
              "function": "set_count",
              "count": 1
            },
            {
              "function": "random_chance",
              "chance": 0.85
            }
          ]
        }
      ]
    }
  ]
}
