{
    "pools": [
    {
        "rolls": 100,
      "entries": [
      {
          "type": "item",
          "name": "xc:ahjskf",
          "weight": 100,
          "functions": [
            {
              "function": "looting_enchant",
              "count": {
                "min": 0,
                "max": 5
              }
            },
            {
              "function": "enchant_random_gear",
              "chance": 0.1
            }
          ]
        },
        {
          "type": "item",
          "name": "xc:cahjskf",
          "weight": 10,
          "functions": [
            {
              "function": "looting_enchant",
              "count": {
                "min": 0,
                "max": 5
              }
            },
            {
              "function": "enchant_random_gear",
              "chance": 0.1
            }
          ]
        },
        {
          "type": "item",
          "name": "xc:ahjxj",
          "weight": 100,
          "functions": [
            {
              "function": "looting_enchant",
              "count": {
                "min": 0,
                "max": 5
              }
            },
            {
              "function": "enchant_random_gear",
              "chance": 0.1
            }
          ]
        },
        {
          "type": "item",
          "name": "xc:ahjxz",
          "weight": 100,
          "functions": [
            {
              "function": "looting_enchant",
              "count": {
                "min": 0,
                "max": 5
              }
            },
            {
              "function": "enchant_random_gear",
              "chance": 0.1
            }
          ]
        },
        {
          "type": "item",
          "name": "xc:ahjht",
          "weight": 100,
          "functions": [
            {
              "function": "looting_enchant",
              "count": {
                "min": 0,
                "max": 5
              }
            },
            {
              "function": "enchant_random_gear",
              "chance": 0.1
            }
          ]
        },
        {
          "type": "item",
          "name": "xc:ahjtk",
          "weight": 100,
          "functions": [
            {
              "function": "looting_enchant",
              "count": {
                "min": 0,
                "max": 5
              }
            },
            {
              "function": "enchant_random_gear",
              "chance": 0.1
            }
          ]
        }
      ]
    }
  ]  
}