{
    "pools": [
    {
      "rolls": 1,
      "entries": [
        {
          "type": "item",
          "weight": 1,
          "name": "minecraft:iron_sword",
          "functions": [
            {
              "function": "set_count",
              "count": {
                "min": 1,
                "max": 1
              }
            },
            {
              "function": "set_data",
              "data": 0
            }
            ]
            }
          ]
        },
        {
            "rolls": 2,
      "entries": [
        {
          "type": "item",
          "weight": 1,
          "name": "lz:cztk",
          "functions": [
            {
              "function": "set_count",
              "count": {
                "min": 1,
                "max": 1
              }
            },
            {
              "function": "set_data",
              "data": 0
            }
            ]
        }
          ]
        },
        {
            "rolls": 3,
      "entries": [
        {
          "type": "item",
          "weight": 1,
          "name": "minecraft:golden_chestplate",
          "functions": [
            {
              "function": "set_count",
              "count": {
                "min": 1,
                "max": 1
              }
            },
            {
              "function": "set_data",
              "data": 0
            }
            ]
        }
          ]
        },
        {
            "rolls": 5,
      "entries": [
        {
          "type": "item",
          "weight": 1,
          "name": "minecraft:golden_boots",
          "functions": [
            {
              "function": "set_count",
              "count": {
                "min": 1,
                "max": 1
              }
            },
            {
              "function": "set_data",
              "data": 0
            }
            ]
        }
          ]
        },
        {
            "rolls": 6,
      "entries": [
        {
          "type": "item",
          "weight": 1,
          "name": "minecraft:golden_leggings",
          "functions": [
            {
              "function": "set_count",
              "count": {
                "min": 1,
                "max": 1
              }
            },
            {
              "function": "set_data",
              "data": 0
            }
          ]
        }
      ]
    }
  ]
}