{
    "pools": [
    {
        "rolls": 100,
      "entries": [
        {
          "type": "item",
          "name": "minecraft:ender_pearl",
          "weight": 100,
          "functions": [
            {
              "function": "looting_enchant",
              "count": {
                "min": 0,
                "max": 5
              }
            }
          ]
        },
        {
          "type": "item",
          "name": "xc:purple_chest",
          "weight": 100,
          "functions": [
            {
              "function": "looting_enchant",
              "count": {
                "min": 0,
                "max": 5
              }
            }
          ]
        },
                {
          "type": "item",
          "name": "xc:purple_helmet",
          "weight": 100,
          "functions": [
            {
              "function": "looting_enchant",
              "count": {
                "min": 0,
                "max": 5
              }
            }
          ]
        },
                {
          "type": "item",
          "name": "xc:purple_boots",
          "weight": 100,
          "functions": [
            {
              "function": "looting_enchant",
              "count": {
                "min": 0,
                "max": 5
              }
            }
          ]
        },
                {
          "type": "item",
          "name": "xc:purple_leggings",
          "weight": 100,
          "functions": [
            {
              "function": "looting_enchant",
              "count": {
                "min": 0,
                "max": 5
              }
            }
          ]
        }
      ]
    }
  ]  
}