{
    "pools": [
    {
        "rolls": 100,
      "entries": [
        {
          "type": "item",
          "name": "minecraft:bamboo",
          "weight": 50,
          "functions": [
            {
              "function": "looting_enchant",
              "count": {
                "min": 0,
                "max": 5
              }
            },
            {
              "function": "enchant_random_gear",
              "chance": 0.10
            }
          ]
        },
        {
          "type": "item",
          "name": "pa:zsr",
          "weight": 50,
          "functions": [
            {
              "function": "looting_enchant",
              "count": {
                "min": 0,
                "max": 5
              }
            },
            {
              "function": "enchant_random_gear",
              "chance": 0.40
            }
          ]
        },
        {
          "type": "item",
          "name": "pa:zszf",
          "weight": 50,
          "functions": [
            {
              "function": "looting_enchant",
              "count": {
                "min": 0,
                "max": 5
              }
            },
            {
              "function": "enchant_random_gear",
              "chance": 0.50
            }
          ]
        },
        {
          "type": "item",
          "name": "xc:zsjf",
          "weight": 50,
          "functions": [
            {
              "function": "looting_enchant",
              "count": {
                "min": 0,
                "max": 5
              }
            },
            {
              "function": "enchant_random_gear",
              "chance": 0.30
            }
          ]
        },
        {
          "type": "item",
          "name": "xc:zscd",
          "weight": 50,
          "functions": [
            {
              "function": "looting_enchant",
              "count": {
                "min": 0,
                "max": 5
              }
            },
            {
              "function": "enchant_random_gear",
              "chance": 0.40
            }
          ]
        }
      ]
    }
  ]  
}