{
  "format_version": "1.8.0",
  "minecraft:client_entity": {
    "description": {
      "identifier": "lz:iron_golem",
      "materials": { "default": "spider" },
      "textures": {
        "default": "textures/entities/lz_iron_golem"
      },
      "geometry": {
        "default": "geometry.lz_irongolem"
      },
      "spawn_egg": {
        "base_color": "#dbcdc2",
        "overlay_color": "#74a332"
      },
      "animations": {
        "run": "animation.lz_iron_golem.walk",
        "default": "animation.lz_iron_golem.move",
        "attack": "animation.lz_irongolem.attack",
        "attack2": "animation.lz_irongolem.attack",
        "attack3": "animation.lz_irongolem.attack",
        "flower": "animation.lz_iron_golem.flower",
        "look_at_target": "animation.common.look_at_target"
      },
      "animation_controllers": [
        { "move": "controller.animation.lz_iron_golem" },
        { "look_at_target": "controller.animation.humanoid.look_at_target" }
      ],
      "render_controllers": [ "controller.render.iron_golem" ],
      "enable_attachables": true
    }
  }
}