{
	"format_version": "1.8.0",
	"minecraft:client_entity": {
		"description": {
			"identifier": "lz:joe",
			"materials": {
				"default": "spider"
			},
			"textures": {
				"default": "textures/entities/Joe"
			},
			"geometry": {
				"default": "geometry.Joe"
			},
			"spawn_egg": {
				"texture": "Joe",
				"texture_index": 0
			},
			"animation_controllers": [
				{
					"Joe": "controller.animation.joe"
				}
			],
			"animations": {
				"run": "animation.joe.walk",
				"attack": "animation.joe.attack",
				"default": "animation.joe.default",
				"look_at_target_default": "animation.humanoid.look_at_target.default",
        "look_at_target_gliding": "animation.humanoid.look_at_target.gliding.v1.0",
        "look_at_target_swimming": "animation.humanoid.look_at_target.swimming.v1.0"
			},
			"render_controllers": [
				"controller.render.pillager"
			],
			 "enable_attachables": true
		}
	}
}