{
	"format_version": "1.8.0",
	"minecraft:client_entity": {
		"description": {
			"identifier": "lz:him3",
			"materials": {
				"default": "spider"
			},
			"textures": {
				"default": "textures/entities/lz_him3"
			},
			"geometry": {
				"default": "geometry.humanmodel"
			},
			"spawn_egg": {
				"texture": "lz_him3",
				"texture_index": 0
			},
			"animation_controllers": [
				{ "him3": "controller.animation.him3" },
				{ "riding": "controller.animation.humanoid.riding" },
				{ "bow_and_arrow": "controller.animation.humanoid.bow_and_arrow" },
				{ "look_at_target": "controller.animation.humanoid.look_at_target" }
			],
			"animations": {
				"walk": "animation.steve.walk",
				"run": "animation.him.run",
				"attack": "animation.him3.attack",
				"riding.arms": "animation.humanoid.riding.arms",
				"riding.legs": "animation.humanoid.riding.legs",
				"default": "animation.humanmodel.default",
				"bow_and_arrow": "animation.him3.attack",
				"look_at_target_default": "animation.humanoid.look_at_target.default",
        "look_at_target_gliding": "animation.humanoid.look_at_target.gliding.v1.0",
        "look_at_target_swimming": "animation.humanoid.look_at_target.swimming.v1.0"
			},
			"render_controllers": [
				"controller.render.pillager"
			],
			 "enable_attachables": true
		}
	}
}