{
  "format_version": "1.10.0",
  "minecraft:client_entity": {
    "description": {
      "identifier": "lz:potato",
      "materials": {
        "default": "spider"
      },
      "textures": {
        "default": "textures/items/potato"
      },
      "geometry": {
        "default": "geometry.lz_potato"
      },
      "animations": {
        "flying": "animation.actor.billboard"
      },
      "scripts": {
        "pre_animation": [
		"variable.tcos0 = (Math.cos(query.modified_distance_moved * 38.17) * query.modified_move_speed / variable.gliding_speed_value) * 57.3;"
		],
        "animate": [
          "flying"
        ]
      },
      "render_controllers": [ "controller.render.default" ]
    }
  }
}
