{
  "format_version": "1.10.0",
  "minecraft:client_entity": {
    "description": {
      "identifier": "lz:snake_blade_csm",
      "materials": {
        "default": "spider",
        "charged": "charged_creeper"
      },
      "textures": {
        "default": "textures/entity/pamobile/snake_blade",
        "charged": "textures/entity/pamobile/snake_blade2"
      },
      "geometry": {
        "default": "geometry.snake_blade_csm",
        "charged": "geometry.snake_blade_csm"
      },
      "animations": {
        "move": "animation.lz_snake_blade.csm",
        "idle": "animation.air.move"
      },
      "scripts": {
        "pre_animation": [
          "variable.shake = query.shake_time - query.frame_alpha;",
          "variable.shake_power = variable.shake > 0.0 ? -Math.sin(variable.shake * 200.0) * variable.shake : 0.0;"
        ],
        "animate": [
          "move",
          "idle"
        ]
      },
      "render_controllers": [ "controller.render.arrow", "controller.render.snake_blade" ]
    }
  }
}
