{
  "format_version": "1.10.0",
  "minecraft:client_entity": {
    "description": {
      "identifier": "lz:zeklmxy",
      "materials": {
        "default": "spider"
      },
      "textures": {
        "default": "textures/entities/zeklm"
      },
      "geometry": {
        "default": "geometry.zeklmxy"
      },
      "animations": {
        "move": "animation.zeklm.run",
        "idle": "animation.arrow.move"
      },
      "scripts": {
        "pre_animation": [
          "variable.shake = query.shake_time - query.frame_alpha;",
          "variable.shake_power = variable.shake > 0.0 ? -Math.sin(variable.shake * 200.0) * variable.shake : 0.0;"
        ],
        "animate": [
          "move",
          "idle"
        ]
      },
      "render_controllers": [ "controller.render.arrow" ]
    }
  }
}
