{
  "resource_pack_name": "vanilla",
  "texture_name": "atlas.items",
  "texture_data": {
    "lz_hys3": {
      "textures": "textures/items/pamobile/lz_obsidian"
    },
    "lz_xyhys": {
      "textures": "textures/items/pamobile/lz_obsidian"
    },
     "lz_xnb": {
      "textures": "textures/items/pamobile/lz_xnb"
    },
    "lz_mfzstk": {
      "textures": "textures/items/pamobile/lz_mfzstk"
    },
    "lz_mfzsxj": {
      "textures": "textures/items/pamobile/lz_mfzsxj"
    },
    "lz_mfzsht": {
      "textures": "textures/items/pamobile/lz_mfzsht"
    },
    "lz_mfzsxz": {
      "textures": "textures/items/pamobile/lz_mfzsxz"
    },
    "lz_lbstk": {
      "textures": "textures/items/pamobile/lz_lbstk"
    },
    "lz_lbsxj": {
      "textures": "textures/items/pamobile/lz_lbsxj"
    },
    "lz_lbsht": {
      "textures": "textures/items/pamobile/lz_lbsht"
    },
    "lz_lbsxz": {
      "textures": "textures/items/pamobile/lz_lbsxz"
    },
    "lz_ymj": {
      "textures": "textures/items/pamobile/lz_ymj"
    },
    "lz_jy": {
      "textures": "textures/items/pamobile/lz_jy"
    },
    "lz_ayhys": {
      "textures": "textures/items/pamobile/lz_ayhys"
    },
    "lz_jz": {
      "textures": "textures/items/pamobile/lz_jz"
    },
    "lz_steve": {
      "textures": "textures/items/pamobile/lz_steve"
    },
    "lz_him3": {
      "textures": "textures/egg/lz_him3"
    },
    "lz_steve": {
      "textures": "textures/egg/lz_steve"
    },
    "lz_hkj": {
      "textures": "textures/items/pamobile/hkj"
    },
    "diamond_exaxe": {
      "textures": "textures/items/pamobile/diamond_exaxe"
    },
    "tp_ring": {
      "textures": "textures/items/pamobile/tp_ring"
    },
    "tp_ring2": {
      "textures": "textures/items/pamobile/tp_ring2"
    },
    "lz_nsllys": {
      "textures": "textures/items/pamobile/lz_nsllys"
    },
    "error_sword": {
      "textures": "textures/items/pamobile/error_sword"
    },
    "lz_zscj": {
      "textures": "textures/items/pamobile/lz_zscj"
    },
    "gold_apple_drink": {
      "textures": "textures/items/pamobile/gold_apple_drink"
    },
    "table": {
      "textures": "textures/items/pamobile/table"
    },
    "villagerqz": {
      "textures": "textures/items/pamobile/villagerqz"
    },
    "villager_helmet": {
      "textures": "textures/items/pamobile/villager_helmet"
    },
    "villager_scout": {
      "textures": "textures/egg/villager_scout"
    },
    "szcy1145": {
      "textures": "textures/egg/szcy1145"
    },
    "lz_zszr": {
      "textures": "textures/items/pamobile/lz_zszr"
    },
    "sunglasses": {
      "textures": "textures/items/pamobile/sunglasses"
    },
    "Joe": {
      "textures": "textures/egg/Joe"
    },
    "villager_sfz": {
      "textures": "textures/items/pamobile/villager_sfz"
    },
    "red_sword": {
      "textures": "textures/items/pamobile/red_sword"
    },
    "xhly": {
      "textures": "textures/items/pamobile/xhly"
    },
    "snake_blade": {
      "textures": "textures/items/pamobile/snake_blade"
    },
    "lz_jxzr": {
      "textures": "textures/items/pamobile/lz_jxzr"
    },
    "zszj": {
      "textures": "textures/items/pamobile/zszj"
    },
    "zscd": {
      "textures": "textures/items/pamobile/zscd"
    },
    "zssrkd": {
      "textures": "textures/items/pamobile/zssrkd"
    },
    "unknown": {
      "textures": "textures/items/pamobile/unknown"
    },
    "netherite_huge_axe": {
      "textures": "textures/items/pamobile/netherite_huge_axe"
    },
    "magic_diamond": {
      "textures": "textures/items/pamobile/magic_diamond"
    },
    "mamba": {
      "textures": "textures/items/pamobile/mamba"
    },
    "shadow_obsidian": {
      "textures": "textures/blocks/shadow_obsidian"
    },
    "lem_trident": {
      "textures": "textures/items/pamobile/lem_trident"
    },
    "lem": {
      "textures": "textures/egg/lem"
    },
    "dark_netherite_helmet": {
      "textures": "textures/items/pamobile/dark_netherite_helmet"
    },
    "dark_netherite_chestplate": {
      "textures": "textures/items/pamobile/dark_netherite_chestplate"
    },
    "dark_netherite_leggings": {
      "textures": "textures/items/pamobile/dark_netherite_leggings"
    },
    "dark_netherite_boots": {
      "textures": "textures/items/pamobile/dark_netherite_boots"
    },
    "diamond_helmet_shadow": {
      "textures": "textures/items/pamobile/diamond_helmet_shadow"
    },
    "diamond_chestplate_shadow": {
      "textures": "textures/items/pamobile/diamond_chestplate_shadow"
    },
    "shadow_hb": {
      "textures": "textures/egg/shadow_hb"
    },
    "zs_zj": {
      "textures": "textures/items/pamobile/zs_zj"
    },
    "xhly_zj": {
      "textures": "textures/items/pamobile/zj_xhly"
    },
    "cmqsj": {
      "textures": "textures/items/pamobile/cmqsj"
    },
    "xhly_cmqsj": {
      "textures": "textures/items/pamobile/xhly_cmqsj"
    },
    "dark_netherite_huge_axe": {
      "textures": "textures/items/pamobile/dark_netherite_huge_axe"
    },
    "warden_huge_axe": {
      "textures": "textures/items/pamobile/warden_huge_axe"
    },
    "warden": {
      "textures": "textures/egg/warden"
    },
    "cyzw": {
      "textures": "textures/items/pamobile/cyzw"
    },
    "nczw": {
      "textures": "textures/items/pamobile/nczw"
    },
    "lz_jd": {
      "textures": "textures/items/pamobile/jd"
    },
    "jxahjjf": {
      "textures": "textures/items/pamobile/jxahjjf"
    },
    "piglin_king": {
      "textures": "textures/egg/piglin_king"
    },
    "zw1": {
      "textures": "textures/items/pamobile/zw1"
    },
    "lz_lbsj": {
      "textures": "textures/items/pamobile/lz_lbsj"
    },
    "rxzj": {
      "textures": "textures/items/pamobile/rxzj"
    },
    "lz_tcj": {
      "textures": "textures/items/pamobile/lz_tcj"
    },
    "lz_jcj": {
      "textures": "textures/items/pamobile/lz_jcj"
    },
    "lz_zombie": {
      "textures": "textures/egg/lz_zombie"
    },
    "lz_sq": {
      "textures": "textures/items/pamobile/lz_sq"
    },
    "lz_sdq": {
      "textures": "textures/items/pamobile/lz_sdq"
    },
    "lz_ak47": {
      "textures": "textures/items/pamobile/lz_ak47"
    },
    "lz_zsdr": {
      "textures": "textures/items/pamobile/zsdr"
    },
    "lz_zsdr_v2": {
      "textures": "textures/items/pamobile/zsdr_v2"
    },
    "ncfood": {
      "textures": "textures/items/pamobile/nc"
    },
    "whzj": {
      "textures": "textures/items/pamobile/whzj"
    },
    "slzj": {
      "textures": "textures/items/pamobile/slzj"
    },
    "ahjskf": {
      "textures": "textures/items/pamobile/ahjskf"
    },
    "zsskf": {
      "textures": "textures/items/pamobile/zsskf"
    },
    "hjdr": {
      "textures": "textures/items/pamobile/hjdr"
    },
    "hjdr_v2": {
      "textures": "textures/items/pamobile/hjdr_v2"
    },
    "dark_netherite_scrap": {
      "textures": "textures/items/pamobile/dark_netherite_scrap"
    },
    "dark_netherite_ingot": {
      "textures": "textures/items/pamobile/dark_netherite_ingot"
    },
    "Alex_sword": {
      "textures": "textures/items/pamobile/Alex_sword"
    },
    "lbszd": {
      "textures": "textures/items/pamobile/lbszd"
    },
    "zsld": {
      "textures": "textures/items/pamobile/zsld"
    },
    "zzld": {
      "textures": "textures/items/pamobile/zzld"
    },
    "lz_zskr": {
      "textures": "textures/items/pamobile/zskr"
    },
    "lz_zzkr": {
      "textures": "textures/items/pamobile/zzkr"
    },
    "potatoqz": {
      "textures": "textures/items/pamobile/potatoqz"
    },    
    "lz_blue_villager_knight_helmet": {
      "textures": "textures/items/villager/blue_villager_knight_helmet"
    },
    "lz_blue_villager_knight_chestplate": {
      "textures": "textures/items/villager/blue_villager_knight_chestplate"
    },
    "lz_villager_knight_leggings": {
      "textures": "textures/items/villager/villager_knight_leggings"
    },
    "lz_villager_knight_boots": {
      "textures": "textures/items/villager/villager_knight_boots"
    },
    "blue_villager_knight": {
      "textures": "textures/egg/blue_villager_knight"
    },
    "zezf": {
      "textures": "textures/items/pamobile/zezf"
    },
    "lz_alex": {
      "textures": "textures/egg/alex"
    },
    "lz_sdr": {
      "textures": "textures/items/pamobile/sdr"
    },
    "lz_tdr": {
      "textures": "textures/items/pamobile/tdr"
    },
    "lz_lbsdr": {
      "textures": "textures/items/pamobile/lbsdr"
    },
    "lz_sdr_v2": {
      "textures": "textures/items/pamobile/sdr_v2"
    },
    "lz_tdr_v2": {
      "textures": "textures/items/pamobile/tdr_v2"
    },
    "lz_lbsdr_v2": {
      "textures": "textures/items/pamobile/lbsdr_v2"
    },
    "lz_grave": {
      "textures": "textures/egg/lz_grave"
    },
    "yellow_fireworks": {
      "textures": "textures/items/pamobile/yellow_fireworks"
    },
    "blue_fireworks": {
      "textures": "textures/items/pamobile/blue_fireworks"
    },
    "lz_tzbs": {
      "textures": "textures/items/pamobile/tzbs"
    },
    "lz_tntbs": {
      "textures": "textures/items/pamobile/tntbs"
    },
    "jgj": {
      "textures": "textures/items/pamobile/jgj"
    },
    "tgj": {
      "textures": "textures/items/pamobile/tgj"
    },
    "zsgj": {
      "textures": "textures/items/pamobile/zsgj"
    },
    "lbsgj": {
      "textures": "textures/items/pamobile/lbsgj"
    },
    "ahjgj": {
      "textures": "textures/items/pamobile/ahjgj"
    },
    "lz_husk": {
      "textures": "textures/egg/husk"
    },
    "lz_bow": {
      "textures": "textures/items/bow"
    },
    "red_bow": {
      "textures": "textures/items/bow/red_bow"
    }
  }
}