{
	"format_version": "1.12.0",
	"minecraft:geometry": [
		{
			"description": {
				"identifier": "geometry.scout_helmet",
				"texture_width": 158,
				"texture_height": 154,
				"visible_bounds_width": 2,
				"visible_bounds_height": 4,
				"visible_bounds_offset": [0, 2, 0]
			},
			"bones": [
				{
					"name": "head",
					"pivot": [0, 24, 0]
				},
				{
					"name": "bone",
					"parent": "head",
					"pivot": [0, 0, 0],
					"cubes": [
						{"origin": [-4, 34, -4], "size": [8, 1, 8], "uv": [76, 2]},
						{"origin": [-5, 35, -5], "size": [10, 1, 10], "uv": [80, 119]},
						{"origin": [-1, 36, -5], "size": [2, 1, 9], "uv": [80, 119]},
						{"origin": [-1, 37, -4], "size": [2, 1, 7], "uv": [80, 119]},
						{"origin": [-1, 38, -3], "size": [2, 1, 6], "uv": [80, 119]},
						{"origin": [-1, 39, -2], "size": [2, 1, 5], "uv": [80, 119]},
						{"origin": [-1, 40, -1], "size": [2, 1, 4], "uv": [80, 119]},
						{"origin": [-1, 41, 0], "size": [2, 1, 3], "uv": [80, 119]},
						{"origin": [4, 31, -5], "size": [1, 4, 10], "uv": [76, 23]},
						{"origin": [-5, 31, -5], "size": [1, 4, 10], "uv": [76, 23], "mirror": true},
						{"origin": [4, 23, -5], "size": [1, 8, 1], "uv": [119, 31]},
						{"origin": [-5, 23, -5], "size": [1, 8, 1], "uv": [119, 31], "mirror": true},
						{"origin": [4, 24, -6], "size": [1, 1, 1], "uv": [130, 23]},
						{"origin": [-5, 24, -6], "size": [1, 1, 1], "uv": [130, 23], "mirror": true},
						{"origin": [4, 25, -4], "size": [1, 6, 1], "uv": [88, 62]},
						{"origin": [-5, 25, -4], "size": [1, 6, 1], "uv": [88, 62], "mirror": true},
						{"origin": [4, 27, -3], "size": [1, 4, 1], "uv": [116, 64]},
						{"origin": [-5, 27, -3], "size": [1, 4, 1], "uv": [116, 64], "mirror": true},
						{"origin": [4, 26, -2], "size": [1, 5, 1], "uv": [76, 23]},
						{"origin": [-5, 26, -2], "size": [1, 5, 1], "uv": [76, 23], "mirror": true},
						{"origin": [4, 25, -1], "size": [1, 6, 1], "uv": [55, 84]},
						{"origin": [-5, 25, -1], "size": [1, 6, 1], "uv": [55, 84], "mirror": true},
						{"origin": [4, 24, 0], "size": [1, 7, 1], "uv": [14, 69]},
						{"origin": [-5, 24, 0], "size": [1, 7, 1], "uv": [14, 69], "mirror": true},
						{"origin": [4, 24, 1], "size": [1, 7, 1], "uv": [137, 102]},
						{"origin": [-5, 24, 1], "size": [1, 7, 1], "uv": [137, 102], "mirror": true},
						{"origin": [4, 24, 2], "size": [1, 7, 2], "uv": [126, 70]},
						{"origin": [-5, 24, 2], "size": [1, 7, 2], "uv": [126, 70], "mirror": true},
						{"origin": [-5, 27, 4], "size": [10, 4, 1], "uv": [16, 127]},
						{"origin": [1, 26, 4], "size": [1, 1, 1], "uv": [76, 23]},
						{"origin": [-4, 26, 4], "size": [1, 1, 1], "uv": [76, 23]},
						{"origin": [-3, 25, 4], "size": [1, 1, 1], "uv": [76, 23]},
						{"origin": [2, 25, 4], "size": [1, 1, 1], "uv": [76, 23]},
						{"origin": [3, 26, 4], "size": [1, 1, 1], "uv": [76, 23]},
						{"origin": [-2, 26, 4], "size": [1, 1, 1], "uv": [76, 23]},
						{"origin": [-4, 31, 4], "size": [8, 4, 1], "uv": [76, 23]},
						{"origin": [-4, 31, -5], "size": [8, 4, 1], "uv": [76, 2]},
						{"origin": [-1, 32, -6], "size": [2, 3, 1], "uv": [39, 64]},
						{"origin": [1, 33, -6], "size": [1, 1, 1], "uv": [74, 60]},
						{"origin": [-1, 35, -6], "size": [2, 1, 1], "uv": [60, 71]},
						{"origin": [-2, 33, -6], "size": [1, 1, 1], "uv": [55, 58]},
						{"origin": [-1, 27, -5], "size": [2, 4, 1], "uv": [86, 124]},
						{"origin": [-4, 30, -5], "size": [3, 1, 1], "uv": [0, 0]},
						{"origin": [1, 30, -5], "size": [3, 1, 1], "uv": [0, 0]},
						{"origin": [-1, 25, 4], "size": [1, 1, 1], "uv": [93, 124]},
						{"origin": [0, 25, 4], "size": [1, 1, 1], "uv": [85, 123]},
						{"origin": [-1, 31, -6], "size": [2, 1, 1], "uv": [0, 0]},
						{"origin": [-5, 23, 1], "size": [1, 1, 3], "uv": [0, 0]},
						{"origin": [4, 23, 1], "size": [1, 1, 3], "uv": [0, 0]},
						{"origin": [3, 24, 4], "size": [1, 1, 1], "uv": [88, 127]},
						{"origin": [1, 24, 4], "size": [1, 1, 1], "uv": [96, 121]},
						{"origin": [-1, 38, 3], "size": [2, 1, 1], "uv": [87, 127]},
						{"origin": [2, 23, 4], "size": [1, 1, 1], "uv": [81, 124]},
						{"origin": [-2, 24, 4], "size": [1, 1, 1], "uv": [82, 123]},
						{"origin": [-3, 23, 4], "size": [1, 1, 1], "uv": [81, 122]},
						{"origin": [-4, 24, 4], "size": [1, 1, 1], "uv": [0, 0]},
						{"origin": [-4, 29, -5], "size": [1, 1, 1], "uv": [0, 0]},
						{"origin": [3, 29, -5], "size": [1, 1, 1], "uv": [0, 0]}
					]
				},
				{
					"name": "bb_main",
					"parent": "bone",
					"pivot": [0, 0, 0],
					"cubes": [
						{"origin": [-5, 25, 4], "size": [1, 2, 1], "uv": [84, 123]},
						{"origin": [4, 25, 4], "size": [1, 2, 1], "uv": [0, 0]}
					]
				},
				{
					"name": "body",
					"pivot": [0, 24, 0]
				}
			]
		}
	]
}