{
	"format_version": "1.12.0",
	"minecraft:geometry": [
		{
			"description": {
				"identifier": "geometry.vil_helmet",
				"texture_width": 500,
				"texture_height": 500,
				"visible_bounds_width": 3,
				"visible_bounds_height": 4,
				"visible_bounds_offset": [0, 1, 0]
			},
			"bones": [
				{
					"name": "body",
					"pivot": [0, 24, 0]
				},
				{
					"name": "bodyArmor",
					"parent": "body",
					"pivot": [0, 24, 0]
				},
				{
					"name": "belt",
					"parent": "body",
					"pivot": [0, 24, 0]
				},
				{
					"name": "waist",
					"pivot": [0, 12, 0]
				},
				{
					"name": "head",
					"pivot": [0, 24, 0],
					"cubes": [
						{"origin": [0, 27, -5.9], "size": [1, 1, 2], "uv": [118, 136]},
						{"origin": [1, 27, -5.7], "size": [1, 1, 2], "uv": [125, 136]},
						{"origin": [2, 27, -5.7], "size": [1, 1, 2], "uv": [133, 135]},
						{"origin": [3, 27, -5.7], "size": [1, 1, 2], "uv": [141, 135]},
						{"origin": [4, 28, -5.7], "size": [1, 1, 2], "uv": [150, 127]},
						{"origin": [4, 29, -5.7], "size": [1, 1, 2], "uv": [150, 118]},
						{"origin": [3, 29, -5.7], "size": [1, 1, 2], "uv": [142, 118]},
						{"origin": [2, 29, -5.7], "size": [1, 1, 2], "uv": [133, 118]},
						{"origin": [1, 29, -5.7], "size": [1, 1, 2], "uv": [126, 119]},
						{"origin": [0, 29, -5.7], "size": [1, 1, 2], "uv": [118, 119]},
						{"origin": [-1, 29, -5.7], "size": [1, 1, 2], "uv": [110, 119]},
						{"origin": [-2, 29, -5.7], "size": [1, 1, 2], "uv": [102, 118]},
						{"origin": [-3, 29, -5.7], "size": [1, 1, 2], "uv": [94, 119]},
						{"origin": [-4, 29, -5.7], "size": [1, 1, 2], "uv": [87, 118]},
						{"origin": [-5, 29, -5.7], "size": [1, 1, 2], "uv": [79, 118]},
						{"origin": [-5, 28, -5.7], "size": [1, 1, 2], "uv": [79, 126]},
						{"origin": [-4, 28, -5.2], "size": [1, 1, 1], "uv": [87, 128]},
						{"origin": [-3, 28, -5.2], "size": [1, 1, 1], "uv": [96, 127]},
						{"origin": [-2, 28, -5.2], "size": [1, 1, 1], "uv": [104, 127]},
						{"origin": [-1, 28, -5.2], "size": [1, 1, 1], "uv": [111, 128]},
						{"origin": [0, 28, -5.2], "size": [1, 1, 1], "uv": [119, 128]},
						{"origin": [1, 28, -5.2], "size": [1, 1, 1], "uv": [128, 129]},
						{"origin": [2, 28, -5.2], "size": [1, 1, 1], "uv": [134, 128]},
						{"origin": [3, 28, -5.2], "size": [1, 1, 1], "uv": [134, 128]},
						{"origin": [4, 27, -5], "size": [1, 1, 1], "uv": [150, 136]},
						{"origin": [4, 30, -5], "size": [1, 1, 1], "uv": [151, 112]},
						{"origin": [3, 30, -5], "size": [1, 1, 1], "uv": [144, 113]},
						{"origin": [2, 30, -5], "size": [1, 1, 1], "uv": [134, 110]},
						{"origin": [4, 26, -5], "size": [1, 1, 1], "uv": [150, 142]},
						{"origin": [3, 26, -5], "size": [1, 1, 1], "uv": [151, 149]},
						{"origin": [4, 25, -5], "size": [1, 1, 1], "uv": [151, 149]},
						{"origin": [4, 23, -5], "size": [1, 1, 1], "uv": [150, 166]},
						{"origin": [4, 24, -5], "size": [1, 1, 1], "uv": [150, 159]},
						{"origin": [-5, 27, -5], "size": [1, 1, 1], "uv": [80, 136]},
						{"origin": [-5, 26, -5], "size": [1, 1, 1], "uv": [79, 141]},
						{"origin": [-5, 25, -5], "size": [1, 1, 1], "uv": [80, 149]},
						{"origin": [-5, 24, -5], "size": [1, 1, 1], "uv": [79, 158]},
						{"origin": [-5, 23, -5], "size": [1, 1, 1], "uv": [80, 167]},
						{"origin": [-4, 26, -5], "size": [1, 1, 1], "uv": [80, 150]},
						{"origin": [-2, 27, -5.7], "size": [1, 1, 2], "uv": [102, 136]},
						{"origin": [-3, 27, -5.7], "size": [1, 1, 2], "uv": [94, 135]},
						{"origin": [-4, 27, -5.7], "size": [1, 1, 2], "uv": [87, 135]},
						{"origin": [-1, 27, -5.9], "size": [1, 1, 2], "uv": [111, 136]},
						{"origin": [-1.1, 22.99, -6.1], "size": [1.1, 1.01, 1.101], "uv": [110, 166]},
						{"origin": [-1.1, 22.99, -5], "size": [1.1, 1.01, 1], "uv": [119, 160]},
						{"origin": [-1.1, 24, -6.1], "size": [1.1, 1, 1.101], "uv": [111, 159]},
						{"origin": [-1.1, 25, -6.1], "size": [1.1, 1, 1.101], "uv": [111, 151]},
						{"origin": [-1.1, 25, -5], "size": [1.1, 1, 1], "uv": [111, 141]},
						{"origin": [-1.1, 24, -5], "size": [1.1, 1, 1], "uv": [119, 151]},
						{"origin": [-1.1, 26, -6.1], "size": [1.1, 1.01, 1.101], "uv": [110, 143]},
						{"origin": [-1.1, 26, -5], "size": [1.1, 1.01, 1], "uv": [112, 151]},
						{"origin": [0, 22.99, -6.1], "size": [1.1, 1.02, 1.101], "uv": [118, 166]},
						{"origin": [0, 22.99, -5], "size": [1.1, 1.02, 1], "uv": [118, 160]},
						{"origin": [0, 24, -6.1], "size": [1.1, 1, 1.101], "uv": [118, 159]},
						{"origin": [0, 25, -6.1], "size": [1.1, 1, 1.101], "uv": [118, 151]},
						{"origin": [0, 25, -5], "size": [1.1, 1, 1], "uv": [120, 144]},
						{"origin": [0, 24, -5], "size": [1.1, 1, 1], "uv": [111, 141]},
						{"origin": [0, 26, -6.1], "size": [1.1, 1.01, 1.101], "uv": [119, 143]},
						{"origin": [0, 26, -5], "size": [1.1, 1.01, 1], "uv": [112, 150]},
						{"origin": [1, 30, -5], "size": [1, 1, 1], "uv": [126, 113]},
						{"origin": [4, 33, 4], "size": [1, 1, 1], "uv": [228, 89]},
						{"origin": [4, 33, 3], "size": [1, 1, 1], "uv": [220, 89]},
						{"origin": [4, 33, 2], "size": [1, 1, 1], "uv": [213, 89]},
						{"origin": [4, 33, 1], "size": [1, 1, 1], "uv": [204, 88]},
						{"origin": [4, 33, 0], "size": [1, 1, 1], "uv": [197, 89]},
						{"origin": [4, 33, -1], "size": [1, 1, 1], "uv": [188, 89]},
						{"origin": [4, 33, -2], "size": [1, 1, 1], "uv": [181, 89]},
						{"origin": [4, 33, -3], "size": [1, 1, 1], "uv": [173, 90]},
						{"origin": [4, 28, 4], "size": [1, 1, 1], "uv": [229, 127]},
						{"origin": [4, 26, 3], "size": [1, 1, 1], "uv": [220, 143]},
						{"origin": [4, 26, 1], "size": [1, 1, 1], "uv": [204, 144]},
						{"origin": [4, 27, 1], "size": [1, 1, 1], "uv": [204, 134]},
						{"origin": [4, 27, 0], "size": [1, 1, 1], "uv": [198, 134]},
						{"origin": [4, 27, -1], "size": [1, 1, 1], "uv": [206, 135]},
						{"origin": [4, 28, -2], "size": [1, 1, 1], "uv": [182, 127]},
						{"origin": [4, 28, -1], "size": [1, 1, 1], "uv": [191, 127]},
						{"origin": [4, 28, 0], "size": [1, 1, 1], "uv": [197, 128]},
						{"origin": [4, 28, 1], "size": [1, 1, 1], "uv": [205, 128]},
						{"origin": [4, 28, 2], "size": [1, 1, 1], "uv": [213, 128]},
						{"origin": [4, 27, 2], "size": [1, 1, 1], "uv": [213, 136]},
						{"origin": [4, 26, 2], "size": [1, 1, 1], "uv": [213, 143]},
						{"origin": [4, 25, 2], "size": [1, 1, 1], "uv": [214, 151]},
						{"origin": [4, 25, 3], "size": [1, 1, 1], "uv": [221, 151]},
						{"origin": [4, 24, 3], "size": [1, 1, 1], "uv": [222, 159]},
						{"origin": [4, 27, 3], "size": [1, 1, 1], "uv": [221, 134]},
						{"origin": [4, 28, 3], "size": [1, 1, 1], "uv": [222, 128]},
						{"origin": [1, 31, 4], "size": [1, 1, 1], "uv": [259, 97]},
						{"origin": [1, 32, 4], "size": [1, 1, 1], "uv": [259, 97]},
						{"origin": [0, 32, 4], "size": [1, 1, 1], "uv": [268, 96]},
						{"origin": [-1, 32, 4], "size": [1, 1, 1], "uv": [276, 96]},
						{"origin": [-2, 32, 4], "size": [1, 1, 1], "uv": [284, 96]},
						{"origin": [-3, 32, 4], "size": [1, 1, 1], "uv": [290, 95]},
						{"origin": [-4, 32, 4], "size": [1, 1, 1], "uv": [299, 97]},
						{"origin": [-4, 33, 4], "size": [1, 1, 1], "uv": [298, 89]},
						{"origin": [-3, 33, 4], "size": [1, 1, 1], "uv": [290, 88]},
						{"origin": [-2, 33, 4], "size": [1, 1, 1], "uv": [283, 88]},
						{"origin": [-1, 33, 4], "size": [1, 1, 1], "uv": [276, 89]},
						{"origin": [0, 33, 4], "size": [1, 1, 1], "uv": [269, 88]},
						{"origin": [1, 33, 4], "size": [1, 1, 1], "uv": [259, 87]},
						{"origin": [2, 33, 4], "size": [1, 1, 1], "uv": [252, 88]},
						{"origin": [2, 32, 4], "size": [1, 1, 1], "uv": [253, 96]},
						{"origin": [3, 33, 4], "size": [1, 1, 1], "uv": [244, 89]},
						{"origin": [3, 32, 4], "size": [1, 1, 1], "uv": [243, 96]},
						{"origin": [3, 31, 4], "size": [1, 1, 1], "uv": [244, 104]},
						{"origin": [2, 31, 4], "size": [1, 1, 1], "uv": [252, 104]},
						{"origin": [2, 30, 4], "size": [1, 1, 1], "uv": [253, 113]},
						{"origin": [3, 30, 4], "size": [1, 1, 1], "uv": [244, 112]},
						{"origin": [3, 29, 4], "size": [1, 1, 1], "uv": [236, 120]},
						{"origin": [2, 29, 4], "size": [1, 1, 1], "uv": [253, 120]},
						{"origin": [2, 28, 4], "size": [1, 1, 1], "uv": [253, 128]},
						{"origin": [2, 27, 4], "size": [1, 1, 1], "uv": [251, 135]},
						{"origin": [-3, 25, 4], "size": [1, 1, 1], "uv": [291, 151]},
						{"origin": [-4, 26, 4], "size": [1, 1, 1], "uv": [298, 143]},
						{"origin": [1, 28, 4], "size": [1, 1, 1], "uv": [261, 128]},
						{"origin": [0, 28, 4], "size": [1, 1, 1], "uv": [266, 128]},
						{"origin": [-1, 28, 4], "size": [1, 1, 1], "uv": [275, 128]},
						{"origin": [-2, 28, 4], "size": [1, 1, 1], "uv": [284, 129]},
						{"origin": [-3, 28, 4], "size": [1, 1, 1], "uv": [291, 129]},
						{"origin": [-3, 30, 4], "size": [1, 1, 1], "uv": [293, 112]},
						{"origin": [-4, 30, 4], "size": [1, 1, 1], "uv": [299, 112]},
						{"origin": [-2, 30, 4], "size": [1, 1, 1], "uv": [284, 112]},
						{"origin": [-1, 30, 4], "size": [1, 1, 1], "uv": [275, 113]},
						{"origin": [-4, 31, 4], "size": [1, 1, 1], "uv": [300, 104]},
						{"origin": [-3, 31, 4], "size": [1, 1, 1], "uv": [291, 104]},
						{"origin": [-2, 31, 4], "size": [1, 1, 1], "uv": [282, 104]},
						{"origin": [-1, 31, 4], "size": [1, 1, 1], "uv": [274, 104]},
						{"origin": [0, 31, 4], "size": [1, 1, 1], "uv": [268, 103]},
						{"origin": [0, 30, 4], "size": [1, 1, 1], "uv": [269, 114]},
						{"origin": [1, 30, 4], "size": [1, 1, 1], "uv": [261, 114]},
						{"origin": [1, 29, 4], "size": [1, 1, 1], "uv": [258, 119]},
						{"origin": [0, 29, 4], "size": [1, 1, 1], "uv": [266, 120]},
						{"origin": [-1, 29, 4], "size": [1, 1, 1], "uv": [276, 121]},
						{"origin": [-2, 29, 4], "size": [1, 1, 1], "uv": [283, 121]},
						{"origin": [-3, 29, 4], "size": [1, 1, 1], "uv": [292, 122]},
						{"origin": [-4, 29, 4], "size": [1, 1, 1], "uv": [299, 121]},
						{"origin": [-4, 28, 4], "size": [1, 1, 1], "uv": [298, 128]},
						{"origin": [1, 27, 4], "size": [1, 1, 1], "uv": [259, 137]},
						{"origin": [0, 27, 4], "size": [1, 1, 1], "uv": [269, 135]},
						{"origin": [-1, 27, 4], "size": [1, 1, 1], "uv": [276, 135]},
						{"origin": [-2, 27, 4], "size": [1, 1, 1], "uv": [282, 136]},
						{"origin": [-3, 27, 4], "size": [1, 1, 1], "uv": [291, 136]},
						{"origin": [-4, 27, 4], "size": [1, 1, 1], "uv": [298, 136]},
						{"origin": [1, 26, 4], "size": [1, 1, 1], "uv": [261, 144]},
						{"origin": [0, 26, 4], "size": [1, 1, 1], "uv": [266, 143]},
						{"origin": [-1, 26, 4], "size": [1, 1, 1], "uv": [274, 143]},
						{"origin": [-2, 26, 4], "size": [1, 1, 1], "uv": [283, 143]},
						{"origin": [-3, 26, 4], "size": [1, 1, 1], "uv": [291, 143]},
						{"origin": [-2, 25, 4], "size": [1, 1, 1], "uv": [283, 151]},
						{"origin": [-1, 25, 4], "size": [1, 1, 1], "uv": [273, 152]},
						{"origin": [-1, 24, 4], "size": [1, 1, 1], "uv": [274, 160]},
						{"origin": [0, 24, 4], "size": [1, 1, 1], "uv": [267, 160]},
						{"origin": [0, 25, 4], "size": [1, 1, 1], "uv": [268, 153]},
						{"origin": [1, 25, 4], "size": [1, 1, 1], "uv": [261, 151]},
						{"origin": [2, 25, 4], "size": [1, 1, 1], "uv": [251, 151]},
						{"origin": [2, 26, 4], "size": [1, 1, 1], "uv": [251, 142]},
						{"origin": [3, 26, 4], "size": [1, 1, 1], "uv": [245, 143]},
						{"origin": [3, 27, 4], "size": [1, 1, 1], "uv": [244, 135]},
						{"origin": [3, 28, 4], "size": [1, 1, 1], "uv": [244, 128]},
						{"origin": [4, 28, 4], "size": [1, 1, 1], "uv": [229, 127]},
						{"origin": [4, 29, 4], "size": [1, 1, 1], "uv": [228, 120]},
						{"origin": [4, 30, 4], "size": [1, 1, 1], "uv": [229, 112]},
						{"origin": [4, 30, 3], "size": [1, 1, 1], "uv": [221, 113]},
						{"origin": [4, 29, 3], "size": [1, 1, 1], "uv": [219, 120]},
						{"origin": [4, 29, 2], "size": [1, 1, 1], "uv": [212, 120]},
						{"origin": [4, 30, 2], "size": [1, 1, 1], "uv": [212, 113]},
						{"origin": [4, 30, 1], "size": [1, 1, 1], "uv": [206, 113]},
						{"origin": [4, 29, 1], "size": [1, 1, 1], "uv": [205, 120]},
						{"origin": [4, 29, 0], "size": [1, 1, 1], "uv": [197, 121]},
						{"origin": [4, 30, 0], "size": [1, 1, 1], "uv": [197, 112]},
						{"origin": [4, 30, -1], "size": [1, 1, 1], "uv": [189, 112]},
						{"origin": [4, 29, -1], "size": [1, 1, 1], "uv": [189, 120]},
						{"origin": [4, 29, -2], "size": [1, 1, 1], "uv": [182, 119]},
						{"origin": [4, 30, -2], "size": [1, 1, 1], "uv": [182, 111]},
						{"origin": [4, 31, -2], "size": [1, 1, 1], "uv": [183, 104]},
						{"origin": [4, 31, -1], "size": [1, 1, 1], "uv": [188, 104]},
						{"origin": [4, 31, 0], "size": [1, 1, 1], "uv": [196, 104]},
						{"origin": [4, 31, 1], "size": [1, 1, 1], "uv": [206, 104]},
						{"origin": [4, 31, 2], "size": [1, 1, 1], "uv": [211, 104]},
						{"origin": [4, 31, 3], "size": [1, 1, 1], "uv": [220, 104]},
						{"origin": [4, 31, 4], "size": [1, 1, 1], "uv": [228, 105]},
						{"origin": [4, 32, 4], "size": [1, 1, 1], "uv": [228, 96]},
						{"origin": [4, 32, 3], "size": [1, 1, 1], "uv": [221, 96]},
						{"origin": [4, 32, 2], "size": [1, 1, 1], "uv": [213, 96]},
						{"origin": [4, 32, 1], "size": [1, 1, 1], "uv": [207, 97]},
						{"origin": [4, 32, 0], "size": [1, 1, 1], "uv": [198, 97]},
						{"origin": [4, 32, -1], "size": [1, 1, 1], "uv": [188, 97]},
						{"origin": [4, 32, -2], "size": [1, 1, 1], "uv": [181, 96]},
						{"origin": [4, 32, -3], "size": [1, 1, 1], "uv": [174, 96]},
						{"origin": [4, 31, -3], "size": [1, 1, 1], "uv": [172, 104]},
						{"origin": [4, 30, -3], "size": [1, 1, 1], "uv": [172, 112]},
						{"origin": [4, 29, -3], "size": [1, 1, 1], "uv": [173, 120]},
						{"origin": [4, 28, -3], "size": [1, 1, 1], "uv": [173, 127]},
						{"origin": [4, 25, -4], "size": [1, 1, 1], "uv": [157, 145]},
						{"origin": [4, 26, -4], "size": [1, 1, 1], "uv": [174, 130], "mirror": true},
						{"origin": [4, 27, -4], "size": [1, 1, 1], "uv": [183, 126]},
						{"origin": [4, 27, -3], "size": [1, 1, 1], "uv": [166, 127]},
						{"origin": [4, 27, -2], "size": [1, 1, 1], "uv": [166, 128]},
						{"origin": [4, 26, -3], "size": [1, 1, 1], "uv": [157, 145]},
						{"origin": [4, 26, -2], "size": [1, 1, 1], "uv": [157, 145]},
						{"origin": [4, 28, -4], "size": [1, 1, 1], "uv": [166, 128]},
						{"origin": [4, 29, -4], "size": [1, 1, 1], "uv": [166, 119]},
						{"origin": [4, 30, -4], "size": [1, 1, 1], "uv": [166, 111]},
						{"origin": [4, 31, -4], "size": [1, 1, 1], "uv": [166, 104]},
						{"origin": [4, 32, -4], "size": [1, 1, 1], "uv": [166, 98]},
						{"origin": [4, 33, -4], "size": [1, 1, 1], "uv": [166, 89]},
						{"origin": [4, 33, -5], "size": [1, 1, 1], "uv": [150, 88]},
						{"origin": [-4, 34, -5], "size": [1, 1, 1], "uv": [89, 82]},
						{"origin": [-3, 34, -5], "size": [1, 1, 1], "uv": [96, 81]},
						{"origin": [-2, 34, -5], "size": [1, 1, 1], "uv": [103, 81]},
						{"origin": [-1, 34, -5], "size": [1, 1, 1], "uv": [112, 80]},
						{"origin": [0, 34, -5], "size": [1, 1, 1], "uv": [120, 81]},
						{"origin": [1, 34, -5], "size": [1, 1, 1], "uv": [127, 81]},
						{"origin": [2, 34, -5], "size": [1, 1, 1], "uv": [134, 81]},
						{"origin": [0, 34, 1], "size": [1, 1, 1], "uv": [120, 25]},
						{"origin": [4, 34, 3], "size": [1, 1, 1], "uv": [151, 10]},
						{"origin": [4, 34, 2], "size": [1, 1, 1], "uv": [151, 18]},
						{"origin": [4, 34, 1], "size": [1, 1, 1], "uv": [150, 26]},
						{"origin": [3, 34, 4], "size": [1, 1, 1], "uv": [142, 3]},
						{"origin": [3, 34, 3], "size": [1, 1, 1], "uv": [142, 10]},
						{"origin": [3, 34, 2], "size": [1, 1, 1], "uv": [143, 17]},
						{"origin": [3, 34, 1], "size": [1, 1, 1], "uv": [143, 26]},
						{"origin": [2, 34, 4], "size": [1, 1, 1], "uv": [135, 3]},
						{"origin": [2, 34, 3], "size": [1, 1, 1], "uv": [136, 10]},
						{"origin": [2, 34, 2], "size": [1, 1, 1], "uv": [135, 18]},
						{"origin": [2, 34, 1], "size": [1, 1, 1], "uv": [135, 25]},
						{"origin": [1, 34, 4], "size": [1, 1, 1], "uv": [128, 1]},
						{"origin": [1, 34, 3], "size": [1, 1, 1], "uv": [126, 10]},
						{"origin": [1, 34, 2], "size": [1, 1, 1], "uv": [127, 18]},
						{"origin": [1, 34, 1], "size": [1, 1, 1], "uv": [128, 25]},
						{"origin": [-1, 34, 1], "size": [1, 1, 1], "uv": [110, 27]},
						{"origin": [-2, 34, 4], "size": [1, 1, 1], "uv": [104, 4]},
						{"origin": [-5, 34, 3], "size": [1, 1, 1], "uv": [80, 10]},
						{"origin": [-5, 34, 2], "size": [1, 1, 1], "uv": [81, 18]},
						{"origin": [-4, 34, 2], "size": [1, 1, 1], "uv": [87, 18]},
						{"origin": [-4, 34, 3], "size": [1, 1, 1], "uv": [88, 10]},
						{"origin": [-4, 34, 4], "size": [1, 1, 1], "uv": [89, 4]},
						{"origin": [-3, 34, 4], "size": [1, 1, 1], "uv": [95, 4]},
						{"origin": [-3, 34, 2], "size": [1, 1, 1], "uv": [95, 16]},
						{"origin": [-3, 34, 3], "size": [1, 1, 1], "uv": [95, 10]},
						{"origin": [-2, 34, 3], "size": [1, 1, 1], "uv": [104, 10]},
						{"origin": [-2, 34, 2], "size": [1, 1, 1], "uv": [105, 19]},
						{"origin": [-2, 34, 1], "size": [1, 1, 1], "uv": [102, 27]},
						{"origin": [-3, 34, 1], "size": [1, 1, 1], "uv": [95, 28]},
						{"origin": [-4, 34, 1], "size": [1, 1, 1], "uv": [88, 26]},
						{"origin": [-5, 34, 1], "size": [1, 1, 1], "uv": [81, 26]},
						{"origin": [-5, 34, 0], "size": [1, 1, 1], "uv": [80, 35]},
						{"origin": [-4, 34, 0], "size": [1, 1, 1], "uv": [87, 34]},
						{"origin": [-3, 34, 0], "size": [1, 1, 1], "uv": [94, 35]},
						{"origin": [-2, 34, 0], "size": [1, 1, 1], "uv": [104, 35]},
						{"origin": [-1, 34, 0], "size": [1, 1, 1], "uv": [110, 35]},
						{"origin": [0, 34, 0], "size": [1, 1, 1], "uv": [119, 35]},
						{"origin": [1, 34, 0], "size": [1, 1, 1], "uv": [127, 34]},
						{"origin": [2, 34, 0], "size": [1, 1, 1], "uv": [136, 34]},
						{"origin": [3, 34, 0], "size": [1, 1, 1], "uv": [144, 33]},
						{"origin": [4, 34, 0], "size": [1, 1, 1], "uv": [150, 33]},
						{"origin": [4, 34, -1], "size": [1, 1, 1], "uv": [149, 41]},
						{"origin": [3, 34, -1], "size": [1, 1, 1], "uv": [142, 41]},
						{"origin": [2, 34, -1], "size": [1, 1, 1], "uv": [134, 42]},
						{"origin": [1, 34, -1], "size": [1, 1, 1], "uv": [126, 42]},
						{"origin": [0, 34, -1], "size": [1, 1, 1], "uv": [120, 42]},
						{"origin": [-1, 34, -1], "size": [1, 1, 1], "uv": [111, 42]},
						{"origin": [-2, 34, -1], "size": [1, 1, 1], "uv": [102, 41]},
						{"origin": [-3, 34, -1], "size": [1, 1, 1], "uv": [97, 41]},
						{"origin": [-4, 34, -1], "size": [1, 1, 1], "uv": [89, 41]},
						{"origin": [-5, 34, -1], "size": [1, 1, 1], "uv": [80, 42]},
						{"origin": [-5, 34, -2], "size": [1, 1, 1], "uv": [80, 49]},
						{"origin": [-4, 34, -2], "size": [1, 1, 1], "uv": [88, 50]},
						{"origin": [-3, 34, -2], "size": [1, 1, 1], "uv": [97, 50]},
						{"origin": [-2, 34, -2], "size": [1, 1, 1], "uv": [104, 51]},
						{"origin": [-1, 34, -2], "size": [1, 1, 1], "uv": [110, 50]},
						{"origin": [0, 34, -2], "size": [1, 1, 1], "uv": [119, 49]},
						{"origin": [1, 34, -2], "size": [1, 1, 1], "uv": [128, 49]},
						{"origin": [2, 34, -2], "size": [1, 1, 1], "uv": [136, 49]},
						{"origin": [3, 34, -2], "size": [1, 1, 1], "uv": [142, 49]},
						{"origin": [4, 34, -2], "size": [1, 1, 1], "uv": [149, 49]},
						{"origin": [4, 34, -3], "size": [1, 1, 1], "uv": [149, 57]},
						{"origin": [4, 34, -4], "size": [1, 1, 1], "uv": [149, 66]},
						{"origin": [2, 34, -3], "size": [1, 1, 1], "uv": [135, 57]},
						{"origin": [3, 34, -3], "size": [1, 1, 1], "uv": [141, 57]},
						{"origin": [1, 34, -3], "size": [1, 1, 1], "uv": [128, 57]},
						{"origin": [0, 34, -3], "size": [1, 1, 1], "uv": [119, 57]},
						{"origin": [-1, 34, -3], "size": [1, 1, 1], "uv": [111, 57]},
						{"origin": [-2, 34, -3], "size": [1, 1, 1], "uv": [103, 57]},
						{"origin": [-3, 34, -3], "size": [1, 1, 1], "uv": [95, 58]},
						{"origin": [-4, 34, -3], "size": [1, 1, 1], "uv": [87, 57]},
						{"origin": [-5, 34, -3], "size": [1, 1, 1], "uv": [80, 59]},
						{"origin": [-5, 34, -4], "size": [1, 1, 1], "uv": [79, 65]},
						{"origin": [-4, 34, -4], "size": [1, 1, 1], "uv": [86, 65]},
						{"origin": [-3, 34, -4], "size": [1, 1, 1], "uv": [95, 65]},
						{"origin": [-2, 34, -4], "size": [1, 1, 1], "uv": [103, 66]},
						{"origin": [-1, 35, 0], "size": [2, 1, 1], "uv": [192, 27]},
						{"origin": [-1, 35, 2], "size": [2, 1, 1], "uv": [192, 11]},
						{"origin": [-1, 35, 1], "size": [2, 1, 1], "uv": [192, 20]},
						{"origin": [-1, 35, -1], "size": [2, 1, 1], "uv": [192, 33]},
						{"origin": [-1, 35, -2], "size": [2, 1, 1], "uv": [191, 41]},
						{"origin": [-1, 35, -3], "size": [2, 1, 1], "uv": [191, 51]},
						{"origin": [-1, 35, -4], "size": [2, 1, 1], "uv": [191, 59]},
						{"origin": [-0.5, 31, -6], "size": [1, 1, 1], "uv": [268, 48]},
						{"origin": [-0.5, 32, -6], "size": [1, 1, 1], "uv": [268, 43]},
						{"origin": [-0.5, 33, -6], "size": [1, 1, 1], "uv": [268, 38]},
						{"origin": [-0.5, 34, -6], "size": [1, 1, 1], "uv": [268, 32]},
						{"origin": [-0.5, 35, -6], "size": [1, 1, 1], "uv": [268, 26]},
						{"origin": [-0.5, 37, -1], "size": [1, 1, 1], "uv": [233, 11]},
						{"origin": [-0.5, 37, 0], "size": [1, 1, 1], "uv": [221, 8]},
						{"origin": [-0.5, 37, -2], "size": [1, 1, 1], "uv": [236, 11]},
						{"origin": [-0.5, 37, -3], "size": [1, 1, 1], "uv": [244, 11]},
						{"origin": [-0.5, 37, -4], "size": [1, 1, 1], "uv": [251, 10]},
						{"origin": [-0.5, 38, -4], "size": [1, 1, 1], "uv": [253, 2]},
						{"origin": [-0.5, 37, -5], "size": [1, 1, 1], "uv": [261, 10]},
						{"origin": [-0.5, 38, -5], "size": [1, 1, 1], "uv": [262, 3]},
						{"origin": [-0.5, 38, -6], "size": [1, 1, 1], "uv": [267, 3]},
						{"origin": [-0.5, 37, -6], "size": [1, 1, 1], "uv": [268, 12]},
						{"origin": [-0.5, 36, -6], "size": [1, 1, 1], "uv": [268, 19]},
						{"origin": [-0.5, 36, 0], "size": [1, 1, 1], "uv": [228, 19]},
						{"origin": [-0.5, 36, 1], "size": [1, 1, 1], "uv": [227, 19]},
						{"origin": [-0.5, 36, -1], "size": [1, 1, 1], "uv": [233, 19]},
						{"origin": [-0.5, 36, -2], "size": [1, 1, 1], "uv": [241, 19]},
						{"origin": [-0.5, 36, -3], "size": [1, 1, 1], "uv": [246, 20]},
						{"origin": [-0.5, 36, -4], "size": [1, 1, 1], "uv": [252, 20]},
						{"origin": [-0.5, 36, -5], "size": [1, 1, 1], "uv": [261, 19]},
						{"origin": [-1, 35, -5], "size": [2, 1, 1], "uv": [191, 66]},
						{"origin": [-1, 34, -4], "size": [1, 1, 1], "uv": [111, 65]},
						{"origin": [0, 34, -4], "size": [1, 1, 1], "uv": [119, 65]},
						{"origin": [1, 34, -4], "size": [1, 1, 1], "uv": [127, 65]},
						{"origin": [2, 34, -4], "size": [1, 1, 1], "uv": [135, 66]},
						{"origin": [3, 34, -4], "size": [1, 1, 1], "uv": [143, 67]},
						{"origin": [3, 34, -5], "size": [1, 1, 1], "uv": [143, 82]},
						{"origin": [3, 33, -5], "size": [1, 1, 1], "uv": [143, 88]},
						{"origin": [2, 33, -5], "size": [1, 1, 1], "uv": [135, 89]},
						{"origin": [1, 33, -5], "size": [1, 1, 1], "uv": [128, 89]},
						{"origin": [0, 33, -5], "size": [1, 1, 1], "uv": [120, 89]},
						{"origin": [-1, 33, -5], "size": [1, 1, 1], "uv": [112, 90]},
						{"origin": [-2, 33, -5], "size": [1, 1, 1], "uv": [104, 89]},
						{"origin": [-3, 33, -5], "size": [1, 1, 1], "uv": [94, 88]},
						{"origin": [-4, 33, -5], "size": [1, 1, 1], "uv": [88, 88]},
						{"origin": [-5, 32, -2], "size": [1, 1, 1], "uv": [49, 97]},
						{"origin": [-5, 32, -1], "size": [1, 1, 1], "uv": [41, 98]},
						{"origin": [-5, 32, 0], "size": [1, 1, 1], "uv": [33, 97]},
						{"origin": [-5, 32, 1], "size": [1, 1, 1], "uv": [25, 96]},
						{"origin": [-5, 32, 2], "size": [1, 1, 1], "uv": [16, 97]},
						{"origin": [-5, 32, 3], "size": [1, 1, 1], "uv": [9, 96]},
						{"origin": [-5, 32, 4], "size": [1, 1, 1], "uv": [1, 95]},
						{"origin": [-5, 33, 4], "size": [1, 1, 1], "uv": [3, 88]},
						{"origin": [-5, 33, 3], "size": [1, 1, 1], "uv": [10, 88]},
						{"origin": [-5, 33, 2], "size": [1, 1, 1], "uv": [17, 88]},
						{"origin": [-5, 33, 1], "size": [1, 1, 1], "uv": [24, 89]},
						{"origin": [-5, 33, 0], "size": [1, 1, 1], "uv": [33, 88]},
						{"origin": [-5, 33, -1], "size": [1, 1, 1], "uv": [41, 89]},
						{"origin": [-5, 33, -2], "size": [1, 1, 1], "uv": [48, 88]},
						{"origin": [-5, 33, -3], "size": [1, 1, 1], "uv": [57, 89]},
						{"origin": [-5, 32, -3], "size": [1, 1, 1], "uv": [56, 95]},
						{"origin": [-5, 32, -4], "size": [1, 1, 1], "uv": [63, 96]},
						{"origin": [-5, 28, 0], "size": [1, 1, 1], "uv": [33, 126]},
						{"origin": [-5, 30, -2], "size": [1, 1, 1], "uv": [50, 111]},
						{"origin": [-5, 30, -1], "size": [1, 1, 1], "uv": [42, 113]},
						{"origin": [-5, 29, -1], "size": [1, 1, 1], "uv": [42, 119]},
						{"origin": [-5, 25, -4], "size": [1, 1, 1], "uv": [74, 144]},
						{"origin": [-5, 26, -4], "size": [1, 1, 1], "uv": [71, 135]},
						{"origin": [-5, 27, -4], "size": [1, 1, 1], "uv": [65, 136]},
						{"origin": [-5, 28, -3], "size": [1, 1, 1], "uv": [55, 127]},
						{"origin": [-5, 28, -4], "size": [1, 1, 1], "uv": [63, 126]},
						{"origin": [-5, 26, -3], "size": [1, 1, 1], "uv": [72, 142]},
						{"origin": [-5, 26, -2], "size": [1, 1, 1], "uv": [41, 126]},
						{"origin": [-5, 27, -1], "size": [1, 1, 1], "uv": [26, 136]},
						{"origin": [-5, 29, -4], "size": [1, 1, 1], "uv": [64, 120]},
						{"origin": [-5, 30, -4], "size": [1, 1, 1], "uv": [64, 112]},
						{"origin": [-5, 30, -3], "size": [1, 1, 1], "uv": [55, 113]},
						{"origin": [-5, 29, -3], "size": [1, 1, 1], "uv": [55, 119]},
						{"origin": [-5, 29, -2], "size": [1, 1, 1], "uv": [49, 119]},
						{"origin": [-5, 28, -2], "size": [1, 1, 1], "uv": [48, 128]},
						{"origin": [-5, 27, -2], "size": [1, 1, 1], "uv": [64, 127]},
						{"origin": [-5, 27, -3], "size": [1, 1, 1], "uv": [72, 128]},
						{"origin": [-5, 28, -1], "size": [1, 1, 1], "uv": [41, 128]},
						{"origin": [-5, 29, 0], "size": [1, 1, 1], "uv": [32, 119]},
						{"origin": [-5, 30, 0], "size": [1, 1, 1], "uv": [32, 111]},
						{"origin": [-5, 30, 1], "size": [1, 1, 1], "uv": [26, 112]},
						{"origin": [-5, 29, 1], "size": [1, 1, 1], "uv": [25, 119]},
						{"origin": [-5, 28, 1], "size": [1, 1, 1], "uv": [24, 126]},
						{"origin": [-5, 28, 2], "size": [1, 1, 1], "uv": [17, 127]},
						{"origin": [-5, 29, 2], "size": [1, 1, 1], "uv": [18, 119]},
						{"origin": [-5, 30, 2], "size": [1, 1, 1], "uv": [16, 113]},
						{"origin": [-5, 30, 3], "size": [1, 1, 1], "uv": [11, 112]},
						{"origin": [-5, 29, 3], "size": [1, 1, 1], "uv": [10, 119]},
						{"origin": [-5, 27, 0], "size": [1, 1, 1], "uv": [32, 135]},
						{"origin": [-5, 24, 3], "size": [1, 1, 1], "uv": [9, 158]},
						{"origin": [-5, 26, 3], "size": [1, 1, 1], "uv": [10, 151]},
						{"origin": [-5, 25, 3], "size": [1, 1, 1], "uv": [10, 151]},
						{"origin": [-5, 25, 2], "size": [1, 1, 1], "uv": [18, 150]},
						{"origin": [-5, 26, 2], "size": [1, 1, 1], "uv": [19, 142]},
						{"origin": [-5, 26, 1], "size": [1, 1, 1], "uv": [25, 142]},
						{"origin": [-5, 27, 1], "size": [1, 1, 1], "uv": [24, 136]},
						{"origin": [-5, 27, 2], "size": [1, 1, 1], "uv": [17, 136]},
						{"origin": [-5, 27, 3], "size": [1, 1, 1], "uv": [10, 135]},
						{"origin": [-5, 28, 3], "size": [1, 1, 1], "uv": [9, 127]},
						{"origin": [-5, 28, 4], "size": [1, 1, 1], "uv": [1, 128]},
						{"origin": [-5, 29, 4], "size": [1, 1, 1], "uv": [2, 118]},
						{"origin": [-5, 30, 4], "size": [1, 1, 1], "uv": [2, 111]},
						{"origin": [-5, 31, 4], "size": [1, 1, 1], "uv": [3, 103]},
						{"origin": [-5, 31, 3], "size": [1, 1, 1], "uv": [11, 104]},
						{"origin": [-5, 31, 2], "size": [1, 1, 1], "uv": [16, 104]},
						{"origin": [-5, 31, 1], "size": [1, 1, 1], "uv": [25, 104]},
						{"origin": [-5, 31, 0], "size": [1, 1, 1], "uv": [33, 104]},
						{"origin": [-5, 31, -1], "size": [1, 1, 1], "uv": [39, 105]},
						{"origin": [-5, 31, -2], "size": [1, 1, 1], "uv": [49, 105]},
						{"origin": [-5, 31, -3], "size": [1, 1, 1], "uv": [58, 105]},
						{"origin": [-5, 31, -4], "size": [1, 1, 1], "uv": [63, 103]},
						{"origin": [-5, 33, -4], "size": [1, 1, 1], "uv": [64, 89]},
						{"origin": [-5, 33, -5], "size": [1, 1, 1], "uv": [80, 87]},
						{"origin": [-5, 32, -5], "size": [1, 1, 1], "uv": [81, 96]},
						{"origin": [-4, 32, -5], "size": [1, 1, 1], "uv": [88, 97]},
						{"origin": [-3, 32, -5], "size": [1, 1, 1], "uv": [96, 96]},
						{"origin": [-2, 32, -5], "size": [1, 1, 1], "uv": [105, 96]},
						{"origin": [-1, 32, -5], "size": [1, 1, 1], "uv": [111, 98]},
						{"origin": [0, 32, -5], "size": [1, 1, 1], "uv": [118, 97]},
						{"origin": [1, 32, -5], "size": [1, 1, 1], "uv": [126, 96]},
						{"origin": [2, 32, -5], "size": [1, 1, 1], "uv": [134, 96]},
						{"origin": [3, 32, -5], "size": [1, 1, 1], "uv": [142, 96]},
						{"origin": [4, 32, -5], "size": [1, 1, 1], "uv": [150, 96]},
						{"origin": [4, 31, -5], "size": [1, 1, 1], "uv": [149, 104]},
						{"origin": [3, 31, -5], "size": [1, 1, 1], "uv": [142, 105]},
						{"origin": [2, 31, -5], "size": [1, 1, 1], "uv": [134, 105]},
						{"origin": [1, 31, -5], "size": [1, 1, 1], "uv": [127, 105]},
						{"origin": [0, 31, -5], "size": [1, 1, 1], "uv": [119, 105]},
						{"origin": [-1, 31, -5], "size": [1, 1, 1], "uv": [112, 103]},
						{"origin": [-2, 31, -5], "size": [1, 1, 1], "uv": [104, 104]},
						{"origin": [-3, 31, -5], "size": [1, 1, 1], "uv": [95, 103]},
						{"origin": [-4, 31, -5], "size": [1, 1, 1], "uv": [88, 104]},
						{"origin": [-5, 31, -5], "size": [1, 1, 1], "uv": [79, 103]},
						{"origin": [-5, 30, -5], "size": [1, 1, 1], "uv": [80, 112]},
						{"origin": [-4, 30, -5], "size": [1, 1, 1], "uv": [87, 111]},
						{"origin": [-3, 30, -5], "size": [1, 1, 1], "uv": [95, 112]},
						{"origin": [-2, 30, -5], "size": [1, 1, 1], "uv": [105, 111]},
						{"origin": [-1, 30, -5], "size": [1, 1, 1], "uv": [111, 112]},
						{"origin": [0, 30, -5], "size": [1, 1, 1], "uv": [120, 112]},
						{"origin": [-1, 34, 4], "size": [1, 1, 1], "uv": [111, 3]},
						{"origin": [-1, 34, 3], "size": [1, 1, 1], "uv": [111, 10]},
						{"origin": [-1, 34, 2], "size": [1, 1, 1], "uv": [112, 18]},
						{"origin": [0, 34, 2], "size": [1, 1, 1], "uv": [120, 19]},
						{"origin": [0, 34, 3], "size": [1, 1, 1], "uv": [119, 10]},
						{"origin": [0, 34, 4], "size": [1, 1, 1], "uv": [120, 2]}
					]
				},
				{
					"name": "hat",
					"pivot": [0, 24, 0]
				},
				{
					"name": "rightArm",
					"pivot": [-5, 22, 0]
				},
				{
					"name": "rightItem",
					"parent": "rightArm",
					"pivot": [-6, 15, 1]
				},
				{
					"name": "rightArmArmor",
					"parent": "rightArm",
					"pivot": [-5, 22, 0]
				},
				{
					"name": "leftArm",
					"pivot": [5, 22, 0],
					"mirror": true
				},
				{
					"name": "leftArmArmor",
					"parent": "leftArm",
					"pivot": [5, 22, 0],
					"mirror": true
				},
				{
					"name": "rightLeg",
					"pivot": [-1.9, 12, 0]
				},
				{
					"name": "rightLegging",
					"parent": "rightLeg",
					"pivot": [-1.9, 12, 0]
				},
				{
					"name": "rightBoot",
					"parent": "rightLeg",
					"pivot": [-1.9, 12, 0]
				},
				{
					"name": "rightSock",
					"parent": "rightLeg",
					"pivot": [-1.9, 12, 0]
				},
				{
					"name": "leftLeg",
					"pivot": [1.9, 12, 0],
					"mirror": true
				},
				{
					"name": "leftLegging",
					"parent": "leftLeg",
					"pivot": [1.9, 12, 0],
					"mirror": true
				},
				{
					"name": "leftBoot",
					"parent": "leftLeg",
					"pivot": [1.9, 12, 0],
					"mirror": true
				},
				{
					"name": "leftSock",
					"parent": "leftLeg",
					"pivot": [1.9, 12, 0],
					"mirror": true
				},
				{
					"name": "helmet",
					"pivot": [0, 24, 0]
				}
			]
		}
	]
}