{
	"format_version": "1.12.0",
	"minecraft:geometry": [
		{
			"description": {
				"identifier": "geometry.aa",
				"texture_width": 128,
				"texture_height": 128,
				"visible_bounds_width": 3,
				"visible_bounds_height": 4,
				"visible_bounds_offset": [0, 1, 0]
			},
			"bones": [
				{
					"name": "body",
					"pivot": [0, 15, 5],
					"cubes": [
						{"origin": [7.6, 19, -8], "size": [0, 10, 16], "pivot": [0, 0, 0], "rotation": [90, -65, -89.99999], "uv": [43, 5], "mirror": true},
						{"origin": [-8, 20.67949, 9.66025], "size": [1, 2, 2], "pivot": [0, 7.67949, 8.66025], "rotation": [30, 0, 0], "uv": [74, 4]},
						{"origin": [7, 20.67949, 9.66025], "size": [1, 2, 2], "pivot": [0, 7.67949, 8.66025], "rotation": [30, 0, 0], "uv": [74, 4]},
						{"origin": [-7, 21, -1], "size": [14, 1, 11], "uv": [77, 0]},
						{"origin": [-5.5, 24.67949, 5.66025], "size": [1, 2, 2], "pivot": [0, 7.67949, 8.66025], "rotation": [30, 0, 0], "uv": [74, 15]},
						{"origin": [-4, 22, 9], "size": [8, 1, 2], "uv": [80, 12]},
						{"origin": [-1.5, 22, -1], "size": [3, 1, 2], "uv": [106, 12]},
						{"origin": [6.9, 14, 3], "size": [1, 6, 1], "uv": [70, 0]},
						{"origin": [6.9, 12, 2.5], "size": [1, 2, 2], "uv": [74, 0]},
						{"origin": [-8, 12, 2.5], "size": [1, 2, 2], "uv": [74, 0]},
						{"origin": [-7.9, 14, 3], "size": [1, 6, 1], "uv": [80, 0]},
						{"origin": [4.5, 24.67949, 5.66025], "size": [1, 2, 2], "pivot": [0, 7.67949, 8.66025], "rotation": [30, 0, 0], "uv": [74, 15]}
					]
				}
			]
		}
	]
}