{
	"format_version": "1.10.0",
	"particle_effect": {
		"description": {
			"identifier": "lz:lys",
			"basic_render_parameters": {
				"material": "particles_alpha",
				"texture": "textures/particles/lys"
			}
		},
		"components": {
			"minecraft:emitter_rate_instant": {
				"num_particles": 75
			},
			"minecraft:emitter_lifetime_once": {
				"active_time": 1
			},
			"minecraft:emitter_shape_disc": {
				"offset": [0, 6, 0],
				"radius": 6,
				"direction": [0, -1, 0]
			},
			"minecraft:particle_lifetime_expression": {
				"max_lifetime": 10
			},
			"minecraft:particle_initial_spin": {
				"rotation": "math.random(-180, 180)"
			},
			"minecraft:particle_initial_speed": 5,
			"minecraft:particle_motion_dynamic": {
				"linear_acceleration": [0, -10, 0],
				"linear_drag_coefficient": 0.1
			},
			"minecraft:particle_appearance_billboard": {
				"size": [0.3, 0.3],
				"facing_camera_mode": "rotate_xyz",
				"uv": {
					"texture_width": 8,
					"texture_height": 64,
					"flipbook": {
						"base_UV": [0, 0],
						"size_UV": [8, 8],
						"step_UV": [0, 8],
						"frames_per_second": 12,
						"max_frame": 8,
						"stretch_to_lifetime": true
					}
				}
			},
			"minecraft:particle_motion_collision": {
				"collision_drag": 1,
				"coefficient_of_restitution": 0.1,
				"collision_radius": 0.2
			}
		}
	}
}