{
	"format_version": "1.10.0",
	"particle_effect": {
		"description": {
			"identifier": "lz:lys5",
			"basic_render_parameters": {
				"material": "particles_alpha",
				"texture": "textures/particle/particles"
			}
		},
		"components": {
			"minecraft:emitter_rate_steady": {
				"spawn_rate": 1000,
				"max_particles": 1000
			},
			"minecraft:emitter_lifetime_looping": {
				"active_time": 1
			},
			"minecraft:emitter_shape_disc": {
				"offset": [0, 6, 0],
				"radius": 6,
				"direction": [0, -1, 0]
			},
			"minecraft:particle_lifetime_expression": {
				"max_lifetime": 1
			},
			"minecraft:particle_initial_spin": {
				"rotation": "math.random(-180, 180)"
			},
			"minecraft:particle_initial_speed": 6,
			"minecraft:particle_motion_dynamic": {
				"linear_acceleration": [0, -6, 0],
				"linear_drag_coefficient": 1
			},
			"minecraft:particle_appearance_billboard": {
				"size": ["0.07+variable.particle_random_1/6", "0.07+variable.particle_random_1/6"],
				"facing_camera_mode": "rotate_xyz",
				"uv": {
					"texture_width": 128,
					"texture_height": 128,
					"uv": ["math.floor(variable.particle_random_2*8)*8", 72],
					"uv_size": [8, 8]
				}
			},
			"minecraft:particle_motion_collision": {
				"collision_drag": 10,
				"collision_radius": 0.1
			},
			"minecraft:particle_appearance_tinting": {
				"color": ["variable.particle_random_4", "variable.particle_random_2", "variable.particle_random_2", "variable.particle_random_2"]
			}
		}
	}
}