{
  "format_version": "1.10.0",
  "particle_effect": {
    "description": {
      "identifier": "lz:warden_sonic_boom",
      "basic_render_parameters": {
        "material": "particles_alpha",
        "texture": "textures/particle/sonic_explosion"
      }
    },
    "components": {
      "minecraft:emitter_rate_instant": {
				"num_particles": 100
	  },
	  "minecraft:emitter_lifetime_looping": {
				"active_time": 1.5
	  },
      "minecraft:emitter_lifetime_once": {
      },
      "minecraft:emitter_shape_point": {
      },
      "minecraft:particle_lifetime_expression": {
        "max_lifetime": "16 / 20.0"
      },
      "minecraft:particle_initial_speed": 10,
      "minecraft:particle_motion_dynamic": {
		"linear_drag_coefficient": 0
	  },
      "minecraft:particle_lifetime_expression": {
        "max_lifetime": "4 / Math.Random(1, 5) + 0.1"
      },
      "minecraft:particle_motion_collision": {
        "coefficient_of_restitution": 0.1,
        "collision_drag": 10.0,
        "collision_radius": 0.1
      },
      "minecraft:particle_appearance_billboard": {
        "size": [ 0.8, 0.8 ],
        "facing_camera_mode": "lookat_xyz",
        "uv": {
          "texture_width": 32,
          "texture_height": 512,
          "flipbook": {
            "base_UV": [ 0, 0 ],
            "size_UV": [ 32, 32 ],
            "step_UV": [ 0, 32 ],
            "frames_per_second": 8,
            "max_frame": 16,
            "stretch_to_lifetime": true,
            "loop": false
          }
        }
      },
      "minecraft:particle_appearance_tinting": {
        "color": [ "variable.particle_random_1 * 0.3 + 0.7", "variable.particle_random_1 * 0.3 + 0.7", "variable.particle_random_1 * 0.3 + 0.7", 0 ]
      },
      "minecraft:particle_appearance_lighting": {}
    }
  }
}