{
  "format_version": "1.13.0",
  "minecraft:entity": {
    "description": {
      "identifier": "blue:knight",
	  "runtime_identifier" : "minecraft:pillager",
      "is_spawnable": true,
      "is_summonable": true,
      "is_experimental": false
    },
         "component_groups": {
         	   "q": {
	   
	   
	  "minecraft:mark_variant":{
		"value":9
		}
	   
	   },
      "minecraft:melee_mode": {
        "minecraft:attack": {
          "damage": {
			"range_min": 5,
			"range_max": 7
		  }
		},
        "minecraft:behavior.melee_attack": {
         "priority": 0.01,
        "track_target": true,
        "speed_multiplier": 1.30,
        "reach_multiplier": 5,
        "effect_name": "slowness",
        "effect_duration": 3
      },
        "minecraft:equipment": {
        "table": "loot_tables/items/st.json"
        }
      },
      	  "minecraft:ranged_mode": {
        "minecraft:shooter": {
            "type": "arrow",
          "def": "minecraft:arrow"
        },
        "minecraft:equipment": {
          "table": "loot_tables/items/bows2.json"
        },
		"minecraft:is_charged": {
        },
        "minecraft:behavior.ranged_attack": {
          "priority": 1,
          "attack_interval_min": 0.1,
          "attack_interval_max": 0.5,
          "burst_shots": 1,
          "burst_interval": 0.8,
          "attack_radius": 18
        }
      },
	  
	  "minecraft:full_health": {
        "minecraft:variant": {
          "value": 0
        },
      "minecraft:health": {
        "value": {
        "range_min": 110,
        "range_max": 150
      }
    },
        "minecraft:movement": {
          "value": 0.3
        },
        "minecraft:follow_range": {
          "value": 64
        },
        "minecraft:behavior.hurt_by_target": {
          "priority": 2,
          "entity_types": {
            "filters": { "test": "is_family", "subject": "other", "operator": "!=", "value": "creeper" }
          }
        },
      
	    "minecraft:target_nearby_sensor": {
          "inside_range": 8.0,
          "outside_range": 9.0,
          "on_inside_range": {
            "event": "minecraft:switch_to_melee",
            "target": "self"
          },
          "on_outside_range": {
            "event": "minecraft:switch_to_ranged",
            "target": "self"
          }
        },
        "minecraft:movement.basic": {
        },
        "minecraft:can_climb": {
        },
		"minecraft:damage_sensor": {
          "triggers": [
            {
			  "on_damage": {
                "filters": {
                    "test" :  "is_family", "subject" : "other", "value" :  "villager"}
          },
          "deals_damage": false
            }
          ]
        },
		"minecraft:behavior.move_towards_target": {
          "priority": 2,
          "speed_multiplier": 1,
          "within_radius": 32
        },
        "minecraft:behavior.random_stroll": {
          "priority": 6,
          "speed_multiplier": 0.8,
          "xz_dist": 16
        }
      }
    },
        "components": {
	  "minecraft:environment_sensor":{
	  "triggers": [
	  {
        "filters": {
          "all_of": [
		  { "test": "has_damage", "subject": "self", "operator": "equals", "value": "fatal" }
          ]
        },
        "event": "q"
      }
	  ]
	  },
        "minecraft:behavior.defend_village_target": {
          "priority": 1
        },
        "minecraft:dweller": {
          "dwelling_type": "village",
          "dweller_role": "defender",
          "update_interval_base": 60,
          "update_interval_variant": 40,
          "can_find_poi": false,
          "can_migrate": true,
          "first_founding_reward": 0
        },
      "minecraft:nameable": {
        "always_show": true,
        "allow_name_tag_renaming": false
      },
      "minecraft:behavior.nearest_attackable_target": {
        "priority": 2,
        "within_radius": 32,
        "reselect_targets": true,
        "entity_types": [
          {
            "filters": {
              "any_of": [
                { "test": "is_family", "subject": "other", "value": "monster" },
            
                    {
                        "test": "is_family",
                        "subject": "other",
                        "value": "player"
                    }
              ]
            },
            "max_dist": 64
          }
        ],
        "must_see": true,
        "must_see_forget_duration": 17.0
      },
      "minecraft:behavior.stay_while_sitting": {
        "priority": 3
      },
            
	  "minecraft:behavior.move_to_land":{
	  "speed_multiplier": 1,
	  "search_range":64,
	  "search_height":16,
	  "search_count":10,
	  "goal_radius":0.5
	  },
      "minecraft:damage_sensor": {
        "triggers": {
          "on_damage": {
            "filters": { "test" :  "is_family", "subject" : "other", "value" :  "villager"}
          },
          "deals_damage": false
        }
      },
      "minecraft:type_family": {
        "family": [ "villager", "peasant", "farmer", "mob","fn"]
      },
        "minecraft:scale": {
          "value":1.0
        },
        "minecraft:loot": {
        "table": "loot_tables/items/lcq.json"
      },
        "minecraft:movement": {
          "value": 0.3
        },
        "minecraft:behavior.float":{
    "priority": 0
        },
      "minecraft:collision_box": {
        "width": 0.6,
        "height": 1.9
      },
      "minecraft:movement.basic": {
      },
      "minecraft:navigation.walk": {
        "is_amphibious": true,
        "can_pass_doors": true,
        "can_open_doors": true,
        "avoid_water": true,
        "avoid_portals": true,
        "can_path_over_water": true
      },
      "minecraft:annotation.open_door": {
      },
      "minecraft:jump.static": {
      },
      "minecraft:behavior.charge_held_item": {
        "priority": 3,
        "items": [
          "minecraft:arrow"
        ]
      },
      "minecraft:can_climb": {
      },
      "minecraft:able": {
        "total_supply": 15,
        "suffocate_time": 0,
        "breathes_air": true,
        "breathes_water": false
      },
      "minecraft:behavior.random_stroll": {
        "priority": 8,
        "speed_multiplier": 1
      },
      "minecraft:behavior.look_at_player": {
        "priority": 7,
        "look_distance": 6,
        "probability": 0.02
      },
      "minecraft:behavior.random_look_around": {
        "priority": 7
      },
      "minecraft:behavior.hurt_by_target": {
        "priority": 1
      },
      "minecraft:physics": {
      },
      "minecraft:pushable": {
        "is_pushable": true,
        "is_pushable_by_piston": true
      }
    },
        "events": {
                    "q": {
        "remove": {
          "component_groups": [
            "a","b"
          ]
        },
        "add": {
          "component_groups": [
            "q"
          ]
        }
      },
	  "minecraft:entity_spawned": {
        "add": {
          "component_groups": [
            "minecraft:full_health"
          ]
        }
      },
      "minecraft:switch_to_melee": {
        "remove": {
          "component_groups": [
            "minecraft:ranged_mode"
          ]
        },
        "add": {
          "component_groups": [
            "minecraft:melee_mode"
          ]
        }
      },
      "minecraft:switch_to_ranged": {
        "remove": {
          "component_groups": [
            "minecraft:melee_mode"
          ]
        },
        "add": {
          "component_groups": [
            "minecraft:ranged_mode"
          ]
        }
      }
    }
  }
}