{
  "format_version": "1.8.0",
  "animations": {
    "animation.jyxt": {
      "loop": true,
      "animation_length": 1.8,
      "timeline": {
       "0.14": [ 
			"/playanimation @s[tag=!tz,tag=jy] animation.red.jy",
			"/replaceitem entity @s[tag=jy,tag=!tz] slot.weapon.offhand 1 xc:lbs"
		],
		"0.15": [ 
			"/execute @s[tag=jy,tag=!tz] ~ ~ ~ playsound sound.jy @a[r=20]"
		],
      	"0.58": [ 
			"/execute @s[tag=jy,tag=!tz] ~ ~ ~ summon xc:hszjtkl",
			"/execute @s[tag=jy,tag=!tz] ~ ~ ~ playsound random.glass @a[r=20]"
		],
      	"0.65": [ 
			"/playanimation @e[tag=!bzx,type=xc:hszjtkl] animation.zjkl.ccdh",
			"/tag @s[tag=jy] add tz"
		],
		"0.73": [ 
			"/tag @e[type=xc:hszjtkl] add bzx"
		]
      }
    }
  }
}