{
  "format_version": "1.8.0",
  "animations": {
    "animation.stevejp": {
      "loop": true,
      "animation_length": 10.3,
      "timeline": {
       "0.6": [
            "/execute @s[tag=jpg] ~ ~ ~ function fj"
        ],
       "0.8": [ 
			"/replaceitem entity @s[tag=jpg] slot.weapon.offhand 1 xc:jpg"
		],
      	"0.86": [ 
			"/execute @e[tag=jpg] ~ ~ ~ playsound sound.cjpg @a[r=20]"
		],
		"1.9": [
			"/effect @s[tag=jpg] regeneration 3 0",
			"/effect @s[tag=jpg] absorption 2 5"
		],
		"3.2": [
		    "/tag @s[tag=jpg] remove jpg"
		]
      }
    }
  }
}