{
  "format_version": "1.10.0",
  "minecraft:client_entity": {
    "description": {
      "identifier": "xc:lhh",
      "materials": {
        "default": "arrow"
      },
      "textures": {
        "default": "textures/entity/xc_soul_fire"
      },
      "geometry": {
        "default": "geometry.hyst"
      },
      "render_controllers": [ "controller.render.item_sprite" ],
      "animations": {
        "flying": "animation.actor.billboard"
      },
      "scripts": {
        "animate": [
          "flying"
        ]
      }
    }
  }
} 