{
  "format_version": "1.10.0",
  "minecraft:client_entity": {
    "description": {
      "identifier": "xc:zf",
      "materials": {
        "default": "phantom"
      },
      "textures": {
        "default": "textures/items/xc_zbszjzzf"
      },
      "geometry": {
        "default": "geometry.2dzjzzf"
      },
      "animations": {
        "move": "animation.arrow.move",
        "idle": "animation.zjzzftzw.xz",
        "flying": "animation.actor.billboard",
        "ljw": "animation.ljw.boomerang.spin"
      },
      "scripts": {
        "pre_animation": [
          "variable.shake = query.shake_time - query.frame_alpha;",
          "variable.shake_power = variable.shake > 0.0 ? -Math.sin(variable.shake * 200.0) * variable.shake : 0.0;"
        ],
        "animate": [
          "move",
          "idle",
          "flying",
          "ljw"
        ]
      },
      "render_controllers": [ "controller.render.arrow" ]
    }
  }
}
