{
  "format_version": "1.10.0",
  "minecraft:attachable": {
    "description": {
      "identifier": "lz:red_bow",
      "materials": {
        "default": "entity_alphatest",
        "enchanted": "entity_alphatest_glint"
      },
      "textures": {
        "default": "textures/items/bow/red_bow1",
        "bow_pulling_0": "textures/items/bow/red_bow2",
        "bow_pulling_1": "textures/items/bow/red_bow3",
        "bow_pulling_2": "textures/items/bow/red_bow4",
        "enchanted": "textures/misc/enchanted_item_glint"
      },
      "geometry": {
        "default": "geometry.lz_bow_standby",
        "bow_pulling_0": "geometry.lz_bow_pulling_0",
        "bow_pulling_1": "geometry.lz_bow_pulling_1",
        "bow_pulling_2": "geometry.lz_bow_pulling_2"
      },
      "animations": {
        "wield": "animation.bow.wield",
        "wield_first_person_pull": "animation.bow.wield_first_person_pull"
      },
      "scripts": {
        "pre_animation": [
		"v.charge_amount=math.clamp((q.main_hand_item_max_duration-(q.main_hand_item_use_duration-q.frame_alpha+1.0))/10.0,0.0,1.0f);",
		"v.bow_frame=(q.main_hand_item_use_duration>0.0f&&c.is_first_person) ? math.min(q.item_in_use_duration*0.0075, 3) : 0;"
				],
        "animate": [
          "wield",
          {
		  "wield_first_person_pull": "q.main_hand_item_use_duration>0.0f&&c.is_first_person"
		  }
        ]
      },
      "render_controllers": [ "controller.render.lz_bow" ]
    }
  }
}