{
  "format_version": "1.10.0",
  "minecraft:attachable": {
    "description": {
      "identifier": "lz:snake_blade",
      "materials": {
        "default": "phantom",
        "charged": "charged_creeper",
        "enchanted": "phantom"
      },
      "textures": {
        "default": "textures/entity/pamobile/snake_blade",
        "charged": "textures/entity/pamobile/snake_blade2",
        "enchanted": "textures/misc/enchanted_item_glint"
      },
      "geometry": {
        "default": "geometry.lz_snake_blade",
        "charged": "geometry.lz_snake_blade_lj"
      },
      "animations": {
        "wield_first_person": "animation.lz_snake_blade.first_person",
        "lj_first_person": "animation.lz_snake_blade_lj.first_person",
        "wield_third_person": "animation.lz_snake_blade.third_person",
        "first_person_attack": "animation.lz_snake_blade.attack",
        "third_person_attack": "animation.lz_snake_blade.attack",
        "item": "controller.animation.lz_items_attack"
      },
      "scripts": {
        "pre_animation": [
		"v.charge_amount=math.clamp((q.main_hand_item_max_duration-(q.main_hand_item_use_duration-q.frame_alpha+1.0))/10.0,0.0,1.0f);"
				],
        "animate": [
          {
            "wield_first_person": "c.is_first_person"
          },
          {
            "wield_third_person": "!c.is_first_person"
          },
          {
            "lj_third_person": "!c.is_first_person"
          },
          "item"
        ]
      },
      "render_controllers": [ "controller.render.item_default", "controller.render.snake_blade" ]
    }
  }
}