{
  "format_version": "1.10",
  "minecraft:attachable": {
    "description": {
      "identifier": "lz:red_zscj",
      "materials": {
        "default": "entity_alphatest",
        "enchanted": "entity_alphatest_glint"
      },
      "textures": {
        "default": "textures/items/pamobile/lz_zscj",
        "enchanted": "textures/misc/red"
      },
      "geometry": {
        "default": "geometry.lz_longsword"
      },
      "animations": {
        "wield_first_person": "animation.lz_kd.first_person",
        "wield_third_person": "animation.lz_sword.third_person"
      },
      "scripts": {
        "pre_animation": [
          "variable.charge_amount = math.clamp((query.main_hand_item_max_duration - (query.main_hand_item_use_duration - query.frame_alpha + 1.0)) / 10.0, 0.0, 1.0f);"
        ],
        "animate": [
          {
            "wield_first_person": "c.is_first_person"
          },
          {
            "wield_third_person": "!c.is_first_person"
          }
        ]
      },
      "render_controllers": [
        "controller.render.item_default"
      ]
    }
  }
}