{
  "format_version": "1.8.0",
  "render_controllers": {
    "controller.render.shine": {
      "geometry": "Geometry.default",
      "materials": [ { "*": "Material.default" } ],
      "textures": [ "Texture.default" ],
      "overlay_color": {
        "r": "(Math.sin(query.life_time * 500.0) + 1.0) * 0.5",
        "g": "0.0",
        "b": "(Math.sin(query.life_time * 500.0 + 240.0) + 1.0) * 0.3",
        "a": "1.0"
      },
     "light_color_multiplier": 1.0,
      "ignore_lighting" : true
    }
  }
}