{
  "format_version": "1.10.0",
  "minecraft:attachable": {
    "description": {
      "identifier": "xc:dzjzzf",
      "materials": {
        "default": "entity_alphatest",
        "enchanted": "entity_alphatest_glint"
      },
      "textures": {
        "default": "textures/items/xc_zjzzf",
        "a": "textures/items/tools/blueex/a",
          "b": "textures/items/tools/blueex/b",
          "c": "textures/items/tools/blueex/c",
          "d": "textures/items/tools/blueex/d",
          "e": "textures/items/tools/blueex/e",
        "enchanted": "textures/misc/enchanted_item_glint"
      },
      "geometry": {
        "default": "geometry.2dzjzzf"
      },
      "animations": {
        "wield_controller": "controller.animation.vzsxyj.wield",
        "wield": "animation.vzsxyj.first_person_wield",
        "fs": "animation.vzsxyj.first_person_fs",
        "sfs": "animation.vzsxyj.sfs",
        "blocking": "animation.vzsxyj.first_person_blocking",
        "default": "animation.vzsxyj.default",
        "is_using_item": "animation.vzsxyj.is_using_item",
        "qfs": "animation.vzsxyj.qfs"
      },
      "scripts": {
        "animate": [
          { "wield_controller": "c.is_first_person && (q.get_equipped_item_name('main_hand') == 'dzjzzf')"
          },
          { "fs": "c.is_first_person && (q.get_equipped_item_name('off_hand') == 'dzjzzf')"
          },
          { "default": "!c.is_first_person && (q.get_equipped_item_name('main_hand') == 'dzjzzf') && !q.is_sneaking"
          },
          { "sfs": "!c.is_first_person && (q.get_equipped_item_name('off_hand') == 'dzjzzf') && !q.is_sneaking"
          },
          { "qfs": "!c.is_first_person && (q.get_equipped_item_name('off_hand') == 'dzjzzf') && q.is_sneaking"
          },
          { "is_using_item": "!c.is_first_person && (q.get_equipped_item_name('main_hand') == 'dzjzzf') && q.is_sneaking"
          }
        ]
      },
      "render_controllers": [ "controller.render.item_2dzjzzf", "controller.render.fbs"]
    }
  }
}
