{
  "format_version": "1.10.0",
  "minecraft:attachable": {
    "description": {
      "identifier": "xc:zsjf",
      "materials": {
        "default": "entity_alphatest",
        "enchanted": "entity_alphatest_glint"
      },
      "textures": {
        "default": "textures/items/xc_zsjf",
        "enchanted": "textures/misc/enchanted_item_glint"
      },
      "geometry": {
        "default": "geometry.zsjf"
      },
      "animations": {
        "wield_controller": "controller.animation.vhsh.wield",
        "wield": "animation.vhsh.first_person_wield",
        "blocking": "animation.vhsh.first_person_blocking",
        "default": "animation.vhsh.default",
        "is_using_item": "animation.vhsh.is_using_item"
      },
      "scripts": {
        "animate": [
          { "wield_controller": "c.is_first_person && c.item_slot == 'main_hand' && c.item_slot != 'off_hand' && q.get_equipped_item_name == 'zsjf'"
          },
          { "default": "!c.is_first_person && c.item_slot == 'main_hand' && c.item_slot != 'off_hand' && q.get_equipped_item_name == 'zsjf' && !q.is_sneaking"
          },
          { "is_using_item": "!c.is_first_person && c.item_slot == 'main_hand' && c.item_slot != 'off_hand' && q.get_equipped_item_name == 'zsjf' && q.is_sneaking"
          }
        ]
      },
      "render_controllers": [
				"controller.render.item_default"
			]
		}
	}
}