{
  "format_version": "1.10.0",
  "minecraft:attachable": {
    "description": {
      "identifier": "xc:Prom0v0",
      "materials": {
        "default": "entity_alphatest",
        "enchanted": "entity_alphatest_glint"
      },
      "textures": {
        "default": "textures/entity/xc_Prom0v0",
        "enchanted": "textures/misc/enchanted_item_glint"
      },
      "geometry": {
        "default": "geometry.Prom0v0"
      },
      "animations": {
        "wield_controller": "controller.animation.vsword.wield",
        "wield": "animation.vsword.first_person_wield",
        "blocking": "animation.vsword.first_person_blocking",
        "default": "animation.vsword.default",
        "is_using_item": "animation.vsword.is_using_item"
      },
      "scripts": {
        "animate": [
          { "wield_controller": "c.is_first_person && c.item_slot == 'main_hand' && c.item_slot != 'off_hand' && q.get_equipped_item_name == 'Prom0v0'"
          },
          { "default": "!c.is_first_person && c.item_slot == 'main_hand' && c.item_slot != 'off_hand' && q.get_equipped_item_name == 'Prom0v0' && !q.is_sneaking"
          },
          { "is_using_item": "!c.is_first_person && c.item_slot == 'main_hand' && c.item_slot != 'off_hand' && q.get_equipped_item_name == 'Prom0v0' && q.is_sneaking"
          }
        ]
      },
      "render_controllers": [ "controller.render.item_default" ]
    }
  }
}
