{
  "format_version": "1.8.0",
  "minecraft:attachable": {
    "description": {
      "identifier": "xc:glfj",
      "materials": {
        "default": "armor",
        "enchanted": "armor_enchanted"
      },
      "textures": {
        "default": "textures/entity/glfj",
        "glfj": "textures/entity/glfj",
        "glfj0": "textures/entity/glfj0",
        "glfj1": "textures/entity/glfj1",
        "glfj2": "textures/entity/glfj2",
        "enchanted": "textures/misc/lvsm"
      },
      "geometry": {
        "default": "geometry.3djcj"
      },
      "scripts": {
        "parent_setup": "variable.chest_layer_visible = 0.0;"
      },
      "render_controllers": [
        "controller.render.glfjzs"
      ]
    }
  }
}