{
  "format_version": "1.16.0",
  "minecraft:attachable": {
    "description": {
      "identifier": "xc:sjj",
      "materials": {
        "default": "entity_alphatest",
        "enchanted": "entity_alphatest_glint"
      },
      "textures": {
        "default": "textures/items/xc_sjj",
        "enchanted": "textures/misc/enchanted_item_glint1",
          "a": "textures/items/tools/data_sword/a",
          "b": "textures/items/tools/data_sword/b",
          "c": "textures/items/tools/data_sword/c",
          "d": "textures/items/tools/data_sword/d",
          "e": "textures/items/tools/data_sword/e",
          "f": "textures/items/tools/data_sword/f",
          "g": "textures/items/tools/data_sword/g",
          "h": "texture/items/tools/data_sword/h"
      },
      "geometry": {
        "default": "geometry.lbsj"
      },
      "animations": {
        "wield_controller": "controller.animation.vzsxyj.wield",
        "wield": "animation.vzsxyj.first_person_wield",
        "blocking": "animation.vzsxyj.first_person_blocking",
        "default": "animation.vzsxyj.default",
        "is_using_item": "animation.vzsxyj.is_using_item",
        "fs": "animation.vzsxyj.first_person_fs",
        "sfs": "animation.vzsxyj.sfs",
        "qfs": "animation.vzsxyj.qfs"
      },
      "scripts": {
        "animate": [
        { "wield_controller": "c.is_first_person && (q.get_equipped_item_name('main_hand') == 'sjj')"
          },
          { "fs": "c.is_first_person && (q.get_equipped_item_name('off_hand') == 'sjj')"
          },
          { "default": "!c.is_first_person && (q.get_equipped_item_name('main_hand') == 'sjj') && !q.is_sneaking"
          },
          { "sfs": "!c.is_first_person && (q.get_equipped_item_name('off_hand') == 'sjj') && !q.is_sneaking"
          },
          { "qfs": "!c.is_first_person && (q.get_equipped_item_name('off_hand') == 'sjj') && q.is_sneaking"
          },
          { "is_using_item": "!c.is_first_person && (q.get_equipped_item_name('main_hand') == 'sjj') && q.is_sneaking"
          }
        ]
      },
      "render_controllers": [ "controller.render.item_lbsj", "controller.render.sjj" ]
    }
  }
}
