{
  "format_version": "1.10.0",
  "minecraft:attachable": {
    "description": {
      "identifier": "xc:xzhys",
      "materials": {
        "default": "entity_alphatest",
        "enchanted": "entity_alphatest_glint"
      },
      "textures": {
        "default": "textures/entity/xc_hys",
        "a": "textures/items/tools/hys/a",
        "b": "textures/items/tools/hys/b",
        "c": "textures/items/tools/hys/c",
        "d": "textures/items/tools/hys/d",
        "e": "textures/items/tools/hys/e",
        "f": "textures/items/tools/hys/f",
        "enchanted": "textures/misc/enchanted_item_glint"
      },
      "geometry": {
        "default": "geometry.xzhys"
      },
      "animations": {
        "wield_controller": "controller.animation.vzsxyj.wield",
        "wield": "animation.vzsxyj.first_person_wield",
        "fs": "animation.vzsxyj.first_person_fs",
        "sfs": "animation.vzsxyj.sfs",
        "blocking": "animation.vzsxyj.first_person_blocking",
        "default": "animation.vzsxyj.default",
        "is_using_item": "animation.vzsxyj.is_using_item",
        "qfs": "animation.vzsxyj.qfs"
      },
      "scripts": {
        "animate": [
          { "wield_controller": "c.is_first_person && (q.get_equipped_item_name('main_hand') == 'xzhys')"
          },
          { "fs": "c.is_first_person && (q.get_equipped_item_name('off_hand') == 'xzhys')"
          },
          { "default": "!c.is_first_person && (q.get_equipped_item_name('main_hand') == 'xzhys') && !q.is_sneaking"
          },
          { "sfs": "!c.is_first_person && (q.get_equipped_item_name('off_hand') == 'xzhys') && !q.is_sneaking"
          },
          { "qfs": "!c.is_first_person && (q.get_equipped_item_name('off_hand') == 'xzhys') && q.is_sneaking"
          },
          { "is_using_item": "!c.is_first_person && (q.get_equipped_item_name('main_hand') == 'xzhys') && q.is_sneaking"
          }
        ]
      },
      "render_controllers": [ "controller.render.item_xzhys", "controller.render.xzhys" ]
    }
  }
}
