{
  "format_version": "1.10",
  "minecraft:attachable": {
    "description": {
      "identifier": "xc:cnahjskf",
      "materials": {
        "default": "entity_alphatest",
        "enchanted": "entity_alphatest_glint"
      },
      "textures": {
          "default": "textures/items/xc_ahjskf",
          "a": "textures/items/tools/cnahjskf/a",
          "b": "textures/items/tools/cnahjskf/b",
          "c": "textures/items/tools/cnahjskf/c",
          "d": "textures/items/tools/cnahjskf/d",
          "e": "textures/items/tools/cnahjskf/e",
          "f": "textures/items/tools/cnahjskf/f",
          "g": "textures/items/tools/cnahjskf/g",
          "enchanted": "textures/misc/zs"
      },
      "geometry": {
        "default": "geometry.cnahjskf"
      },
       "animations": {
        "wield_controller": "controller.animation.vcjd.wield",
        "wield": "animation.vcjd.first_person_wield",
        "fs": "animation.vcjd.first_person_fs",
        "sfs": "animation.vcjd.sfs",
        "blocking": "animation.vcjd.first_person_blocking",
        "default": "animation.vcjd.default",
        "is_using_item": "animation.vcjd.is_using_item",
        "qfs": "animation.vcjd.qfs"
      },
      "scripts": {
        "animate": [
          { "wield_controller": "c.is_first_person && (q.get_equipped_item_name('main_hand') == 'cnahjskf')"
          },
          { "fs": "c.is_first_person && (q.get_equipped_item_name('off_hand') == 'cnahjskf')"
          },
          { "default": "!c.is_first_person && (q.get_equipped_item_name('main_hand') == 'cnahjskf') && !q.is_sneaking"
          },
          { "sfs": "!c.is_first_person && (q.get_equipped_item_name('off_hand') == 'cnahjskf') && !q.is_sneaking"
          },
          { "qfs": "!c.is_first_person && (q.get_equipped_item_name('off_hand') == 'cnahjskf') && q.is_sneaking"
          },
          { "is_using_item": "!c.is_first_person && (q.get_equipped_item_name('main_hand') == 'cnahjskf') && q.is_sneaking"
          }
        ]
      },
      "render_controllers": ["controller.render.item_cnahjskf", "controller.render.cnahjskf"]
    }
  }
}
