{
  "format_version": "1.8.0",
  "minecraft:attachable": {
    "description": {
      "identifier": "xc:ahjxz",
      "materials": {
        "default": "armor",
        "enchanted": "armor_enchanted"
      },
      "textures": {
        "default": "textures/entity/xc_ahjxz",
        "enchanted": "textures/misc/zhsfm"
      },
      "geometry": {
        "default": "geometry.ahjt"
      },
      "scripts": {
        "parent_setup": "variable.boot_layer_visible = 0.0;"
      },
      "render_controllers": [
        "controller.render.armor"
      ]
    }
  }
}