{
  "format_version": "1.10.0",
  "minecraft:attachable": {
    "description": {
      "identifier": "xc:xyld",
      "materials": {
        "default": "entity_alphatest",
        "enchanted": "entity_alphatest_glint"
      },
      "textures": {
        "default": "textures/items/ldc",
        "enchanted": "textures/misc/c"
      },
      "geometry": {
        "default": "geometry.qyld"
      },
      "animations": {
        "wield_controller": "controller.animation.vzszr.wield",
        "wield": "animation.vzszr.first_person_wield",
        "blocking": "animation.vzszr.first_person_blocking",
        "default": "animation.vzszr.default",
        "is_using_item": "animation.vzszr.is_using_item"
      },
      "scripts": {
        "animate": [
          { "wield_controller": "c.is_first_person && c.item_slot == 'main_hand' && c.item_slot != 'off_hand' && q.get_equipped_item_name == 'xyld'"
          },
          { "default": "!c.is_first_person && c.item_slot == 'main_hand' && c.item_slot != 'off_hand' && q.get_equipped_item_name == 'xyld' && !q.is_sneaking"
          },
          { "is_using_item": "!c.is_first_person && c.item_slot == 'main_hand' && c.item_slot != 'off_hand' && q.get_equipped_item_name == 'xyld' && q.is_sneaking"
          }
        ]
      },
      "render_controllers": [ "controller.render.item_default" ]
    }
  }
}
