{
  "format_version": "1.16.0",
  "minecraft:attachable": {
    "description": {
      "identifier": "xc:yxj",
      "materials": {
        "default": "entity_alphatest",
        "enchanted": "entity_alphatest_glint"
      },
      "textures": {
        "default": "textures/items/yxj",
        "enchanted": "textures/misc/enchanted_item_glint",
          "a": "textures/items/tools/yxj/a",
          "b": "textures/items/tools/yxj/b",
          "c": "textures/items/tools/yxj/c",
          "d": "textures/items/tools/yxj/d",
          "e": "textures/items/tools/yxj/e"
      },
      "geometry": {
        "default": "geometry.yxj"
      },
      "animations": {
        "wield_controller": "controller.animation.vzsxyj.wield",
        "wield": "animation.vzsxyj.first_person_wield",
        "blocking": "animation.vzsxyj.first_person_blocking",
        "default": "animation.vzsxyj.default",
        "is_using_item": "animation.vzsxyj.is_using_item",
        "fs": "animation.vzsxyj.first_person_fs",
        "sfs": "animation.vzsxyj.sfs",
        "qfs": "animation.vzsxyj.qfs"
      },
      "scripts": {
        "animate": [
        { "wield_controller": "c.is_first_person && (q.get_equipped_item_name('main_hand') == 'yxj')"
          },
          { "fs": "c.is_first_person && (q.get_equipped_item_name('off_hand') == 'yxj')"
          },
          { "default": "!c.is_first_person && (q.get_equipped_item_name('main_hand') == 'yxj') && !q.is_sneaking"
          },
          { "sfs": "!c.is_first_person && (q.get_equipped_item_name('off_hand') == 'yxj') && !q.is_sneaking"
          },
          { "qfs": "!c.is_first_person && (q.get_equipped_item_name('off_hand') == 'yxj') && q.is_sneaking"
          },
          { "is_using_item": "!c.is_first_person && (q.get_equipped_item_name('main_hand') == 'yxj') && q.is_sneaking"
          }
        ]
      },
      "render_controllers": [ "controller.render.item_yxj", "controller.render.yxj"]
    }
  }
}
