{
  "format_version": "1.8.0",
  "minecraft:attachable": {
    "description": {
      "identifier": "xc:hjsst",
      "materials": {
        "default": "enderman",
        "enchanted": "phantom"
      },
      "textures": {
        "default": "textures/entity/ahjs",
        "a": "textures/items/tools/hjs/a",
          "b": "textures/items/tools/hjs/b",
          "c": "textures/items/tools/hjs/c",
          "d": "textures/items/tools/hjs/d",
        "enchanted": "textures/misc/enchanted_item_glint"
      },
      "geometry": {
        "default": "geometry.hjsst"
      },
      "scripts": {
        "parent_setup": "variable.chest_layer_visible = 0.0;"
      },
      "render_controllers": [
        "controller.render.hjsst"
      ]
    }
  }
}