{
  "format_version": "1.10",
  "minecraft:attachable": {
    "description": {
      "identifier": "pa:zszf",
      "materials": {
        "default": "entity_alphatest",
        "enchanted": "entity_alphatest_glint"
      },
      "textures": {
        "default": "textures/items/pa_zszf",
        "enchanted": "textures/misc/enchanted_item_glint"
      },
      "geometry": {
        "default": "geometry.zszf"
      },
       "animations": {
        "wield_controller": "controller.animation.vcjd.wield",
        "wield": "animation.vcjd.first_person_wield",
        "fs": "animation.vcjd.first_person_fs",
        "sfs": "animation.vcjd.sfs",
        "blocking": "animation.vcjd.first_person_blocking",
        "default": "animation.vcjd.default",
        "is_using_item": "animation.vcjd.is_using_item",
        "qfs": "animation.vcjd.qfs"
      },
      "scripts": {
        "animate": [
          { "wield_controller": "c.is_first_person && (q.get_equipped_item_name('main_hand') == 'zszf')"
          },
          { "fs": "c.is_first_person && (q.get_equipped_item_name('off_hand') == 'zszf')"
          },
          { "default": "!c.is_first_person && (q.get_equipped_item_name('main_hand') == 'zszf') && !q.is_sneaking"
          },
          { "sfs": "!c.is_first_person && (q.get_equipped_item_name('off_hand') == 'zszf') && !q.is_sneaking"
          },
          { "qfs": "!c.is_first_person && (q.get_equipped_item_name('off_hand') == 'zszf') && q.is_sneaking"
          },
          { "is_using_item": "!c.is_first_person && (q.get_equipped_item_name('main_hand') == 'zszf') && q.is_sneaking"
          }
        ]
      },
      "render_controllers": [ "controller.render.item_default" ]
    }
  }
}
