{
  "format_version": "1.10.0",
  "minecraft:attachable": {
    "description": {
      "identifier": "xc:zsn",
      "materials": {
        "default": "entity_alphatest",
        "enchanted": "entity_alphatest_glint"
      },
      "textures": {
        "default": "textures/items/xc_zsn",
        "crossbow_pulling_0": "textures/items/xc_zsn0",
        "crossbow_pulling_1": "textures/items/xc_zsn1",
        "crossbow_pulling_2": "textures/items/xc_zsn2",
        "crossbow_arrow": "textures/items/zsn_arrow",
        "crossbow_rocket": "textures/items/zsn_firework",
        "enchanted": "textures/misc/enchanted_item_glint"
      },
      "geometry": {
        "default": "geometry.crossbow_standby",
        "crossbow_pulling_0": "geometry.crossbow_pulling_0",
        "crossbow_pulling_1": "geometry.crossbow_pulling_1",
        "crossbow_pulling_2": "geometry.crossbow_pulling_2",
        "crossbow_arrow": "geometry.crossbow_arrow",
        "crossbow_rocket": "geometry.crossbow_rocket"
      },
      "animations": {
        "wield": "animation.crossbow.wield"
      },
      "scripts": {
        "animate": [
          "wield"
        ]
      },
      "render_controllers": [ "controller.render.zsn" ]
    }
  }
}
