{
  "format_version": "1.8.0",
  "minecraft:attachable": {
    "description": {
      "identifier": "xc:tklsb",
      "materials": {
        "default": "armor",
        "enchanted": "armor_enchanted"
      },
      "textures": {
        "default": "textures/entity/xc_tklsb",
        "a": "textures/items/tools/tklsb/a",
        "b": "textures/items/tools/tklsb/b",
        "c": "textures/items/tools/tklsb/c",
        "enchanted": "textures/misc/hes"
      },
      "geometry": {
        "default": "geometry.dttklsb"
      },
      "scripts": {
        "parent_setup": "variable.chest_layer_visible = 0.0;"
      },
      "render_controllers": [
        "controller.render.tklsb" 
      ]
    }
  }
}