{
  "format_version": "1.8.0",
  "minecraft:attachable": {
    "description": {
      "identifier": "xc:booptt",
      "materials": {
        "default": "enderman",
        "enchanted": "phantom"
      },
      "textures": {
        "default": "textures/entity/booptt",
        "a": "textures/items/tools/booptt/a",
          "b": "textures/items/tools/booptt/b",
          "c": "textures/items/tools/booptt/c",
          "d": "textures/items/tools/booptt/d",
          "e": "textures/items/tools/booptt/e",
          "f": "textures/items/tools/booptt/f",
          "g": "textures/items/tools/booptt/g",
          "h": "textures/items/tools/booptt/h",
          "i": "textures/items/tools/booptt/i",
          "j": "textures/items/tools/booptt/k",
          "l": "textures/items/tools/booptt/l",
        "enchanted": "textures/misc/enchanted_item_glint"
      },
      "geometry": {
        "default": "geometry.booptt"
      },
      "scripts": {
        "parent_setup": "variable.helmet_layer_visible = 0.0;"
      },
      "render_controllers": [
        "controller.render.armor", "controller.render.booptt"
      ]
    }
  }
}