{
  "format_version": "1.10",
  "minecraft:attachable": {
    "description": {
      "identifier": "xc:hscnahjdrf",
      "materials": {
        "default": "enderman",
        "enchanted": "phantom"
      },
      "textures": {
        "default": "textures/entity/xc_hcnahjdrf",
        "enchanted": "textures/misc/zs"
      },
      "geometry": {
        "default": "geometry.ahjdrf"
      },
       "animations": {
        "wield_controller": "controller.animation.vzsxyj.wield",
        "wield": "animation.vzsxyj.first_person_wield",
        "fs": "animation.vcjd.first_person_fs",
        "sfs": "animation.vdrf.sfs",
        "blocking": "animation.vdrf.first_person_blocking",
        "default": "animation.vdrf.default",
        "is_using_item": "animation.vdrf.is_using_item",
        "qfs": "animation.vdrf.qfs"
      },
      "scripts": {
        "animate": [
          { "wield_controller": "c.is_first_person && (q.get_equipped_item_name('main_hand') == 'hscnahjdrf')"
          },
          { "fs": "c.is_first_person && (q.get_equipped_item_name('off_hand') == 'hscnahjdrf')"
          },
          { "default": "!c.is_first_person && (q.get_equipped_item_name('main_hand') == 'hscnahjdrf') && !q.is_sneaking"
          },
          { "sfs": "!c.is_first_person && (q.get_equipped_item_name('off_hand') == 'hscnahjdrf') && !q.is_sneaking"
          },
          { "qfs": "!c.is_first_person && (q.get_equipped_item_name('off_hand') == 'hscnahjdrf') && q.is_sneaking"
          },
          { "is_using_item": "!c.is_first_person && (q.get_equipped_item_name('main_hand') == 'hscnahjdrf') && q.is_sneaking"
          }
        ]
      },
      "render_controllers": [ "controller.render.item_default" ]
    }
  }
}
