{
  "format_version": "1.8.0",
  "minecraft:attachable": {
    "description": {
      "identifier": "xc:zsjdzs",
      "materials": {
        "default": "armor",
        "enchanted": "armor_enchanted"
      },
      "textures": {
        "default": "textures/items/xc_gfjd",
        "enchanted": "textures/misc/zrtx"
      },
      "geometry": {
        "default": "geometry.zsdcjd"
      },
      "animations": {
        "wield_controller": "controller.animation.vxzswp.wield",
        "wield": "animation.vxzswp.first_person_wield"
      },
      "scripts": {
        "parent_setup": "variable.chest_layer_visible = 0.0;"
      },
      "render_controllers": [
        "controller.render.armor"
      ]
    }
  }
}