{
  "format_version": "1.10.0",
  "minecraft:attachable": {
    "description": {
      "identifier": "xc:fgzsj",
      "materials": {
        "default": "entity_alphatest",
        "enderman": "phantom",
        "enchanted": "entity_alphatest_glint"
      }, 
      "textures": {
        "default": "textures/items/xc_qddzsj",
        "enderman": "texturse/items/fgzsj",
        "enchanted": "textures/misc/lvs"
      },
      "geometry": {
        "default": "geometry.lbsj"
      },
      "animations": {
        "wield_controller": "controller.animation.vzsxyj.wield",
        "wield": "animation.vzsxyj.first_person_wield",
        "fs": "animation.vzsxyj.first_person_fs",
        "sfs": "animation.vzsxyj.sfs",
        "blocking": "animation.vzsxyj.first_person_blocking",
        "default": "animation.vzsxyj.default",
        "is_using_item": "animation.vzsxyj.is_using_item",
        "qfs": "animation.vzsxyj.qfs"
      },
      "scripts": {
        "animate": [
          { "wield_controller": "c.is_first_person && (q.get_equipped_item_name('main_hand') == 'fgzsj')"
          },
          { "fs": "c.is_first_person && (q.get_equipped_item_name('off_hand') == 'fgzsj')"
          },
          { "default": "!c.is_first_person && (q.get_equipped_item_name('main_hand') == 'fgzsj') && !q.is_sneaking"
          },
          { "sfs": "!c.is_first_person && (q.get_equipped_item_name('off_hand') == 'fgzsj') && !q.is_sneaking"
          },
          { "qfs": "!c.is_first_person && (q.get_equipped_item_name('off_hand') == 'fgzsj') && q.is_sneaking"
          },
          { "is_using_item": "!c.is_first_person && (q.get_equipped_item_name('main_hand') == 'fgzsj') && q.is_sneaking"
          }
        ]
      },
      "render_controllers": [ "controller.render.item_default" ]
    }
  }
}