{
  "format_version": "1.8.0",
  "minecraft:attachable": {
    "description": {
      "identifier": "xc:hjwdzs",
      "materials": {
        "default": "armor",
        "enchanted": "armor_enchanted"
      },
      "textures": {
        "default": "textures/items/xc_hjwd",
        "enchanted": "textures/misc/zhsfm"
      },
      "geometry": {
        "default": "geometry.zshjwd"
      },
      "scripts": {
        "parent_setup": "variable.chest_layer_visible = 0.0;"
      },
      "render_controllers": [
        "controller.render.armor"
      ]
    }
  }
}