{
  "format_version": "1.8.0",
  "minecraft:attachable": {
    "description": {
      "identifier": "xc:scj",
      "materials": {
        "default": "phantom",
        "enchanted": "entity_alphatest_glint"
      },
      "textures": {
        "default": "textures/entity/scj",
        "enchanted": "textures/misc/enchanted_item_glint"
      },
      "geometry": {
        "default": "geometry.scj"
      },
      "scripts": {
        "parent_setup": "variable.chest_layer_visible = 0.0;"
      },
      "render_controllers": [
        "controller.render.herobrine"
      ]
    }
  }
}