{
  "format_version": "1.10",
  "minecraft:attachable": {
    "description": {
      "identifier": "xc:ahjdrf_blue",
      "materials": {
        "default": "phantom",
        "enchanted": "phantom"
      },
      "textures": {
        "default": "textures/items/xc_ahjdrf_blue",
        "enchanted": "textures/misc/zs"
      },
      "geometry": {
        "default": "geometry.ahjdrf"
      },
       "animations": {
        "wield_controller": "controller.animation.vcj.wield",
        "wield": "animation.vcj.first_person_wield",
        "fs": "animation.vcjd.first_person_fs",
        "sfs": "animation.vdrf.sfs",
        "blocking": "animation.vdrf.first_person_blocking",
        "default": "animation.vdrf.default",
        "is_using_item": "animation.vdrf.is_using_item",
        "qfs": "animation.vdrf.qfs"
      },
      "scripts": {
        "animate": [
          { "wield_controller": "c.is_first_person && (q.get_equipped_item_name('main_hand') == 'ahjdrf_blue')"
          },
          { "fs": "c.is_first_person && (q.get_equipped_item_name('off_hand') == 'ahjdrf_blue')"
          },
          { "default": "!c.is_first_person && (q.get_equipped_item_name('main_hand') == 'ahjdrf_blue') && !q.is_sneaking"
          },
          { "sfs": "!c.is_first_person && (q.get_equipped_item_name('off_hand') == 'ahjdrf_blue') && !q.is_sneaking"
          },
          { "qfs": "!c.is_first_person && (q.get_equipped_item_name('off_hand') == 'ahjdrf_blue') && q.is_sneaking"
          },
          { "is_using_item": "!c.is_first_person && (q.get_equipped_item_name('main_hand') == 'ahjdrf_blue') && q.is_sneaking"
          }
        ]
      },
      "render_controllers": [ "controller.render.item_default" ]
    }
  }
}
