{
  "format_version": "1.16.0",
  "minecraft:attachable": {
    "description": {
      "identifier": "xc:jfzs",
      "materials": {
        "default": "entity_alphatest",
        "enchanted": "entity_alphatest_glint"
      },
      "textures": {
        "default": "textures/items/xc_zsjf",
        "enchanted": "textures/misc/enchanted_item_glint"
      },
      "geometry": {
        "default": "geometry.jfzs"
      },
      "render_controllers": [ "controller.render.item_default" ]
    }
  }
}
