{
  "format_version": "1.10.0",
  "minecraft:attachable": {
    "description": {
      "identifier": "xc:mrf",
      "materials": {
        "default": "enderman",
        "enchanted": "phantom"
      },
      "textures": {
        "default": "textures/entity/xc_mrf",
        "enchanted": "textures/misc/jhsfm"
      },
      "geometry": {
        "default": "geometry.ft"
      },
      "animations": {
        "wield_controller": "controller.animation.vaxe.wield",
        "wield": "animation.vaxe.first_person_wield",
        "blocking": "animation.vaxe.first_person_blocking",
        "default": "animation.vaxe.default",
        "is_using_item": "animation.vaxe.is_using_item"
      },
      "scripts": {
        "animate": [
          { "wield_controller": "c.is_first_person && c.item_slot == 'main_hand' && c.item_slot != 'off_hand' && q.get_equipped_item_name == 'mrf'"
          },
          { "default": "!c.is_first_person && c.item_slot == 'main_hand' && c.item_slot != 'off_hand' && q.get_equipped_item_name == 'mrf' && !q.is_sneaking"
          },
          { "is_using_item": "!c.is_first_person && c.item_slot == 'main_hand' && c.item_slot != 'off_hand' && q.get_equipped_item_name == 'mrf' && q.is_sneaking"
          }
        ]
      },
      "render_controllers": [ "controller.render.item_default" ]
    }
  }
}
