{
  "format_version": "1.8.0",
  "minecraft:attachable": {
    "description": {
      "identifier": "xc:wzboopyf",
      "materials": {
        "default": "enderman",
        "enchanted": "phantom"
      },
      "textures": {
        "default": "textures/entity/wzboopwt",
        "enchanted": "textures/misc/zhsfm"
      },
      "geometry": {
        "default": "geometry.yfmx"
      },
      "scripts": {
        "parent_setup": "variable.chest_layer_visible = 0.0;"
      },
      "render_controllers": [
        "controller.render.armor"
      ]
    }
  }
}