{
  "format_version": "1.10.0",
  "minecraft:attachable": {
    "description": {
      "identifier": "xc:hyshjcj",
      "materials": {
        "default": "entity_alphatest",
        "enchanted": "entity_alphatest_glint"
      },
      "textures": {
        "default": "textures/items/xc_hjcj",
        "enchanted": "textures/misc/zs"
      },
      "geometry": {
        "default": "geometry.hjcj"
      },
      "animations": {
        "wield_controller": "controller.animation.vqbj.wield",
        "wield": "animation.vqbj.first_person_wield",
        "blocking": "animation.vqbj.first_person_blocking",
        "default": "animation.vqbj.default",
        "is_using_item": "animation.vqbj.is_using_item"
      },
      "scripts": {
        "animate": [
          { "wield_controller": "c.is_first_person && c.item_slot == 'main_hand' && c.item_slot != 'off_hand' && q.get_equipped_item_name == 'hyshjcj'"
          },
          { "default": "!c.is_first_person && c.item_slot == 'main_hand' && c.item_slot != 'off_hand' && q.get_equipped_item_name == 'hyshjcj' && !q.is_sneaking"
          },
          { "is_using_item": "!c.is_first_person && c.item_slot == 'main_hand' && c.item_slot != 'off_hand' && q.get_equipped_item_name == 'hyshjcj' && q.is_sneaking"
          }
        ]
      },
      "render_controllers": [ "controller.render.item_default" ]
    }
  }
}
