{
  "format_version": "1.10.0",
  "minecraft:attachable": {
    "description": {
      "identifier": "xc:hzsqbj",
      "materials": {
        "default": "entity_alphatest",
        "enchanted": "entity_alphatest_glint"
      },
      "textures": {
        "default": "textures/items/xc_hzsqbj",
        "enchanted": "textures/misc/enchanted_item_glint"
      },
      "geometry": {
        "default": "geometry.qbj"
      },
      "animations": {
        "wield_controller": "controller.animation.vfj.wield",
        "wield": "animation.vfj.first_person_wield",
        "fs": "animation.vfj.first_person_fs",
        "sfs": "animation.vfj.sfs",
        "blocking": "animation.vfj.first_person_blocking",
        "default": "animation.vfj.default",
        "is_using_item": "animation.vfj.is_using_item",
        "qfs": "animation.vfj.qfs"
      },
      "scripts": {
        "animate": [
          { "wield_controller": "c.is_first_person && (q.get_equipped_item_name('main_hand') == 'hzsqbj')"
          },
          { "fs": "c.is_first_person && (q.get_equipped_item_name('off_hand') == 'hzsqbj')"
          },
          { "default": "!c.is_first_person && (q.get_equipped_item_name('main_hand') == 'hzsqbj') && !q.is_sneaking"
          },
          { "sfs": "!c.is_first_person && (q.get_equipped_item_name('off_hand') == 'hzsqbj') && !q.is_sneaking"
          },
          { "qfs": "!c.is_first_person && (q.get_equipped_item_name('off_hand') == 'hzsqbj') && q.is_sneaking"
          },
          { "is_using_item": "!c.is_first_person && (q.get_equipped_item_name('main_hand') == 'hzsqbj') && q.is_sneaking"
          }
        ]
      },
      "render_controllers": [ "controller.render.item_default" ]
    }
  }
}
