{
  "format_version": "1.8.0",
  "minecraft:attachable": {
    "description": {
      "identifier": "xc:stevexj",
      "materials": {
        "default": "armor",
        "enchanted": "armor_enchanted"
      },
      "textures": {
        "default": "textures/entity/xc_stevexj",
        "zs": "textures/entity/kjzs/dz/xj/zs",
        "zs0": "textures/entity/kjzs/dz/xj/zs0",
        "zs1": "textures/entity/kjzs/dz/xj/zs1",
        "zs2": "textures/entity/kjzs/dz/xj/zs2",
        "enchanted": "textures/misc/enchanted_item_glint"
      },
      "geometry": {
        "default": "geometry.zsxj"
      },
      "scripts": {
        "parent_setup": "variable.chest_layer_visible = 0.0;"
      },
      "render_controllers": [
      "controller.render.kjzs", "controller.render.armor"
      ]
    }
  }
}