{
  "format_version": "1.8.0",
  "minecraft:attachable": {
    "description": {
      "identifier": "xc:stevetk",
      "materials": {
        "default": "armor",
        "enchanted": "armor_enchanted"
      },
      "textures": {
        "default": "textures/entity/xc_stevetk",
        "zs": "textures/entity/kjzs/dz/tk/zs",
        "zs0": "textures/entity/kjzs/dz/tk/zs0",
        "zs1": "textures/entity/kjzs/dz/tk/zs1",
        "zs2": "textures/entity/kjzs/dz/tk/zs2",
        "enchanted": "textures/misc/enchanted_item_glint"
      },
      "geometry": {
        "default": "geometry.zstk"
      },
      "scripts": {
        "parent_setup": "variable.helmet_layer_visible = 0.0;"
      },
      "render_controllers": [
         "controller.render.kjzs", "controller.render.armor"
      ]
    }
  }
}