{
  "format_version": "1.10.0",
  "minecraft:attachable": {
    "description": {
      "identifier": "xc:lbsqz",
      "materials": {
        "default": "entity_alphatest",
        "enchanted": "entity_alphatest_glint"
      },
      "textures": {
        "default": "textures/entity/lbsqz/a",
        "enchanted": "textures/misc/enchanted_item_glint",
        "a": "textures/entity/lbsqz/a",
        "b": "textures/entity/lbsqz/b",
        "c": "textures/entity/lbsqz/c",
        "d": "textures/entity/lbsqz/d",
        "e": "textures/entity/lbsqz/e",
        "f": "textures/entity/lbsqz/f",
        "g": "textures/entity/lbsqz/g",
        "h": "textures/entity/lbsqz/h"
      },
      "geometry": {
        "default": "geometry.lbsqz"
      },
      "animations": {
        "wield_controller": "controller.animation.vcj.wield",
        "wield": "animation.vlbsqz.first_person_wield",
        "blocking": "animation.vlbsqz.first_person_blocking",
        "default": "animation.vlbsqz.default",
        "is_using_item": "animation.vlbsqz.is_using_item"
      },
      "scripts": {
        "animate": [
          { "wield_controller": "c.is_first_person && c.item_slot == 'main_hand' && c.item_slot != 'off_hand' && q.get_equipped_item_name == 'lbsqz'"
          },
          { "default": "!c.is_first_person && c.item_slot == 'main_hand' && c.item_slot != 'off_hand' && q.get_equipped_item_name == 'lbsqz' && !q.is_sneaking"
          },
          { "is_using_item": "!c.is_first_person && c.item_slot == 'main_hand' && c.item_slot != 'off_hand' && q.get_equipped_item_name == 'lbsqz' && q.is_sneaking"
          }
        ]
      },
      "render_controllers": [ "controller.render.lbsqz"]
    }
  }
}
