{
  "format_version": "1.8.0",
  "minecraft:attachable": {
    "description": {
      "identifier": "xc:lemx",
      "materials": {
        "default": "enderman",
        "enchanted": "phantom"
      },
      "textures": {
        "default": "textures/entity/xc_lem",
        "enchanted": "textures/misc/enchanted_item_glint"
      },
      "geometry": {
        "default": "geometry.lemx"
      },
      "scripts": {
        "parent_setup": "variable.boot_layer_visible = 0.0;"
      },
      "render_controllers": [
        "controller.render.armor"
      ]
    }
  }
}