{
  "format_version": "1.10",
  "minecraft:attachable": {
    "description": {
      "identifier": "xc:lscnahjdrf",
      "materials": {
        "default": "entity_alphatest",
        "enchanted": "entity_alphatest_glint"
      },
      "textures": {
        "default": "textures/items/xc_ahjdrf",
        "a": "textures/items/tools/lscnahjdrf/a",
          "b": "textures/items/tools/lscnahjdrf/b",
          "c": "textures/items/tools/lscnahjdrf/c",
          "d": "textures/items/tools/lscnahjdrf/d",
          "e": "textures/items/tools/lscnahjdrf/e",
          "f": "textures/items/tools/lscnahjdrf/f",
          "g": "textures/items/tools/lscnahjdrf/g",
          "h": "textures/items/tools/lscnahjdrf/h",
          "i": "textures/items/tools/lscnahjdrf/i",
          "j": "textures/items/tools/lscnahjdrf/j",
        "enchanted": "textures/misc/zs"
      },
      "geometry": {
        "default": "geometry.ahjdrf"
      },
       "animations": {
        "wield_controller": "controller.animation.vzsxyj.wield",
        "wield": "animation.vzsxyj.first_person_wield",
        "fs": "animation.vcjd.first_person_fs",
        "sfs": "animation.vdrf.sfs",
        "blocking": "animation.vdrf.first_person_blocking",
        "default": "animation.vdrf.default",
        "is_using_item": "animation.vdrf.is_using_item",
        "qfs": "animation.vdrf.qfs"
      },
      "scripts": {
        "animate": [
          { "wield_controller": "c.is_first_person && (q.get_equipped_item_name('main_hand') == 'lscnahjdrf')"
          },
          { "fs": "c.is_first_person && (q.get_equipped_item_name('off_hand') == 'lscnahjdrf')"
          },
          { "default": "!c.is_first_person && (q.get_equipped_item_name('main_hand') == 'lscnahjdrf') && !q.is_sneaking"
          },
          { "sfs": "!c.is_first_person && (q.get_equipped_item_name('off_hand') == 'lscnahjdrf') && !q.is_sneaking"
          },
          { "qfs": "!c.is_first_person && (q.get_equipped_item_name('off_hand') == 'lscnahjdrf') && q.is_sneaking"
          },
          { "is_using_item": "!c.is_first_person && (q.get_equipped_item_name('main_hand') == 'lscnahjdrf') && q.is_sneaking"
          }
        ]
      },
      "render_controllers": [ "controller.render.item_cnahjdrf", "controller.render.cnahjdrf"]
    }
  }
}
