{
    "pools": [
        {
            "rolls": 2,
      "entries": [
        {
          "type": "item",
          "weight": 1,
          "name": "xc:cmwtk",
          "functions": [
            {
              "function": "set_count",
              "count": {
                "min": 1,
                "max": 1
              }
            },
            {
              "function": "set_data",
              "data": 0
            },
            {
              "function": "enchant_randomly",
              "enchantments": []
            }
            ]
        }
          ]
        },
        {
            "rolls": 3,
      "entries": [
        {
          "type": "item",
          "weight": 1,
          "name": "xc:cmwxj",
          "functions": [
            {
              "function": "set_count",
              "count": {
                "min": 1,
                "max": 1
              }
            },
            {
              "function": "set_data",
              "data": 0
            },
            {
              "function": "enchant_randomly",
              "enchantments": []
            }
          ]
        }
      ]
    }
  ]
}