{
    "pools": [
        {
            "rolls": 100,
      "entries": [
        {
          "type": "item",
          "weight": 1,
          "name": "xc:hystk",
          "functions": [
            {
              "function": "set_count",
              "count": {
                "min": 1,
                "max": 1
              }
            },
            {
              "function": "set_data",
              "data": 0
            }
            ]
        }
          ]
        },
       {
      "rolls": 1,
      "entries": [
        {
          "type": "item",
          "weight": 1,
          "name": "xc:ayhyskj",
          "functions": [
            {
              "function": "set_count",
              "count": {
                "min": 1,
                "max": 1
              }
            },
            {
              "function": "set_data",
              "data": 0
            }
            ]
            }
          ]
        },
            {
      "rolls": 1,
      "entries": [
        {
          "type": "item",
          "weight": 1,
          "name": "xc:hys2",
          "functions": [
            {
              "function": "set_count",
              "count": {
                "min": 1,
                "max": 1
              }
            },
            {
              "function": "set_data",
              "data": 0
            }
            ]
            }
          ]
        },
        {
            "rolls": 3,
      "entries": [
        {
          "type": "item",
          "weight": 1,
          "name": "xc:zsxj",
          "functions": [
            {
              "function": "set_count",
              "count": {
                "min": 1,
                "max": 1
              }
            },
            {
              "function": "set_data",
              "data": 0
            }
          ]
        }
      ]
    }
  ]
}