{
    "pools": [
    {
        "rolls": 100,
      "entries": [
        {
          "type": "item",
          "name": "minecraft:netherite_sword",
          "weight": 50,
          "functions": [
            {
              "function": "looting_enchant",
              "count": {
                "min": 0,
                "max": 5
              }
            },
            {
              "function": "enchant_random_gear",
              "chance": 0.60
            }
          ]
        },
        {
          "type": "item",
          "name": "xc:hjcq",
          "weight": 50,
          "functions": [
            {
              "function": "looting_enchant",
              "count": {
                "min": 0,
                "max": 5
              }
            },
            {
              "function": "enchant_random_gear",
              "chance": 0.60
            }
          ]
        },
        {
          "type": "item",
          "name": "xc:hjzf",
          "weight": 50,
          "functions": [
            {
              "function": "looting_enchant",
              "count": {
                "min": 0,
                "max": 5
              }
            },
            {
              "function": "enchant_random_gear",
              "chance": 0.60
            }
          ]
        },
        {
          "type": "item",
          "name": "pa:hjd",
          "weight": 50,
          "functions": [
            {
              "function": "looting_enchant",
              "count": {
                "min": 0,
                "max": 5
              }
            },
            {
              "function": "enchant_random_gear",
              "chance": 0.60
            }
          ]
        },
        {
          "type": "item",
          "name": "xc:hjdp",
          "weight": 50,
          "functions": [
            {
              "function": "looting_enchant",
              "count": {
                "min": 0,
                "max": 5
              }
            },
            {
              "function": "enchant_random_gear",
              "chance": 0.60
            }
          ]
        },
                {
          "type": "item",
          "name": "minecraft:netherite_chestplate",
          "weight": 30,
          "functions": [
            {
              "function": "looting_enchant",
              "count": {
                "min": 0,
                "max": 5
              }
            },
            {
              "function": "enchant_random_gear",
              "chance": 0.60
            }
          ]
        },
                {
          "type": "item",
          "name": "minecraft:netherite_helmet",
          "weight": 30,
          "functions": [
            {
              "function": "looting_enchant",
              "count": {
                "min": 0,
                "max": 5
              }
            },
            {
              "function": "enchant_random_gear",
              "chance": 0.60
            }
          ]
        },
                {
          "type": "item",
          "name": "minecraft:netherite_boots",
          "weight": 30,
          "functions": [
            {
              "function": "looting_enchant",
              "count": {
                "min": 0,
                "max": 5
              }
            },
            {
              "function": "enchant_random_gear",
              "chance": 0.60
            }
          ]
        },
                {
          "type": "item",
          "name": "minecraft:netherite_leggings",
          "weight": 30,
          "functions": [
            {
              "function": "looting_enchant",
              "count": {
                "min": 0,
                "max": 5
              }
            },
            {
              "function": "enchant_random_gear",
              "chance": 0.60
            }
          ]
        }
      ]
    }
  ]  
}