{
  "pools": [
    {
      "conditions": [
        {
          "condition": "random_regional_difficulty_chance",
          "max_chance": 0.75
        }
      ],
      "rolls": 1,
      "entries": [
        {
          "type": "item",
          "name": "minecraft:iron_sword",
          "weight": 1,
          "functions": [
            {
              "function": "looting_enchant",
              "count": {
                "min": 0,
                "max": 1
              }
            },
            {
              "function": "enchant_random_gear",
              "chance": 0.70
            }
          ]
        },
        {
          "type": "item",
          "name": "minecraft:diamond_sword",
          "weight": 1,
          "functions": [
            {
              "function": "looting_enchant",
              "count": {
                "min": 0,
                "max": 1
              }
            },
            {
              "function": "enchant_random_gear",
              "chance": 0.70
            }
          ]
        },
        {
          "type": "item",
          "name": "minecraft:iron_shovel",
          "weight": 3,
          "functions": [
            {
              "function": "looting_enchant",
              "count": {
                "min": 0,
                "max": 1
              }
            },
            {
              "function": "enchant_random_gear",
              "chance": 0.80
            }
          ]
        },
        {
          "type": "loot_table",
          "name": "loot_tables/entities/armor_set_diamond.json",
          "weight": 100,
          "functions": [
            {
              "function": "looting_enchant",
              "count": {
                "min": 0,
                "max": 1
              }
            },
            {
              "function": "enchant_random_gear",
              "chance": 0.80
            }
          ]
        }
      ]
    }
  ]
}