{
  "format_version": "1.13.0",
  "minecraft:entity": {
    "description": {
      "identifier": "xc:bjx",
      "runtime_identifier": "minecraft:polar_bear",
      "is_spawnable": true,
      "is_summonable": true,
      "is_experimental": false
    },

    "component_groups": {

      "minecraft:adult": {
      "minecraft:attack": {
        "damage": 17
      },
      "minecraft:behavior.nearest_attackable_target": {
        "priority": 2,
        "within_radius": 64,
        "reselect_targets": true,
        "entity_types": [
          {
            "filters": {
              "any_of": [
                { "test": "is_family", "subject": "other", "value": "monster" }
              ]
            },
            "max_dist": 64
          }
        ],
        "must_see": true,
        "must_see_forget_duration": 17.0
      },
      "minecraft:behavior.melee_attack": {
        "priority": 2,
        "track_target": false,
        "reach_multiplier": 2.5
      },
        "minecraft:addrider": {
          "entity_type": "red:knight"
        },
        "minecraft:rideable": {
          "seat_count": 1,
          "family_types": [
            "fn"
          ],
          "seats": {
            "position": [ 0.0, -1.4, 0.0 ]
          }
        },
        "minecraft:experience_reward": {
          "on_death": "query.last_hit_by_player ? Math.Random(1,4) : 0"
        },
        "minecraft:loot": {
          "table": "loot_tables/entities/polar_bear.json"
        }
      }
    },

    "components": {
      "minecraft:damage_sensor": {
        "triggers": {
          "on_damage": {
            "filters": { "test" :  "is_family", "subject" : "other", "value" :  "villager"}
          },
          "deals_damage": false
        }
      },
      "minecraft:type_family": {
        "family": [ "villager", "mob", "peasant", "fn" ]
      },
      "minecraft:breathable": {
        "total_supply": 15,
        "suffocate_time": 0
      },
      "minecraft:nameable": {
      },
      "minecraft:health": {
        "value": 55
      },
      "minecraft:collision_box": {
        "width": 1.3,
        "height": 1.4
      },
      "minecraft:movement": {
        "value": 0.3
      },
      "minecraft:navigation.walk": {
        "can_path_over_water": true,
        "avoid_damage_blocks": false
      },
      "minecraft:movement.basic": {

      },
      "minecraft:jump.static": {
      },
      "minecraft:can_climb": {
      },
      "minecraft:follow_range": {
        "value": 64
      },

      "minecraft:behavior.float": {
        "priority": 0
      },
      "minecraft:behavior.hurt_by_target": {
        "priority": 1
      },
      "minecraft:behavior.random_stroll": {
        "priority": 8
      },
      "minecraft:behavior.look_at_player": {
        "priority": 6,
        "target_distance": 6.0,
        "probability": 0.02
      },
      "minecraft:physics": {
      },
      "minecraft:pushable": {
        "is_pushable": true,
        "is_pushable_by_piston": true
      }
    },

    "events": {
      "minecraft:entity_spawned": {
        "randomize": [
          {
            "weight": 9,
            "add": {
              "component_groups": [
                "minecraft:adult"
              ]
            }
          }
        ]
      }
    }
  }
}